submission_id,project_id,reporting_month,revised_cost,expenditure,physical_progress,planned_completion,narrative_text,submitted_by,submitted_at
402cb7c6-b62f-5adb-82f1-597387192527,2dff663a-1ee3-52ae-8884-35f86a13eaec,2018-02-01,423.74,15.40,5.41,2019-07-01,"Synthetic narrative for local development only; not a PAIMANA, CUF, OCMS, or government record.",synthetic-agency-0,2018-02-15T00:00:00+00:00
fb8a2fdc-0295-5461-9d73-b1da15a8fca9,2dff663a-1ee3-52ae-8884-35f86a13eaec,2018-03-01,427.47,29.35,13.09,2019-07-01,"Synthetic narrative for local development only; not a PAIMANA, CUF, OCMS, or government record.",synthetic-agency-0,2018-03-15T00:00:00+00:00
79dbc889-2eb5-5315-8415-abfce480db50,2dff663a-1ee3-52ae-8884-35f86a13eaec,2018-04-01,431.21,66.04,19.80,2019-07-01,"Synthetic narrative for local development only; not a PAIMANA, CUF, OCMS, or government record.",synthetic-agency-0,2018-04-15T00:00:00+00:00
9efae0a9-68a7-5208-9797-3cf75f03ed62,2dff663a-1ee3-52ae-8884-35f86a13eaec,2018-05-01,434.94,49.95,18.52,2019-07-01,"Synthetic narrative for local development only; not a PAIMANA, CUF, OCMS, or government record.",synthetic-agency-0,2018-05-15T00:00:00+00:00
ca0d9339-4ce2-5bdc-9c36-fce14af0ca07,2dff663a-1ee3-52ae-8884-35f86a13eaec,2018-06-01,438.68,168.13,29.15,2019-07-01,"Synthetic narrative for local development only; not a PAIMANA, CUF, OCMS, or government record.",synthetic-agency-0,2018-06-15T00:00:00+00:00
27de7aeb-052e-56e9-b0dd-c0601d3a08e4,2dff663a-1ee3-52ae-8884-35f86a13eaec,2018-07-01,442.41,175.07,36.38,2019-07-01,"Synthetic narrative for local development only; not a PAIMANA, CUF, OCMS, or government record.",synthetic-agency-0,2018-07-15T00:00:00+00:00
0af199b1-a311-52d4-815f-2f2fe1029e02,2dff663a-1ee3-52ae-8884-35f86a13eaec,2018-08-01,446.15,224.39,41.53,2019-07-01,"Synthetic narrative for local development only; not a PAIMANA, CUF, OCMS, or government record.",synthetic-agency-0,2018-08-15T00:00:00+00:00
055cadb0-a89a-55a4-9fe5-737e5cbe3f51,2dff663a-1ee3-52ae-8884-35f86a13eaec,2018-09-01,449.88,226.86,43.36,2019-07-01,"Synthetic narrative for local development only; not a PAIMANA, CUF, OCMS, or government record.",synthetic-agency-0,2018-09-15T00:00:00+00:00
26f9b73f-7fbe-562d-a69d-77e3bd11a639,2dff663a-1ee3-52ae-8884-35f86a13eaec,2018-10-01,453.62,249.96,52.13,2019-07-01,"Synthetic narrative for local development only; not a PAIMANA, CUF, OCMS, or government record.",synthetic-agency-0,2018-10-15T00:00:00+00:00
6c3bd824-1532-5f25-99be-0d9b7feca198,2dff663a-1ee3-52ae-8884-35f86a13eaec,2018-11-01,457.35,277.65,59.42,2019-07-01,"Synthetic narrative for local development only; not a PAIMANA, CUF, OCMS, or government record.",synthetic-agency-0,2018-11-15T00:00:00+00:00
b98490f6-055e-5204-a8fc-17cf01df8a75,2dff663a-1ee3-52ae-8884-35f86a13eaec,2018-12-01,461.09,309.80,57.59,2019-07-01,"Synthetic narrative for local development only; not a PAIMANA, CUF, OCMS, or government record.",synthetic-agency-0,2018-12-15T00:00:00+00:00
45a9a138-2394-5ff4-a7e1-39aeb4b47d26,2dff663a-1ee3-52ae-8884-35f86a13eaec,2019-01-01,464.82,324.37,67.91,2019-07-01,"Synthetic narrative for local development only; not a PAIMANA, CUF, OCMS, or government record.",synthetic-agency-0,2019-01-15T00:00:00+00:00
69c92d9b-bdba-5a94-bfed-7777e9369bfa,2dff663a-1ee3-52ae-8884-35f86a13eaec,2019-02-01,468.56,339.20,75.78,2019-07-01,"Synthetic narrative for local development only; not a PAIMANA, CUF, OCMS, or government record.",synthetic-agency-0,2019-02-15T00:00:00+00:00
32ca7b73-3894-52df-b8e0-46bf49113ff3,2dff663a-1ee3-52ae-8884-35f86a13eaec,2019-03-01,472.29,330.33,76.83,2019-07-01,"Synthetic narrative for local development only; not a PAIMANA, CUF, OCMS, or government record.",synthetic-agency-0,2019-03-15T00:00:00+00:00
d25e024f-838d-561f-aa22-dc2a85f03bdd,2dff663a-1ee3-52ae-8884-35f86a13eaec,2019-04-01,476.03,372.92,80.51,2019-07-01,"Synthetic narrative for local development only; not a PAIMANA, CUF, OCMS, or government record.",synthetic-agency-0,2019-04-15T00:00:00+00:00
aa298777-7ed8-58d2-9ccd-27128ffa7e8d,2dff663a-1ee3-52ae-8884-35f86a13eaec,2019-05-01,479.76,442.11,87.01,2019-07-01,"Synthetic narrative for local development only; not a PAIMANA, CUF, OCMS, or government record.",synthetic-agency-0,2019-05-15T00:00:00+00:00
f9b60a22-f289-5c43-b7a2-7fe84df4081c,2dff663a-1ee3-52ae-8884-35f86a13eaec,2019-06-01,483.50,440.49,90.70,2019-07-01,"Synthetic narrative for local development only; not a PAIMANA, CUF, OCMS, or government record.",synthetic-agency-0,2019-06-15T00:00:00+00:00
72743b2e-1834-5834-9e9d-d11da2e84592,2dff663a-1ee3-52ae-8884-35f86a13eaec,2019-07-01,487.23,482.45,96.54,2019-07-01,"Synthetic narrative for local development only; not a PAIMANA, CUF, OCMS, or government record.",synthetic-agency-0,2019-07-15T00:00:00+00:00
cb72d81d-6271-5b5c-87c7-7413627ec720,3361e89d-1aec-5b88-8cdd-17486c69fc89,2018-04-01,424.02,18.98,3.33,2019-09-01,"Synthetic narrative for local development only; not a PAIMANA, CUF, OCMS, or government record.",synthetic-agency-1,2018-04-15T00:00:00+00:00
9d1e4382-7fb6-570d-a8e2-f169a44aae8f,3361e89d-1aec-5b88-8cdd-17486c69fc89,2018-05-01,428.05,18.39,11.79,2019-09-01,"Synthetic narrative for local development only; not a PAIMANA, CUF, OCMS, or government record.",synthetic-agency-1,2018-05-15T00:00:00+00:00
8accf328-a94b-58ad-add0-a82aa68506f6,3361e89d-1aec-5b88-8cdd-17486c69fc89,2018-06-01,432.07,50.18,16.33,2019-09-01,"Synthetic narrative for local development only; not a PAIMANA, CUF, OCMS, or government record.",synthetic-agency-1,2018-06-15T00:00:00+00:00
e9d7461b-f105-5e4e-9eeb-b580a8ccc347,3361e89d-1aec-5b88-8cdd-17486c69fc89,2018-07-01,436.10,126.83,20.79,2019-09-01,"Synthetic narrative for local development only; not a PAIMANA, CUF, OCMS, or government record.",synthetic-agency-1,2018-07-15T00:00:00+00:00
fd30411c-8128-5297-9c51-da5de357092e,3361e89d-1aec-5b88-8cdd-17486c69fc89,2018-08-01,440.12,156.12,29.78,2019-09-01,"Synthetic narrative for local development only; not a PAIMANA, CUF, OCMS, or government record.",synthetic-agency-1,2018-08-15T00:00:00+00:00
1b2eedfb-c8fe-51f8-9d5c-347bcaf3781e,3361e89d-1aec-5b88-8cdd-17486c69fc89,2018-09-01,444.14,162.86,34.13,2019-09-01,"Synthetic narrative for local development only; not a PAIMANA, CUF, OCMS, or government record.",synthetic-agency-1,2018-09-15T00:00:00+00:00
3657be2f-801e-55d1-9ef0-911fe173c525,3361e89d-1aec-5b88-8cdd-17486c69fc89,2018-10-01,448.17,193.20,37.10,2019-09-01,"Synthetic narrative for local development only; not a PAIMANA, CUF, OCMS, or government record.",synthetic-agency-1,2018-10-15T00:00:00+00:00
d3e0331a-dc37-5fed-8524-e994318839eb,3361e89d-1aec-5b88-8cdd-17486c69fc89,2018-11-01,452.19,216.73,47.43,2019-09-01,"Synthetic narrative for local development only; not a PAIMANA, CUF, OCMS, or government record.",synthetic-agency-1,2018-11-15T00:00:00+00:00
bff28850-2929-5e39-9867-bb290f50d03f,3361e89d-1aec-5b88-8cdd-17486c69fc89,2018-12-01,456.22,197.19,50.60,2019-09-01,"Synthetic narrative for local development only; not a PAIMANA, CUF, OCMS, or government record.",synthetic-agency-1,2018-12-15T00:00:00+00:00
740a049d-f0c3-580b-84c7-664224158bcd,3361e89d-1aec-5b88-8cdd-17486c69fc89,2019-01-01,460.24,286.60,53.68,2019-09-01,"Synthetic narrative for local development only; not a PAIMANA, CUF, OCMS, or government record.",synthetic-agency-1,2019-01-15T00:00:00+00:00
ace92f59-2ac3-5ac3-adfc-0aeb3432868d,3361e89d-1aec-5b88-8cdd-17486c69fc89,2019-02-01,464.26,278.98,60.84,2019-09-01,"Synthetic narrative for local development only; not a PAIMANA, CUF, OCMS, or government record.",synthetic-agency-1,2019-02-15T00:00:00+00:00
54b995c6-d431-5b70-9fb0-8aa26d44f177,3361e89d-1aec-5b88-8cdd-17486c69fc89,2019-03-01,468.29,338.52,69.48,2019-09-01,"Synthetic narrative for local development only; not a PAIMANA, CUF, OCMS, or government record.",synthetic-agency-1,2019-03-15T00:00:00+00:00
206199d9-c4ed-5365-8314-535d2c724447,3361e89d-1aec-5b88-8cdd-17486c69fc89,2019-04-01,472.31,328.51,75.05,2019-09-01,"Synthetic narrative for local development only; not a PAIMANA, CUF, OCMS, or government record.",synthetic-agency-1,2019-04-15T00:00:00+00:00
0f749805-29f5-5aef-90ad-3022820d3b79,3361e89d-1aec-5b88-8cdd-17486c69fc89,2019-05-01,476.34,402.37,80.29,2019-09-01,"Synthetic narrative for local development only; not a PAIMANA, CUF, OCMS, or government record.",synthetic-agency-1,2019-05-15T00:00:00+00:00
963a0c1e-bc1f-5252-aafd-7b3ba8898a1a,3361e89d-1aec-5b88-8cdd-17486c69fc89,2019-06-01,480.36,417.53,85.66,2019-09-01,"Synthetic narrative for local development only; not a PAIMANA, CUF, OCMS, or government record.",synthetic-agency-1,2019-06-15T00:00:00+00:00
2f2e3e72-bc24-5a00-8a46-80b2fefb77d3,3361e89d-1aec-5b88-8cdd-17486c69fc89,2019-07-01,484.38,464.87,85.34,2019-09-01,"Synthetic narrative for local development only; not a PAIMANA, CUF, OCMS, or government record.",synthetic-agency-1,2019-07-15T00:00:00+00:00
fb2290f3-9025-5deb-b1b3-3e75954b53aa,3361e89d-1aec-5b88-8cdd-17486c69fc89,2019-08-01,488.41,501.40,95.39,2019-09-01,"Synthetic narrative for local development only; not a PAIMANA, CUF, OCMS, or government record.",synthetic-agency-1,2019-08-15T00:00:00+00:00
e65050e6-2a26-5922-a75d-60fb472ad561,3361e89d-1aec-5b88-8cdd-17486c69fc89,2019-09-01,492.43,466.37,100.00,2019-09-01,"Synthetic narrative for local development only; not a PAIMANA, CUF, OCMS, or government record.",synthetic-agency-1,2019-09-15T00:00:00+00:00
ce1d3feb-b926-5331-8d5f-02fe8a73caba,7841bc5d-bf81-54f3-9691-9ebad40d6524,2018-06-01,260.65,25.49,4.24,2019-11-01,"Synthetic narrative for local development only; not a PAIMANA, CUF, OCMS, or government record.",synthetic-agency-2,2018-06-15T00:00:00+00:00
b73b0a78-c38d-50d9-b52e-ef088d9b5e14,7841bc5d-bf81-54f3-9691-9ebad40d6524,2018-07-01,261.30,66.47,15.02,2019-11-01,"Synthetic narrative for local development only; not a PAIMANA, CUF, OCMS, or government record.",synthetic-agency-2,2018-07-15T00:00:00+00:00
950871c7-b8c6-5e69-b70c-08cf539be3ff,7841bc5d-bf81-54f3-9691-9ebad40d6524,2018-08-01,261.94,72.04,18.75,2019-11-01,"Synthetic narrative for local development only; not a PAIMANA, CUF, OCMS, or government record.",synthetic-agency-2,2018-08-15T00:00:00+00:00
9fec5b4e-1df4-53df-8a07-aedbcceee782,7841bc5d-bf81-54f3-9691-9ebad40d6524,2018-09-01,262.59,69.35,22.62,2019-11-01,"Synthetic narrative for local development only; not a PAIMANA, CUF, OCMS, or government record.",synthetic-agency-2,2018-09-15T00:00:00+00:00
16898215-447f-5485-bf10-460287194180,7841bc5d-bf81-54f3-9691-9ebad40d6524,2018-10-01,263.24,55.84,24.38,2019-11-01,"Synthetic narrative for local development only; not a PAIMANA, CUF, OCMS, or government record.",synthetic-agency-2,2018-10-15T00:00:00+00:00
bfb387bb-7cf0-589c-9c5a-9f0869dff355,7841bc5d-bf81-54f3-9691-9ebad40d6524,2018-11-01,263.89,77.48,30.12,2019-11-01,"Synthetic narrative for local development only; not a PAIMANA, CUF, OCMS, or government record.",synthetic-agency-2,2018-11-15T00:00:00+00:00
b03bc145-ab69-5b00-acef-8d19374c9a4b,7841bc5d-bf81-54f3-9691-9ebad40d6524,2018-12-01,264.53,79.01,36.59,2019-11-01,"Synthetic narrative for local development only; not a PAIMANA, CUF, OCMS, or government record.",synthetic-agency-2,2018-12-15T00:00:00+00:00
0f30cef9-6031-5330-8010-488bfa6f0be4,7841bc5d-bf81-54f3-9691-9ebad40d6524,2019-01-01,265.18,129.95,46.37,2019-11-01,"Synthetic narrative for local development only; not a PAIMANA, CUF, OCMS, or government record.",synthetic-agency-2,2019-01-15T00:00:00+00:00
d66e7990-9dd6-5ab5-abeb-bbc20af74d37,7841bc5d-bf81-54f3-9691-9ebad40d6524,2019-02-01,265.83,159.96,50.92,2019-11-01,"Synthetic narrative for local development only; not a PAIMANA, CUF, OCMS, or government record.",synthetic-agency-2,2019-02-15T00:00:00+00:00
835b1d7e-02d9-5352-903e-b2b7708f88cd,7841bc5d-bf81-54f3-9691-9ebad40d6524,2019-03-01,266.48,163.69,54.14,2019-11-01,"Synthetic narrative for local development only; not a PAIMANA, CUF, OCMS, or government record.",synthetic-agency-2,2019-03-15T00:00:00+00:00
5e1b5cc2-d45e-59a6-a9c9-8aff121975c5,7841bc5d-bf81-54f3-9691-9ebad40d6524,2019-04-01,267.12,158.74,57.15,2019-11-01,"Synthetic narrative for local development only; not a PAIMANA, CUF, OCMS, or government record.",synthetic-agency-2,2019-04-15T00:00:00+00:00
6e8c1050-fb8b-583d-a69a-7dfb5c1270ce,7841bc5d-bf81-54f3-9691-9ebad40d6524,2019-05-01,267.77,166.16,62.74,2019-11-01,"Synthetic narrative for local development only; not a PAIMANA, CUF, OCMS, or government record.",synthetic-agency-2,2019-05-15T00:00:00+00:00
4d732ce3-65ed-5799-bd37-a27bd2124ed4,7841bc5d-bf81-54f3-9691-9ebad40d6524,2019-06-01,268.42,199.89,72.49,2019-11-01,"Synthetic narrative for local development only; not a PAIMANA, CUF, OCMS, or government record.",synthetic-agency-2,2019-06-15T00:00:00+00:00
00f28eca-f6a9-5af2-a075-e5b11bcf1a87,7841bc5d-bf81-54f3-9691-9ebad40d6524,2019-07-01,269.07,200.12,79.50,2019-11-01,"Synthetic narrative for local development only; not a PAIMANA, CUF, OCMS, or government record.",synthetic-agency-2,2019-07-15T00:00:00+00:00
6e4b1581-6f19-595b-815a-5424d67777a1,7841bc5d-bf81-54f3-9691-9ebad40d6524,2019-08-01,269.72,258.48,85.50,2019-11-01,"Synthetic narrative for local development only; not a PAIMANA, CUF, OCMS, or government record.",synthetic-agency-2,2019-08-15T00:00:00+00:00
4d1f9ed5-c495-5b76-adeb-9a2127314707,7841bc5d-bf81-54f3-9691-9ebad40d6524,2019-09-01,270.36,248.88,90.34,2019-11-01,"Synthetic narrative for local development only; not a PAIMANA, CUF, OCMS, or government record.",synthetic-agency-2,2019-09-15T00:00:00+00:00
98d2947e-3c95-54aa-916f-d07cee9e8686,7841bc5d-bf81-54f3-9691-9ebad40d6524,2019-10-01,271.01,278.35,91.66,2019-11-01,"Synthetic narrative for local development only; not a PAIMANA, CUF, OCMS, or government record.",synthetic-agency-2,2019-10-15T00:00:00+00:00
e8645ac2-0139-5aa5-9cce-6d751a485347,7841bc5d-bf81-54f3-9691-9ebad40d6524,2019-11-01,271.66,296.30,97.54,2019-11-01,"Synthetic narrative for local development only; not a PAIMANA, CUF, OCMS, or government record.",synthetic-agency-2,2019-11-15T00:00:00+00:00
e83aae7c-3e9f-5394-abd1-3d20fab25cde,42933df7-9bab-5ad2-9d9c-09ddffb4f481,2018-08-01,421.13,78.58,6.89,2020-01-01,"Synthetic narrative for local development only; not a PAIMANA, CUF, OCMS, or government record.",synthetic-agency-3,2018-08-15T00:00:00+00:00
86ae18a7-6ee3-5c4e-8b0c-0c6761356279,42933df7-9bab-5ad2-9d9c-09ddffb4f481,2018-09-01,422.26,16.63,9.78,2020-01-01,"Synthetic narrative for local development only; not a PAIMANA, CUF, OCMS, or government record.",synthetic-agency-3,2018-09-15T00:00:00+00:00
51516c03-67d5-53c6-ba22-c12b5ce61272,42933df7-9bab-5ad2-9d9c-09ddffb4f481,2018-10-01,423.39,133.68,20.62,2020-01-01,"Synthetic narrative for local development only; not a PAIMANA, CUF, OCMS, or government record.",synthetic-agency-3,2018-10-15T00:00:00+00:00
df010ef4-709c-5c82-8c9e-6d026bc98051,42933df7-9bab-5ad2-9d9c-09ddffb4f481,2018-11-01,424.52,67.03,20.86,2020-01-01,"Synthetic narrative for local development only; not a PAIMANA, CUF, OCMS, or government record.",synthetic-agency-3,2018-11-15T00:00:00+00:00
926f7802-3b0f-5845-b01a-6d418c9cdd90,42933df7-9bab-5ad2-9d9c-09ddffb4f481,2018-12-01,425.66,125.55,29.77,2020-01-01,"Synthetic narrative for local development only; not a PAIMANA, CUF, OCMS, or government record.",synthetic-agency-3,2018-12-15T00:00:00+00:00
f7debeac-c871-57be-a429-2a7b74439b7f,42933df7-9bab-5ad2-9d9c-09ddffb4f481,2019-01-01,426.79,198.13,34.61,2020-01-01,"Synthetic narrative for local development only; not a PAIMANA, CUF, OCMS, or government record.",synthetic-agency-3,2019-01-15T00:00:00+00:00
a12c36d8-1b7f-5deb-8a56-630cd3e3dac9,42933df7-9bab-5ad2-9d9c-09ddffb4f481,2019-02-01,427.92,169.45,41.27,2020-01-01,"Synthetic narrative for local development only; not a PAIMANA, CUF, OCMS, or government record.",synthetic-agency-3,2019-02-15T00:00:00+00:00
2382a992-c275-55c1-ad2c-37e2bbed7f51,42933df7-9bab-5ad2-9d9c-09ddffb4f481,2019-03-01,429.05,225.16,46.03,2020-01-01,"Synthetic narrative for local development only; not a PAIMANA, CUF, OCMS, or government record.",synthetic-agency-3,2019-03-15T00:00:00+00:00
e5fde2d5-d87a-5c0f-8465-a92f4bfe04a6,42933df7-9bab-5ad2-9d9c-09ddffb4f481,2019-04-01,430.18,177.29,48.67,2020-01-01,"Synthetic narrative for local development only; not a PAIMANA, CUF, OCMS, or government record.",synthetic-agency-3,2019-04-15T00:00:00+00:00
871ffbae-6ec2-50cf-b934-46450312b603,42933df7-9bab-5ad2-9d9c-09ddffb4f481,2019-05-01,431.31,243.59,57.65,2020-01-01,"Synthetic narrative for local development only; not a PAIMANA, CUF, OCMS, or government record.",synthetic-agency-3,2019-05-15T00:00:00+00:00
82ea7a99-e7cf-5c2d-81f5-943614f6ff76,42933df7-9bab-5ad2-9d9c-09ddffb4f481,2019-06-01,432.44,277.45,61.73,2020-01-01,"Synthetic narrative for local development only; not a PAIMANA, CUF, OCMS, or government record.",synthetic-agency-3,2019-06-15T00:00:00+00:00
00ef3a54-ba0b-52fc-9bb3-b9ad2645815b,42933df7-9bab-5ad2-9d9c-09ddffb4f481,2019-07-01,433.57,267.66,65.63,2020-01-01,"Synthetic narrative for local development only; not a PAIMANA, CUF, OCMS, or government record.",synthetic-agency-3,2019-07-15T00:00:00+00:00
f3cb09ad-ddd2-5b1c-a5ec-1f7bf19db4d3,42933df7-9bab-5ad2-9d9c-09ddffb4f481,2019-08-01,434.71,285.31,72.25,2020-01-01,"Synthetic narrative for local development only; not a PAIMANA, CUF, OCMS, or government record.",synthetic-agency-3,2019-08-15T00:00:00+00:00
5108421f-4c4f-5353-aced-11dfc620c6b9,42933df7-9bab-5ad2-9d9c-09ddffb4f481,2019-09-01,435.84,324.82,81.25,2020-01-01,"Synthetic narrative for local development only; not a PAIMANA, CUF, OCMS, or government record.",synthetic-agency-3,2019-09-15T00:00:00+00:00
fd9fdc03-e070-5fff-b790-5cca33189271,42933df7-9bab-5ad2-9d9c-09ddffb4f481,2019-10-01,436.97,365.13,84.81,2020-01-01,"Synthetic narrative for local development only; not a PAIMANA, CUF, OCMS, or government record.",synthetic-agency-3,2019-10-15T00:00:00+00:00
c4ed4b16-05b2-511b-abea-caaeb42dd172,42933df7-9bab-5ad2-9d9c-09ddffb4f481,2019-11-01,438.10,442.34,89.13,2020-01-01,"Synthetic narrative for local development only; not a PAIMANA, CUF, OCMS, or government record.",synthetic-agency-3,2019-11-15T00:00:00+00:00
7e773a5a-97eb-5edb-9d8b-bfdcd0944156,42933df7-9bab-5ad2-9d9c-09ddffb4f481,2019-12-01,439.23,451.30,94.32,2020-01-01,"Synthetic narrative for local development only; not a PAIMANA, CUF, OCMS, or government record.",synthetic-agency-3,2019-12-15T00:00:00+00:00
f98a6ac4-328d-5f21-a4ca-a4e77c13f447,42933df7-9bab-5ad2-9d9c-09ddffb4f481,2020-01-01,440.36,410.51,97.72,2020-01-01,"Synthetic narrative for local development only; not a PAIMANA, CUF, OCMS, or government record.",synthetic-agency-3,2020-01-15T00:00:00+00:00
6ebfa797-b9bb-5d62-af21-70573fe0533f,edf47840-d7ca-56f4-9816-abfaa0d2d4af,2018-10-01,758.45,2.85,6.18,2020-03-01,"Synthetic narrative for local development only; not a PAIMANA, CUF, OCMS, or government record.",synthetic-agency-4,2018-10-15T00:00:00+00:00
68ac46cd-fbdf-5d29-838c-d065881b2154,edf47840-d7ca-56f4-9816-abfaa0d2d4af,2018-11-01,756.91,48.18,7.52,2020-03-01,"Synthetic narrative for local development only; not a PAIMANA, CUF, OCMS, or government record.",synthetic-agency-4,2018-11-15T00:00:00+00:00
3ff22688-3bb2-5ea3-be5b-010940066b16,edf47840-d7ca-56f4-9816-abfaa0d2d4af,2018-12-01,755.36,185.18,16.20,2020-03-01,"Synthetic narrative for local development only; not a PAIMANA, CUF, OCMS, or government record.",synthetic-agency-4,2018-12-15T00:00:00+00:00
4807422d-4789-5e03-8948-163655ebb4d7,edf47840-d7ca-56f4-9816-abfaa0d2d4af,2019-01-01,753.81,222.22,18.32,2020-03-01,"Synthetic narrative for local development only; not a PAIMANA, CUF, OCMS, or government record.",synthetic-agency-4,2019-01-15T00:00:00+00:00
bcb34c60-01c4-5709-8b74-5c760a5ddac0,edf47840-d7ca-56f4-9816-abfaa0d2d4af,2019-02-01,752.27,286.81,27.43,2020-03-01,"Synthetic narrative for local development only; not a PAIMANA, CUF, OCMS, or government record.",synthetic-agency-4,2019-02-15T00:00:00+00:00
8f36198d-88fa-5507-9033-f0ec770d4a2c,edf47840-d7ca-56f4-9816-abfaa0d2d4af,2019-03-01,750.72,312.63,31.39,2020-03-01,"Synthetic narrative for local development only; not a PAIMANA, CUF, OCMS, or government record.",synthetic-agency-4,2019-03-15T00:00:00+00:00
f288c963-85cd-57cd-94bf-1d20e192905b,edf47840-d7ca-56f4-9816-abfaa0d2d4af,2019-04-01,749.17,369.58,38.69,2020-03-01,"Synthetic narrative for local development only; not a PAIMANA, CUF, OCMS, or government record.",synthetic-agency-4,2019-04-15T00:00:00+00:00
9079e144-49af-5be8-aced-c5ce01fd6d7f,edf47840-d7ca-56f4-9816-abfaa0d2d4af,2019-05-01,747.63,330.12,42.15,2020-03-01,"Synthetic narrative for local development only; not a PAIMANA, CUF, OCMS, or government record.",synthetic-agency-4,2019-05-15T00:00:00+00:00
08f287f7-2ec3-57ba-9288-6457588edf54,edf47840-d7ca-56f4-9816-abfaa0d2d4af,2019-06-01,746.08,380.78,47.47,2020-03-01,"Synthetic narrative for local development only; not a PAIMANA, CUF, OCMS, or government record.",synthetic-agency-4,2019-06-15T00:00:00+00:00
8d39e50d-17c5-50c5-bf3f-7921b65283f9,edf47840-d7ca-56f4-9816-abfaa0d2d4af,2019-07-01,744.53,473.30,52.56,2020-03-01,"Synthetic narrative for local development only; not a PAIMANA, CUF, OCMS, or government record.",synthetic-agency-4,2019-07-15T00:00:00+00:00
f7844e2d-883f-5fa1-ab5b-bba316cffe42,edf47840-d7ca-56f4-9816-abfaa0d2d4af,2019-08-01,742.99,487.22,60.12,2020-03-01,"Synthetic narrative for local development only; not a PAIMANA, CUF, OCMS, or government record.",synthetic-agency-4,2019-08-15T00:00:00+00:00
36c5e260-47ea-584b-a53c-3326de3afc2c,edf47840-d7ca-56f4-9816-abfaa0d2d4af,2019-09-01,741.44,472.55,64.80,2020-03-01,"Synthetic narrative for local development only; not a PAIMANA, CUF, OCMS, or government record.",synthetic-agency-4,2019-09-15T00:00:00+00:00
f3e87701-5b14-57bd-bb60-081398ef9521,edf47840-d7ca-56f4-9816-abfaa0d2d4af,2019-10-01,739.89,574.03,72.74,2020-03-01,"Synthetic narrative for local development only; not a PAIMANA, CUF, OCMS, or government record.",synthetic-agency-4,2019-10-15T00:00:00+00:00
919e1c48-9165-5136-b2e3-15b4ad992612,edf47840-d7ca-56f4-9816-abfaa0d2d4af,2019-11-01,738.34,577.27,79.03,2020-03-01,"Synthetic narrative for local development only; not a PAIMANA, CUF, OCMS, or government record.",synthetic-agency-4,2019-11-15T00:00:00+00:00
cc94f379-9851-5a2c-b7dd-1becb1bc04d0,edf47840-d7ca-56f4-9816-abfaa0d2d4af,2019-12-01,736.80,576.43,83.35,2020-03-01,"Synthetic narrative for local development only; not a PAIMANA, CUF, OCMS, or government record.",synthetic-agency-4,2019-12-15T00:00:00+00:00
8a762272-6c43-537a-b5e6-8161b210196e,edf47840-d7ca-56f4-9816-abfaa0d2d4af,2020-01-01,735.25,710.99,85.15,2020-03-01,"Synthetic narrative for local development only; not a PAIMANA, CUF, OCMS, or government record.",synthetic-agency-4,2020-01-15T00:00:00+00:00
9e879876-579f-529e-8cc5-cc44308e3cdc,edf47840-d7ca-56f4-9816-abfaa0d2d4af,2020-02-01,733.70,666.04,91.36,2020-03-01,"Synthetic narrative for local development only; not a PAIMANA, CUF, OCMS, or government record.",synthetic-agency-4,2020-02-15T00:00:00+00:00
1ba5abea-9068-5d80-a9cb-f70ed2ea661d,edf47840-d7ca-56f4-9816-abfaa0d2d4af,2020-03-01,732.16,794.47,100.00,2020-03-01,"Synthetic narrative for local development only; not a PAIMANA, CUF, OCMS, or government record.",synthetic-agency-4,2020-03-15T00:00:00+00:00
654bda8d-e526-5025-b504-4b6b0abb5098,5d882336-ceeb-5a72-a55e-e959127a2fc0,2018-12-01,2275.91,213.94,6.10,2020-05-01,"Synthetic narrative for local development only; not a PAIMANA, CUF, OCMS, or government record.",synthetic-agency-0,2018-12-15T00:00:00+00:00
a08ea117-9448-58fe-88fd-8b391fabaa04,5d882336-ceeb-5a72-a55e-e959127a2fc0,2019-01-01,2301.82,171.35,14.87,2020-05-01,"Synthetic narrative for local development only; not a PAIMANA, CUF, OCMS, or government record.",synthetic-agency-0,2019-01-15T00:00:00+00:00
6aeaa593-567d-5c3b-842b-1b909fe2c5a7,5d882336-ceeb-5a72-a55e-e959127a2fc0,2019-02-01,2327.72,712.57,20.09,2020-05-01,"Synthetic narrative for local development only; not a PAIMANA, CUF, OCMS, or government record.",synthetic-agency-0,2019-02-15T00:00:00+00:00
772f7a91-888b-5787-8ce5-319f801c9b50,5d882336-ceeb-5a72-a55e-e959127a2fc0,2019-03-01,2353.63,804.43,26.10,2020-05-01,"Synthetic narrative for local development only; not a PAIMANA, CUF, OCMS, or government record.",synthetic-agency-0,2019-03-15T00:00:00+00:00
c636294f-1a28-5e5d-ac96-2d07753240a8,5d882336-ceeb-5a72-a55e-e959127a2fc0,2019-04-01,2379.54,400.45,24.00,2020-05-01,"Synthetic narrative for local development only; not a PAIMANA, CUF, OCMS, or government record.",synthetic-agency-0,2019-04-15T00:00:00+00:00
9dc57a97-2d4e-54b5-837d-b9a487e79889,5d882336-ceeb-5a72-a55e-e959127a2fc0,2019-05-01,2405.45,1034.13,37.29,2020-05-01,"Synthetic narrative for local development only; not a PAIMANA, CUF, OCMS, or government record.",synthetic-agency-0,2019-05-15T00:00:00+00:00
19119049-ff6b-5708-990b-559fa77b56b4,5d882336-ceeb-5a72-a55e-e959127a2fc0,2019-06-01,2431.36,1245.97,40.50,2020-05-01,"Synthetic narrative for local development only; not a PAIMANA, CUF, OCMS, or government record.",synthetic-agency-0,2019-06-15T00:00:00+00:00
05509324-e368-5a9b-952a-4c97d330db29,5d882336-ceeb-5a72-a55e-e959127a2fc0,2019-07-01,2457.27,1204.43,41.00,2020-05-01,"Synthetic narrative for local development only; not a PAIMANA, CUF, OCMS, or government record.",synthetic-agency-0,2019-07-15T00:00:00+00:00
f6fc7373-b4b6-55d9-b67e-2f414b31a925,5d882336-ceeb-5a72-a55e-e959127a2fc0,2019-08-01,2483.17,1030.24,49.44,2020-05-01,"Synthetic narrative for local development only; not a PAIMANA, CUF, OCMS, or government record.",synthetic-agency-0,2019-08-15T00:00:00+00:00
c7b08d95-bea8-50e7-b060-0b65f2e22845,5d882336-ceeb-5a72-a55e-e959127a2fc0,2019-09-01,2509.08,1354.67,53.86,2020-05-01,"Synthetic narrative for local development only; not a PAIMANA, CUF, OCMS, or government record.",synthetic-agency-0,2019-09-15T00:00:00+00:00
2333bd33-c5be-5795-9eab-f9a4eb05e838,5d882336-ceeb-5a72-a55e-e959127a2fc0,2019-10-01,2534.99,1852.25,62.93,2020-05-01,"Synthetic narrative for local development only; not a PAIMANA, CUF, OCMS, or government record.",synthetic-agency-0,2019-10-15T00:00:00+00:00
72c2dedd-df07-56b4-ab8a-0ec16bc2a2fc,5d882336-ceeb-5a72-a55e-e959127a2fc0,2019-11-01,2560.90,1703.35,65.59,2020-05-01,"Synthetic narrative for local development only; not a PAIMANA, CUF, OCMS, or government record.",synthetic-agency-0,2019-11-15T00:00:00+00:00
40871c27-79b5-5d21-ab1d-2176065ff8a3,5d882336-ceeb-5a72-a55e-e959127a2fc0,2019-12-01,2586.81,1745.20,74.04,2020-05-01,"Synthetic narrative for local development only; not a PAIMANA, CUF, OCMS, or government record.",synthetic-agency-0,2019-12-15T00:00:00+00:00
8259fa27-263f-537b-ae69-801092d3b719,5d882336-ceeb-5a72-a55e-e959127a2fc0,2020-01-01,2612.72,1850.13,77.87,2020-05-01,"Synthetic narrative for local development only; not a PAIMANA, CUF, OCMS, or government record.",synthetic-agency-0,2020-01-15T00:00:00+00:00
a1c0c0fd-5578-5bdf-8182-5b1bb05bb779,5d882336-ceeb-5a72-a55e-e959127a2fc0,2020-02-01,2638.62,2445.32,84.09,2020-05-01,"Synthetic narrative for local development only; not a PAIMANA, CUF, OCMS, or government record.",synthetic-agency-0,2020-02-15T00:00:00+00:00
86bee857-a13e-5d6a-806c-4a1097d6a528,5d882336-ceeb-5a72-a55e-e959127a2fc0,2020-03-01,2664.53,2469.46,89.42,2020-05-01,"Synthetic narrative for local development only; not a PAIMANA, CUF, OCMS, or government record.",synthetic-agency-0,2020-03-15T00:00:00+00:00
0a72336a-3fa9-554c-a5a8-6be49c20fd9b,5d882336-ceeb-5a72-a55e-e959127a2fc0,2020-04-01,2690.44,2779.61,93.48,2020-05-01,"Synthetic narrative for local development only; not a PAIMANA, CUF, OCMS, or government record.",synthetic-agency-0,2020-04-15T00:00:00+00:00
1ab241f2-8aa4-5faf-b8d5-e082ab8d5ffd,5d882336-ceeb-5a72-a55e-e959127a2fc0,2020-05-01,2716.35,2914.63,98.22,2020-05-01,"Synthetic narrative for local development only; not a PAIMANA, CUF, OCMS, or government record.",synthetic-agency-0,2020-05-15T00:00:00+00:00
1cafcaf2-3d0b-56cd-b91f-f2e28f9bab4d,c83a2b34-4c1a-5f84-ba5e-b27c4c482161,2019-02-01,3836.68,774.13,8.48,2020-07-01,"Synthetic narrative for local development only; not a PAIMANA, CUF, OCMS, or government record.",synthetic-agency-1,2019-02-15T00:00:00+00:00
5e3c9bfc-f183-53f6-80e2-18848e4793ea,c83a2b34-4c1a-5f84-ba5e-b27c4c482161,2019-03-01,3873.37,396.10,14.99,2020-07-01,"Synthetic narrative for local development only; not a PAIMANA, CUF, OCMS, or government record.",synthetic-agency-1,2019-03-15T00:00:00+00:00
90cc4998-93f4-59a9-bfc1-b07b1355aa53,c83a2b34-4c1a-5f84-ba5e-b27c4c482161,2019-04-01,3910.05,686.59,12.78,2020-07-01,"Synthetic narrative for local development only; not a PAIMANA, CUF, OCMS, or government record.",synthetic-agency-1,2019-04-15T00:00:00+00:00
08142f1f-4239-537d-86ca-68fe1d3dad80,c83a2b34-4c1a-5f84-ba5e-b27c4c482161,2019-05-01,3946.74,732.16,22.64,2020-07-01,"Synthetic narrative for local development only; not a PAIMANA, CUF, OCMS, or government record.",synthetic-agency-1,2019-05-15T00:00:00+00:00
6f368a2c-38f0-5b66-8c2a-bb725ccf8b0b,c83a2b34-4c1a-5f84-ba5e-b27c4c482161,2019-06-01,3983.42,912.35,29.06,2020-07-01,"Synthetic narrative for local development only; not a PAIMANA, CUF, OCMS, or government record.",synthetic-agency-1,2019-06-15T00:00:00+00:00
55288cfd-0da5-567a-8d2f-b44993502b0e,c83a2b34-4c1a-5f84-ba5e-b27c4c482161,2019-07-01,4020.10,973.96,30.42,2020-07-01,"Synthetic narrative for local development only; not a PAIMANA, CUF, OCMS, or government record.",synthetic-agency-1,2019-07-15T00:00:00+00:00
ed35535a-35bb-5a45-a02f-0fbedbdda79d,c83a2b34-4c1a-5f84-ba5e-b27c4c482161,2019-08-01,4056.79,1414.85,39.27,2020-07-01,"Synthetic narrative for local development only; not a PAIMANA, CUF, OCMS, or government record.",synthetic-agency-1,2019-08-15T00:00:00+00:00
f4b00624-4cc7-502c-8d80-a2236106a6d2,c83a2b34-4c1a-5f84-ba5e-b27c4c482161,2019-09-01,4093.47,2384.21,46.92,2020-07-01,"Synthetic narrative for local development only; not a PAIMANA, CUF, OCMS, or government record.",synthetic-agency-1,2019-09-15T00:00:00+00:00
b5cc0c24-e409-5152-809c-c16974b35443,c83a2b34-4c1a-5f84-ba5e-b27c4c482161,2019-10-01,4130.15,2283.28,47.40,2020-07-01,"Synthetic narrative for local development only; not a PAIMANA, CUF, OCMS, or government record.",synthetic-agency-1,2019-10-15T00:00:00+00:00
d99976e3-293a-5dce-9f12-3faf9e23b8e3,c83a2b34-4c1a-5f84-ba5e-b27c4c482161,2019-11-01,4166.84,2545.71,53.53,2020-07-01,"Synthetic narrative for local development only; not a PAIMANA, CUF, OCMS, or government record.",synthetic-agency-1,2019-11-15T00:00:00+00:00
ffe5544b-db50-5f92-8cc3-8c07721c5da6,c83a2b34-4c1a-5f84-ba5e-b27c4c482161,2019-12-01,4203.52,2613.20,58.38,2020-07-01,"Synthetic narrative for local development only; not a PAIMANA, CUF, OCMS, or government record.",synthetic-agency-1,2019-12-15T00:00:00+00:00
1ee6d4f0-33c0-5617-8dcb-0e3301a0e5e5,c83a2b34-4c1a-5f84-ba5e-b27c4c482161,2020-01-01,4240.21,2734.35,65.30,2020-07-01,"Synthetic narrative for local development only; not a PAIMANA, CUF, OCMS, or government record.",synthetic-agency-1,2020-01-15T00:00:00+00:00
a0a30e9c-38fa-5d7d-bda2-65b365ee6433,c83a2b34-4c1a-5f84-ba5e-b27c4c482161,2020-02-01,4276.89,3124.74,73.28,2020-07-01,"Synthetic narrative for local development only; not a PAIMANA, CUF, OCMS, or government record.",synthetic-agency-1,2020-02-15T00:00:00+00:00
2af172b8-2184-5258-9e7f-008796890562,c83a2b34-4c1a-5f84-ba5e-b27c4c482161,2020-03-01,4313.57,3607.04,77.05,2020-07-01,"Synthetic narrative for local development only; not a PAIMANA, CUF, OCMS, or government record.",synthetic-agency-1,2020-03-15T00:00:00+00:00
9d8b5b5c-eafd-5023-bf83-3bc1ce5e76f4,c83a2b34-4c1a-5f84-ba5e-b27c4c482161,2020-04-01,4350.26,3343.24,83.68,2020-07-01,"Synthetic narrative for local development only; not a PAIMANA, CUF, OCMS, or government record.",synthetic-agency-1,2020-04-15T00:00:00+00:00
91b83b73-a77d-559e-8c83-5e8c3ec7cdfc,c83a2b34-4c1a-5f84-ba5e-b27c4c482161,2020-05-01,4386.94,4092.47,89.32,2020-07-01,"Synthetic narrative for local development only; not a PAIMANA, CUF, OCMS, or government record.",synthetic-agency-1,2020-05-15T00:00:00+00:00
e691266a-99de-511b-90f5-aae95daf3fc7,c83a2b34-4c1a-5f84-ba5e-b27c4c482161,2020-06-01,4423.62,4724.95,95.50,2020-07-01,"Synthetic narrative for local development only; not a PAIMANA, CUF, OCMS, or government record.",synthetic-agency-1,2020-06-15T00:00:00+00:00
9ff8740d-2e01-523c-b59f-e3d3d08d2b7d,c83a2b34-4c1a-5f84-ba5e-b27c4c482161,2020-07-01,4460.31,4674.12,100.00,2020-07-01,"Synthetic narrative for local development only; not a PAIMANA, CUF, OCMS, or government record.",synthetic-agency-1,2020-07-15T00:00:00+00:00
48971f96-5726-5ded-9829-bf02b72ba375,d3460fa9-6405-516b-af65-298f1a70ef72,2019-04-01,1364.95,38.91,7.66,2020-09-01,"Synthetic narrative for local development only; not a PAIMANA, CUF, OCMS, or government record.",synthetic-agency-2,2019-04-15T00:00:00+00:00
c318889a-033c-54cf-a475-b1a22a83e98b,d3460fa9-6405-516b-af65-298f1a70ef72,2019-05-01,1379.89,77.32,10.26,2020-09-01,"Synthetic narrative for local development only; not a PAIMANA, CUF, OCMS, or government record.",synthetic-agency-2,2019-05-15T00:00:00+00:00
c70c5a9e-8251-524b-94d9-7de6aeba64f6,d3460fa9-6405-516b-af65-298f1a70ef72,2019-06-01,1394.84,359.68,16.46,2020-09-01,"Synthetic narrative for local development only; not a PAIMANA, CUF, OCMS, or government record.",synthetic-agency-2,2019-06-15T00:00:00+00:00
00c727ff-99fe-58f6-9493-c01eb5d03731,d3460fa9-6405-516b-af65-298f1a70ef72,2019-07-01,1409.79,438.23,23.89,2020-09-01,"Synthetic narrative for local development only; not a PAIMANA, CUF, OCMS, or government record.",synthetic-agency-2,2019-07-15T00:00:00+00:00
d995cdbc-5aa3-592d-bd00-498623e16f18,d3460fa9-6405-516b-af65-298f1a70ef72,2019-08-01,1424.74,334.59,30.51,2020-09-01,"Synthetic narrative for local development only; not a PAIMANA, CUF, OCMS, or government record.",synthetic-agency-2,2019-08-15T00:00:00+00:00
9dd5f7ea-de8d-5edd-bd54-943809f65a97,d3460fa9-6405-516b-af65-298f1a70ef72,2019-09-01,1439.68,478.84,31.28,2020-09-01,"Synthetic narrative for local development only; not a PAIMANA, CUF, OCMS, or government record.",synthetic-agency-2,2019-09-15T00:00:00+00:00
7309adef-199f-5ee6-901f-c3c635703ef0,d3460fa9-6405-516b-af65-298f1a70ef72,2019-10-01,1454.63,659.44,35.29,2020-09-01,"Synthetic narrative for local development only; not a PAIMANA, CUF, OCMS, or government record.",synthetic-agency-2,2019-10-15T00:00:00+00:00
e169149d-ef5e-5f70-801f-a6841e3a0c4d,d3460fa9-6405-516b-af65-298f1a70ef72,2019-11-01,1469.58,484.08,40.56,2020-09-01,"Synthetic narrative for local development only; not a PAIMANA, CUF, OCMS, or government record.",synthetic-agency-2,2019-11-15T00:00:00+00:00
8ef3a57c-2c2d-5dd8-956f-de604b816767,d3460fa9-6405-516b-af65-298f1a70ef72,2019-12-01,1484.52,746.19,47.02,2020-09-01,"Synthetic narrative for local development only; not a PAIMANA, CUF, OCMS, or government record.",synthetic-agency-2,2019-12-15T00:00:00+00:00
37a157a5-5933-537b-965d-8a1e8636727b,d3460fa9-6405-516b-af65-298f1a70ef72,2020-01-01,1499.47,1005.81,58.14,2020-09-01,"Synthetic narrative for local development only; not a PAIMANA, CUF, OCMS, or government record.",synthetic-agency-2,2020-01-15T00:00:00+00:00
b7a7a566-90bd-54c8-aa39-8df2b1ff51bf,d3460fa9-6405-516b-af65-298f1a70ef72,2020-02-01,1514.42,754.89,57.30,2020-09-01,"Synthetic narrative for local development only; not a PAIMANA, CUF, OCMS, or government record.",synthetic-agency-2,2020-02-15T00:00:00+00:00
fae46cfe-765a-5ae2-9a7f-ac1fd257ef2e,d3460fa9-6405-516b-af65-298f1a70ef72,2020-03-01,1529.36,1139.42,69.50,2020-09-01,"Synthetic narrative for local development only; not a PAIMANA, CUF, OCMS, or government record.",synthetic-agency-2,2020-03-15T00:00:00+00:00
ffa0f090-4086-5dd6-b662-d07897aa8cd8,d3460fa9-6405-516b-af65-298f1a70ef72,2020-04-01,1544.31,1339.24,76.00,2020-09-01,"Synthetic narrative for local development only; not a PAIMANA, CUF, OCMS, or government record.",synthetic-agency-2,2020-04-15T00:00:00+00:00
b74a37d4-3a62-5303-9242-9239044fd3e5,d3460fa9-6405-516b-af65-298f1a70ef72,2020-05-01,1559.26,1375.89,80.80,2020-09-01,"Synthetic narrative for local development only; not a PAIMANA, CUF, OCMS, or government record.",synthetic-agency-2,2020-05-15T00:00:00+00:00
5d7dee5f-d25a-50f2-85f9-e97ef50a1b77,d3460fa9-6405-516b-af65-298f1a70ef72,2020-06-01,1574.21,1421.31,86.88,2020-09-01,"Synthetic narrative for local development only; not a PAIMANA, CUF, OCMS, or government record.",synthetic-agency-2,2020-06-15T00:00:00+00:00
c75c6579-f5b3-5b0b-8468-17cbbabf7a7b,d3460fa9-6405-516b-af65-298f1a70ef72,2020-07-01,1589.15,1435.48,88.43,2020-09-01,"Synthetic narrative for local development only; not a PAIMANA, CUF, OCMS, or government record.",synthetic-agency-2,2020-07-15T00:00:00+00:00
cef98525-4b08-545c-a85e-dfd095d6a2d7,d3460fa9-6405-516b-af65-298f1a70ef72,2020-08-01,1604.10,1563.52,94.28,2020-09-01,"Synthetic narrative for local development only; not a PAIMANA, CUF, OCMS, or government record.",synthetic-agency-2,2020-08-15T00:00:00+00:00
eb483089-e670-5c2a-91c5-f59a5a7d858d,d3460fa9-6405-516b-af65-298f1a70ef72,2020-09-01,1619.05,1531.60,100.00,2020-09-01,"Synthetic narrative for local development only; not a PAIMANA, CUF, OCMS, or government record.",synthetic-agency-2,2020-09-15T00:00:00+00:00
a95c6d95-4b33-5c17-9728-45b4e541c09e,b29020e4-ce91-57a1-92f7-69498a0877b6,2019-06-01,2253.57,129.49,3.66,2020-11-01,"Synthetic narrative for local development only; not a PAIMANA, CUF, OCMS, or government record.",synthetic-agency-3,2019-06-15T00:00:00+00:00
a46fd54a-5706-5408-952c-604c2b05f8b7,b29020e4-ce91-57a1-92f7-69498a0877b6,2019-07-01,2257.14,177.34,7.36,2020-11-01,"Synthetic narrative for local development only; not a PAIMANA, CUF, OCMS, or government record.",synthetic-agency-3,2019-07-15T00:00:00+00:00
bfdd6175-66d6-5ebb-905b-27bf3df68722,b29020e4-ce91-57a1-92f7-69498a0877b6,2019-08-01,2260.71,415.90,14.19,2020-11-01,"Synthetic narrative for local development only; not a PAIMANA, CUF, OCMS, or government record.",synthetic-agency-3,2019-08-15T00:00:00+00:00
197757d2-9ebf-5eb1-aca2-e617ea5c6374,b29020e4-ce91-57a1-92f7-69498a0877b6,2019-09-01,2264.28,608.45,23.99,2020-11-01,"Synthetic narrative for local development only; not a PAIMANA, CUF, OCMS, or government record.",synthetic-agency-3,2019-09-15T00:00:00+00:00
38ebadc4-1645-5f67-aad5-86018adbde55,b29020e4-ce91-57a1-92f7-69498a0877b6,2019-10-01,2267.85,746.95,31.42,2020-11-01,"Synthetic narrative for local development only; not a PAIMANA, CUF, OCMS, or government record.",synthetic-agency-3,2019-10-15T00:00:00+00:00
0a617daa-e5f6-5518-8a2e-eca0ec8bf9fb,b29020e4-ce91-57a1-92f7-69498a0877b6,2019-11-01,2271.41,903.15,35.79,2020-11-01,"Synthetic narrative for local development only; not a PAIMANA, CUF, OCMS, or government record.",synthetic-agency-3,2019-11-15T00:00:00+00:00
f2c3935c-0b24-59e6-b53c-0d855960365e,b29020e4-ce91-57a1-92f7-69498a0877b6,2019-12-01,2274.98,1178.17,41.18,2020-11-01,"Synthetic narrative for local development only; not a PAIMANA, CUF, OCMS, or government record.",synthetic-agency-3,2019-12-15T00:00:00+00:00
80480ce3-6830-5f71-991d-ea13bba9503b,b29020e4-ce91-57a1-92f7-69498a0877b6,2020-01-01,2278.55,760.21,40.90,2020-11-01,"Synthetic narrative for local development only; not a PAIMANA, CUF, OCMS, or government record.",synthetic-agency-3,2020-01-15T00:00:00+00:00
50da3064-e456-53a7-931e-bbe11fffd80a,b29020e4-ce91-57a1-92f7-69498a0877b6,2020-02-01,2282.12,1420.31,53.88,2020-11-01,"Synthetic narrative for local development only; not a PAIMANA, CUF, OCMS, or government record.",synthetic-agency-3,2020-02-15T00:00:00+00:00
12c6228a-eade-58bb-abf9-62504b56221b,b29020e4-ce91-57a1-92f7-69498a0877b6,2020-03-01,2285.69,1358.45,52.36,2020-11-01,"Synthetic narrative for local development only; not a PAIMANA, CUF, OCMS, or government record.",synthetic-agency-3,2020-03-15T00:00:00+00:00
c0b1f7e0-1828-53f9-bd77-d509e9478342,b29020e4-ce91-57a1-92f7-69498a0877b6,2020-04-01,2289.26,1447.44,61.21,2020-11-01,"Synthetic narrative for local development only; not a PAIMANA, CUF, OCMS, or government record.",synthetic-agency-3,2020-04-15T00:00:00+00:00
f5e113c3-b6f4-5b69-b4a6-abb03bbe213b,b29020e4-ce91-57a1-92f7-69498a0877b6,2020-05-01,2292.83,1400.20,67.05,2020-11-01,"Synthetic narrative for local development only; not a PAIMANA, CUF, OCMS, or government record.",synthetic-agency-3,2020-05-15T00:00:00+00:00
c22064da-7148-54bc-a352-4da86edf788e,b29020e4-ce91-57a1-92f7-69498a0877b6,2020-06-01,2296.40,1880.62,70.10,2020-11-01,"Synthetic narrative for local development only; not a PAIMANA, CUF, OCMS, or government record.",synthetic-agency-3,2020-06-15T00:00:00+00:00
61e93275-a317-512d-9d5d-d01c5136f2d8,b29020e4-ce91-57a1-92f7-69498a0877b6,2020-07-01,2299.97,1709.97,81.48,2020-11-01,"Synthetic narrative for local development only; not a PAIMANA, CUF, OCMS, or government record.",synthetic-agency-3,2020-07-15T00:00:00+00:00
a42481eb-5a9a-5cc5-8bd0-5fe1570c0dd2,b29020e4-ce91-57a1-92f7-69498a0877b6,2020-08-01,2303.54,1969.92,81.47,2020-11-01,"Synthetic narrative for local development only; not a PAIMANA, CUF, OCMS, or government record.",synthetic-agency-3,2020-08-15T00:00:00+00:00
76c8d2d8-ba24-5e3d-aa87-9cfc32e52b2f,b29020e4-ce91-57a1-92f7-69498a0877b6,2020-09-01,2307.11,1994.25,91.57,2020-11-01,"Synthetic narrative for local development only; not a PAIMANA, CUF, OCMS, or government record.",synthetic-agency-3,2020-09-15T00:00:00+00:00
5fd0666a-aeae-539a-947c-ea7101b42b22,b29020e4-ce91-57a1-92f7-69498a0877b6,2020-10-01,2310.68,2364.77,97.18,2020-11-01,"Synthetic narrative for local development only; not a PAIMANA, CUF, OCMS, or government record.",synthetic-agency-3,2020-10-15T00:00:00+00:00
94b11b19-8b04-59a7-98f5-4af21225bff0,b29020e4-ce91-57a1-92f7-69498a0877b6,2020-11-01,2314.24,2484.00,100.00,2020-11-01,"Synthetic narrative for local development only; not a PAIMANA, CUF, OCMS, or government record.",synthetic-agency-3,2020-11-15T00:00:00+00:00
cb578563-587f-5b3f-9529-f6327d452020,901850d6-25ed-5774-818c-a1ee70ebddf7,2019-08-01,3806.43,354.61,8.51,2021-01-01,"Synthetic narrative for local development only; not a PAIMANA, CUF, OCMS, or government record.",synthetic-agency-4,2019-08-15T00:00:00+00:00
80dad048-deff-517d-b24a-47f9be2ad88d,901850d6-25ed-5774-818c-a1ee70ebddf7,2019-09-01,3812.85,448.78,12.57,2021-01-01,"Synthetic narrative for local development only; not a PAIMANA, CUF, OCMS, or government record.",synthetic-agency-4,2019-09-15T00:00:00+00:00
94cee73e-a27d-5ba4-9426-745c9e8768bf,901850d6-25ed-5774-818c-a1ee70ebddf7,2019-10-01,3819.28,938.34,20.54,2021-01-01,"Synthetic narrative for local development only; not a PAIMANA, CUF, OCMS, or government record.",synthetic-agency-4,2019-10-15T00:00:00+00:00
aab44014-d397-515c-a280-2ed585d83663,901850d6-25ed-5774-818c-a1ee70ebddf7,2019-11-01,3825.70,740.03,22.25,2021-01-01,"Synthetic narrative for local development only; not a PAIMANA, CUF, OCMS, or government record.",synthetic-agency-4,2019-11-15T00:00:00+00:00
d571d54e-a9af-5715-a957-bed5e744efa1,901850d6-25ed-5774-818c-a1ee70ebddf7,2019-12-01,3832.13,1406.75,30.77,2021-01-01,"Synthetic narrative for local development only; not a PAIMANA, CUF, OCMS, or government record.",synthetic-agency-4,2019-12-15T00:00:00+00:00
f7414576-5d3c-5ef1-872e-0ae091bc1809,901850d6-25ed-5774-818c-a1ee70ebddf7,2020-01-01,3838.55,1466.65,36.20,2021-01-01,"Synthetic narrative for local development only; not a PAIMANA, CUF, OCMS, or government record.",synthetic-agency-4,2020-01-15T00:00:00+00:00
099de134-c42f-5ae0-a75f-0dc7fe5aa3d1,901850d6-25ed-5774-818c-a1ee70ebddf7,2020-02-01,3844.98,1923.90,42.72,2021-01-01,"Synthetic narrative for local development only; not a PAIMANA, CUF, OCMS, or government record.",synthetic-agency-4,2020-02-15T00:00:00+00:00
8bd0128d-9c52-5fae-b49a-45de4ed1494e,901850d6-25ed-5774-818c-a1ee70ebddf7,2020-03-01,3851.40,1994.14,40.66,2021-01-01,"Synthetic narrative for local development only; not a PAIMANA, CUF, OCMS, or government record.",synthetic-agency-4,2020-03-15T00:00:00+00:00
3652ec4f-a681-5e34-a873-28bd26712758,901850d6-25ed-5774-818c-a1ee70ebddf7,2020-04-01,3857.83,2299.39,52.48,2021-01-01,"Synthetic narrative for local development only; not a PAIMANA, CUF, OCMS, or government record.",synthetic-agency-4,2020-04-15T00:00:00+00:00
f8377426-485d-5f8c-9b4c-16041d43a18b,901850d6-25ed-5774-818c-a1ee70ebddf7,2020-05-01,3864.25,2358.96,57.41,2021-01-01,"Synthetic narrative for local development only; not a PAIMANA, CUF, OCMS, or government record.",synthetic-agency-4,2020-05-15T00:00:00+00:00
9dcc9186-5f9d-5e47-a3e9-c4a15be8a930,901850d6-25ed-5774-818c-a1ee70ebddf7,2020-06-01,3870.68,2666.52,62.59,2021-01-01,"Synthetic narrative for local development only; not a PAIMANA, CUF, OCMS, or government record.",synthetic-agency-4,2020-06-15T00:00:00+00:00
8dae09e3-d742-5a58-b2bb-de89d6c6b69c,901850d6-25ed-5774-818c-a1ee70ebddf7,2020-07-01,3877.11,2510.07,67.13,2021-01-01,"Synthetic narrative for local development only; not a PAIMANA, CUF, OCMS, or government record.",synthetic-agency-4,2020-07-15T00:00:00+00:00
e51ea2b3-f358-5baf-8957-6dae60bf8f26,901850d6-25ed-5774-818c-a1ee70ebddf7,2020-08-01,3883.53,3100.00,69.54,2021-01-01,"Synthetic narrative for local development only; not a PAIMANA, CUF, OCMS, or government record.",synthetic-agency-4,2020-08-15T00:00:00+00:00
e10a20bf-6f64-57f1-9206-f20afed6a4d8,901850d6-25ed-5774-818c-a1ee70ebddf7,2020-09-01,3889.96,3118.12,80.95,2021-01-01,"Synthetic narrative for local development only; not a PAIMANA, CUF, OCMS, or government record.",synthetic-agency-4,2020-09-15T00:00:00+00:00
db36bbf4-8256-57a1-9995-1bed70dd8e53,901850d6-25ed-5774-818c-a1ee70ebddf7,2020-10-01,3896.38,3465.56,87.14,2021-01-01,"Synthetic narrative for local development only; not a PAIMANA, CUF, OCMS, or government record.",synthetic-agency-4,2020-10-15T00:00:00+00:00
38d02c7f-4f9d-52ca-ae3a-047870841eb3,901850d6-25ed-5774-818c-a1ee70ebddf7,2020-11-01,3902.81,3727.34,88.97,2021-01-01,"Synthetic narrative for local development only; not a PAIMANA, CUF, OCMS, or government record.",synthetic-agency-4,2020-11-15T00:00:00+00:00
d6e84ad6-1605-5550-a519-59d1f9b82370,901850d6-25ed-5774-818c-a1ee70ebddf7,2020-12-01,3909.23,3895.39,91.91,2021-01-01,"Synthetic narrative for local development only; not a PAIMANA, CUF, OCMS, or government record.",synthetic-agency-4,2020-12-15T00:00:00+00:00
0b82ade2-8451-574e-8b59-4f07f15ad294,901850d6-25ed-5774-818c-a1ee70ebddf7,2021-01-01,3915.66,4058.58,98.30,2021-01-01,"Synthetic narrative for local development only; not a PAIMANA, CUF, OCMS, or government record.",synthetic-agency-4,2021-01-15T00:00:00+00:00
a2d6a9fb-b650-5540-b339-11d82637e743,969a913f-8571-5886-878a-ea64b898dfb3,2019-10-01,259.54,28.03,1.56,2021-03-01,"Synthetic narrative for local development only; not a PAIMANA, CUF, OCMS, or government record.",synthetic-agency-0,2019-10-15T00:00:00+00:00
f1f219b7-337f-5bf5-9837-2262eb697374,969a913f-8571-5886-878a-ea64b898dfb3,2019-11-01,259.09,32.89,14.45,2021-03-01,"Synthetic narrative for local development only; not a PAIMANA, CUF, OCMS, or government record.",synthetic-agency-0,2019-11-15T00:00:00+00:00
f726c8df-961e-53fb-abba-6cd939846533,969a913f-8571-5886-878a-ea64b898dfb3,2019-12-01,258.63,22.89,13.33,2021-03-01,"Synthetic narrative for local development only; not a PAIMANA, CUF, OCMS, or government record.",synthetic-agency-0,2019-12-15T00:00:00+00:00
041907f5-48ad-56a7-a0d4-060d65a05c12,969a913f-8571-5886-878a-ea64b898dfb3,2020-01-01,258.17,84.43,21.44,2021-03-01,"Synthetic narrative for local development only; not a PAIMANA, CUF, OCMS, or government record.",synthetic-agency-0,2020-01-15T00:00:00+00:00
58c4dbb2-4225-5f4a-b717-3309f2644a27,969a913f-8571-5886-878a-ea64b898dfb3,2020-02-01,257.72,65.22,28.40,2021-03-01,"Synthetic narrative for local development only; not a PAIMANA, CUF, OCMS, or government record.",synthetic-agency-0,2020-02-15T00:00:00+00:00
ad3d041e-c557-5a63-84d0-b9c019eb6e92,969a913f-8571-5886-878a-ea64b898dfb3,2020-03-01,257.26,93.00,30.76,2021-03-01,"Synthetic narrative for local development only; not a PAIMANA, CUF, OCMS, or government record.",synthetic-agency-0,2020-03-15T00:00:00+00:00
384333a0-7d34-53f8-9e2f-3a86f29712f4,969a913f-8571-5886-878a-ea64b898dfb3,2020-04-01,256.81,115.44,35.35,2021-03-01,"Synthetic narrative for local development only; not a PAIMANA, CUF, OCMS, or government record.",synthetic-agency-0,2020-04-15T00:00:00+00:00
07f6d125-a41d-524a-8a94-a651885d6dcb,969a913f-8571-5886-878a-ea64b898dfb3,2020-05-01,256.35,130.70,41.63,2021-03-01,"Synthetic narrative for local development only; not a PAIMANA, CUF, OCMS, or government record.",synthetic-agency-0,2020-05-15T00:00:00+00:00
4fe605d4-441a-5215-ae56-ee442a5cd1de,969a913f-8571-5886-878a-ea64b898dfb3,2020-06-01,255.89,158.91,50.86,2021-03-01,"Synthetic narrative for local development only; not a PAIMANA, CUF, OCMS, or government record.",synthetic-agency-0,2020-06-15T00:00:00+00:00
ba456f98-5a9b-52d3-bd65-9e01b76fe826,969a913f-8571-5886-878a-ea64b898dfb3,2020-07-01,255.44,125.95,51.85,2021-03-01,"Synthetic narrative for local development only; not a PAIMANA, CUF, OCMS, or government record.",synthetic-agency-0,2020-07-15T00:00:00+00:00
c429d537-d9dd-5aaf-bbbf-0dd8fa2ce547,969a913f-8571-5886-878a-ea64b898dfb3,2020-08-01,254.98,157.74,61.80,2021-03-01,"Synthetic narrative for local development only; not a PAIMANA, CUF, OCMS, or government record.",synthetic-agency-0,2020-08-15T00:00:00+00:00
0177d286-aa09-541d-bfc6-7dfe516351d5,969a913f-8571-5886-878a-ea64b898dfb3,2020-09-01,254.52,167.41,63.13,2021-03-01,"Synthetic narrative for local development only; not a PAIMANA, CUF, OCMS, or government record.",synthetic-agency-0,2020-09-15T00:00:00+00:00
09ae2c8a-3565-5133-b7a2-ef5a67ed5d4f,969a913f-8571-5886-878a-ea64b898dfb3,2020-10-01,254.07,203.65,70.95,2021-03-01,"Synthetic narrative for local development only; not a PAIMANA, CUF, OCMS, or government record.",synthetic-agency-0,2020-10-15T00:00:00+00:00
fb0fc154-56fa-5619-b077-c160db5fbb87,969a913f-8571-5886-878a-ea64b898dfb3,2020-11-01,253.61,212.97,76.78,2021-03-01,"Synthetic narrative for local development only; not a PAIMANA, CUF, OCMS, or government record.",synthetic-agency-0,2020-11-15T00:00:00+00:00
1a5ec130-2dcf-5844-bbef-2199756e5407,969a913f-8571-5886-878a-ea64b898dfb3,2020-12-01,253.16,211.94,83.09,2021-03-01,"Synthetic narrative for local development only; not a PAIMANA, CUF, OCMS, or government record.",synthetic-agency-0,2020-12-15T00:00:00+00:00
152b2ff1-e0e6-5e11-948c-96dee05863fa,969a913f-8571-5886-878a-ea64b898dfb3,2021-01-01,252.70,242.94,90.52,2021-03-01,"Synthetic narrative for local development only; not a PAIMANA, CUF, OCMS, or government record.",synthetic-agency-0,2021-01-15T00:00:00+00:00
127c3d82-0b9e-5613-bb3c-3bfa2925196c,969a913f-8571-5886-878a-ea64b898dfb3,2021-02-01,252.24,223.73,91.24,2021-03-01,"Synthetic narrative for local development only; not a PAIMANA, CUF, OCMS, or government record.",synthetic-agency-0,2021-02-15T00:00:00+00:00
656b5bf7-22a6-5cdc-89c2-d3e86fa9134d,969a913f-8571-5886-878a-ea64b898dfb3,2021-03-01,251.79,281.02,99.69,2021-03-01,"Synthetic narrative for local development only; not a PAIMANA, CUF, OCMS, or government record.",synthetic-agency-0,2021-03-15T00:00:00+00:00
32d8d32e-ad20-5ca5-8b3a-3003264fec0e,70daf637-164c-5a84-8254-83134e6c075f,2019-12-01,180.18,28.49,3.87,2021-05-01,"Synthetic narrative for local development only; not a PAIMANA, CUF, OCMS, or government record.",synthetic-agency-1,2019-12-15T00:00:00+00:00
38622b79-f12b-518f-8c08-53907fe5deb3,70daf637-164c-5a84-8254-83134e6c075f,2020-01-01,180.36,27.00,11.06,2021-05-01,"Synthetic narrative for local development only; not a PAIMANA, CUF, OCMS, or government record.",synthetic-agency-1,2020-01-15T00:00:00+00:00
ade54dfb-05ae-5ede-bf82-f766bf7e1609,70daf637-164c-5a84-8254-83134e6c075f,2020-02-01,180.53,48.89,15.32,2021-05-01,"Synthetic narrative for local development only; not a PAIMANA, CUF, OCMS, or government record.",synthetic-agency-1,2020-02-15T00:00:00+00:00
22b66f08-22ae-5ff1-a70b-66dab144173f,70daf637-164c-5a84-8254-83134e6c075f,2020-03-01,180.71,45.10,21.29,2021-05-01,"Synthetic narrative for local development only; not a PAIMANA, CUF, OCMS, or government record.",synthetic-agency-1,2020-03-15T00:00:00+00:00
cf4ed1e4-acd8-5e95-ae86-66e15ed66475,70daf637-164c-5a84-8254-83134e6c075f,2020-04-01,180.89,44.63,31.48,2021-05-01,"Synthetic narrative for local development only; not a PAIMANA, CUF, OCMS, or government record.",synthetic-agency-1,2020-04-15T00:00:00+00:00
0b88d8ed-9ff5-53ec-a3b6-294f708a1e12,70daf637-164c-5a84-8254-83134e6c075f,2020-05-01,181.07,62.51,34.70,2021-05-01,"Synthetic narrative for local development only; not a PAIMANA, CUF, OCMS, or government record.",synthetic-agency-1,2020-05-15T00:00:00+00:00
6035c6a0-f9a9-5de1-a708-f88a816777a0,70daf637-164c-5a84-8254-83134e6c075f,2020-06-01,181.24,78.64,39.62,2021-05-01,"Synthetic narrative for local development only; not a PAIMANA, CUF, OCMS, or government record.",synthetic-agency-1,2020-06-15T00:00:00+00:00
38dbd1ef-d89a-5284-9d60-a56424f7b84b,70daf637-164c-5a84-8254-83134e6c075f,2020-07-01,181.42,72.18,47.39,2021-05-01,"Synthetic narrative for local development only; not a PAIMANA, CUF, OCMS, or government record.",synthetic-agency-1,2020-07-15T00:00:00+00:00
998fb971-110d-5b22-a25c-705ec188883f,70daf637-164c-5a84-8254-83134e6c075f,2020-08-01,181.60,88.79,52.46,2021-05-01,"Synthetic narrative for local development only; not a PAIMANA, CUF, OCMS, or government record.",synthetic-agency-1,2020-08-15T00:00:00+00:00
85478ed3-e78d-5a0b-a0c8-6ef0fd62b60b,70daf637-164c-5a84-8254-83134e6c075f,2020-09-01,181.78,117.27,53.26,2021-05-01,"Synthetic narrative for local development only; not a PAIMANA, CUF, OCMS, or government record.",synthetic-agency-1,2020-09-15T00:00:00+00:00
672228fd-a385-5ae0-836c-aae8883a6254,70daf637-164c-5a84-8254-83134e6c075f,2020-10-01,181.95,112.37,64.38,2021-05-01,"Synthetic narrative for local development only; not a PAIMANA, CUF, OCMS, or government record.",synthetic-agency-1,2020-10-15T00:00:00+00:00
b0f03bd3-1541-5da8-ab76-6e578519018e,70daf637-164c-5a84-8254-83134e6c075f,2020-11-01,182.13,119.02,68.68,2021-05-01,"Synthetic narrative for local development only; not a PAIMANA, CUF, OCMS, or government record.",synthetic-agency-1,2020-11-15T00:00:00+00:00
6a38cce4-8998-5eaa-b596-910cd99ad4a6,70daf637-164c-5a84-8254-83134e6c075f,2020-12-01,182.31,120.64,73.32,2021-05-01,"Synthetic narrative for local development only; not a PAIMANA, CUF, OCMS, or government record.",synthetic-agency-1,2020-12-15T00:00:00+00:00
7a1a90f4-9bb6-5b22-9534-d223866846fd,70daf637-164c-5a84-8254-83134e6c075f,2021-01-01,182.49,138.96,78.33,2021-05-01,"Synthetic narrative for local development only; not a PAIMANA, CUF, OCMS, or government record.",synthetic-agency-1,2021-01-15T00:00:00+00:00
6c784b60-22e1-55c1-885b-bc79cd2e31f2,70daf637-164c-5a84-8254-83134e6c075f,2021-02-01,182.66,164.03,83.11,2021-05-01,"Synthetic narrative for local development only; not a PAIMANA, CUF, OCMS, or government record.",synthetic-agency-1,2021-02-15T00:00:00+00:00
b9fe65e8-a9ec-51d7-932d-e37d3c10c921,70daf637-164c-5a84-8254-83134e6c075f,2021-03-01,182.84,174.81,86.56,2021-05-01,"Synthetic narrative for local development only; not a PAIMANA, CUF, OCMS, or government record.",synthetic-agency-1,2021-03-15T00:00:00+00:00
168d75ec-c19f-578b-8d92-d41d1b4e6a27,70daf637-164c-5a84-8254-83134e6c075f,2021-04-01,183.02,191.90,95.03,2021-05-01,"Synthetic narrative for local development only; not a PAIMANA, CUF, OCMS, or government record.",synthetic-agency-1,2021-04-15T00:00:00+00:00
ec24e6c5-65c8-53df-8a03-875cff5df681,70daf637-164c-5a84-8254-83134e6c075f,2021-05-01,183.20,174.44,97.13,2021-05-01,"Synthetic narrative for local development only; not a PAIMANA, CUF, OCMS, or government record.",synthetic-agency-1,2021-05-15T00:00:00+00:00
2a52ef7e-467d-52d4-aa9b-bb16da60c24c,cb7cd51c-0bf1-5adb-b7a2-86be9596d0b0,2020-02-01,3803.57,281.53,2.75,2021-07-01,"Synthetic narrative for local development only; not a PAIMANA, CUF, OCMS, or government record.",synthetic-agency-2,2020-02-15T00:00:00+00:00
c77e51bd-d414-56a2-a708-c69c68fe8047,cb7cd51c-0bf1-5adb-b7a2-86be9596d0b0,2020-03-01,3807.14,344.65,10.25,2021-07-01,"Synthetic narrative for local development only; not a PAIMANA, CUF, OCMS, or government record.",synthetic-agency-2,2020-03-15T00:00:00+00:00
35dfef4e-8e91-5a27-9dc4-a3f8ff09073a,cb7cd51c-0bf1-5adb-b7a2-86be9596d0b0,2020-04-01,3810.71,918.15,17.26,2021-07-01,"Synthetic narrative for local development only; not a PAIMANA, CUF, OCMS, or government record.",synthetic-agency-2,2020-04-15T00:00:00+00:00
8c5b9ed0-186a-5ec9-b950-dbbc09aba199,cb7cd51c-0bf1-5adb-b7a2-86be9596d0b0,2020-05-01,3814.28,665.03,19.05,2021-07-01,"Synthetic narrative for local development only; not a PAIMANA, CUF, OCMS, or government record.",synthetic-agency-2,2020-05-15T00:00:00+00:00
121ba461-0d5d-5499-b914-58ab81218064,cb7cd51c-0bf1-5adb-b7a2-86be9596d0b0,2020-06-01,3817.85,889.73,27.11,2021-07-01,"Synthetic narrative for local development only; not a PAIMANA, CUF, OCMS, or government record.",synthetic-agency-2,2020-06-15T00:00:00+00:00
201207df-3ed4-56dd-933c-ed5a2095c395,cb7cd51c-0bf1-5adb-b7a2-86be9596d0b0,2020-07-01,3821.42,1117.05,35.26,2021-07-01,"Synthetic narrative for local development only; not a PAIMANA, CUF, OCMS, or government record.",synthetic-agency-2,2020-07-15T00:00:00+00:00
af23aedd-345c-5a47-a57d-11582513fab8,cb7cd51c-0bf1-5adb-b7a2-86be9596d0b0,2020-08-01,3824.99,1106.62,35.09,2021-07-01,"Synthetic narrative for local development only; not a PAIMANA, CUF, OCMS, or government record.",synthetic-agency-2,2020-08-15T00:00:00+00:00
484c71ca-1230-5a02-abef-7c01fef71064,cb7cd51c-0bf1-5adb-b7a2-86be9596d0b0,2020-09-01,3828.56,1639.41,47.04,2021-07-01,"Synthetic narrative for local development only; not a PAIMANA, CUF, OCMS, or government record.",synthetic-agency-2,2020-09-15T00:00:00+00:00
902ddb44-c024-5aa2-93a7-b0fa95a915e6,cb7cd51c-0bf1-5adb-b7a2-86be9596d0b0,2020-10-01,3832.13,2301.69,51.02,2021-07-01,"Synthetic narrative for local development only; not a PAIMANA, CUF, OCMS, or government record.",synthetic-agency-2,2020-10-15T00:00:00+00:00
e81fe748-6f54-53c0-adb2-1bf26375fefb,cb7cd51c-0bf1-5adb-b7a2-86be9596d0b0,2020-11-01,3835.70,2205.00,58.85,2021-07-01,"Synthetic narrative for local development only; not a PAIMANA, CUF, OCMS, or government record.",synthetic-agency-2,2020-11-15T00:00:00+00:00
d7015503-8029-5f4d-8aae-2130f84d1832,cb7cd51c-0bf1-5adb-b7a2-86be9596d0b0,2020-12-01,3839.27,2564.55,58.08,2021-07-01,"Synthetic narrative for local development only; not a PAIMANA, CUF, OCMS, or government record.",synthetic-agency-2,2020-12-15T00:00:00+00:00
ac088ddc-3cb9-5ee4-b35e-86f524951f02,cb7cd51c-0bf1-5adb-b7a2-86be9596d0b0,2021-01-01,3842.84,2484.72,66.13,2021-07-01,"Synthetic narrative for local development only; not a PAIMANA, CUF, OCMS, or government record.",synthetic-agency-2,2021-01-15T00:00:00+00:00
2460e2d7-5d38-52b4-8642-d14cbdc04a1d,cb7cd51c-0bf1-5adb-b7a2-86be9596d0b0,2021-02-01,3846.40,2796.85,68.39,2021-07-01,"Synthetic narrative for local development only; not a PAIMANA, CUF, OCMS, or government record.",synthetic-agency-2,2021-02-15T00:00:00+00:00
679f591c-aed3-5646-889c-5dcf07dca679,cb7cd51c-0bf1-5adb-b7a2-86be9596d0b0,2021-03-01,3849.97,3539.84,81.48,2021-07-01,"Synthetic narrative for local development only; not a PAIMANA, CUF, OCMS, or government record.",synthetic-agency-2,2021-03-15T00:00:00+00:00
44e1ef7a-e60f-5f27-b95f-6f85827cbb11,cb7cd51c-0bf1-5adb-b7a2-86be9596d0b0,2021-04-01,3853.54,3276.48,80.35,2021-07-01,"Synthetic narrative for local development only; not a PAIMANA, CUF, OCMS, or government record.",synthetic-agency-2,2021-04-15T00:00:00+00:00
74d4e26d-bc33-5ec5-b726-ea5cc5e24bfc,cb7cd51c-0bf1-5adb-b7a2-86be9596d0b0,2021-05-01,3857.11,3563.28,90.64,2021-07-01,"Synthetic narrative for local development only; not a PAIMANA, CUF, OCMS, or government record.",synthetic-agency-2,2021-05-15T00:00:00+00:00
9fc62ae5-9f35-5dbf-88d6-9816fd8133ab,cb7cd51c-0bf1-5adb-b7a2-86be9596d0b0,2021-06-01,3860.68,4118.16,96.40,2021-07-01,"Synthetic narrative for local development only; not a PAIMANA, CUF, OCMS, or government record.",synthetic-agency-2,2021-06-15T00:00:00+00:00
ae474bc4-ce43-52af-b6f9-b5b4b106847e,cb7cd51c-0bf1-5adb-b7a2-86be9596d0b0,2021-07-01,3864.25,3571.66,99.12,2021-07-01,"Synthetic narrative for local development only; not a PAIMANA, CUF, OCMS, or government record.",synthetic-agency-2,2021-07-15T00:00:00+00:00
b04d1034-cf32-5ffd-b970-22bd9ca32c82,fde61600-2129-5f0f-b569-b526bd341330,2020-04-01,3818.14,623.73,4.48,2021-09-01,"Synthetic narrative for local development only; not a PAIMANA, CUF, OCMS, or government record.",synthetic-agency-3,2020-04-15T00:00:00+00:00
79331aaa-460e-5fd5-aeb9-0d0a86662803,fde61600-2129-5f0f-b569-b526bd341330,2020-05-01,3836.28,486.68,10.02,2021-09-01,"Synthetic narrative for local development only; not a PAIMANA, CUF, OCMS, or government record.",synthetic-agency-3,2020-05-15T00:00:00+00:00
97e47d01-dd24-547a-ad66-e9dd75405bfe,fde61600-2129-5f0f-b569-b526bd341330,2020-06-01,3854.42,662.24,20.64,2021-09-01,"Synthetic narrative for local development only; not a PAIMANA, CUF, OCMS, or government record.",synthetic-agency-3,2020-06-15T00:00:00+00:00
1b25562a-2aba-583e-a39c-cad639e073e3,fde61600-2129-5f0f-b569-b526bd341330,2020-07-01,3872.55,1032.27,23.29,2021-09-01,"Synthetic narrative for local development only; not a PAIMANA, CUF, OCMS, or government record.",synthetic-agency-3,2020-07-15T00:00:00+00:00
c0b8c3d1-9a9c-5916-9b8a-b9c526764ed1,fde61600-2129-5f0f-b569-b526bd341330,2020-08-01,3890.69,1137.40,27.27,2021-09-01,"Synthetic narrative for local development only; not a PAIMANA, CUF, OCMS, or government record.",synthetic-agency-3,2020-08-15T00:00:00+00:00
84c96772-a53b-51fd-99c7-993f7a2321c8,fde61600-2129-5f0f-b569-b526bd341330,2020-09-01,3908.83,1156.58,33.47,2021-09-01,"Synthetic narrative for local development only; not a PAIMANA, CUF, OCMS, or government record.",synthetic-agency-3,2020-09-15T00:00:00+00:00
028c3f25-0468-5e55-bc82-149409e42236,fde61600-2129-5f0f-b569-b526bd341330,2020-10-01,3926.97,1868.30,42.37,2021-09-01,"Synthetic narrative for local development only; not a PAIMANA, CUF, OCMS, or government record.",synthetic-agency-3,2020-10-15T00:00:00+00:00
d6d405e7-de33-5027-b119-7b23c1a3ffca,fde61600-2129-5f0f-b569-b526bd341330,2020-11-01,3945.11,1639.05,46.41,2021-09-01,"Synthetic narrative for local development only; not a PAIMANA, CUF, OCMS, or government record.",synthetic-agency-3,2020-11-15T00:00:00+00:00
718918a2-0227-59e0-ba18-f37fd5212f24,fde61600-2129-5f0f-b569-b526bd341330,2020-12-01,3963.25,1658.15,49.65,2021-09-01,"Synthetic narrative for local development only; not a PAIMANA, CUF, OCMS, or government record.",synthetic-agency-3,2020-12-15T00:00:00+00:00
1e10e33d-778c-5ab2-93e2-97a0ece90b38,fde61600-2129-5f0f-b569-b526bd341330,2021-01-01,3981.39,2068.82,59.34,2021-09-01,"Synthetic narrative for local development only; not a PAIMANA, CUF, OCMS, or government record.",synthetic-agency-3,2021-01-15T00:00:00+00:00
524b2ccf-86fd-5ab5-a7d3-ff2247e59a94,fde61600-2129-5f0f-b569-b526bd341330,2021-02-01,3999.53,2933.03,63.51,2021-09-01,"Synthetic narrative for local development only; not a PAIMANA, CUF, OCMS, or government record.",synthetic-agency-3,2021-02-15T00:00:00+00:00
cddfd1e2-359a-508d-80ce-66f950cafe79,fde61600-2129-5f0f-b569-b526bd341330,2021-03-01,4017.66,3129.21,69.02,2021-09-01,"Synthetic narrative for local development only; not a PAIMANA, CUF, OCMS, or government record.",synthetic-agency-3,2021-03-15T00:00:00+00:00
9478527d-7c4a-598f-b96e-814b3a685ae5,fde61600-2129-5f0f-b569-b526bd341330,2021-04-01,4035.80,3121.73,71.04,2021-09-01,"Synthetic narrative for local development only; not a PAIMANA, CUF, OCMS, or government record.",synthetic-agency-3,2021-04-15T00:00:00+00:00
6826bd98-4873-5cd3-8658-60bdcf04b552,fde61600-2129-5f0f-b569-b526bd341330,2021-05-01,4053.94,3295.80,77.69,2021-09-01,"Synthetic narrative for local development only; not a PAIMANA, CUF, OCMS, or government record.",synthetic-agency-3,2021-05-15T00:00:00+00:00
b3bcca3b-e77b-565c-9cfe-13f8c261bad0,fde61600-2129-5f0f-b569-b526bd341330,2021-06-01,4072.08,3390.81,83.77,2021-09-01,"Synthetic narrative for local development only; not a PAIMANA, CUF, OCMS, or government record.",synthetic-agency-3,2021-06-15T00:00:00+00:00
245f16a3-6c5b-5901-8cd2-a6d9fe91bc62,fde61600-2129-5f0f-b569-b526bd341330,2021-07-01,4090.22,3628.47,87.44,2021-09-01,"Synthetic narrative for local development only; not a PAIMANA, CUF, OCMS, or government record.",synthetic-agency-3,2021-07-15T00:00:00+00:00
71fd01d6-cb1e-5b3e-84d9-b17b80f3f0d4,fde61600-2129-5f0f-b569-b526bd341330,2021-08-01,4108.36,4080.26,98.20,2021-09-01,"Synthetic narrative for local development only; not a PAIMANA, CUF, OCMS, or government record.",synthetic-agency-3,2021-08-15T00:00:00+00:00
793ac0f9-5e27-55c9-8147-6230d1558495,fde61600-2129-5f0f-b569-b526bd341330,2021-09-01,4126.50,4187.06,100.00,2021-09-01,"Synthetic narrative for local development only; not a PAIMANA, CUF, OCMS, or government record.",synthetic-agency-3,2021-09-15T00:00:00+00:00
8f670f6a-5087-51c9-90a8-c3937cedab2f,82d97917-a273-507e-82b4-1572b74a9253,2020-06-01,767.54,82.37,7.37,2021-11-01,"Synthetic narrative for local development only; not a PAIMANA, CUF, OCMS, or government record.",synthetic-agency-4,2020-06-15T00:00:00+00:00
17dda874-e5d3-5c02-a2b4-22e69c029769,82d97917-a273-507e-82b4-1572b74a9253,2020-07-01,775.07,28.57,7.24,2021-11-01,"Synthetic narrative for local development only; not a PAIMANA, CUF, OCMS, or government record.",synthetic-agency-4,2020-07-15T00:00:00+00:00
adc2e845-b60c-5fd4-920c-310141ed709e,82d97917-a273-507e-82b4-1572b74a9253,2020-08-01,782.61,100.21,19.09,2021-11-01,"Synthetic narrative for local development only; not a PAIMANA, CUF, OCMS, or government record.",synthetic-agency-4,2020-08-15T00:00:00+00:00
93ebc073-6d88-59ef-ad0d-dadcb7a3ebf5,82d97917-a273-507e-82b4-1572b74a9253,2020-09-01,790.15,167.08,20.88,2021-11-01,"Synthetic narrative for local development only; not a PAIMANA, CUF, OCMS, or government record.",synthetic-agency-4,2020-09-15T00:00:00+00:00
83cd7215-9613-5790-b73a-dfa44b423afc,82d97917-a273-507e-82b4-1572b74a9253,2020-10-01,797.68,293.43,29.29,2021-11-01,"Synthetic narrative for local development only; not a PAIMANA, CUF, OCMS, or government record.",synthetic-agency-4,2020-10-15T00:00:00+00:00
cfa4c697-aa80-5ee8-a790-d1fd07677ae4,82d97917-a273-507e-82b4-1572b74a9253,2020-11-01,805.22,244.84,32.46,2021-11-01,"Synthetic narrative for local development only; not a PAIMANA, CUF, OCMS, or government record.",synthetic-agency-4,2020-11-15T00:00:00+00:00
666fbd25-f193-5c8d-9f64-8bef5226af8d,82d97917-a273-507e-82b4-1572b74a9253,2020-12-01,812.76,398.33,39.59,2021-11-01,"Synthetic narrative for local development only; not a PAIMANA, CUF, OCMS, or government record.",synthetic-agency-4,2020-12-15T00:00:00+00:00
b2fe1037-c725-5da9-9aa6-13d521221441,82d97917-a273-507e-82b4-1572b74a9253,2021-01-01,820.29,297.53,42.20,2021-11-01,"Synthetic narrative for local development only; not a PAIMANA, CUF, OCMS, or government record.",synthetic-agency-4,2021-01-15T00:00:00+00:00
ecee1b1d-458a-5cb3-8c55-b716d944db77,82d97917-a273-507e-82b4-1572b74a9253,2021-02-01,827.83,470.39,46.36,2021-11-01,"Synthetic narrative for local development only; not a PAIMANA, CUF, OCMS, or government record.",synthetic-agency-4,2021-02-15T00:00:00+00:00
87cbb89c-fc9a-5e0c-91db-c3330a2a93fd,82d97917-a273-507e-82b4-1572b74a9253,2021-03-01,835.36,422.46,55.61,2021-11-01,"Synthetic narrative for local development only; not a PAIMANA, CUF, OCMS, or government record.",synthetic-agency-4,2021-03-15T00:00:00+00:00
e83d6244-cd6f-5c5a-b5d8-2302ca8ffa82,82d97917-a273-507e-82b4-1572b74a9253,2021-04-01,842.90,645.61,65.11,2021-11-01,"Synthetic narrative for local development only; not a PAIMANA, CUF, OCMS, or government record.",synthetic-agency-4,2021-04-15T00:00:00+00:00
39506ee0-28a0-5751-8931-0b45fde4ad30,82d97917-a273-507e-82b4-1572b74a9253,2021-05-01,850.44,582.39,70.20,2021-11-01,"Synthetic narrative for local development only; not a PAIMANA, CUF, OCMS, or government record.",synthetic-agency-4,2021-05-15T00:00:00+00:00
061d5d28-3e49-5123-8c3d-22d421cd5680,82d97917-a273-507e-82b4-1572b74a9253,2021-06-01,857.97,674.32,68.25,2021-11-01,"Synthetic narrative for local development only; not a PAIMANA, CUF, OCMS, or government record.",synthetic-agency-4,2021-06-15T00:00:00+00:00
77c3a4db-c5cf-5870-bf6e-d528125ac6f9,82d97917-a273-507e-82b4-1572b74a9253,2021-07-01,865.51,654.11,74.59,2021-11-01,"Synthetic narrative for local development only; not a PAIMANA, CUF, OCMS, or government record.",synthetic-agency-4,2021-07-15T00:00:00+00:00
73f22559-8929-54ae-8c4c-a156b928d1a2,82d97917-a273-507e-82b4-1572b74a9253,2021-08-01,873.05,828.11,83.38,2021-11-01,"Synthetic narrative for local development only; not a PAIMANA, CUF, OCMS, or government record.",synthetic-agency-4,2021-08-15T00:00:00+00:00
e3ba9e70-5594-5e25-ba5d-4ffd05433978,82d97917-a273-507e-82b4-1572b74a9253,2021-09-01,880.58,862.64,88.84,2021-11-01,"Synthetic narrative for local development only; not a PAIMANA, CUF, OCMS, or government record.",synthetic-agency-4,2021-09-15T00:00:00+00:00
7763a429-ecb5-5f7e-a1fb-98bb3231d9c6,82d97917-a273-507e-82b4-1572b74a9253,2021-10-01,888.12,786.10,96.17,2021-11-01,"Synthetic narrative for local development only; not a PAIMANA, CUF, OCMS, or government record.",synthetic-agency-4,2021-10-15T00:00:00+00:00
14956724-3ef5-5cc6-89f7-8ceda11571fd,82d97917-a273-507e-82b4-1572b74a9253,2021-11-01,895.66,871.08,100.00,2021-11-01,"Synthetic narrative for local development only; not a PAIMANA, CUF, OCMS, or government record.",synthetic-agency-4,2021-11-15T00:00:00+00:00
bcc235f2-21c4-5ff0-91e9-ae576616f0b4,47150dae-87f3-511e-926f-8b59512e2266,2020-08-01,420.60,0.53,2.07,2022-01-01,"Synthetic narrative for local development only; not a PAIMANA, CUF, OCMS, or government record.",synthetic-agency-0,2020-08-15T00:00:00+00:00
266ceacb-a36e-5072-b262-0615e02485cc,47150dae-87f3-511e-926f-8b59512e2266,2020-09-01,421.19,59.40,7.77,2022-01-01,"Synthetic narrative for local development only; not a PAIMANA, CUF, OCMS, or government record.",synthetic-agency-0,2020-09-15T00:00:00+00:00
a82d4d02-8cf7-583a-9410-fdf68b296515,47150dae-87f3-511e-926f-8b59512e2266,2020-10-01,421.79,108.77,18.34,2022-01-01,"Synthetic narrative for local development only; not a PAIMANA, CUF, OCMS, or government record.",synthetic-agency-0,2020-10-15T00:00:00+00:00
3f26079d-3f71-5a8b-a32b-28e8afdc44fb,47150dae-87f3-511e-926f-8b59512e2266,2020-11-01,422.39,87.08,23.00,2022-01-01,"Synthetic narrative for local development only; not a PAIMANA, CUF, OCMS, or government record.",synthetic-agency-0,2020-11-15T00:00:00+00:00
351ac261-92f0-5764-8166-24f11ded56de,47150dae-87f3-511e-926f-8b59512e2266,2020-12-01,422.98,98.83,27.36,2022-01-01,"Synthetic narrative for local development only; not a PAIMANA, CUF, OCMS, or government record.",synthetic-agency-0,2020-12-15T00:00:00+00:00
cea4e391-9b51-5c9a-96c2-452f659adacb,47150dae-87f3-511e-926f-8b59512e2266,2021-01-01,423.58,162.13,35.02,2022-01-01,"Synthetic narrative for local development only; not a PAIMANA, CUF, OCMS, or government record.",synthetic-agency-0,2021-01-15T00:00:00+00:00
1ebb37ce-14a9-5abf-a779-991797ea9371,47150dae-87f3-511e-926f-8b59512e2266,2021-02-01,424.18,190.40,37.86,2022-01-01,"Synthetic narrative for local development only; not a PAIMANA, CUF, OCMS, or government record.",synthetic-agency-0,2021-02-15T00:00:00+00:00
8edfbe81-1ca9-554a-ac52-b231fa7288d1,47150dae-87f3-511e-926f-8b59512e2266,2021-03-01,424.77,185.96,45.91,2022-01-01,"Synthetic narrative for local development only; not a PAIMANA, CUF, OCMS, or government record.",synthetic-agency-0,2021-03-15T00:00:00+00:00
f29d3991-94f7-590a-96f0-1d4525916411,47150dae-87f3-511e-926f-8b59512e2266,2021-04-01,425.37,246.55,51.87,2022-01-01,"Synthetic narrative for local development only; not a PAIMANA, CUF, OCMS, or government record.",synthetic-agency-0,2021-04-15T00:00:00+00:00
36b9b9f5-da87-5856-ab49-7bfc6de68710,47150dae-87f3-511e-926f-8b59512e2266,2021-05-01,425.96,222.02,53.10,2022-01-01,"Synthetic narrative for local development only; not a PAIMANA, CUF, OCMS, or government record.",synthetic-agency-0,2021-05-15T00:00:00+00:00
d47c7ea7-1388-57f2-a0f9-b744a9c8f1dc,47150dae-87f3-511e-926f-8b59512e2266,2021-06-01,426.56,266.80,59.60,2022-01-01,"Synthetic narrative for local development only; not a PAIMANA, CUF, OCMS, or government record.",synthetic-agency-0,2021-06-15T00:00:00+00:00
76a00f46-02ff-5b40-a9d4-9a504625c4a0,47150dae-87f3-511e-926f-8b59512e2266,2021-07-01,427.16,296.10,68.69,2022-01-01,"Synthetic narrative for local development only; not a PAIMANA, CUF, OCMS, or government record.",synthetic-agency-0,2021-07-15T00:00:00+00:00
58e89630-f92a-5b2a-ba64-76f462ac24bb,47150dae-87f3-511e-926f-8b59512e2266,2021-08-01,427.75,346.38,70.26,2022-01-01,"Synthetic narrative for local development only; not a PAIMANA, CUF, OCMS, or government record.",synthetic-agency-0,2021-08-15T00:00:00+00:00
60d273b1-8bda-5ded-9c81-ca8af3d1b2d6,47150dae-87f3-511e-926f-8b59512e2266,2021-09-01,428.35,319.58,77.90,2022-01-01,"Synthetic narrative for local development only; not a PAIMANA, CUF, OCMS, or government record.",synthetic-agency-0,2021-09-15T00:00:00+00:00
b7877cdb-6d92-58ca-86e5-1cc2b5647efe,47150dae-87f3-511e-926f-8b59512e2266,2021-10-01,428.95,344.32,85.11,2022-01-01,"Synthetic narrative for local development only; not a PAIMANA, CUF, OCMS, or government record.",synthetic-agency-0,2021-10-15T00:00:00+00:00
e2c3f483-5511-5604-a56b-90c107ae84fd,47150dae-87f3-511e-926f-8b59512e2266,2021-11-01,429.54,370.62,89.64,2022-01-01,"Synthetic narrative for local development only; not a PAIMANA, CUF, OCMS, or government record.",synthetic-agency-0,2021-11-15T00:00:00+00:00
8e34b39c-42e0-5559-8925-6209150e543b,47150dae-87f3-511e-926f-8b59512e2266,2021-12-01,430.14,429.23,92.82,2022-01-01,"Synthetic narrative for local development only; not a PAIMANA, CUF, OCMS, or government record.",synthetic-agency-0,2021-12-15T00:00:00+00:00
bc53a926-eb16-56e2-ad6a-e1c5b28ceab4,47150dae-87f3-511e-926f-8b59512e2266,2022-01-01,430.74,458.30,98.08,2022-01-01,"Synthetic narrative for local development only; not a PAIMANA, CUF, OCMS, or government record.",synthetic-agency-0,2022-01-15T00:00:00+00:00
168211db-3095-5503-b41e-84ace4117b96,fcbb5921-5759-58e3-9447-6c3319b2ce8f,2020-10-01,758.50,150.05,7.93,2022-03-01,"Synthetic narrative for local development only; not a PAIMANA, CUF, OCMS, or government record.",synthetic-agency-1,2020-10-15T00:00:00+00:00
9bdf4968-f3ab-5d5f-96d0-ccdac7593555,fcbb5921-5759-58e3-9447-6c3319b2ce8f,2020-11-01,756.99,50.10,9.36,2022-03-01,"Synthetic narrative for local development only; not a PAIMANA, CUF, OCMS, or government record.",synthetic-agency-1,2020-11-15T00:00:00+00:00
c2bcbbec-8002-5609-a05c-3f6ec1fba35f,fcbb5921-5759-58e3-9447-6c3319b2ce8f,2020-12-01,755.49,193.88,13.97,2022-03-01,"Synthetic narrative for local development only; not a PAIMANA, CUF, OCMS, or government record.",synthetic-agency-1,2020-12-15T00:00:00+00:00
81f5a08f-ca26-5415-ab27-b0c9e2d92e1b,fcbb5921-5759-58e3-9447-6c3319b2ce8f,2021-01-01,753.99,137.47,20.20,2022-03-01,"Synthetic narrative for local development only; not a PAIMANA, CUF, OCMS, or government record.",synthetic-agency-1,2021-01-15T00:00:00+00:00
47099ebf-912a-5ff5-a606-5ce2947db5e4,fcbb5921-5759-58e3-9447-6c3319b2ce8f,2021-02-01,752.48,307.17,31.05,2022-03-01,"Synthetic narrative for local development only; not a PAIMANA, CUF, OCMS, or government record.",synthetic-agency-1,2021-02-15T00:00:00+00:00
81e6288f-8e04-5d69-977a-c10d1ef9f5cf,fcbb5921-5759-58e3-9447-6c3319b2ce8f,2021-03-01,750.98,273.28,32.20,2022-03-01,"Synthetic narrative for local development only; not a PAIMANA, CUF, OCMS, or government record.",synthetic-agency-1,2021-03-15T00:00:00+00:00
909acee5-11d7-54ec-849a-7b1b0013b590,fcbb5921-5759-58e3-9447-6c3319b2ce8f,2021-04-01,749.48,291.67,40.86,2022-03-01,"Synthetic narrative for local development only; not a PAIMANA, CUF, OCMS, or government record.",synthetic-agency-1,2021-04-15T00:00:00+00:00
27c98e8a-e4ec-5492-ad29-7eec9c08dadc,fcbb5921-5759-58e3-9447-6c3319b2ce8f,2021-05-01,747.97,349.94,40.88,2022-03-01,"Synthetic narrative for local development only; not a PAIMANA, CUF, OCMS, or government record.",synthetic-agency-1,2021-05-15T00:00:00+00:00
a30a3c77-9a28-5ebf-9a2b-bd77fe391ecc,fcbb5921-5759-58e3-9447-6c3319b2ce8f,2021-06-01,746.47,431.78,49.92,2022-03-01,"Synthetic narrative for local development only; not a PAIMANA, CUF, OCMS, or government record.",synthetic-agency-1,2021-06-15T00:00:00+00:00
bcad960c-eb19-5e5e-8e86-c4b31fc2fb71,fcbb5921-5759-58e3-9447-6c3319b2ce8f,2021-07-01,744.96,373.99,53.74,2022-03-01,"Synthetic narrative for local development only; not a PAIMANA, CUF, OCMS, or government record.",synthetic-agency-1,2021-07-15T00:00:00+00:00
c400e14f-efd7-558f-8fe5-b1b1c24256c6,fcbb5921-5759-58e3-9447-6c3319b2ce8f,2021-08-01,743.46,508.45,60.95,2022-03-01,"Synthetic narrative for local development only; not a PAIMANA, CUF, OCMS, or government record.",synthetic-agency-1,2021-08-15T00:00:00+00:00
d7ae501a-cf1b-554c-8e52-631ee5a1c9c4,fcbb5921-5759-58e3-9447-6c3319b2ce8f,2021-09-01,741.96,567.60,68.78,2022-03-01,"Synthetic narrative for local development only; not a PAIMANA, CUF, OCMS, or government record.",synthetic-agency-1,2021-09-15T00:00:00+00:00
66df1948-8180-5630-a674-bd5d7b4997f8,fcbb5921-5759-58e3-9447-6c3319b2ce8f,2021-10-01,740.45,520.21,70.24,2022-03-01,"Synthetic narrative for local development only; not a PAIMANA, CUF, OCMS, or government record.",synthetic-agency-1,2021-10-15T00:00:00+00:00
10dbdde5-cade-5d6e-b73e-4af81856183a,fcbb5921-5759-58e3-9447-6c3319b2ce8f,2021-11-01,738.95,600.70,74.90,2022-03-01,"Synthetic narrative for local development only; not a PAIMANA, CUF, OCMS, or government record.",synthetic-agency-1,2021-11-15T00:00:00+00:00
09c5a9ac-8263-57d2-bf11-5920d244b438,fcbb5921-5759-58e3-9447-6c3319b2ce8f,2021-12-01,737.45,647.69,83.74,2022-03-01,"Synthetic narrative for local development only; not a PAIMANA, CUF, OCMS, or government record.",synthetic-agency-1,2021-12-15T00:00:00+00:00
8bb61615-d3ee-588f-bd8e-915e3ddf5ec1,fcbb5921-5759-58e3-9447-6c3319b2ce8f,2022-01-01,735.94,659.69,90.79,2022-03-01,"Synthetic narrative for local development only; not a PAIMANA, CUF, OCMS, or government record.",synthetic-agency-1,2022-01-15T00:00:00+00:00
5e96b330-f389-59cb-a3a9-88c636c5a7dd,fcbb5921-5759-58e3-9447-6c3319b2ce8f,2022-02-01,734.44,683.02,91.75,2022-03-01,"Synthetic narrative for local development only; not a PAIMANA, CUF, OCMS, or government record.",synthetic-agency-1,2022-02-15T00:00:00+00:00
df2050e1-d0f9-57a1-9578-18b1780cff77,fcbb5921-5759-58e3-9447-6c3319b2ce8f,2022-03-01,732.94,683.76,100.00,2022-03-01,"Synthetic narrative for local development only; not a PAIMANA, CUF, OCMS, or government record.",synthetic-agency-1,2022-03-15T00:00:00+00:00
50abf5e7-993f-539a-a9b2-dde1dc7e832d,ff99a7db-85af-5936-8c11-1f3d920516ef,2020-12-01,422.63,35.67,3.14,2022-05-01,"Synthetic narrative for local development only; not a PAIMANA, CUF, OCMS, or government record.",synthetic-agency-2,2020-12-15T00:00:00+00:00
43db8973-02ba-5259-9108-1e16c69a5d40,ff99a7db-85af-5936-8c11-1f3d920516ef,2021-01-01,425.26,75.71,11.04,2022-05-01,"Synthetic narrative for local development only; not a PAIMANA, CUF, OCMS, or government record.",synthetic-agency-2,2021-01-15T00:00:00+00:00
8ea31e6f-b66e-5d5d-a9e2-2e9b7296e87d,ff99a7db-85af-5936-8c11-1f3d920516ef,2021-02-01,427.90,87.43,16.33,2022-05-01,"Synthetic narrative for local development only; not a PAIMANA, CUF, OCMS, or government record.",synthetic-agency-2,2021-02-15T00:00:00+00:00
ba8341ab-77bc-517b-9d45-c0f86ecc7605,ff99a7db-85af-5936-8c11-1f3d920516ef,2021-03-01,430.53,136.85,20.47,2022-05-01,"Synthetic narrative for local development only; not a PAIMANA, CUF, OCMS, or government record.",synthetic-agency-2,2021-03-15T00:00:00+00:00
8e2e5ec7-33d0-5c0d-9348-4deac1176257,ff99a7db-85af-5936-8c11-1f3d920516ef,2021-04-01,433.16,102.38,31.17,2022-05-01,"Synthetic narrative for local development only; not a PAIMANA, CUF, OCMS, or government record.",synthetic-agency-2,2021-04-15T00:00:00+00:00
f0299c9c-2a55-5981-963d-5dbc5d996391,ff99a7db-85af-5936-8c11-1f3d920516ef,2021-05-01,435.79,117.58,32.00,2022-05-01,"Synthetic narrative for local development only; not a PAIMANA, CUF, OCMS, or government record.",synthetic-agency-2,2021-05-15T00:00:00+00:00
408d06d0-3f2c-568a-b0a3-785b92ad3ea7,ff99a7db-85af-5936-8c11-1f3d920516ef,2021-06-01,438.43,169.41,37.70,2022-05-01,"Synthetic narrative for local development only; not a PAIMANA, CUF, OCMS, or government record.",synthetic-agency-2,2021-06-15T00:00:00+00:00
b21cbe7e-25c3-53fe-b60c-41b2bb2aad9f,ff99a7db-85af-5936-8c11-1f3d920516ef,2021-07-01,441.06,226.71,45.17,2022-05-01,"Synthetic narrative for local development only; not a PAIMANA, CUF, OCMS, or government record.",synthetic-agency-2,2021-07-15T00:00:00+00:00
432e61e3-207f-5c12-a709-b92fd4cb5a37,ff99a7db-85af-5936-8c11-1f3d920516ef,2021-08-01,443.69,253.99,50.33,2022-05-01,"Synthetic narrative for local development only; not a PAIMANA, CUF, OCMS, or government record.",synthetic-agency-2,2021-08-15T00:00:00+00:00
c34ebe47-3c63-5cc8-adbb-050185f0ce21,ff99a7db-85af-5936-8c11-1f3d920516ef,2021-09-01,446.32,259.67,54.00,2022-05-01,"Synthetic narrative for local development only; not a PAIMANA, CUF, OCMS, or government record.",synthetic-agency-2,2021-09-15T00:00:00+00:00
7a32707f-febf-5d83-92d2-13579ccd0c9c,ff99a7db-85af-5936-8c11-1f3d920516ef,2021-10-01,448.96,282.48,64.02,2022-05-01,"Synthetic narrative for local development only; not a PAIMANA, CUF, OCMS, or government record.",synthetic-agency-2,2021-10-15T00:00:00+00:00
0ee83c8e-b314-5464-9ac6-416ab1513ac7,ff99a7db-85af-5936-8c11-1f3d920516ef,2021-11-01,451.59,323.83,67.37,2022-05-01,"Synthetic narrative for local development only; not a PAIMANA, CUF, OCMS, or government record.",synthetic-agency-2,2021-11-15T00:00:00+00:00
d375b6a7-ecd3-5663-a837-e3fa69de226d,ff99a7db-85af-5936-8c11-1f3d920516ef,2021-12-01,454.22,351.21,69.65,2022-05-01,"Synthetic narrative for local development only; not a PAIMANA, CUF, OCMS, or government record.",synthetic-agency-2,2021-12-15T00:00:00+00:00
b783845c-7bab-5b7b-a81e-ac31b13f70a4,ff99a7db-85af-5936-8c11-1f3d920516ef,2022-01-01,456.85,415.80,81.27,2022-05-01,"Synthetic narrative for local development only; not a PAIMANA, CUF, OCMS, or government record.",synthetic-agency-2,2022-01-15T00:00:00+00:00
ca519e85-cb57-5cb1-b680-fa149a54f24e,ff99a7db-85af-5936-8c11-1f3d920516ef,2022-02-01,459.49,397.94,80.30,2022-05-01,"Synthetic narrative for local development only; not a PAIMANA, CUF, OCMS, or government record.",synthetic-agency-2,2022-02-15T00:00:00+00:00
d797e5f8-e061-579c-a076-cc75178c395d,ff99a7db-85af-5936-8c11-1f3d920516ef,2022-03-01,462.12,412.21,90.93,2022-05-01,"Synthetic narrative for local development only; not a PAIMANA, CUF, OCMS, or government record.",synthetic-agency-2,2022-03-15T00:00:00+00:00
b1beb39c-b784-5ddb-bdbe-294829f95f4a,ff99a7db-85af-5936-8c11-1f3d920516ef,2022-04-01,464.75,440.59,94.22,2022-05-01,"Synthetic narrative for local development only; not a PAIMANA, CUF, OCMS, or government record.",synthetic-agency-2,2022-04-15T00:00:00+00:00
e4f17f15-1102-5f43-a646-7244c6f6416b,ff99a7db-85af-5936-8c11-1f3d920516ef,2022-05-01,467.38,440.43,100.00,2022-05-01,"Synthetic narrative for local development only; not a PAIMANA, CUF, OCMS, or government record.",synthetic-agency-2,2022-05-15T00:00:00+00:00
88ced4a3-aac1-5fc7-9919-ee8d55564fd2,7b204e98-a68b-58bb-8090-65b2f142dbf0,2021-02-01,1366.24,67.72,5.13,2022-07-01,"Synthetic narrative for local development only; not a PAIMANA, CUF, OCMS, or government record.",synthetic-agency-3,2021-02-15T00:00:00+00:00
ec84a6ad-15f3-5e1d-8149-4bf6761b7828,7b204e98-a68b-58bb-8090-65b2f142dbf0,2021-03-01,1382.49,195.79,15.06,2022-07-01,"Synthetic narrative for local development only; not a PAIMANA, CUF, OCMS, or government record.",synthetic-agency-3,2021-03-15T00:00:00+00:00
e5d442b7-fd01-51be-9abb-0c6e01431fd8,7b204e98-a68b-58bb-8090-65b2f142dbf0,2021-04-01,1398.73,440.71,20.27,2022-07-01,"Synthetic narrative for local development only; not a PAIMANA, CUF, OCMS, or government record.",synthetic-agency-3,2021-04-15T00:00:00+00:00
242c7bc6-d108-56d4-9ff9-b472ea461efa,7b204e98-a68b-58bb-8090-65b2f142dbf0,2021-05-01,1414.98,402.94,23.44,2022-07-01,"Synthetic narrative for local development only; not a PAIMANA, CUF, OCMS, or government record.",synthetic-agency-3,2021-05-15T00:00:00+00:00
b2ccfcb3-cef0-50bf-bfe2-3605c44740be,7b204e98-a68b-58bb-8090-65b2f142dbf0,2021-06-01,1431.22,442.67,29.15,2022-07-01,"Synthetic narrative for local development only; not a PAIMANA, CUF, OCMS, or government record.",synthetic-agency-3,2021-06-15T00:00:00+00:00
a3593d16-7c5f-5a86-9bae-d13d1af6ff8e,7b204e98-a68b-58bb-8090-65b2f142dbf0,2021-07-01,1447.46,518.72,29.43,2022-07-01,"Synthetic narrative for local development only; not a PAIMANA, CUF, OCMS, or government record.",synthetic-agency-3,2021-07-15T00:00:00+00:00
ec70b753-033d-5042-af7e-f724fbf19010,7b204e98-a68b-58bb-8090-65b2f142dbf0,2021-08-01,1463.71,510.91,36.00,2022-07-01,"Synthetic narrative for local development only; not a PAIMANA, CUF, OCMS, or government record.",synthetic-agency-3,2021-08-15T00:00:00+00:00
0571195c-d88c-5b3f-9274-ab80d0950ce9,7b204e98-a68b-58bb-8090-65b2f142dbf0,2021-09-01,1479.95,782.06,47.31,2022-07-01,"Synthetic narrative for local development only; not a PAIMANA, CUF, OCMS, or government record.",synthetic-agency-3,2021-09-15T00:00:00+00:00
9dff4c47-f64e-5fb6-a82e-167bd56fdc1c,7b204e98-a68b-58bb-8090-65b2f142dbf0,2021-10-01,1496.20,879.35,52.79,2022-07-01,"Synthetic narrative for local development only; not a PAIMANA, CUF, OCMS, or government record.",synthetic-agency-3,2021-10-15T00:00:00+00:00
5bbcf120-09fe-54b4-ad3a-a5d188b6f3f4,7b204e98-a68b-58bb-8090-65b2f142dbf0,2021-11-01,1512.44,817.86,55.38,2022-07-01,"Synthetic narrative for local development only; not a PAIMANA, CUF, OCMS, or government record.",synthetic-agency-3,2021-11-15T00:00:00+00:00
b62dc37f-70df-5b38-9545-51d4a4cb9740,7b204e98-a68b-58bb-8090-65b2f142dbf0,2021-12-01,1528.68,1024.44,62.98,2022-07-01,"Synthetic narrative for local development only; not a PAIMANA, CUF, OCMS, or government record.",synthetic-agency-3,2021-12-15T00:00:00+00:00
179d1b29-2eb8-5c32-b371-29cf4f0da0bc,7b204e98-a68b-58bb-8090-65b2f142dbf0,2022-01-01,1544.93,1014.20,66.35,2022-07-01,"Synthetic narrative for local development only; not a PAIMANA, CUF, OCMS, or government record.",synthetic-agency-3,2022-01-15T00:00:00+00:00
d3d24f00-c124-5e7a-9d95-18f2f7115885,7b204e98-a68b-58bb-8090-65b2f142dbf0,2022-02-01,1561.17,1163.74,76.13,2022-07-01,"Synthetic narrative for local development only; not a PAIMANA, CUF, OCMS, or government record.",synthetic-agency-3,2022-02-15T00:00:00+00:00
90898fcb-cebc-58f3-a75b-c6d81327de0f,7b204e98-a68b-58bb-8090-65b2f142dbf0,2022-03-01,1577.41,1289.32,79.92,2022-07-01,"Synthetic narrative for local development only; not a PAIMANA, CUF, OCMS, or government record.",synthetic-agency-3,2022-03-15T00:00:00+00:00
ba283f85-66bf-5cea-8eee-5dff8faedaba,7b204e98-a68b-58bb-8090-65b2f142dbf0,2022-04-01,1593.66,1493.05,82.92,2022-07-01,"Synthetic narrative for local development only; not a PAIMANA, CUF, OCMS, or government record.",synthetic-agency-3,2022-04-15T00:00:00+00:00
5f07f4fb-3b47-50b3-b6ea-8a5ca87fefbc,7b204e98-a68b-58bb-8090-65b2f142dbf0,2022-05-01,1609.90,1566.26,88.45,2022-07-01,"Synthetic narrative for local development only; not a PAIMANA, CUF, OCMS, or government record.",synthetic-agency-3,2022-05-15T00:00:00+00:00
32833c17-0926-56a6-9035-90c800dcb7a0,7b204e98-a68b-58bb-8090-65b2f142dbf0,2022-06-01,1626.15,1597.06,90.58,2022-07-01,"Synthetic narrative for local development only; not a PAIMANA, CUF, OCMS, or government record.",synthetic-agency-3,2022-06-15T00:00:00+00:00
3f96553e-32a8-5bc9-b1dd-1f344ce26063,7b204e98-a68b-58bb-8090-65b2f142dbf0,2022-07-01,1642.39,1560.40,100.00,2022-07-01,"Synthetic narrative for local development only; not a PAIMANA, CUF, OCMS, or government record.",synthetic-agency-3,2022-07-15T00:00:00+00:00
2c6c3d73-3e94-520a-a3ea-258ab7fa8951,53599431-c7e0-5456-b9e5-3be68614c4ed,2021-04-01,182.05,0.00,1.82,2022-09-01,"Synthetic narrative for local development only; not a PAIMANA, CUF, OCMS, or government record.",synthetic-agency-4,2021-04-15T00:00:00+00:00
8e34f9e8-bec5-503d-bf93-957de211e5e8,53599431-c7e0-5456-b9e5-3be68614c4ed,2021-05-01,184.09,29.43,13.98,2022-09-01,"Synthetic narrative for local development only; not a PAIMANA, CUF, OCMS, or government record.",synthetic-agency-4,2021-05-15T00:00:00+00:00
65db5b14-0de2-54f8-80e6-4bec14308ae1,53599431-c7e0-5456-b9e5-3be68614c4ed,2021-06-01,186.14,46.47,13.01,2022-09-01,"Synthetic narrative for local development only; not a PAIMANA, CUF, OCMS, or government record.",synthetic-agency-4,2021-06-15T00:00:00+00:00
1ef7a910-2005-5da3-bd34-b17713449f13,53599431-c7e0-5456-b9e5-3be68614c4ed,2021-07-01,188.19,42.62,22.40,2022-09-01,"Synthetic narrative for local development only; not a PAIMANA, CUF, OCMS, or government record.",synthetic-agency-4,2021-07-15T00:00:00+00:00
742c2a74-a7f8-514f-aef9-1b8b2d2131ec,53599431-c7e0-5456-b9e5-3be68614c4ed,2021-08-01,190.23,35.35,23.94,2022-09-01,"Synthetic narrative for local development only; not a PAIMANA, CUF, OCMS, or government record.",synthetic-agency-4,2021-08-15T00:00:00+00:00
b2c0d8af-e92a-5f02-875d-bfcf9df9bdfb,53599431-c7e0-5456-b9e5-3be68614c4ed,2021-09-01,192.28,81.98,37.08,2022-09-01,"Synthetic narrative for local development only; not a PAIMANA, CUF, OCMS, or government record.",synthetic-agency-4,2021-09-15T00:00:00+00:00
f816f604-a764-5670-bf18-4143276eafcf,53599431-c7e0-5456-b9e5-3be68614c4ed,2021-10-01,194.33,83.53,42.65,2022-09-01,"Synthetic narrative for local development only; not a PAIMANA, CUF, OCMS, or government record.",synthetic-agency-4,2021-10-15T00:00:00+00:00
936f5e26-0bd7-5b4b-9952-bcf483c75890,53599431-c7e0-5456-b9e5-3be68614c4ed,2021-11-01,196.37,72.83,42.10,2022-09-01,"Synthetic narrative for local development only; not a PAIMANA, CUF, OCMS, or government record.",synthetic-agency-4,2021-11-15T00:00:00+00:00
c895528a-1411-5b35-8f20-95ddf2ab53ab,53599431-c7e0-5456-b9e5-3be68614c4ed,2021-12-01,198.42,113.00,50.28,2022-09-01,"Synthetic narrative for local development only; not a PAIMANA, CUF, OCMS, or government record.",synthetic-agency-4,2021-12-15T00:00:00+00:00
4b2ef3fb-0cc0-54bf-b29d-123789a0db55,53599431-c7e0-5456-b9e5-3be68614c4ed,2022-01-01,200.46,109.61,54.06,2022-09-01,"Synthetic narrative for local development only; not a PAIMANA, CUF, OCMS, or government record.",synthetic-agency-4,2022-01-15T00:00:00+00:00
4fc5f047-ea0b-5329-9aa1-93d06beb04a3,53599431-c7e0-5456-b9e5-3be68614c4ed,2022-02-01,202.51,129.26,63.72,2022-09-01,"Synthetic narrative for local development only; not a PAIMANA, CUF, OCMS, or government record.",synthetic-agency-4,2022-02-15T00:00:00+00:00
276de1ed-50c4-5089-809d-01effedd4dde,53599431-c7e0-5456-b9e5-3be68614c4ed,2022-03-01,204.56,140.43,68.96,2022-09-01,"Synthetic narrative for local development only; not a PAIMANA, CUF, OCMS, or government record.",synthetic-agency-4,2022-03-15T00:00:00+00:00
ec906874-9679-5744-82d3-7df0d06c5f45,53599431-c7e0-5456-b9e5-3be68614c4ed,2022-04-01,206.60,142.94,72.77,2022-09-01,"Synthetic narrative for local development only; not a PAIMANA, CUF, OCMS, or government record.",synthetic-agency-4,2022-04-15T00:00:00+00:00
2fe79bea-4d0a-5c1d-b1cb-37fafba2bd1a,53599431-c7e0-5456-b9e5-3be68614c4ed,2022-05-01,208.65,181.48,80.24,2022-09-01,"Synthetic narrative for local development only; not a PAIMANA, CUF, OCMS, or government record.",synthetic-agency-4,2022-05-15T00:00:00+00:00
3692f673-ba0f-564f-899e-55a386bdfbcb,53599431-c7e0-5456-b9e5-3be68614c4ed,2022-06-01,210.70,171.14,83.23,2022-09-01,"Synthetic narrative for local development only; not a PAIMANA, CUF, OCMS, or government record.",synthetic-agency-4,2022-06-15T00:00:00+00:00
6377766b-2194-5658-9b1f-b3f98601ece6,53599431-c7e0-5456-b9e5-3be68614c4ed,2022-07-01,212.74,220.73,91.84,2022-09-01,"Synthetic narrative for local development only; not a PAIMANA, CUF, OCMS, or government record.",synthetic-agency-4,2022-07-15T00:00:00+00:00
44721d55-e46b-531b-8d6d-0cc313d0ea77,53599431-c7e0-5456-b9e5-3be68614c4ed,2022-08-01,214.79,212.34,93.38,2022-09-01,"Synthetic narrative for local development only; not a PAIMANA, CUF, OCMS, or government record.",synthetic-agency-4,2022-08-15T00:00:00+00:00
588a0d11-8543-59cf-84f1-2499471ce710,53599431-c7e0-5456-b9e5-3be68614c4ed,2022-09-01,216.84,203.47,100.00,2022-09-01,"Synthetic narrative for local development only; not a PAIMANA, CUF, OCMS, or government record.",synthetic-agency-4,2022-09-15T00:00:00+00:00
800b574f-94eb-58c7-90c3-af81feb061b6,49937151-eb68-50ad-a24a-ce40024c8284,2021-06-01,1354.62,152.32,2.43,2022-11-01,"Synthetic narrative for local development only; not a PAIMANA, CUF, OCMS, or government record.",synthetic-agency-0,2021-06-15T00:00:00+00:00
96e771c5-5f7c-5ccc-b25f-a82b18373cd1,49937151-eb68-50ad-a24a-ce40024c8284,2021-07-01,1359.24,133.40,10.25,2022-11-01,"Synthetic narrative for local development only; not a PAIMANA, CUF, OCMS, or government record.",synthetic-agency-0,2021-07-15T00:00:00+00:00
ddfeb46d-c9bf-547e-92a1-da590dc5c73d,49937151-eb68-50ad-a24a-ce40024c8284,2021-08-01,1363.86,102.79,15.15,2022-11-01,"Synthetic narrative for local development only; not a PAIMANA, CUF, OCMS, or government record.",synthetic-agency-0,2021-08-15T00:00:00+00:00
1fa767f8-a058-54bc-a4fa-96f75ae68211,49937151-eb68-50ad-a24a-ce40024c8284,2021-09-01,1368.49,409.26,24.59,2022-11-01,"Synthetic narrative for local development only; not a PAIMANA, CUF, OCMS, or government record.",synthetic-agency-0,2021-09-15T00:00:00+00:00
c0b81986-0af4-5536-949b-70fe5c71f50c,49937151-eb68-50ad-a24a-ce40024c8284,2021-10-01,1373.11,351.63,27.85,2022-11-01,"Synthetic narrative for local development only; not a PAIMANA, CUF, OCMS, or government record.",synthetic-agency-0,2021-10-15T00:00:00+00:00
a4440741-4f70-5ad8-a383-15b351e4a470,49937151-eb68-50ad-a24a-ce40024c8284,2021-11-01,1377.73,603.94,37.17,2022-11-01,"Synthetic narrative for local development only; not a PAIMANA, CUF, OCMS, or government record.",synthetic-agency-0,2021-11-15T00:00:00+00:00
1516f281-572e-5631-b9ca-21dfe8196aa9,49937151-eb68-50ad-a24a-ce40024c8284,2021-12-01,1382.35,671.23,40.17,2022-11-01,"Synthetic narrative for local development only; not a PAIMANA, CUF, OCMS, or government record.",synthetic-agency-0,2021-12-15T00:00:00+00:00
32c27efc-926a-5d2b-890d-6a166e4695ce,49937151-eb68-50ad-a24a-ce40024c8284,2022-01-01,1386.97,645.06,44.07,2022-11-01,"Synthetic narrative for local development only; not a PAIMANA, CUF, OCMS, or government record.",synthetic-agency-0,2022-01-15T00:00:00+00:00
8b8bed54-034b-544e-b13a-14ec6fb51fe4,49937151-eb68-50ad-a24a-ce40024c8284,2022-02-01,1391.59,636.15,50.36,2022-11-01,"Synthetic narrative for local development only; not a PAIMANA, CUF, OCMS, or government record.",synthetic-agency-0,2022-02-15T00:00:00+00:00
834aca26-eed3-56b9-af08-80a51bf6ab3a,49937151-eb68-50ad-a24a-ce40024c8284,2022-03-01,1396.22,921.28,57.66,2022-11-01,"Synthetic narrative for local development only; not a PAIMANA, CUF, OCMS, or government record.",synthetic-agency-0,2022-03-15T00:00:00+00:00
e7c5a657-0d1e-51ed-bfc5-849a1a263fd0,49937151-eb68-50ad-a24a-ce40024c8284,2022-04-01,1400.84,917.83,61.48,2022-11-01,"Synthetic narrative for local development only; not a PAIMANA, CUF, OCMS, or government record.",synthetic-agency-0,2022-04-15T00:00:00+00:00
831b2afc-8040-5949-856b-c4c72ff551f3,49937151-eb68-50ad-a24a-ce40024c8284,2022-05-01,1405.46,891.71,66.68,2022-11-01,"Synthetic narrative for local development only; not a PAIMANA, CUF, OCMS, or government record.",synthetic-agency-0,2022-05-15T00:00:00+00:00
69e8e84f-866d-523d-8f73-eb3f02e6748b,49937151-eb68-50ad-a24a-ce40024c8284,2022-06-01,1410.08,1028.34,73.28,2022-11-01,"Synthetic narrative for local development only; not a PAIMANA, CUF, OCMS, or government record.",synthetic-agency-0,2022-06-15T00:00:00+00:00
3d0d92ff-7f24-5a2e-8fc5-808d2352a66d,49937151-eb68-50ad-a24a-ce40024c8284,2022-07-01,1414.70,967.96,74.10,2022-11-01,"Synthetic narrative for local development only; not a PAIMANA, CUF, OCMS, or government record.",synthetic-agency-0,2022-07-15T00:00:00+00:00
ab138aa2-a1b3-5534-a590-05b6103e3edc,49937151-eb68-50ad-a24a-ce40024c8284,2022-08-01,1419.32,1214.82,87.12,2022-11-01,"Synthetic narrative for local development only; not a PAIMANA, CUF, OCMS, or government record.",synthetic-agency-0,2022-08-15T00:00:00+00:00
053ca302-f874-5366-ae2b-8e3462e405f6,49937151-eb68-50ad-a24a-ce40024c8284,2022-09-01,1423.94,1313.18,91.77,2022-11-01,"Synthetic narrative for local development only; not a PAIMANA, CUF, OCMS, or government record.",synthetic-agency-0,2022-09-15T00:00:00+00:00
b8187f70-9f94-5157-afae-fa98ca8d5845,49937151-eb68-50ad-a24a-ce40024c8284,2022-10-01,1428.57,1408.15,95.29,2022-11-01,"Synthetic narrative for local development only; not a PAIMANA, CUF, OCMS, or government record.",synthetic-agency-0,2022-10-15T00:00:00+00:00
d277d68e-f878-57b6-8aeb-dcbe335e4cfe,49937151-eb68-50ad-a24a-ce40024c8284,2022-11-01,1433.19,1572.79,98.50,2022-11-01,"Synthetic narrative for local development only; not a PAIMANA, CUF, OCMS, or government record.",synthetic-agency-0,2022-11-15T00:00:00+00:00
b73b7325-06d4-5a0a-8b51-63f2fc506766,f3cd0554-3535-5ae9-a087-ac45c0aa2782,2021-08-01,1358.55,35.43,3.64,2023-01-01,"Synthetic narrative for local development only; not a PAIMANA, CUF, OCMS, or government record.",synthetic-agency-1,2021-08-15T00:00:00+00:00
6e2d4446-223b-5e0d-a766-79573e18e65b,f3cd0554-3535-5ae9-a087-ac45c0aa2782,2021-09-01,1367.10,122.74,15.06,2023-01-01,"Synthetic narrative for local development only; not a PAIMANA, CUF, OCMS, or government record.",synthetic-agency-1,2021-09-15T00:00:00+00:00
a1d8c4bd-0818-5774-90fc-56a04d4cc729,f3cd0554-3535-5ae9-a087-ac45c0aa2782,2021-10-01,1375.65,266.90,17.42,2023-01-01,"Synthetic narrative for local development only; not a PAIMANA, CUF, OCMS, or government record.",synthetic-agency-1,2021-10-15T00:00:00+00:00
8d48658e-d3a4-57ac-82a5-ed91476b0b9e,f3cd0554-3535-5ae9-a087-ac45c0aa2782,2021-11-01,1384.20,223.07,19.36,2023-01-01,"Synthetic narrative for local development only; not a PAIMANA, CUF, OCMS, or government record.",synthetic-agency-1,2021-11-15T00:00:00+00:00
2e8d7d40-5071-5693-938e-c76a44fd8ba1,f3cd0554-3535-5ae9-a087-ac45c0aa2782,2021-12-01,1392.76,444.62,28.42,2023-01-01,"Synthetic narrative for local development only; not a PAIMANA, CUF, OCMS, or government record.",synthetic-agency-1,2021-12-15T00:00:00+00:00
503c5413-bb88-53dd-be5b-23415a2d4898,f3cd0554-3535-5ae9-a087-ac45c0aa2782,2022-01-01,1401.31,527.63,30.32,2023-01-01,"Synthetic narrative for local development only; not a PAIMANA, CUF, OCMS, or government record.",synthetic-agency-1,2022-01-15T00:00:00+00:00
258ef9a7-827b-5d29-81e7-9b58e8befb94,f3cd0554-3535-5ae9-a087-ac45c0aa2782,2022-02-01,1409.86,505.33,37.78,2023-01-01,"Synthetic narrative for local development only; not a PAIMANA, CUF, OCMS, or government record.",synthetic-agency-1,2022-02-15T00:00:00+00:00
805e938e-d44f-5218-9164-843e7eb69efc,f3cd0554-3535-5ae9-a087-ac45c0aa2782,2022-03-01,1418.41,650.34,46.18,2023-01-01,"Synthetic narrative for local development only; not a PAIMANA, CUF, OCMS, or government record.",synthetic-agency-1,2022-03-15T00:00:00+00:00
854de66b-f85a-5338-97c0-30d842b3dd1e,f3cd0554-3535-5ae9-a087-ac45c0aa2782,2022-04-01,1426.96,724.62,48.03,2023-01-01,"Synthetic narrative for local development only; not a PAIMANA, CUF, OCMS, or government record.",synthetic-agency-1,2022-04-15T00:00:00+00:00
7b450173-1f51-548b-9d1b-3e4cadbb7e60,f3cd0554-3535-5ae9-a087-ac45c0aa2782,2022-05-01,1435.51,957.86,59.26,2023-01-01,"Synthetic narrative for local development only; not a PAIMANA, CUF, OCMS, or government record.",synthetic-agency-1,2022-05-15T00:00:00+00:00
b6302f90-fce8-53f1-9c1c-87c24bcb64f5,f3cd0554-3535-5ae9-a087-ac45c0aa2782,2022-06-01,1444.06,766.06,59.56,2023-01-01,"Synthetic narrative for local development only; not a PAIMANA, CUF, OCMS, or government record.",synthetic-agency-1,2022-06-15T00:00:00+00:00
3093dd75-f143-5d8c-bb6e-d14c3e84f747,f3cd0554-3535-5ae9-a087-ac45c0aa2782,2022-07-01,1452.61,1047.81,67.44,2023-01-01,"Synthetic narrative for local development only; not a PAIMANA, CUF, OCMS, or government record.",synthetic-agency-1,2022-07-15T00:00:00+00:00
82c0967b-4ee4-53be-98e0-92224525d9bf,f3cd0554-3535-5ae9-a087-ac45c0aa2782,2022-08-01,1461.17,1025.34,74.85,2023-01-01,"Synthetic narrative for local development only; not a PAIMANA, CUF, OCMS, or government record.",synthetic-agency-1,2022-08-15T00:00:00+00:00
310c34c2-d16f-57b6-bd9c-80fe69068ed3,f3cd0554-3535-5ae9-a087-ac45c0aa2782,2022-09-01,1469.72,1359.36,81.18,2023-01-01,"Synthetic narrative for local development only; not a PAIMANA, CUF, OCMS, or government record.",synthetic-agency-1,2022-09-15T00:00:00+00:00
05833d97-e9a6-5ab6-b323-96371168f279,f3cd0554-3535-5ae9-a087-ac45c0aa2782,2022-10-01,1478.27,1321.08,80.28,2023-01-01,"Synthetic narrative for local development only; not a PAIMANA, CUF, OCMS, or government record.",synthetic-agency-1,2022-10-15T00:00:00+00:00
200ce1d2-6fce-5eec-8614-4ee067bccf63,f3cd0554-3535-5ae9-a087-ac45c0aa2782,2022-11-01,1486.82,1370.96,91.55,2023-01-01,"Synthetic narrative for local development only; not a PAIMANA, CUF, OCMS, or government record.",synthetic-agency-1,2022-11-15T00:00:00+00:00
3c491e65-1b81-523c-9c31-61f0734df190,f3cd0554-3535-5ae9-a087-ac45c0aa2782,2022-12-01,1495.37,1550.37,97.30,2023-01-01,"Synthetic narrative for local development only; not a PAIMANA, CUF, OCMS, or government record.",synthetic-agency-1,2022-12-15T00:00:00+00:00
cc2c6a13-2168-5956-b37b-11ec1b2f14da,f3cd0554-3535-5ae9-a087-ac45c0aa2782,2023-01-01,1503.92,1530.67,100.00,2023-01-01,"Synthetic narrative for local development only; not a PAIMANA, CUF, OCMS, or government record.",synthetic-agency-1,2023-01-15T00:00:00+00:00
8ee96306-568c-51b8-812a-bf3858a6496c,aa36de9a-28c0-5a90-a6b2-46bd7c1a99e9,2021-10-01,180.60,6.79,2.00,2023-03-01,"Synthetic narrative for local development only; not a PAIMANA, CUF, OCMS, or government record.",synthetic-agency-2,2021-10-15T00:00:00+00:00
dbd7b058-600a-55f1-81ad-4142e9766c62,aa36de9a-28c0-5a90-a6b2-46bd7c1a99e9,2021-11-01,181.19,12.88,13.25,2023-03-01,"Synthetic narrative for local development only; not a PAIMANA, CUF, OCMS, or government record.",synthetic-agency-2,2021-11-15T00:00:00+00:00
91974759-3e94-53e7-859b-61113a832b0a,aa36de9a-28c0-5a90-a6b2-46bd7c1a99e9,2021-12-01,181.79,42.58,15.68,2023-03-01,"Synthetic narrative for local development only; not a PAIMANA, CUF, OCMS, or government record.",synthetic-agency-2,2021-12-15T00:00:00+00:00
f330f3b4-561f-5c5d-8de1-e4b10c42676e,aa36de9a-28c0-5a90-a6b2-46bd7c1a99e9,2022-01-01,182.39,57.24,23.37,2023-03-01,"Synthetic narrative for local development only; not a PAIMANA, CUF, OCMS, or government record.",synthetic-agency-2,2022-01-15T00:00:00+00:00
36b4301a-adf9-55b4-b939-17de873b88fc,aa36de9a-28c0-5a90-a6b2-46bd7c1a99e9,2022-02-01,182.99,69.54,26.06,2023-03-01,"Synthetic narrative for local development only; not a PAIMANA, CUF, OCMS, or government record.",synthetic-agency-2,2022-02-15T00:00:00+00:00
b016fcfe-d22e-5e92-a098-c53be7f04278,aa36de9a-28c0-5a90-a6b2-46bd7c1a99e9,2022-03-01,183.58,84.89,35.15,2023-03-01,"Synthetic narrative for local development only; not a PAIMANA, CUF, OCMS, or government record.",synthetic-agency-2,2022-03-15T00:00:00+00:00
4baa46fc-5fe1-5ec3-b3dc-662a98525eee,aa36de9a-28c0-5a90-a6b2-46bd7c1a99e9,2022-04-01,184.18,78.38,42.56,2023-03-01,"Synthetic narrative for local development only; not a PAIMANA, CUF, OCMS, or government record.",synthetic-agency-2,2022-04-15T00:00:00+00:00
22c560a4-ddfa-54ea-a3c7-5bd66f51192f,aa36de9a-28c0-5a90-a6b2-46bd7c1a99e9,2022-05-01,184.78,77.30,43.97,2023-03-01,"Synthetic narrative for local development only; not a PAIMANA, CUF, OCMS, or government record.",synthetic-agency-2,2022-05-15T00:00:00+00:00
ff5328fe-2378-5127-9157-7982bc0b4ab2,aa36de9a-28c0-5a90-a6b2-46bd7c1a99e9,2022-06-01,185.38,88.30,48.30,2023-03-01,"Synthetic narrative for local development only; not a PAIMANA, CUF, OCMS, or government record.",synthetic-agency-2,2022-06-15T00:00:00+00:00
c2cb3bbd-ea16-54c5-a787-9aa868bc47df,aa36de9a-28c0-5a90-a6b2-46bd7c1a99e9,2022-07-01,185.97,109.12,59.15,2023-03-01,"Synthetic narrative for local development only; not a PAIMANA, CUF, OCMS, or government record.",synthetic-agency-2,2022-07-15T00:00:00+00:00
11c8af6a-b8f1-5f16-9e0f-4f46f653aa17,aa36de9a-28c0-5a90-a6b2-46bd7c1a99e9,2022-08-01,186.57,128.43,64.44,2023-03-01,"Synthetic narrative for local development only; not a PAIMANA, CUF, OCMS, or government record.",synthetic-agency-2,2022-08-15T00:00:00+00:00
0c67df4c-bb50-5fa9-8925-b7874532bd5f,aa36de9a-28c0-5a90-a6b2-46bd7c1a99e9,2022-09-01,187.17,139.28,68.63,2023-03-01,"Synthetic narrative for local development only; not a PAIMANA, CUF, OCMS, or government record.",synthetic-agency-2,2022-09-15T00:00:00+00:00
8ce0e2d1-83e9-57a1-b99f-736989774d29,aa36de9a-28c0-5a90-a6b2-46bd7c1a99e9,2022-10-01,187.76,136.43,69.44,2023-03-01,"Synthetic narrative for local development only; not a PAIMANA, CUF, OCMS, or government record.",synthetic-agency-2,2022-10-15T00:00:00+00:00
d235923f-8416-5549-b73a-234c30558662,aa36de9a-28c0-5a90-a6b2-46bd7c1a99e9,2022-11-01,188.36,151.31,77.01,2023-03-01,"Synthetic narrative for local development only; not a PAIMANA, CUF, OCMS, or government record.",synthetic-agency-2,2022-11-15T00:00:00+00:00
7691ac1c-4af2-5fdb-8761-e26fb5a1bb4d,aa36de9a-28c0-5a90-a6b2-46bd7c1a99e9,2022-12-01,188.96,158.44,80.90,2023-03-01,"Synthetic narrative for local development only; not a PAIMANA, CUF, OCMS, or government record.",synthetic-agency-2,2022-12-15T00:00:00+00:00
442f7d95-138b-5c33-bebe-b3d6856cb785,aa36de9a-28c0-5a90-a6b2-46bd7c1a99e9,2023-01-01,189.56,175.40,88.99,2023-03-01,"Synthetic narrative for local development only; not a PAIMANA, CUF, OCMS, or government record.",synthetic-agency-2,2023-01-15T00:00:00+00:00
305714c2-1c77-5e1d-8ddc-47d94cdf3053,aa36de9a-28c0-5a90-a6b2-46bd7c1a99e9,2023-02-01,190.15,192.51,95.58,2023-03-01,"Synthetic narrative for local development only; not a PAIMANA, CUF, OCMS, or government record.",synthetic-agency-2,2023-02-15T00:00:00+00:00
22bd9fd5-42f8-5274-af54-56a4e0d2123a,aa36de9a-28c0-5a90-a6b2-46bd7c1a99e9,2023-03-01,190.75,196.61,98.12,2023-03-01,"Synthetic narrative for local development only; not a PAIMANA, CUF, OCMS, or government record.",synthetic-agency-2,2023-03-15T00:00:00+00:00
7e08f35f-dd11-531d-82bc-969f88d18428,d74afb02-0d76-5082-adae-8458483b2a66,2021-12-01,3852.66,85.53,8.11,2023-05-01,"Synthetic narrative for local development only; not a PAIMANA, CUF, OCMS, or government record.",synthetic-agency-3,2021-12-15T00:00:00+00:00
19e9bf78-6eb5-598c-a58f-6e451970b36f,d74afb02-0d76-5082-adae-8458483b2a66,2022-01-01,3905.32,175.02,12.04,2023-05-01,"Synthetic narrative for local development only; not a PAIMANA, CUF, OCMS, or government record.",synthetic-agency-3,2022-01-15T00:00:00+00:00
f70c4334-794d-5d78-8e75-55975bb756f4,d74afb02-0d76-5082-adae-8458483b2a66,2022-02-01,3957.97,628.17,15.35,2023-05-01,"Synthetic narrative for local development only; not a PAIMANA, CUF, OCMS, or government record.",synthetic-agency-3,2022-02-15T00:00:00+00:00
1c17256d-5428-5cb2-839c-fc1fa9cc2e8e,d74afb02-0d76-5082-adae-8458483b2a66,2022-03-01,4010.63,596.13,22.44,2023-05-01,"Synthetic narrative for local development only; not a PAIMANA, CUF, OCMS, or government record.",synthetic-agency-3,2022-03-15T00:00:00+00:00
ad3105d9-49a5-55d7-adb5-ce970e48bec7,d74afb02-0d76-5082-adae-8458483b2a66,2022-04-01,4063.29,1317.07,26.17,2023-05-01,"Synthetic narrative for local development only; not a PAIMANA, CUF, OCMS, or government record.",synthetic-agency-3,2022-04-15T00:00:00+00:00
9e24197c-82d8-5c8e-93c2-da7e8a589d2a,d74afb02-0d76-5082-adae-8458483b2a66,2022-05-01,4115.95,1285.36,34.76,2023-05-01,"Synthetic narrative for local development only; not a PAIMANA, CUF, OCMS, or government record.",synthetic-agency-3,2022-05-15T00:00:00+00:00
84ac452c-ce51-529c-b618-9e08363b456e,d74afb02-0d76-5082-adae-8458483b2a66,2022-06-01,4168.61,1448.95,37.44,2023-05-01,"Synthetic narrative for local development only; not a PAIMANA, CUF, OCMS, or government record.",synthetic-agency-3,2022-06-15T00:00:00+00:00
5509b236-ab83-5082-9133-22c96e433784,d74afb02-0d76-5082-adae-8458483b2a66,2022-07-01,4221.26,2340.02,47.01,2023-05-01,"Synthetic narrative for local development only; not a PAIMANA, CUF, OCMS, or government record.",synthetic-agency-3,2022-07-15T00:00:00+00:00
d08afa38-c6a0-5615-a2a4-73f09f895a0f,d74afb02-0d76-5082-adae-8458483b2a66,2022-08-01,4273.92,2144.37,46.94,2023-05-01,"Synthetic narrative for local development only; not a PAIMANA, CUF, OCMS, or government record.",synthetic-agency-3,2022-08-15T00:00:00+00:00
f59dfb80-31e3-5be8-b40c-40d752d33c09,d74afb02-0d76-5082-adae-8458483b2a66,2022-09-01,4326.58,2321.27,54.91,2023-05-01,"Synthetic narrative for local development only; not a PAIMANA, CUF, OCMS, or government record.",synthetic-agency-3,2022-09-15T00:00:00+00:00
aea62406-a33d-5558-b1fb-0da08f42d26e,d74afb02-0d76-5082-adae-8458483b2a66,2022-10-01,4379.24,2753.27,57.86,2023-05-01,"Synthetic narrative for local development only; not a PAIMANA, CUF, OCMS, or government record.",synthetic-agency-3,2022-10-15T00:00:00+00:00
34cdfd7f-2766-51f2-ac38-3102c54b7991,d74afb02-0d76-5082-adae-8458483b2a66,2022-11-01,4431.90,2884.40,65.05,2023-05-01,"Synthetic narrative for local development only; not a PAIMANA, CUF, OCMS, or government record.",synthetic-agency-3,2022-11-15T00:00:00+00:00
63261808-bb03-5acb-8861-f5412c821968,d74afb02-0d76-5082-adae-8458483b2a66,2022-12-01,4484.55,3417.72,69.07,2023-05-01,"Synthetic narrative for local development only; not a PAIMANA, CUF, OCMS, or government record.",synthetic-agency-3,2022-12-15T00:00:00+00:00
fdbe9171-0cd7-5db6-b44e-a22c197a53b8,d74afb02-0d76-5082-adae-8458483b2a66,2023-01-01,4537.21,4040.47,79.50,2023-05-01,"Synthetic narrative for local development only; not a PAIMANA, CUF, OCMS, or government record.",synthetic-agency-3,2023-01-15T00:00:00+00:00
637d4eb3-c40d-553f-be0a-4b2a9c637767,d74afb02-0d76-5082-adae-8458483b2a66,2023-02-01,4589.87,4260.86,86.43,2023-05-01,"Synthetic narrative for local development only; not a PAIMANA, CUF, OCMS, or government record.",synthetic-agency-3,2023-02-15T00:00:00+00:00
db9b93e8-9e78-585a-bf2b-7e1b97ad4638,d74afb02-0d76-5082-adae-8458483b2a66,2023-03-01,4642.53,4052.23,88.62,2023-05-01,"Synthetic narrative for local development only; not a PAIMANA, CUF, OCMS, or government record.",synthetic-agency-3,2023-03-15T00:00:00+00:00
906dc7eb-81b1-5dd6-87c5-55eea6bc21f3,d74afb02-0d76-5082-adae-8458483b2a66,2023-04-01,4695.19,4938.31,93.69,2023-05-01,"Synthetic narrative for local development only; not a PAIMANA, CUF, OCMS, or government record.",synthetic-agency-3,2023-04-15T00:00:00+00:00
b59ce9f0-25b3-54b8-aae1-eab50285023f,d74afb02-0d76-5082-adae-8458483b2a66,2023-05-01,4747.85,5082.13,100.00,2023-05-01,"Synthetic narrative for local development only; not a PAIMANA, CUF, OCMS, or government record.",synthetic-agency-3,2023-05-15T00:00:00+00:00
851647d6-95f7-5a8a-9b32-638bd218bb5e,eeddf281-d6f3-54e9-acd2-48bc22b3473a,2022-02-01,1369.69,279.33,10.98,2023-01-01,"Synthetic narrative for local development only; not a PAIMANA, CUF, OCMS, or government record.",synthetic-agency-4,2022-02-15T00:00:00+00:00
a1383bab-9920-5ca1-819e-c01bd9080014,eeddf281-d6f3-54e9-acd2-48bc22b3473a,2022-03-01,1389.37,253.23,13.98,2023-01-01,"Synthetic narrative for local development only; not a PAIMANA, CUF, OCMS, or government record.",synthetic-agency-4,2022-03-15T00:00:00+00:00
a5074160-a6f3-5530-8407-7be0040db64e,eeddf281-d6f3-54e9-acd2-48bc22b3473a,2022-04-01,1409.06,270.14,26.17,2023-01-01,"Synthetic narrative for local development only; not a PAIMANA, CUF, OCMS, or government record.",synthetic-agency-4,2022-04-15T00:00:00+00:00
78e1d5bf-84b2-53d1-94ec-d44306365fc5,eeddf281-d6f3-54e9-acd2-48bc22b3473a,2022-05-01,1428.74,487.18,34.32,2023-01-01,"Synthetic narrative for local development only; not a PAIMANA, CUF, OCMS, or government record.",synthetic-agency-4,2022-05-15T00:00:00+00:00
ff21437e-4b2b-5fb6-ae7a-d15348ca276e,eeddf281-d6f3-54e9-acd2-48bc22b3473a,2022-06-01,1448.43,500.41,40.02,2023-01-01,"Synthetic narrative for local development only; not a PAIMANA, CUF, OCMS, or government record.",synthetic-agency-4,2022-06-15T00:00:00+00:00
69617c83-7f74-5cc6-bc31-bda8aa8fbc77,eeddf281-d6f3-54e9-acd2-48bc22b3473a,2022-07-01,1468.11,795.60,50.88,2023-01-01,"Synthetic narrative for local development only; not a PAIMANA, CUF, OCMS, or government record.",synthetic-agency-4,2022-07-15T00:00:00+00:00
ebf0ef92-33e5-5ff2-94ce-105b036d8efb,eeddf281-d6f3-54e9-acd2-48bc22b3473a,2022-08-01,1487.80,999.77,57.69,2023-01-01,"Synthetic narrative for local development only; not a PAIMANA, CUF, OCMS, or government record.",synthetic-agency-4,2022-08-15T00:00:00+00:00
18e57f9b-2175-5fc2-86a9-4e4fd994f6d4,eeddf281-d6f3-54e9-acd2-48bc22b3473a,2022-09-01,1507.48,1031.36,64.52,2023-01-01,"Synthetic narrative for local development only; not a PAIMANA, CUF, OCMS, or government record.",synthetic-agency-4,2022-09-15T00:00:00+00:00
d75bfbd0-9806-5fea-a249-4c9c419f8929,eeddf281-d6f3-54e9-acd2-48bc22b3473a,2022-10-01,1527.17,994.18,73.08,2023-01-01,"Synthetic narrative for local development only; not a PAIMANA, CUF, OCMS, or government record.",synthetic-agency-4,2022-10-15T00:00:00+00:00
389a0fd2-f411-58a2-9825-2036259b45ae,eeddf281-d6f3-54e9-acd2-48bc22b3473a,2022-11-01,1546.85,1180.17,79.70,2023-01-01,"Synthetic narrative for local development only; not a PAIMANA, CUF, OCMS, or government record.",synthetic-agency-4,2022-11-15T00:00:00+00:00
598df39e-fb40-5494-be36-65e0a24314d4,eeddf281-d6f3-54e9-acd2-48bc22b3473a,2022-12-01,1566.54,1644.22,94.04,2023-01-01,"Synthetic narrative for local development only; not a PAIMANA, CUF, OCMS, or government record.",synthetic-agency-4,2022-12-15T00:00:00+00:00
26c35f87-108b-5d91-b6db-437dc96e9eea,eeddf281-d6f3-54e9-acd2-48bc22b3473a,2023-01-01,1586.23,1490.81,100.00,2023-01-01,"Synthetic narrative for local development only; not a PAIMANA, CUF, OCMS, or government record.",synthetic-agency-4,2023-01-15T00:00:00+00:00
c5148df5-341f-51f3-97fe-b4934e5c4c58,d6c32075-1f9f-5fb8-90a8-04a3aee4bc6f,2022-04-01,263.05,48.50,11.98,2023-03-01,"Synthetic narrative for local development only; not a PAIMANA, CUF, OCMS, or government record.",synthetic-agency-0,2022-04-15T00:00:00+00:00
21d1f624-e32c-5b95-83e5-c0cd030cda6b,d6c32075-1f9f-5fb8-90a8-04a3aee4bc6f,2022-05-01,266.11,34.70,19.49,2023-03-01,"Synthetic narrative for local development only; not a PAIMANA, CUF, OCMS, or government record.",synthetic-agency-0,2022-05-15T00:00:00+00:00
8c6afed0-02bf-5644-8aa1-e306aa6bb2ce,d6c32075-1f9f-5fb8-90a8-04a3aee4bc6f,2022-06-01,269.16,91.96,26.45,2023-03-01,"Synthetic narrative for local development only; not a PAIMANA, CUF, OCMS, or government record.",synthetic-agency-0,2022-06-15T00:00:00+00:00
c7016ed5-8f0a-5910-8732-848b08f86b66,d6c32075-1f9f-5fb8-90a8-04a3aee4bc6f,2022-07-01,272.22,93.64,33.34,2023-03-01,"Synthetic narrative for local development only; not a PAIMANA, CUF, OCMS, or government record.",synthetic-agency-0,2022-07-15T00:00:00+00:00
2d58e258-c1fc-5688-9e2f-107893c4c700,d6c32075-1f9f-5fb8-90a8-04a3aee4bc6f,2022-08-01,275.27,116.23,38.01,2023-03-01,"Synthetic narrative for local development only; not a PAIMANA, CUF, OCMS, or government record.",synthetic-agency-0,2022-08-15T00:00:00+00:00
025db0b3-c68f-5865-ba74-21c9b883e9a4,d6c32075-1f9f-5fb8-90a8-04a3aee4bc6f,2022-09-01,278.33,134.73,48.55,2023-03-01,"Synthetic narrative for local development only; not a PAIMANA, CUF, OCMS, or government record.",synthetic-agency-0,2022-09-15T00:00:00+00:00
6cd728d1-9e83-55f8-92a3-dd4e3ce2b6a2,d6c32075-1f9f-5fb8-90a8-04a3aee4bc6f,2022-10-01,281.38,196.88,61.16,2023-03-01,"Synthetic narrative for local development only; not a PAIMANA, CUF, OCMS, or government record.",synthetic-agency-0,2022-10-15T00:00:00+00:00
41e958ef-93a9-5c77-aa9b-975b43c1edcd,d6c32075-1f9f-5fb8-90a8-04a3aee4bc6f,2022-11-01,284.44,228.42,68.62,2023-03-01,"Synthetic narrative for local development only; not a PAIMANA, CUF, OCMS, or government record.",synthetic-agency-0,2022-11-15T00:00:00+00:00
ce47840d-9a9d-5451-974c-966b95a7d5a4,d6c32075-1f9f-5fb8-90a8-04a3aee4bc6f,2022-12-01,287.49,247.03,74.29,2023-03-01,"Synthetic narrative for local development only; not a PAIMANA, CUF, OCMS, or government record.",synthetic-agency-0,2022-12-15T00:00:00+00:00
b84d8a2f-bc1b-55da-b85b-5fa6be79e377,d6c32075-1f9f-5fb8-90a8-04a3aee4bc6f,2023-01-01,290.55,255.76,86.03,2023-03-01,"Synthetic narrative for local development only; not a PAIMANA, CUF, OCMS, or government record.",synthetic-agency-0,2023-01-15T00:00:00+00:00
077589ea-031d-5905-8615-2a9ab95dd939,d6c32075-1f9f-5fb8-90a8-04a3aee4bc6f,2023-02-01,293.60,274.35,90.52,2023-03-01,"Synthetic narrative for local development only; not a PAIMANA, CUF, OCMS, or government record.",synthetic-agency-0,2023-02-15T00:00:00+00:00
358fe0b8-b680-518f-81a4-d8e09e018bb0,d6c32075-1f9f-5fb8-90a8-04a3aee4bc6f,2023-03-01,296.66,294.02,96.47,2023-03-01,"Synthetic narrative for local development only; not a PAIMANA, CUF, OCMS, or government record.",synthetic-agency-0,2023-03-15T00:00:00+00:00
772c8349-3e6e-50d6-9d14-b14becca4d88,733f0c4c-4041-5de4-b907-ffc1da5361fa,2022-06-01,3882.62,0.00,5.34,2023-05-01,"Synthetic narrative for local development only; not a PAIMANA, CUF, OCMS, or government record.",synthetic-agency-1,2022-06-15T00:00:00+00:00
13d83c6f-8e4e-5623-bb42-5fa7a1713033,733f0c4c-4041-5de4-b907-ffc1da5361fa,2022-07-01,3965.24,347.06,13.79,2023-05-01,"Synthetic narrative for local development only; not a PAIMANA, CUF, OCMS, or government record.",synthetic-agency-1,2022-07-15T00:00:00+00:00
6e2442bd-6c57-5aa9-915a-ce46d244bba7,733f0c4c-4041-5de4-b907-ffc1da5361fa,2022-08-01,4047.87,940.37,28.77,2023-05-01,"Synthetic narrative for local development only; not a PAIMANA, CUF, OCMS, or government record.",synthetic-agency-1,2022-08-15T00:00:00+00:00
13b52270-8be7-5414-8e39-8c8004f5e384,733f0c4c-4041-5de4-b907-ffc1da5361fa,2022-09-01,4130.49,1188.68,35.74,2023-05-01,"Synthetic narrative for local development only; not a PAIMANA, CUF, OCMS, or government record.",synthetic-agency-1,2022-09-15T00:00:00+00:00
ffe18b9c-d44d-586a-a791-4f2476a54f00,733f0c4c-4041-5de4-b907-ffc1da5361fa,2022-10-01,4213.11,1882.59,44.91,2023-05-01,"Synthetic narrative for local development only; not a PAIMANA, CUF, OCMS, or government record.",synthetic-agency-1,2022-10-15T00:00:00+00:00
5efecdd4-bd66-5e6c-9b79-85d27a201237,733f0c4c-4041-5de4-b907-ffc1da5361fa,2022-11-01,4295.73,1792.47,47.46,2023-05-01,"Synthetic narrative for local development only; not a PAIMANA, CUF, OCMS, or government record.",synthetic-agency-1,2022-11-15T00:00:00+00:00
9c160d3a-3bd3-50f0-9531-4fa0e7257095,733f0c4c-4041-5de4-b907-ffc1da5361fa,2022-12-01,4378.36,2620.01,55.16,2023-05-01,"Synthetic narrative for local development only; not a PAIMANA, CUF, OCMS, or government record.",synthetic-agency-1,2022-12-15T00:00:00+00:00
9e37754a-04f5-540c-98b0-7cb4073f2297,733f0c4c-4041-5de4-b907-ffc1da5361fa,2023-01-01,4460.98,2853.78,68.15,2023-05-01,"Synthetic narrative for local development only; not a PAIMANA, CUF, OCMS, or government record.",synthetic-agency-1,2023-01-15T00:00:00+00:00
8fcbd8ce-93d6-5401-8ee5-ec486b3b2a38,733f0c4c-4041-5de4-b907-ffc1da5361fa,2023-02-01,4543.60,3648.17,73.31,2023-05-01,"Synthetic narrative for local development only; not a PAIMANA, CUF, OCMS, or government record.",synthetic-agency-1,2023-02-15T00:00:00+00:00
c3feb6e6-77bf-55dd-81c7-22c762fa86a7,733f0c4c-4041-5de4-b907-ffc1da5361fa,2023-03-01,4626.22,3834.82,79.48,2023-05-01,"Synthetic narrative for local development only; not a PAIMANA, CUF, OCMS, or government record.",synthetic-agency-1,2023-03-15T00:00:00+00:00
c9044504-f415-52d2-ba4b-0b7521312e77,733f0c4c-4041-5de4-b907-ffc1da5361fa,2023-04-01,4708.85,4399.78,94.64,2023-05-01,"Synthetic narrative for local development only; not a PAIMANA, CUF, OCMS, or government record.",synthetic-agency-1,2023-04-15T00:00:00+00:00
eb486a64-c05e-503c-91c8-7da75693ff52,733f0c4c-4041-5de4-b907-ffc1da5361fa,2023-05-01,4791.47,4594.90,97.27,2023-05-01,"Synthetic narrative for local development only; not a PAIMANA, CUF, OCMS, or government record.",synthetic-agency-1,2023-05-15T00:00:00+00:00
bb9bdae5-638a-579e-8d6e-9495d078affc,fd28ddf1-346d-5cb4-a98f-c5b46f27a748,2022-08-01,1364.28,13.78,6.58,2023-07-01,"Synthetic narrative for local development only; not a PAIMANA, CUF, OCMS, or government record.",synthetic-agency-2,2022-08-15T00:00:00+00:00
7672ce51-3aa2-5430-a3e4-652f5212e544,fd28ddf1-346d-5cb4-a98f-c5b46f27a748,2022-09-01,1378.56,233.38,15.29,2023-07-01,"Synthetic narrative for local development only; not a PAIMANA, CUF, OCMS, or government record.",synthetic-agency-2,2022-09-15T00:00:00+00:00
b2487613-7be2-5239-b4f8-559f1a392e51,fd28ddf1-346d-5cb4-a98f-c5b46f27a748,2022-10-01,1392.85,361.34,25.86,2023-07-01,"Synthetic narrative for local development only; not a PAIMANA, CUF, OCMS, or government record.",synthetic-agency-2,2022-10-15T00:00:00+00:00
ce6b5991-790d-5863-b7cf-13592f0bddc0,fd28ddf1-346d-5cb4-a98f-c5b46f27a748,2022-11-01,1407.13,648.25,34.68,2023-07-01,"Synthetic narrative for local development only; not a PAIMANA, CUF, OCMS, or government record.",synthetic-agency-2,2022-11-15T00:00:00+00:00
47039e8d-d7bf-5fc5-8170-c5486e7eaed6,fd28ddf1-346d-5cb4-a98f-c5b46f27a748,2022-12-01,1421.41,652.30,44.21,2023-07-01,"Synthetic narrative for local development only; not a PAIMANA, CUF, OCMS, or government record.",synthetic-agency-2,2022-12-15T00:00:00+00:00
fae330e7-7d6d-5153-a6f3-e540f0b7a17e,fd28ddf1-346d-5cb4-a98f-c5b46f27a748,2023-01-01,1435.69,730.66,51.56,2023-07-01,"Synthetic narrative for local development only; not a PAIMANA, CUF, OCMS, or government record.",synthetic-agency-2,2023-01-15T00:00:00+00:00
a5ec399e-05f0-5da7-936a-c31a573a1d44,fd28ddf1-346d-5cb4-a98f-c5b46f27a748,2023-02-01,1449.97,956.78,55.85,2023-07-01,"Synthetic narrative for local development only; not a PAIMANA, CUF, OCMS, or government record.",synthetic-agency-2,2023-02-15T00:00:00+00:00
eb6f50ec-5d6a-560d-8985-54dcd4723eb7,fd28ddf1-346d-5cb4-a98f-c5b46f27a748,2023-03-01,1464.25,866.40,64.96,2023-07-01,"Synthetic narrative for local development only; not a PAIMANA, CUF, OCMS, or government record.",synthetic-agency-2,2023-03-15T00:00:00+00:00
8c16c18d-eafc-5445-9fb5-d680935439ca,fd28ddf1-346d-5cb4-a98f-c5b46f27a748,2023-04-01,1478.54,979.20,72.62,2023-07-01,"Synthetic narrative for local development only; not a PAIMANA, CUF, OCMS, or government record.",synthetic-agency-2,2023-04-15T00:00:00+00:00
e573e8ac-cd34-5ce6-b779-4bb41edf302e,fd28ddf1-346d-5cb4-a98f-c5b46f27a748,2023-05-01,1492.82,1346.88,79.41,2023-07-01,"Synthetic narrative for local development only; not a PAIMANA, CUF, OCMS, or government record.",synthetic-agency-2,2023-05-15T00:00:00+00:00
d358a93a-7297-5314-ae10-4ac20a8ca066,fd28ddf1-346d-5cb4-a98f-c5b46f27a748,2023-06-01,1507.10,1488.17,90.34,2023-07-01,"Synthetic narrative for local development only; not a PAIMANA, CUF, OCMS, or government record.",synthetic-agency-2,2023-06-15T00:00:00+00:00
692fa0ee-37e5-5db3-b198-1cd87af97fab,fd28ddf1-346d-5cb4-a98f-c5b46f27a748,2023-07-01,1521.38,1384.52,98.90,2023-07-01,"Synthetic narrative for local development only; not a PAIMANA, CUF, OCMS, or government record.",synthetic-agency-2,2023-07-15T00:00:00+00:00
ba45d85b-d0ec-5e20-8864-11f48d66902a,50fe2b19-7c5c-558e-b9f4-50e2d4a7e70b,2022-10-01,2290.18,64.00,10.55,2023-09-01,"Synthetic narrative for local development only; not a PAIMANA, CUF, OCMS, or government record.",synthetic-agency-3,2022-10-15T00:00:00+00:00
5e56c370-485f-59a3-af28-81c90ea51405,50fe2b19-7c5c-558e-b9f4-50e2d4a7e70b,2022-11-01,2330.36,330.38,14.66,2023-09-01,"Synthetic narrative for local development only; not a PAIMANA, CUF, OCMS, or government record.",synthetic-agency-3,2022-11-15T00:00:00+00:00
32ad86dd-f427-5e41-9d44-a483f05a91a5,50fe2b19-7c5c-558e-b9f4-50e2d4a7e70b,2022-12-01,2370.54,780.78,23.73,2023-09-01,"Synthetic narrative for local development only; not a PAIMANA, CUF, OCMS, or government record.",synthetic-agency-3,2022-12-15T00:00:00+00:00
f9283bd6-305f-5a47-96a8-a984658f1619,50fe2b19-7c5c-558e-b9f4-50e2d4a7e70b,2023-01-01,2410.73,1018.24,32.60,2023-09-01,"Synthetic narrative for local development only; not a PAIMANA, CUF, OCMS, or government record.",synthetic-agency-3,2023-01-15T00:00:00+00:00
5adcf494-c9c9-5349-9252-af21c20dc6fb,50fe2b19-7c5c-558e-b9f4-50e2d4a7e70b,2023-02-01,2450.91,1149.12,45.45,2023-09-01,"Synthetic narrative for local development only; not a PAIMANA, CUF, OCMS, or government record.",synthetic-agency-3,2023-02-15T00:00:00+00:00
b82232b6-f242-51c4-8181-512602209974,50fe2b19-7c5c-558e-b9f4-50e2d4a7e70b,2023-03-01,2491.09,1365.00,48.30,2023-09-01,"Synthetic narrative for local development only; not a PAIMANA, CUF, OCMS, or government record.",synthetic-agency-3,2023-03-15T00:00:00+00:00
032e74ef-5f4a-597b-a335-af9a243f35e2,50fe2b19-7c5c-558e-b9f4-50e2d4a7e70b,2023-04-01,2531.27,1645.12,60.11,2023-09-01,"Synthetic narrative for local development only; not a PAIMANA, CUF, OCMS, or government record.",synthetic-agency-3,2023-04-15T00:00:00+00:00
1ed3669e-c6dc-5066-8d4e-c41c08b48fed,50fe2b19-7c5c-558e-b9f4-50e2d4a7e70b,2023-05-01,2571.45,1655.53,67.10,2023-09-01,"Synthetic narrative for local development only; not a PAIMANA, CUF, OCMS, or government record.",synthetic-agency-3,2023-05-15T00:00:00+00:00
012ef392-eb9b-5783-9d12-a24140172078,50fe2b19-7c5c-558e-b9f4-50e2d4a7e70b,2023-06-01,2611.63,1768.69,71.47,2023-09-01,"Synthetic narrative for local development only; not a PAIMANA, CUF, OCMS, or government record.",synthetic-agency-3,2023-06-15T00:00:00+00:00
79ff2b40-3de4-5e74-afbe-2319c0e00f11,50fe2b19-7c5c-558e-b9f4-50e2d4a7e70b,2023-07-01,2651.82,2164.73,82.33,2023-09-01,"Synthetic narrative for local development only; not a PAIMANA, CUF, OCMS, or government record.",synthetic-agency-3,2023-07-15T00:00:00+00:00
6f8630b3-7b06-5b79-9860-42272ab164c5,50fe2b19-7c5c-558e-b9f4-50e2d4a7e70b,2023-08-01,2692.00,2518.48,93.63,2023-09-01,"Synthetic narrative for local development only; not a PAIMANA, CUF, OCMS, or government record.",synthetic-agency-3,2023-08-15T00:00:00+00:00
ea06bf1f-c6d7-5575-b1b3-a46756213f84,50fe2b19-7c5c-558e-b9f4-50e2d4a7e70b,2023-09-01,2732.18,2571.22,100.00,2023-09-01,"Synthetic narrative for local development only; not a PAIMANA, CUF, OCMS, or government record.",synthetic-agency-3,2023-09-15T00:00:00+00:00
fe041111-e660-57fa-8cea-ae1f40886689,0db9e4ec-9c40-5fa3-a52b-13f9531782f7,2022-12-01,182.31,18.26,11.14,2023-11-01,"Synthetic narrative for local development only; not a PAIMANA, CUF, OCMS, or government record.",synthetic-agency-4,2022-12-15T00:00:00+00:00
3397b252-d8d6-5325-aa9a-3cfc7d61efec,0db9e4ec-9c40-5fa3-a52b-13f9531782f7,2023-01-01,184.62,36.97,13.66,2023-11-01,"Synthetic narrative for local development only; not a PAIMANA, CUF, OCMS, or government record.",synthetic-agency-4,2023-01-15T00:00:00+00:00
06aebd8e-0aa9-5e28-91ca-b5ce6c4d03ed,0db9e4ec-9c40-5fa3-a52b-13f9531782f7,2023-02-01,186.93,36.95,26.94,2023-11-01,"Synthetic narrative for local development only; not a PAIMANA, CUF, OCMS, or government record.",synthetic-agency-4,2023-02-15T00:00:00+00:00
47ce5e76-e58c-5765-91c1-dc11c3792884,0db9e4ec-9c40-5fa3-a52b-13f9531782f7,2023-03-01,189.24,76.86,36.72,2023-11-01,"Synthetic narrative for local development only; not a PAIMANA, CUF, OCMS, or government record.",synthetic-agency-4,2023-03-15T00:00:00+00:00
31b17e06-0f0e-50c0-b095-affe719c0ba7,0db9e4ec-9c40-5fa3-a52b-13f9531782f7,2023-04-01,191.55,90.26,38.13,2023-11-01,"Synthetic narrative for local development only; not a PAIMANA, CUF, OCMS, or government record.",synthetic-agency-4,2023-04-15T00:00:00+00:00
a518d109-8a6f-5a75-8c8c-def014fb72bf,0db9e4ec-9c40-5fa3-a52b-13f9531782f7,2023-05-01,193.86,108.17,47.11,2023-11-01,"Synthetic narrative for local development only; not a PAIMANA, CUF, OCMS, or government record.",synthetic-agency-4,2023-05-15T00:00:00+00:00
1e678f6a-d5a4-5fb0-a568-05e16ce6f2a1,0db9e4ec-9c40-5fa3-a52b-13f9531782f7,2023-06-01,196.17,101.09,55.33,2023-11-01,"Synthetic narrative for local development only; not a PAIMANA, CUF, OCMS, or government record.",synthetic-agency-4,2023-06-15T00:00:00+00:00
6a672af9-d549-51a2-93b0-bc1c1735c755,0db9e4ec-9c40-5fa3-a52b-13f9531782f7,2023-07-01,198.49,136.87,70.20,2023-11-01,"Synthetic narrative for local development only; not a PAIMANA, CUF, OCMS, or government record.",synthetic-agency-4,2023-07-15T00:00:00+00:00
df7230e9-bc63-5338-9aa7-1cf04bac1593,0db9e4ec-9c40-5fa3-a52b-13f9531782f7,2023-08-01,200.80,149.08,71.96,2023-11-01,"Synthetic narrative for local development only; not a PAIMANA, CUF, OCMS, or government record.",synthetic-agency-4,2023-08-15T00:00:00+00:00
f21a9d10-cb61-51ed-b3b4-a0da9eb46fed,0db9e4ec-9c40-5fa3-a52b-13f9531782f7,2023-09-01,203.11,180.76,86.77,2023-11-01,"Synthetic narrative for local development only; not a PAIMANA, CUF, OCMS, or government record.",synthetic-agency-4,2023-09-15T00:00:00+00:00
b2a8570d-0117-5e70-8bbd-9446272d4ed6,0db9e4ec-9c40-5fa3-a52b-13f9531782f7,2023-10-01,205.42,175.83,90.25,2023-11-01,"Synthetic narrative for local development only; not a PAIMANA, CUF, OCMS, or government record.",synthetic-agency-4,2023-10-15T00:00:00+00:00
0ac85563-ff9d-56f1-852f-300385af5ec8,0db9e4ec-9c40-5fa3-a52b-13f9531782f7,2023-11-01,207.73,217.38,98.55,2023-11-01,"Synthetic narrative for local development only; not a PAIMANA, CUF, OCMS, or government record.",synthetic-agency-4,2023-11-15T00:00:00+00:00
32f0e00e-7850-5129-8e89-cda6776b5e6e,6d69ebcc-687c-50d4-845e-0bf1a892d1f4,2023-02-01,1360.32,277.85,10.24,2024-01-01,"Synthetic narrative for local development only; not a PAIMANA, CUF, OCMS, or government record.",synthetic-agency-0,2023-02-15T00:00:00+00:00
0fde8d77-c475-540f-9070-8f4bdc88e9d5,6d69ebcc-687c-50d4-845e-0bf1a892d1f4,2023-03-01,1370.64,192.53,14.20,2024-01-01,"Synthetic narrative for local development only; not a PAIMANA, CUF, OCMS, or government record.",synthetic-agency-0,2023-03-15T00:00:00+00:00
d5848156-1ee1-52d6-8902-c8664ac01aa5,6d69ebcc-687c-50d4-845e-0bf1a892d1f4,2023-04-01,1380.96,441.20,25.41,2024-01-01,"Synthetic narrative for local development only; not a PAIMANA, CUF, OCMS, or government record.",synthetic-agency-0,2023-04-15T00:00:00+00:00
1323675a-ca4b-5f23-83b5-952c53662255,6d69ebcc-687c-50d4-845e-0bf1a892d1f4,2023-05-01,1391.28,388.51,30.44,2024-01-01,"Synthetic narrative for local development only; not a PAIMANA, CUF, OCMS, or government record.",synthetic-agency-0,2023-05-15T00:00:00+00:00
9e549d4e-5ad5-552a-b7d3-a2ade6134e41,6d69ebcc-687c-50d4-845e-0bf1a892d1f4,2023-06-01,1401.60,563.34,43.79,2024-01-01,"Synthetic narrative for local development only; not a PAIMANA, CUF, OCMS, or government record.",synthetic-agency-0,2023-06-15T00:00:00+00:00
600803f6-1124-5fe0-99d4-2f0c01460ea4,6d69ebcc-687c-50d4-845e-0bf1a892d1f4,2023-07-01,1411.91,894.66,52.87,2024-01-01,"Synthetic narrative for local development only; not a PAIMANA, CUF, OCMS, or government record.",synthetic-agency-0,2023-07-15T00:00:00+00:00
4b407c54-6ba8-536c-ad4a-19cf3dda2475,6d69ebcc-687c-50d4-845e-0bf1a892d1f4,2023-08-01,1422.23,989.48,57.99,2024-01-01,"Synthetic narrative for local development only; not a PAIMANA, CUF, OCMS, or government record.",synthetic-agency-0,2023-08-15T00:00:00+00:00
1afc9193-7237-5c75-ae28-26553aec19c8,6d69ebcc-687c-50d4-845e-0bf1a892d1f4,2023-09-01,1432.55,813.03,63.49,2024-01-01,"Synthetic narrative for local development only; not a PAIMANA, CUF, OCMS, or government record.",synthetic-agency-0,2023-09-15T00:00:00+00:00
f01fec09-a705-5383-b6ce-18a4d3ff5c7c,6d69ebcc-687c-50d4-845e-0bf1a892d1f4,2023-10-01,1442.87,1260.90,78.07,2024-01-01,"Synthetic narrative for local development only; not a PAIMANA, CUF, OCMS, or government record.",synthetic-agency-0,2023-10-15T00:00:00+00:00
67f1e9e6-1f0a-58a7-b3ad-8c832e317d57,6d69ebcc-687c-50d4-845e-0bf1a892d1f4,2023-11-01,1453.19,1110.98,84.38,2024-01-01,"Synthetic narrative for local development only; not a PAIMANA, CUF, OCMS, or government record.",synthetic-agency-0,2023-11-15T00:00:00+00:00
a3978c6c-8f46-512a-8901-f0d2141a83e9,6d69ebcc-687c-50d4-845e-0bf1a892d1f4,2023-12-01,1463.51,1317.90,91.08,2024-01-01,"Synthetic narrative for local development only; not a PAIMANA, CUF, OCMS, or government record.",synthetic-agency-0,2023-12-15T00:00:00+00:00
6413e52d-5dd8-5207-b25b-3a30d4186712,6d69ebcc-687c-50d4-845e-0bf1a892d1f4,2024-01-01,1473.83,1435.44,100.00,2024-01-01,"Synthetic narrative for local development only; not a PAIMANA, CUF, OCMS, or government record.",synthetic-agency-0,2024-01-15T00:00:00+00:00
687de279-b9d0-5e17-86ac-e195d71bf48a,37dd2812-3807-5631-a0b7-7c1172decb40,2023-04-01,772.87,99.15,9.22,2024-03-01,"Synthetic narrative for local development only; not a PAIMANA, CUF, OCMS, or government record.",synthetic-agency-1,2023-04-15T00:00:00+00:00
f85cf6d9-ccd6-59a9-8228-69ec21ac2615,37dd2812-3807-5631-a0b7-7c1172decb40,2023-05-01,785.75,220.36,17.55,2024-03-01,"Synthetic narrative for local development only; not a PAIMANA, CUF, OCMS, or government record.",synthetic-agency-1,2023-05-15T00:00:00+00:00
d96b9216-ae35-5383-8f17-a9e88980dbc8,37dd2812-3807-5631-a0b7-7c1172decb40,2023-06-01,798.62,181.34,28.57,2024-03-01,"Synthetic narrative for local development only; not a PAIMANA, CUF, OCMS, or government record.",synthetic-agency-1,2023-06-15T00:00:00+00:00
c80f65ff-aedd-5a9b-965f-821666feec0d,37dd2812-3807-5631-a0b7-7c1172decb40,2023-07-01,811.50,290.08,29.97,2024-03-01,"Synthetic narrative for local development only; not a PAIMANA, CUF, OCMS, or government record.",synthetic-agency-1,2023-07-15T00:00:00+00:00
902024d7-ab58-5524-bf07-673a66391143,37dd2812-3807-5631-a0b7-7c1172decb40,2023-08-01,824.37,396.03,42.62,2024-03-01,"Synthetic narrative for local development only; not a PAIMANA, CUF, OCMS, or government record.",synthetic-agency-1,2023-08-15T00:00:00+00:00
31f1f770-bb4e-5b11-bf9e-1e711d837077,37dd2812-3807-5631-a0b7-7c1172decb40,2023-09-01,837.25,390.16,50.93,2024-03-01,"Synthetic narrative for local development only; not a PAIMANA, CUF, OCMS, or government record.",synthetic-agency-1,2023-09-15T00:00:00+00:00
38064b5e-1fd0-5a2e-aadd-7ff2db425cbf,37dd2812-3807-5631-a0b7-7c1172decb40,2023-10-01,850.12,514.85,59.24,2024-03-01,"Synthetic narrative for local development only; not a PAIMANA, CUF, OCMS, or government record.",synthetic-agency-1,2023-10-15T00:00:00+00:00
254b6b50-8275-5ddb-afe7-24882c08fbb2,37dd2812-3807-5631-a0b7-7c1172decb40,2023-11-01,863.00,610.49,63.58,2024-03-01,"Synthetic narrative for local development only; not a PAIMANA, CUF, OCMS, or government record.",synthetic-agency-1,2023-11-15T00:00:00+00:00
c0c979d4-2fc5-538e-b3a3-a16e449813b4,37dd2812-3807-5631-a0b7-7c1172decb40,2023-12-01,875.87,720.26,77.76,2024-03-01,"Synthetic narrative for local development only; not a PAIMANA, CUF, OCMS, or government record.",synthetic-agency-1,2023-12-15T00:00:00+00:00
1f79db86-cd27-5605-945b-9d29ea030fad,37dd2812-3807-5631-a0b7-7c1172decb40,2024-01-01,888.75,760.49,85.35,2024-03-01,"Synthetic narrative for local development only; not a PAIMANA, CUF, OCMS, or government record.",synthetic-agency-1,2024-01-15T00:00:00+00:00
ac4f3195-eb73-5b79-8891-6a37be3513e7,37dd2812-3807-5631-a0b7-7c1172decb40,2024-02-01,901.62,900.69,95.24,2024-03-01,"Synthetic narrative for local development only; not a PAIMANA, CUF, OCMS, or government record.",synthetic-agency-1,2024-02-15T00:00:00+00:00
44309003-cabe-555d-a5f0-8210c92fa575,37dd2812-3807-5631-a0b7-7c1172decb40,2024-03-01,914.50,984.95,98.41,2024-03-01,"Synthetic narrative for local development only; not a PAIMANA, CUF, OCMS, or government record.",synthetic-agency-1,2024-03-15T00:00:00+00:00
473a3822-6807-5867-bd8d-c3ad75462700,4c12b3c7-1d96-5b2b-b4c0-7af2e3c1fe5c,2023-06-01,3878.59,556.02,5.41,2024-05-01,"Synthetic narrative for local development only; not a PAIMANA, CUF, OCMS, or government record.",synthetic-agency-2,2023-06-15T00:00:00+00:00
1548971b-26b1-5521-995e-5f08e2e521d7,4c12b3c7-1d96-5b2b-b4c0-7af2e3c1fe5c,2023-07-01,3957.18,729.36,20.30,2024-05-01,"Synthetic narrative for local development only; not a PAIMANA, CUF, OCMS, or government record.",synthetic-agency-2,2023-07-15T00:00:00+00:00
15c63651-5779-57d8-ad73-1ad9c50ce144,4c12b3c7-1d96-5b2b-b4c0-7af2e3c1fe5c,2023-08-01,4035.76,974.24,25.71,2024-05-01,"Synthetic narrative for local development only; not a PAIMANA, CUF, OCMS, or government record.",synthetic-agency-2,2023-08-15T00:00:00+00:00
c0336f12-7343-5fb4-a439-2ffb1ac299ea,4c12b3c7-1d96-5b2b-b4c0-7af2e3c1fe5c,2023-09-01,4114.35,1344.66,31.60,2024-05-01,"Synthetic narrative for local development only; not a PAIMANA, CUF, OCMS, or government record.",synthetic-agency-2,2023-09-15T00:00:00+00:00
6995786f-0523-5eef-b7f6-c150e1add75c,4c12b3c7-1d96-5b2b-b4c0-7af2e3c1fe5c,2023-10-01,4192.94,1856.21,42.26,2024-05-01,"Synthetic narrative for local development only; not a PAIMANA, CUF, OCMS, or government record.",synthetic-agency-2,2023-10-15T00:00:00+00:00
3843834a-e3e9-5f61-abe4-0135b214b2d4,4c12b3c7-1d96-5b2b-b4c0-7af2e3c1fe5c,2023-11-01,4271.53,2465.59,48.56,2024-05-01,"Synthetic narrative for local development only; not a PAIMANA, CUF, OCMS, or government record.",synthetic-agency-2,2023-11-15T00:00:00+00:00
70016e32-1d8d-5566-a63d-b17ac56e3424,4c12b3c7-1d96-5b2b-b4c0-7af2e3c1fe5c,2023-12-01,4350.12,2499.48,57.56,2024-05-01,"Synthetic narrative for local development only; not a PAIMANA, CUF, OCMS, or government record.",synthetic-agency-2,2023-12-15T00:00:00+00:00
c7fb3ff0-d540-567f-843e-e44ade6bc85d,4c12b3c7-1d96-5b2b-b4c0-7af2e3c1fe5c,2024-01-01,4428.70,3064.21,64.85,2024-05-01,"Synthetic narrative for local development only; not a PAIMANA, CUF, OCMS, or government record.",synthetic-agency-2,2024-01-15T00:00:00+00:00
7fe94369-7914-5ce6-a336-7e5471075d58,4c12b3c7-1d96-5b2b-b4c0-7af2e3c1fe5c,2024-02-01,4507.29,3414.40,72.95,2024-05-01,"Synthetic narrative for local development only; not a PAIMANA, CUF, OCMS, or government record.",synthetic-agency-2,2024-02-15T00:00:00+00:00
83409df3-6439-5612-be31-739ebea250ef,4c12b3c7-1d96-5b2b-b4c0-7af2e3c1fe5c,2024-03-01,4585.88,4399.44,84.55,2024-05-01,"Synthetic narrative for local development only; not a PAIMANA, CUF, OCMS, or government record.",synthetic-agency-2,2024-03-15T00:00:00+00:00
fb163d1e-f8e9-5e65-bcca-1a918057e570,4c12b3c7-1d96-5b2b-b4c0-7af2e3c1fe5c,2024-04-01,4664.47,4171.45,94.62,2024-05-01,"Synthetic narrative for local development only; not a PAIMANA, CUF, OCMS, or government record.",synthetic-agency-2,2024-04-15T00:00:00+00:00
a284f955-f537-5667-8022-c2cba34eeb12,4c12b3c7-1d96-5b2b-b4c0-7af2e3c1fe5c,2024-05-01,4743.06,4866.17,97.32,2024-05-01,"Synthetic narrative for local development only; not a PAIMANA, CUF, OCMS, or government record.",synthetic-agency-2,2024-05-15T00:00:00+00:00
d06306df-9c39-5e0f-8e0e-8f0e9abd4b63,1a7b8f43-b38f-5bf5-8fce-bbe344f14096,2023-08-01,425.21,0.00,5.01,2024-07-01,"Synthetic narrative for local development only; not a PAIMANA, CUF, OCMS, or government record.",synthetic-agency-3,2023-08-15T00:00:00+00:00
32a0d42f-38fa-5306-84f0-1656e711eaad,1a7b8f43-b38f-5bf5-8fce-bbe344f14096,2023-09-01,430.41,109.23,19.55,2024-07-01,"Synthetic narrative for local development only; not a PAIMANA, CUF, OCMS, or government record.",synthetic-agency-3,2023-09-15T00:00:00+00:00
9c804c7d-b394-5a7c-869d-c3fedc5868d0,1a7b8f43-b38f-5bf5-8fce-bbe344f14096,2023-10-01,435.62,100.04,21.75,2024-07-01,"Synthetic narrative for local development only; not a PAIMANA, CUF, OCMS, or government record.",synthetic-agency-3,2023-10-15T00:00:00+00:00
7010de42-4d38-5479-8eed-9f2e53daa6f4,1a7b8f43-b38f-5bf5-8fce-bbe344f14096,2023-11-01,440.83,133.47,35.42,2024-07-01,"Synthetic narrative for local development only; not a PAIMANA, CUF, OCMS, or government record.",synthetic-agency-3,2023-11-15T00:00:00+00:00
b5337666-7310-5b07-afa6-d50ba0c03c86,1a7b8f43-b38f-5bf5-8fce-bbe344f14096,2023-12-01,446.04,232.98,41.87,2024-07-01,"Synthetic narrative for local development only; not a PAIMANA, CUF, OCMS, or government record.",synthetic-agency-3,2023-12-15T00:00:00+00:00
8b0248ab-c4cc-5751-844f-d513f891bf7e,1a7b8f43-b38f-5bf5-8fce-bbe344f14096,2024-01-01,451.24,198.05,50.24,2024-07-01,"Synthetic narrative for local development only; not a PAIMANA, CUF, OCMS, or government record.",synthetic-agency-3,2024-01-15T00:00:00+00:00
c23c9a39-37d2-5b7c-b81e-29c52feffe8f,1a7b8f43-b38f-5bf5-8fce-bbe344f14096,2024-02-01,456.45,301.91,55.75,2024-07-01,"Synthetic narrative for local development only; not a PAIMANA, CUF, OCMS, or government record.",synthetic-agency-3,2024-02-15T00:00:00+00:00
e0c466f8-84de-5243-95a1-0bb4fe8c3bee,1a7b8f43-b38f-5bf5-8fce-bbe344f14096,2024-03-01,461.66,262.14,63.59,2024-07-01,"Synthetic narrative for local development only; not a PAIMANA, CUF, OCMS, or government record.",synthetic-agency-3,2024-03-15T00:00:00+00:00
d7983f01-e7b8-5082-8512-8d2f1da76de2,1a7b8f43-b38f-5bf5-8fce-bbe344f14096,2024-04-01,466.87,401.72,75.69,2024-07-01,"Synthetic narrative for local development only; not a PAIMANA, CUF, OCMS, or government record.",synthetic-agency-3,2024-04-15T00:00:00+00:00
f66d7f5d-7a3d-5ea3-bda2-c584336dc7ca,1a7b8f43-b38f-5bf5-8fce-bbe344f14096,2024-05-01,472.07,413.09,83.64,2024-07-01,"Synthetic narrative for local development only; not a PAIMANA, CUF, OCMS, or government record.",synthetic-agency-3,2024-05-15T00:00:00+00:00
2595a494-d72e-537c-ba96-482264f289d9,1a7b8f43-b38f-5bf5-8fce-bbe344f14096,2024-06-01,477.28,410.16,91.25,2024-07-01,"Synthetic narrative for local development only; not a PAIMANA, CUF, OCMS, or government record.",synthetic-agency-3,2024-06-15T00:00:00+00:00
a2c6c353-f08c-5023-baf4-681b3f38ea66,1a7b8f43-b38f-5bf5-8fce-bbe344f14096,2024-07-01,482.49,488.54,97.79,2024-07-01,"Synthetic narrative for local development only; not a PAIMANA, CUF, OCMS, or government record.",synthetic-agency-3,2024-07-15T00:00:00+00:00
4ef9a7d9-c9cb-511c-ad2f-063f3be814fc,155936f1-5719-5d99-bdb3-03c4e135639d,2023-10-01,259.91,4.26,4.73,2024-09-01,"Synthetic narrative for local development only; not a PAIMANA, CUF, OCMS, or government record.",synthetic-agency-4,2023-10-15T00:00:00+00:00
976e7270-4b14-5ad5-9942-f55380fff84d,155936f1-5719-5d99-bdb3-03c4e135639d,2023-11-01,259.82,63.52,13.38,2024-09-01,"Synthetic narrative for local development only; not a PAIMANA, CUF, OCMS, or government record.",synthetic-agency-4,2023-11-15T00:00:00+00:00
0988dbe1-4bb5-523e-913b-c51acd2a01fb,155936f1-5719-5d99-bdb3-03c4e135639d,2023-12-01,259.73,53.03,25.26,2024-09-01,"Synthetic narrative for local development only; not a PAIMANA, CUF, OCMS, or government record.",synthetic-agency-4,2023-12-15T00:00:00+00:00
313e567a-5c01-5881-b81b-5cb3ea32a599,155936f1-5719-5d99-bdb3-03c4e135639d,2024-01-01,259.64,80.51,30.08,2024-09-01,"Synthetic narrative for local development only; not a PAIMANA, CUF, OCMS, or government record.",synthetic-agency-4,2024-01-15T00:00:00+00:00
c988b825-4a98-5783-88cb-71cea63e13da,155936f1-5719-5d99-bdb3-03c4e135639d,2024-02-01,259.56,89.32,40.97,2024-09-01,"Synthetic narrative for local development only; not a PAIMANA, CUF, OCMS, or government record.",synthetic-agency-4,2024-02-15T00:00:00+00:00
cb5a4abf-db31-5051-a859-477d8c1cbfe2,155936f1-5719-5d99-bdb3-03c4e135639d,2024-03-01,259.47,117.50,46.51,2024-09-01,"Synthetic narrative for local development only; not a PAIMANA, CUF, OCMS, or government record.",synthetic-agency-4,2024-03-15T00:00:00+00:00
95b8f8b2-b9f1-56b2-80dc-bd7aba30abe7,155936f1-5719-5d99-bdb3-03c4e135639d,2024-04-01,259.38,186.23,61.95,2024-09-01,"Synthetic narrative for local development only; not a PAIMANA, CUF, OCMS, or government record.",synthetic-agency-4,2024-04-15T00:00:00+00:00
0c71535d-b820-5fee-89b7-9f1bd044b4fe,155936f1-5719-5d99-bdb3-03c4e135639d,2024-05-01,259.29,168.95,65.34,2024-09-01,"Synthetic narrative for local development only; not a PAIMANA, CUF, OCMS, or government record.",synthetic-agency-4,2024-05-15T00:00:00+00:00
fdc80541-ae20-5d36-9972-5407a8edf070,155936f1-5719-5d99-bdb3-03c4e135639d,2024-06-01,259.20,211.71,74.50,2024-09-01,"Synthetic narrative for local development only; not a PAIMANA, CUF, OCMS, or government record.",synthetic-agency-4,2024-06-15T00:00:00+00:00
81af74ff-fa5b-5105-99d9-75d63a61492f,155936f1-5719-5d99-bdb3-03c4e135639d,2024-07-01,259.11,235.08,81.83,2024-09-01,"Synthetic narrative for local development only; not a PAIMANA, CUF, OCMS, or government record.",synthetic-agency-4,2024-07-15T00:00:00+00:00
2656d71d-54db-580e-adfe-a1390670f2ba,155936f1-5719-5d99-bdb3-03c4e135639d,2024-08-01,259.02,270.48,94.89,2024-09-01,"Synthetic narrative for local development only; not a PAIMANA, CUF, OCMS, or government record.",synthetic-agency-4,2024-08-15T00:00:00+00:00
0c87a2f0-545c-584a-9c60-18db6a313c68,155936f1-5719-5d99-bdb3-03c4e135639d,2024-09-01,258.93,279.48,98.39,2024-09-01,"Synthetic narrative for local development only; not a PAIMANA, CUF, OCMS, or government record.",synthetic-agency-4,2024-09-15T00:00:00+00:00
8c6797f4-85d2-59d1-b7a7-503dadd49588,6fd58218-253e-584f-a781-a4d642e21fa4,2023-12-01,2282.08,465.09,10.64,2024-11-01,"Synthetic narrative for local development only; not a PAIMANA, CUF, OCMS, or government record.",synthetic-agency-0,2023-12-15T00:00:00+00:00
a8ef87f2-3747-598a-b269-609c3bf819de,6fd58218-253e-584f-a781-a4d642e21fa4,2024-01-01,2314.16,184.70,14.98,2024-11-01,"Synthetic narrative for local development only; not a PAIMANA, CUF, OCMS, or government record.",synthetic-agency-0,2024-01-15T00:00:00+00:00
f8c1fff7-e2c5-5cc0-9e11-2dca319e4a72,6fd58218-253e-584f-a781-a4d642e21fa4,2024-02-01,2346.24,533.16,24.87,2024-11-01,"Synthetic narrative for local development only; not a PAIMANA, CUF, OCMS, or government record.",synthetic-agency-0,2024-02-15T00:00:00+00:00
6330ce5e-4771-5859-a2d0-b397d60fcb86,6fd58218-253e-584f-a781-a4d642e21fa4,2024-03-01,2378.32,730.52,36.40,2024-11-01,"Synthetic narrative for local development only; not a PAIMANA, CUF, OCMS, or government record.",synthetic-agency-0,2024-03-15T00:00:00+00:00
28ece5ce-ee52-5552-9153-fea2ca4737cc,6fd58218-253e-584f-a781-a4d642e21fa4,2024-04-01,2410.39,1175.68,39.78,2024-11-01,"Synthetic narrative for local development only; not a PAIMANA, CUF, OCMS, or government record.",synthetic-agency-0,2024-04-15T00:00:00+00:00
ec23b8a9-24e0-5958-8e6d-ebddb981f013,6fd58218-253e-584f-a781-a4d642e21fa4,2024-05-01,2442.47,1454.87,49.13,2024-11-01,"Synthetic narrative for local development only; not a PAIMANA, CUF, OCMS, or government record.",synthetic-agency-0,2024-05-15T00:00:00+00:00
86053a42-4185-51a8-becf-719e27fa70f2,6fd58218-253e-584f-a781-a4d642e21fa4,2024-06-01,2474.55,1486.91,55.95,2024-11-01,"Synthetic narrative for local development only; not a PAIMANA, CUF, OCMS, or government record.",synthetic-agency-0,2024-06-15T00:00:00+00:00
baef589e-3432-53b6-94c6-4267ef156472,6fd58218-253e-584f-a781-a4d642e21fa4,2024-07-01,2506.63,1702.62,65.81,2024-11-01,"Synthetic narrative for local development only; not a PAIMANA, CUF, OCMS, or government record.",synthetic-agency-0,2024-07-15T00:00:00+00:00
6e646ac2-aaff-5551-b87f-5d855910c8ad,6fd58218-253e-584f-a781-a4d642e21fa4,2024-08-01,2538.71,1776.61,74.61,2024-11-01,"Synthetic narrative for local development only; not a PAIMANA, CUF, OCMS, or government record.",synthetic-agency-0,2024-08-15T00:00:00+00:00
b54d6466-64c1-5305-8fd0-d8f3367bf6b9,6fd58218-253e-584f-a781-a4d642e21fa4,2024-09-01,2570.79,2394.92,87.25,2024-11-01,"Synthetic narrative for local development only; not a PAIMANA, CUF, OCMS, or government record.",synthetic-agency-0,2024-09-15T00:00:00+00:00
ca5da4ad-d3b0-5e8b-8567-ce630c23776f,6fd58218-253e-584f-a781-a4d642e21fa4,2024-10-01,2602.87,2523.57,92.70,2024-11-01,"Synthetic narrative for local development only; not a PAIMANA, CUF, OCMS, or government record.",synthetic-agency-0,2024-10-15T00:00:00+00:00
cb4686d1-39fa-501f-8c62-83ed51ae8512,6fd58218-253e-584f-a781-a4d642e21fa4,2024-11-01,2634.95,2591.74,98.52,2024-11-01,"Synthetic narrative for local development only; not a PAIMANA, CUF, OCMS, or government record.",synthetic-agency-0,2024-11-15T00:00:00+00:00
a8c15977-38a5-5d08-9e67-4168fc50abaf,6c5d571c-d2fa-5c39-a393-74dcec3b679c,2024-02-01,423.13,14.53,9.97,2025-01-01,"Synthetic narrative for local development only; not a PAIMANA, CUF, OCMS, or government record.",synthetic-agency-1,2024-02-15T00:00:00+00:00
06336938-af4e-5329-a6b5-21ad48bc7c73,6c5d571c-d2fa-5c39-a393-74dcec3b679c,2024-03-01,426.26,76.63,14.88,2025-01-01,"Synthetic narrative for local development only; not a PAIMANA, CUF, OCMS, or government record.",synthetic-agency-1,2024-03-15T00:00:00+00:00
60769e2d-3963-5881-b52a-f91f41de1a3f,6c5d571c-d2fa-5c39-a393-74dcec3b679c,2024-04-01,429.39,91.96,23.33,2025-01-01,"Synthetic narrative for local development only; not a PAIMANA, CUF, OCMS, or government record.",synthetic-agency-1,2024-04-15T00:00:00+00:00
eb3f24b7-472b-5287-8fe5-b37040720093,6c5d571c-d2fa-5c39-a393-74dcec3b679c,2024-05-01,432.52,100.86,30.38,2025-01-01,"Synthetic narrative for local development only; not a PAIMANA, CUF, OCMS, or government record.",synthetic-agency-1,2024-05-15T00:00:00+00:00
6aeefc5f-1c2f-5260-8447-2e8d9d7f1411,6c5d571c-d2fa-5c39-a393-74dcec3b679c,2024-06-01,435.65,213.29,39.03,2025-01-01,"Synthetic narrative for local development only; not a PAIMANA, CUF, OCMS, or government record.",synthetic-agency-1,2024-06-15T00:00:00+00:00
384331ea-47d7-52ab-84fd-c0b319632758,6c5d571c-d2fa-5c39-a393-74dcec3b679c,2024-07-01,438.78,229.91,48.54,2025-01-01,"Synthetic narrative for local development only; not a PAIMANA, CUF, OCMS, or government record.",synthetic-agency-1,2024-07-15T00:00:00+00:00
32804ba1-792f-5299-814f-ad7d560ee884,6c5d571c-d2fa-5c39-a393-74dcec3b679c,2024-08-01,441.91,224.73,57.29,2025-01-01,"Synthetic narrative for local development only; not a PAIMANA, CUF, OCMS, or government record.",synthetic-agency-1,2024-08-15T00:00:00+00:00
df7dda52-42fe-5189-93c8-eac18c3439da,6c5d571c-d2fa-5c39-a393-74dcec3b679c,2024-09-01,445.04,357.01,70.65,2025-01-01,"Synthetic narrative for local development only; not a PAIMANA, CUF, OCMS, or government record.",synthetic-agency-1,2024-09-15T00:00:00+00:00
8d4691fe-9f18-5e6c-9da6-80fc7de2f23c,6c5d571c-d2fa-5c39-a393-74dcec3b679c,2024-10-01,448.17,347.34,71.48,2025-01-01,"Synthetic narrative for local development only; not a PAIMANA, CUF, OCMS, or government record.",synthetic-agency-1,2024-10-15T00:00:00+00:00
37ff589d-626e-527f-b7dc-9bfbb8b313e2,6c5d571c-d2fa-5c39-a393-74dcec3b679c,2024-11-01,451.30,352.29,82.52,2025-01-01,"Synthetic narrative for local development only; not a PAIMANA, CUF, OCMS, or government record.",synthetic-agency-1,2024-11-15T00:00:00+00:00
be5f3d15-0fa5-5c20-9853-79794660d45f,6c5d571c-d2fa-5c39-a393-74dcec3b679c,2024-12-01,454.43,382.87,91.87,2025-01-01,"Synthetic narrative for local development only; not a PAIMANA, CUF, OCMS, or government record.",synthetic-agency-1,2024-12-15T00:00:00+00:00
3388ccb8-f7f4-554e-ab6a-52165fcf5abf,6c5d571c-d2fa-5c39-a393-74dcec3b679c,2025-01-01,457.56,435.27,100.00,2025-01-01,"Synthetic narrative for local development only; not a PAIMANA, CUF, OCMS, or government record.",synthetic-agency-1,2025-01-15T00:00:00+00:00
bbb023c5-a422-5d94-a67d-d03896f850d4,6531b384-8c7f-51d2-ba71-cf43a2cb3398,2024-04-01,422.25,0.00,6.27,2025-03-01,"Synthetic narrative for local development only; not a PAIMANA, CUF, OCMS, or government record.",synthetic-agency-2,2024-04-15T00:00:00+00:00
e0201f3c-027d-5fa0-9e6a-15b891d0c967,6531b384-8c7f-51d2-ba71-cf43a2cb3398,2024-05-01,424.50,63.33,17.41,2025-03-01,"Synthetic narrative for local development only; not a PAIMANA, CUF, OCMS, or government record.",synthetic-agency-2,2024-05-15T00:00:00+00:00
1f3a97a6-dfe6-55cd-9639-1bfb93bc442f,6531b384-8c7f-51d2-ba71-cf43a2cb3398,2024-06-01,426.75,110.27,24.24,2025-03-01,"Synthetic narrative for local development only; not a PAIMANA, CUF, OCMS, or government record.",synthetic-agency-2,2024-06-15T00:00:00+00:00
1acdfb5a-ac97-5b39-a264-b19d29d12e3a,6531b384-8c7f-51d2-ba71-cf43a2cb3398,2024-07-01,429.00,144.21,34.06,2025-03-01,"Synthetic narrative for local development only; not a PAIMANA, CUF, OCMS, or government record.",synthetic-agency-2,2024-07-15T00:00:00+00:00
82b015cf-5543-5d7f-8475-75e5d64cd6aa,6531b384-8c7f-51d2-ba71-cf43a2cb3398,2024-08-01,431.25,214.57,38.83,2025-03-01,"Synthetic narrative for local development only; not a PAIMANA, CUF, OCMS, or government record.",synthetic-agency-2,2024-08-15T00:00:00+00:00
5aa65301-d38f-57af-b6f4-964affa86706,6531b384-8c7f-51d2-ba71-cf43a2cb3398,2024-09-01,433.51,236.08,53.88,2025-03-01,"Synthetic narrative for local development only; not a PAIMANA, CUF, OCMS, or government record.",synthetic-agency-2,2024-09-15T00:00:00+00:00
596617c8-26a1-5ad0-b21a-6364a5824cb1,6531b384-8c7f-51d2-ba71-cf43a2cb3398,2024-10-01,435.76,296.97,56.17,2025-03-01,"Synthetic narrative for local development only; not a PAIMANA, CUF, OCMS, or government record.",synthetic-agency-2,2024-10-15T00:00:00+00:00
82814175-39ab-5bb7-ad08-b4eab380d7c9,6531b384-8c7f-51d2-ba71-cf43a2cb3398,2024-11-01,438.01,300.17,68.02,2025-03-01,"Synthetic narrative for local development only; not a PAIMANA, CUF, OCMS, or government record.",synthetic-agency-2,2024-11-15T00:00:00+00:00
1734fad2-6ba5-5f41-af90-94be7af4d64b,6531b384-8c7f-51d2-ba71-cf43a2cb3398,2024-12-01,440.26,306.50,77.10,2025-03-01,"Synthetic narrative for local development only; not a PAIMANA, CUF, OCMS, or government record.",synthetic-agency-2,2024-12-15T00:00:00+00:00
9f337ad0-2d81-53be-86c6-ab5e02b59573,6531b384-8c7f-51d2-ba71-cf43a2cb3398,2025-01-01,442.51,335.41,80.77,2025-03-01,"Synthetic narrative for local development only; not a PAIMANA, CUF, OCMS, or government record.",synthetic-agency-2,2025-01-15T00:00:00+00:00
0ec9275c-d041-532f-a760-f650e9bf67ba,6531b384-8c7f-51d2-ba71-cf43a2cb3398,2025-02-01,444.76,381.89,91.44,2025-03-01,"Synthetic narrative for local development only; not a PAIMANA, CUF, OCMS, or government record.",synthetic-agency-2,2025-02-15T00:00:00+00:00
4dd4e575-0247-5868-967d-ff890918d695,6531b384-8c7f-51d2-ba71-cf43a2cb3398,2025-03-01,447.01,482.73,100.00,2025-03-01,"Synthetic narrative for local development only; not a PAIMANA, CUF, OCMS, or government record.",synthetic-agency-2,2025-03-15T00:00:00+00:00
6d27d508-0b6f-5f5e-bb9b-f27acb3f0f75,6caf73de-54a9-50c6-9214-3e1005c46d1a,2024-06-01,2288.71,364.63,8.99,2025-05-01,"Synthetic narrative for local development only; not a PAIMANA, CUF, OCMS, or government record.",synthetic-agency-3,2024-06-15T00:00:00+00:00
7a2d4148-6136-553d-bad6-4345eed0540f,6caf73de-54a9-50c6-9214-3e1005c46d1a,2024-07-01,2327.43,648.14,18.22,2025-05-01,"Synthetic narrative for local development only; not a PAIMANA, CUF, OCMS, or government record.",synthetic-agency-3,2024-07-15T00:00:00+00:00
29b3ceb0-3e19-51e8-8ab2-fc52ceb95677,6caf73de-54a9-50c6-9214-3e1005c46d1a,2024-08-01,2366.14,663.11,22.10,2025-05-01,"Synthetic narrative for local development only; not a PAIMANA, CUF, OCMS, or government record.",synthetic-agency-3,2024-08-15T00:00:00+00:00
19f21a72-e905-5df4-adb2-9d730efa2feb,6caf73de-54a9-50c6-9214-3e1005c46d1a,2024-09-01,2404.86,899.09,35.13,2025-05-01,"Synthetic narrative for local development only; not a PAIMANA, CUF, OCMS, or government record.",synthetic-agency-3,2024-09-15T00:00:00+00:00
4bd32647-f680-518a-a2dc-2d13fa25ea86,6caf73de-54a9-50c6-9214-3e1005c46d1a,2024-10-01,2443.57,1241.16,41.48,2025-05-01,"Synthetic narrative for local development only; not a PAIMANA, CUF, OCMS, or government record.",synthetic-agency-3,2024-10-15T00:00:00+00:00
31b9f12a-2cf1-564f-aafe-c04f3165bb4e,6caf73de-54a9-50c6-9214-3e1005c46d1a,2024-11-01,2482.28,1155.62,49.56,2025-05-01,"Synthetic narrative for local development only; not a PAIMANA, CUF, OCMS, or government record.",synthetic-agency-3,2024-11-15T00:00:00+00:00
e8051e40-c370-5d6f-9a0b-2dda17cdabba,6caf73de-54a9-50c6-9214-3e1005c46d1a,2024-12-01,2521.00,1524.39,62.04,2025-05-01,"Synthetic narrative for local development only; not a PAIMANA, CUF, OCMS, or government record.",synthetic-agency-3,2024-12-15T00:00:00+00:00
266d7697-b608-5e86-98d7-5e597b49c84e,6caf73de-54a9-50c6-9214-3e1005c46d1a,2025-01-01,2559.71,1557.37,65.72,2025-05-01,"Synthetic narrative for local development only; not a PAIMANA, CUF, OCMS, or government record.",synthetic-agency-3,2025-01-15T00:00:00+00:00
539f852d-49f4-5b8c-be26-3142cb5881c7,6caf73de-54a9-50c6-9214-3e1005c46d1a,2025-02-01,2598.43,2193.11,74.45,2025-05-01,"Synthetic narrative for local development only; not a PAIMANA, CUF, OCMS, or government record.",synthetic-agency-3,2025-02-15T00:00:00+00:00
0c84c13a-dae3-54ee-b7a4-be0441e8425f,6caf73de-54a9-50c6-9214-3e1005c46d1a,2025-03-01,2637.14,2239.18,85.90,2025-05-01,"Synthetic narrative for local development only; not a PAIMANA, CUF, OCMS, or government record.",synthetic-agency-3,2025-03-15T00:00:00+00:00
5368cf1e-82fd-5337-b7e4-2593c07383ae,6caf73de-54a9-50c6-9214-3e1005c46d1a,2025-04-01,2675.85,2241.61,90.57,2025-05-01,"Synthetic narrative for local development only; not a PAIMANA, CUF, OCMS, or government record.",synthetic-agency-3,2025-04-15T00:00:00+00:00
d6a16873-0492-55b1-9ccc-e6621116762c,6caf73de-54a9-50c6-9214-3e1005c46d1a,2025-05-01,2714.57,2943.84,98.61,2025-05-01,"Synthetic narrative for local development only; not a PAIMANA, CUF, OCMS, or government record.",synthetic-agency-3,2025-05-15T00:00:00+00:00
72121f81-21d0-562c-8232-db2396b82a9f,86b79681-e617-56bc-8fe9-6aad291a1b1d,2024-08-01,2251.00,362.01,8.29,2025-07-01,"Synthetic narrative for local development only; not a PAIMANA, CUF, OCMS, or government record.",synthetic-agency-4,2024-08-15T00:00:00+00:00
3b05bc3e-85cd-5ddd-bebc-60e6c470f01d,86b79681-e617-56bc-8fe9-6aad291a1b1d,2024-09-01,2252.00,264.18,14.63,2025-07-01,"Synthetic narrative for local development only; not a PAIMANA, CUF, OCMS, or government record.",synthetic-agency-4,2024-09-15T00:00:00+00:00
bde935ff-c48e-56dd-ae45-c39d8cc65075,86b79681-e617-56bc-8fe9-6aad291a1b1d,2024-10-01,2252.99,457.37,27.70,2025-07-01,"Synthetic narrative for local development only; not a PAIMANA, CUF, OCMS, or government record.",synthetic-agency-4,2024-10-15T00:00:00+00:00
95beca9d-b525-50a5-bc66-244bb51b8f42,86b79681-e617-56bc-8fe9-6aad291a1b1d,2024-11-01,2253.99,807.24,32.30,2025-07-01,"Synthetic narrative for local development only; not a PAIMANA, CUF, OCMS, or government record.",synthetic-agency-4,2024-11-15T00:00:00+00:00
db67927c-ca40-522c-a037-300e924909b2,86b79681-e617-56bc-8fe9-6aad291a1b1d,2024-12-01,2254.99,727.81,39.90,2025-07-01,"Synthetic narrative for local development only; not a PAIMANA, CUF, OCMS, or government record.",synthetic-agency-4,2024-12-15T00:00:00+00:00
6147865a-f463-52d6-abc3-02a0929165cd,86b79681-e617-56bc-8fe9-6aad291a1b1d,2025-01-01,2255.99,1272.77,47.47,2025-07-01,"Synthetic narrative for local development only; not a PAIMANA, CUF, OCMS, or government record.",synthetic-agency-4,2025-01-15T00:00:00+00:00
e7fb04df-3572-5d59-9cd0-d14f6c2069d3,86b79681-e617-56bc-8fe9-6aad291a1b1d,2025-02-01,2256.98,1355.36,59.60,2025-07-01,"Synthetic narrative for local development only; not a PAIMANA, CUF, OCMS, or government record.",synthetic-agency-4,2025-02-15T00:00:00+00:00
b8fc86c9-b965-5859-ae0b-f6d5ecec5e14,86b79681-e617-56bc-8fe9-6aad291a1b1d,2025-03-01,2257.98,1694.77,70.06,2025-07-01,"Synthetic narrative for local development only; not a PAIMANA, CUF, OCMS, or government record.",synthetic-agency-4,2025-03-15T00:00:00+00:00
6c1dcec8-4485-59fd-ad1b-f5f05658ef75,86b79681-e617-56bc-8fe9-6aad291a1b1d,2025-04-01,2258.98,1729.30,75.74,2025-07-01,"Synthetic narrative for local development only; not a PAIMANA, CUF, OCMS, or government record.",synthetic-agency-4,2025-04-15T00:00:00+00:00
2e412828-9825-52cd-927e-fb1d9aabecad,86b79681-e617-56bc-8fe9-6aad291a1b1d,2025-05-01,2259.98,1985.91,83.86,2025-07-01,"Synthetic narrative for local development only; not a PAIMANA, CUF, OCMS, or government record.",synthetic-agency-4,2025-05-15T00:00:00+00:00
eadb119b-0117-5cdc-b9cf-f775401fd094,86b79681-e617-56bc-8fe9-6aad291a1b1d,2025-06-01,2260.98,2184.61,94.65,2025-07-01,"Synthetic narrative for local development only; not a PAIMANA, CUF, OCMS, or government record.",synthetic-agency-4,2025-06-15T00:00:00+00:00
0d2f7897-fa32-56f7-8abe-394078ffd845,86b79681-e617-56bc-8fe9-6aad291a1b1d,2025-07-01,2261.97,2359.49,98.34,2025-07-01,"Synthetic narrative for local development only; not a PAIMANA, CUF, OCMS, or government record.",synthetic-agency-4,2025-07-15T00:00:00+00:00
eeb289a2-b8c2-5b1a-b3b2-92cb1118d497,73e5f799-ff6f-52c7-9a49-64cd54a0b759,2024-10-01,2299.58,211.23,12.17,2025-09-01,"Synthetic narrative for local development only; not a PAIMANA, CUF, OCMS, or government record.",synthetic-agency-0,2024-10-15T00:00:00+00:00
df2ac582-ffa5-5903-8ab2-29d3b590f651,73e5f799-ff6f-52c7-9a49-64cd54a0b759,2024-11-01,2349.15,328.59,18.86,2025-09-01,"Synthetic narrative for local development only; not a PAIMANA, CUF, OCMS, or government record.",synthetic-agency-0,2024-11-15T00:00:00+00:00
e3178e00-1168-59bc-9305-0b08baec87d0,73e5f799-ff6f-52c7-9a49-64cd54a0b759,2024-12-01,2398.73,598.12,22.38,2025-09-01,"Synthetic narrative for local development only; not a PAIMANA, CUF, OCMS, or government record.",synthetic-agency-0,2024-12-15T00:00:00+00:00
64d358a1-9813-542e-b2e0-ce2c1d350761,73e5f799-ff6f-52c7-9a49-64cd54a0b759,2025-01-01,2448.31,708.77,34.81,2025-09-01,"Synthetic narrative for local development only; not a PAIMANA, CUF, OCMS, or government record.",synthetic-agency-0,2025-01-15T00:00:00+00:00
9ae863de-4956-5e86-a0a4-f80516486791,73e5f799-ff6f-52c7-9a49-64cd54a0b759,2025-02-01,2497.89,1056.56,40.63,2025-09-01,"Synthetic narrative for local development only; not a PAIMANA, CUF, OCMS, or government record.",synthetic-agency-0,2025-02-15T00:00:00+00:00
f096e359-89e0-5220-b1c3-a43a40aeb19f,73e5f799-ff6f-52c7-9a49-64cd54a0b759,2025-03-01,2547.46,1492.13,52.29,2025-09-01,"Synthetic narrative for local development only; not a PAIMANA, CUF, OCMS, or government record.",synthetic-agency-0,2025-03-15T00:00:00+00:00
c2714ddf-84b8-540e-8558-bfa62cb916fc,73e5f799-ff6f-52c7-9a49-64cd54a0b759,2025-04-01,2597.04,1601.46,60.18,2025-09-01,"Synthetic narrative for local development only; not a PAIMANA, CUF, OCMS, or government record.",synthetic-agency-0,2025-04-15T00:00:00+00:00
7c9245c3-4609-5fb0-b36d-256357131f74,73e5f799-ff6f-52c7-9a49-64cd54a0b759,2025-05-01,2646.62,2173.29,70.35,2025-09-01,"Synthetic narrative for local development only; not a PAIMANA, CUF, OCMS, or government record.",synthetic-agency-0,2025-05-15T00:00:00+00:00
a0da70cb-b155-5158-9b01-3dab33b9f283,73e5f799-ff6f-52c7-9a49-64cd54a0b759,2025-06-01,2696.19,2224.66,74.73,2025-09-01,"Synthetic narrative for local development only; not a PAIMANA, CUF, OCMS, or government record.",synthetic-agency-0,2025-06-15T00:00:00+00:00
cab0ca12-26fd-589c-b57b-b810e5bbb858,73e5f799-ff6f-52c7-9a49-64cd54a0b759,2025-07-01,2745.77,2064.14,82.21,2025-09-01,"Synthetic narrative for local development only; not a PAIMANA, CUF, OCMS, or government record.",synthetic-agency-0,2025-07-15T00:00:00+00:00
dd5fefcc-dbd4-5d58-ba61-50c58a4c2bcb,73e5f799-ff6f-52c7-9a49-64cd54a0b759,2025-08-01,2795.35,2453.49,91.05,2025-09-01,"Synthetic narrative for local development only; not a PAIMANA, CUF, OCMS, or government record.",synthetic-agency-0,2025-08-15T00:00:00+00:00
0c72b7c9-1ed7-54f5-8cc4-5ed6374182cd,73e5f799-ff6f-52c7-9a49-64cd54a0b759,2025-09-01,2844.92,3102.67,97.36,2025-09-01,"Synthetic narrative for local development only; not a PAIMANA, CUF, OCMS, or government record.",synthetic-agency-0,2025-09-15T00:00:00+00:00
38848501-0508-51ab-a4f6-511847402cfb,d0c5905f-e379-5b95-95f1-8b040f93b348,2024-12-01,263.80,28.50,6.74,2025-11-01,"Synthetic narrative for local development only; not a PAIMANA, CUF, OCMS, or government record.",synthetic-agency-1,2024-12-15T00:00:00+00:00
d9865b51-21be-58a4-88a5-4836478e0502,d0c5905f-e379-5b95-95f1-8b040f93b348,2025-01-01,267.61,50.81,14.42,2025-11-01,"Synthetic narrative for local development only; not a PAIMANA, CUF, OCMS, or government record.",synthetic-agency-1,2025-01-15T00:00:00+00:00
2405c1ce-059f-54dd-bfc1-f4cf52e561e8,d0c5905f-e379-5b95-95f1-8b040f93b348,2025-02-01,271.41,54.25,25.27,2025-11-01,"Synthetic narrative for local development only; not a PAIMANA, CUF, OCMS, or government record.",synthetic-agency-1,2025-02-15T00:00:00+00:00
0d592507-e160-524e-8d8f-114e396433a3,d0c5905f-e379-5b95-95f1-8b040f93b348,2025-03-01,275.22,82.34,32.32,2025-11-01,"Synthetic narrative for local development only; not a PAIMANA, CUF, OCMS, or government record.",synthetic-agency-1,2025-03-15T00:00:00+00:00
1ac5b0f6-c5c0-594e-8b12-ef6aebc913fb,d0c5905f-e379-5b95-95f1-8b040f93b348,2025-04-01,279.02,155.97,45.62,2025-11-01,"Synthetic narrative for local development only; not a PAIMANA, CUF, OCMS, or government record.",synthetic-agency-1,2025-04-15T00:00:00+00:00
d2e3f935-17b5-58f9-8878-5dc13c55af27,d0c5905f-e379-5b95-95f1-8b040f93b348,2025-05-01,282.83,156.18,47.23,2025-11-01,"Synthetic narrative for local development only; not a PAIMANA, CUF, OCMS, or government record.",synthetic-agency-1,2025-05-15T00:00:00+00:00
6ee6f37d-48a1-5b46-a8ad-1c6104cb2271,d0c5905f-e379-5b95-95f1-8b040f93b348,2025-06-01,286.63,191.39,61.43,2025-11-01,"Synthetic narrative for local development only; not a PAIMANA, CUF, OCMS, or government record.",synthetic-agency-1,2025-06-15T00:00:00+00:00
a2f0753f-dc53-5073-a102-4b5a11910608,d0c5905f-e379-5b95-95f1-8b040f93b348,2025-07-01,290.44,180.30,69.30,2025-11-01,"Synthetic narrative for local development only; not a PAIMANA, CUF, OCMS, or government record.",synthetic-agency-1,2025-07-15T00:00:00+00:00
8d114395-6414-5ab7-a684-95ac782f45eb,d0c5905f-e379-5b95-95f1-8b040f93b348,2025-08-01,294.24,221.44,77.74,2025-11-01,"Synthetic narrative for local development only; not a PAIMANA, CUF, OCMS, or government record.",synthetic-agency-1,2025-08-15T00:00:00+00:00
73d6c588-8d10-58c6-bbc6-3e4b9619cc19,d0c5905f-e379-5b95-95f1-8b040f93b348,2025-09-01,298.05,236.45,85.04,2025-11-01,"Synthetic narrative for local development only; not a PAIMANA, CUF, OCMS, or government record.",synthetic-agency-1,2025-09-15T00:00:00+00:00
4b9c0653-4797-5c09-8eed-4a53f4c5cfec,d0c5905f-e379-5b95-95f1-8b040f93b348,2025-10-01,301.85,258.36,89.24,2025-11-01,"Synthetic narrative for local development only; not a PAIMANA, CUF, OCMS, or government record.",synthetic-agency-1,2025-10-15T00:00:00+00:00
f48a99cb-1b1a-5607-831b-941f4e445148,d0c5905f-e379-5b95-95f1-8b040f93b348,2025-11-01,305.66,328.09,100.00,2025-11-01,"Synthetic narrative for local development only; not a PAIMANA, CUF, OCMS, or government record.",synthetic-agency-1,2025-11-15T00:00:00+00:00
865a7cdd-ff70-5046-8f6f-cef89da46fbd,7f52f08c-85a3-5183-9f27-4d66b8e25097,2025-02-01,2289.68,380.42,8.74,2026-01-01,"Synthetic narrative for local development only; not a PAIMANA, CUF, OCMS, or government record.",synthetic-agency-2,2025-02-15T00:00:00+00:00
682ea129-97dd-5b5d-870e-bba84d79e51c,7f52f08c-85a3-5183-9f27-4d66b8e25097,2025-03-01,2329.35,548.52,18.21,2026-01-01,"Synthetic narrative for local development only; not a PAIMANA, CUF, OCMS, or government record.",synthetic-agency-2,2025-03-15T00:00:00+00:00
7e01a2f9-dfb3-553f-97f3-44d787433791,7f52f08c-85a3-5183-9f27-4d66b8e25097,2025-04-01,2369.03,420.15,23.68,2026-01-01,"Synthetic narrative for local development only; not a PAIMANA, CUF, OCMS, or government record.",synthetic-agency-2,2025-04-15T00:00:00+00:00
b74ba28a-00ca-572c-9871-2d0df09400b5,7f52f08c-85a3-5183-9f27-4d66b8e25097,2025-05-01,2408.70,808.62,32.44,2026-01-01,"Synthetic narrative for local development only; not a PAIMANA, CUF, OCMS, or government record.",synthetic-agency-2,2025-05-15T00:00:00+00:00
73366255-9fa0-5d74-b9c0-f1a6614fc12b,7f52f08c-85a3-5183-9f27-4d66b8e25097,2025-06-01,2448.38,1148.64,41.59,2026-01-01,"Synthetic narrative for local development only; not a PAIMANA, CUF, OCMS, or government record.",synthetic-agency-2,2025-06-15T00:00:00+00:00
0eb94ce0-c9a7-5c65-a3c6-428c37bd9401,7f52f08c-85a3-5183-9f27-4d66b8e25097,2025-07-01,2488.05,1509.97,50.61,2026-01-01,"Synthetic narrative for local development only; not a PAIMANA, CUF, OCMS, or government record.",synthetic-agency-2,2025-07-15T00:00:00+00:00
0efcced6-e3a0-5319-9229-eb1fba04f64a,7f52f08c-85a3-5183-9f27-4d66b8e25097,2025-08-01,2527.73,1312.32,56.97,2026-01-01,"Synthetic narrative for local development only; not a PAIMANA, CUF, OCMS, or government record.",synthetic-agency-2,2025-08-15T00:00:00+00:00
aa14b7df-72d4-5b55-8282-e7c8de6da3f5,7f52f08c-85a3-5183-9f27-4d66b8e25097,2025-09-01,2567.40,1940.09,64.00,2026-01-01,"Synthetic narrative for local development only; not a PAIMANA, CUF, OCMS, or government record.",synthetic-agency-2,2025-09-15T00:00:00+00:00
b4fc7748-ca74-58ed-92df-4b9e1d4d8a0b,7f52f08c-85a3-5183-9f27-4d66b8e25097,2025-10-01,2607.08,1789.13,71.36,2026-01-01,"Synthetic narrative for local development only; not a PAIMANA, CUF, OCMS, or government record.",synthetic-agency-2,2025-10-15T00:00:00+00:00
3770d68f-9a32-530d-ac30-f27ecaf221ab,7f52f08c-85a3-5183-9f27-4d66b8e25097,2025-11-01,2646.76,2187.26,85.48,2026-01-01,"Synthetic narrative for local development only; not a PAIMANA, CUF, OCMS, or government record.",synthetic-agency-2,2025-11-15T00:00:00+00:00
f3010431-a4b9-59d9-a29e-3fde5462d6f9,7f52f08c-85a3-5183-9f27-4d66b8e25097,2025-12-01,2686.43,2516.46,92.08,2026-01-01,"Synthetic narrative for local development only; not a PAIMANA, CUF, OCMS, or government record.",synthetic-agency-2,2025-12-15T00:00:00+00:00
55e05f50-2690-5a94-9b38-92a42e8fc480,7f52f08c-85a3-5183-9f27-4d66b8e25097,2026-01-01,2726.11,2791.11,97.00,2026-01-01,"Synthetic narrative for local development only; not a PAIMANA, CUF, OCMS, or government record.",synthetic-agency-2,2026-01-15T00:00:00+00:00
81129479-5a0d-59bb-b106-c6a09db211e1,a3bb1a7c-6a5e-58ab-a4d6-6f86b4b056c5,2025-04-01,3862.06,132.16,9.90,2026-03-01,"Synthetic narrative for local development only; not a PAIMANA, CUF, OCMS, or government record.",synthetic-agency-3,2025-04-15T00:00:00+00:00
cf2927c0-3ed7-5483-901a-3a785b073a38,a3bb1a7c-6a5e-58ab-a4d6-6f86b4b056c5,2025-05-01,3924.12,356.02,14.12,2026-03-01,"Synthetic narrative for local development only; not a PAIMANA, CUF, OCMS, or government record.",synthetic-agency-3,2025-05-15T00:00:00+00:00
3c6ffa7c-5874-5681-973e-d161fd747f44,a3bb1a7c-6a5e-58ab-a4d6-6f86b4b056c5,2025-06-01,3986.18,1261.25,23.44,2026-03-01,"Synthetic narrative for local development only; not a PAIMANA, CUF, OCMS, or government record.",synthetic-agency-3,2025-06-15T00:00:00+00:00
e7478269-1488-5146-a1e0-e04553414336,a3bb1a7c-6a5e-58ab-a4d6-6f86b4b056c5,2025-07-01,4048.24,1253.60,32.79,2026-03-01,"Synthetic narrative for local development only; not a PAIMANA, CUF, OCMS, or government record.",synthetic-agency-3,2025-07-15T00:00:00+00:00
18b281e0-098f-5e80-94e6-46643d7701fb,a3bb1a7c-6a5e-58ab-a4d6-6f86b4b056c5,2025-08-01,4110.30,1519.51,43.36,2026-03-01,"Synthetic narrative for local development only; not a PAIMANA, CUF, OCMS, or government record.",synthetic-agency-3,2025-08-15T00:00:00+00:00
94df2e1e-d5e9-56fb-b01e-bd4ab686de41,a3bb1a7c-6a5e-58ab-a4d6-6f86b4b056c5,2025-09-01,4172.36,1817.41,46.02,2026-03-01,"Synthetic narrative for local development only; not a PAIMANA, CUF, OCMS, or government record.",synthetic-agency-3,2025-09-15T00:00:00+00:00
fba9115c-fa4a-51bf-8be5-a33988738a02,a3bb1a7c-6a5e-58ab-a4d6-6f86b4b056c5,2025-10-01,4234.42,2188.85,59.44,2026-03-01,"Synthetic narrative for local development only; not a PAIMANA, CUF, OCMS, or government record.",synthetic-agency-3,2025-10-15T00:00:00+00:00
6a9c2f53-a1ea-50b8-9c9b-3a90043715b1,a3bb1a7c-6a5e-58ab-a4d6-6f86b4b056c5,2025-11-01,4296.48,2964.99,69.42,2026-03-01,"Synthetic narrative for local development only; not a PAIMANA, CUF, OCMS, or government record.",synthetic-agency-3,2025-11-15T00:00:00+00:00
493bf6af-95de-5344-9d82-7a89ff4a10ad,a3bb1a7c-6a5e-58ab-a4d6-6f86b4b056c5,2025-12-01,4358.54,3808.28,76.40,2026-03-01,"Synthetic narrative for local development only; not a PAIMANA, CUF, OCMS, or government record.",synthetic-agency-3,2025-12-15T00:00:00+00:00
13f53207-93a2-5acd-91cf-802355b28314,a3bb1a7c-6a5e-58ab-a4d6-6f86b4b056c5,2026-01-01,4420.61,3514.47,84.85,2026-03-01,"Synthetic narrative for local development only; not a PAIMANA, CUF, OCMS, or government record.",synthetic-agency-3,2026-01-15T00:00:00+00:00
d99ddd0b-7050-5d67-8b14-5268f21431a9,a3bb1a7c-6a5e-58ab-a4d6-6f86b4b056c5,2026-02-01,4482.67,3977.21,95.36,2026-03-01,"Synthetic narrative for local development only; not a PAIMANA, CUF, OCMS, or government record.",synthetic-agency-3,2026-02-15T00:00:00+00:00
40c96292-ead2-524f-9af2-54222d2b5742,a3bb1a7c-6a5e-58ab-a4d6-6f86b4b056c5,2026-03-01,4544.73,4549.43,100.00,2026-03-01,"Synthetic narrative for local development only; not a PAIMANA, CUF, OCMS, or government record.",synthetic-agency-3,2026-03-15T00:00:00+00:00
cfae0c45-228c-574b-a5c2-cab7a9395760,95fa6543-7e35-598d-a70d-9cc172ced827,2025-06-01,2289.14,350.18,9.88,2026-05-01,"Synthetic narrative for local development only; not a PAIMANA, CUF, OCMS, or government record.",synthetic-agency-4,2025-06-15T00:00:00+00:00
ad58fdac-d891-5af5-864f-b2498e177c21,95fa6543-7e35-598d-a70d-9cc172ced827,2025-07-01,2328.27,303.76,12.67,2026-05-01,"Synthetic narrative for local development only; not a PAIMANA, CUF, OCMS, or government record.",synthetic-agency-4,2025-07-15T00:00:00+00:00
2c7e7fd7-7ca8-5c5d-91b8-8e58b1e09c0c,95fa6543-7e35-598d-a70d-9cc172ced827,2025-08-01,2367.41,400.49,21.21,2026-05-01,"Synthetic narrative for local development only; not a PAIMANA, CUF, OCMS, or government record.",synthetic-agency-4,2025-08-15T00:00:00+00:00
00d1411f-daf5-5075-a1ca-19b675c14433,95fa6543-7e35-598d-a70d-9cc172ced827,2025-09-01,2406.55,976.93,37.01,2026-05-01,"Synthetic narrative for local development only; not a PAIMANA, CUF, OCMS, or government record.",synthetic-agency-4,2025-09-15T00:00:00+00:00
f2890814-845b-5c3d-bef4-464b876ad901,95fa6543-7e35-598d-a70d-9cc172ced827,2025-10-01,2445.68,1307.45,45.14,2026-05-01,"Synthetic narrative for local development only; not a PAIMANA, CUF, OCMS, or government record.",synthetic-agency-4,2025-10-15T00:00:00+00:00
b998b8bb-8881-5af5-8716-4020b6d3a10b,95fa6543-7e35-598d-a70d-9cc172ced827,2025-11-01,2484.82,1137.27,49.33,2026-05-01,"Synthetic narrative for local development only; not a PAIMANA, CUF, OCMS, or government record.",synthetic-agency-4,2025-11-15T00:00:00+00:00
5c44a1a1-ba52-512c-a456-38a1b01d6f2d,95fa6543-7e35-598d-a70d-9cc172ced827,2025-12-01,2523.96,1812.70,61.82,2026-05-01,"Synthetic narrative for local development only; not a PAIMANA, CUF, OCMS, or government record.",synthetic-agency-4,2025-12-15T00:00:00+00:00
06755298-0e67-598a-bd93-ba57a45b4ae6,95fa6543-7e35-598d-a70d-9cc172ced827,2026-01-01,2563.09,1673.26,70.00,2026-05-01,"Synthetic narrative for local development only; not a PAIMANA, CUF, OCMS, or government record.",synthetic-agency-4,2026-01-15T00:00:00+00:00
6235e762-c83c-5a45-baa4-c22e994a50fe,95fa6543-7e35-598d-a70d-9cc172ced827,2026-02-01,2602.23,1965.31,74.19,2026-05-01,"Synthetic narrative for local development only; not a PAIMANA, CUF, OCMS, or government record.",synthetic-agency-4,2026-02-15T00:00:00+00:00
41b5fbf7-e4de-5dc9-9302-d02fd6d63ee6,95fa6543-7e35-598d-a70d-9cc172ced827,2026-03-01,2641.37,2330.20,82.40,2026-05-01,"Synthetic narrative for local development only; not a PAIMANA, CUF, OCMS, or government record.",synthetic-agency-4,2026-03-15T00:00:00+00:00
a6f48a31-9bd5-52a6-9068-559d5d398682,95fa6543-7e35-598d-a70d-9cc172ced827,2026-04-01,2680.51,2571.30,91.89,2026-05-01,"Synthetic narrative for local development only; not a PAIMANA, CUF, OCMS, or government record.",synthetic-agency-4,2026-04-15T00:00:00+00:00
2fb0dd0c-fedf-5217-b962-6c680fb91888,95fa6543-7e35-598d-a70d-9cc172ced827,2026-05-01,2719.64,2900.09,100.00,2026-05-01,"Synthetic narrative for local development only; not a PAIMANA, CUF, OCMS, or government record.",synthetic-agency-4,2026-05-15T00:00:00+00:00
79a7cd8a-c20a-5df3-9e08-f7e1f74b917b,35665e09-0b9e-52af-ae0c-b151137cec62,2025-08-01,182.81,32.58,7.32,2026-07-01,"Synthetic narrative for local development only; not a PAIMANA, CUF, OCMS, or government record.",synthetic-agency-0,2025-08-15T00:00:00+00:00
225351b7-e7f0-54b3-be99-e5ecb06dc00f,35665e09-0b9e-52af-ae0c-b151137cec62,2025-09-01,185.62,26.85,18.15,2026-07-01,"Synthetic narrative for local development only; not a PAIMANA, CUF, OCMS, or government record.",synthetic-agency-0,2025-09-15T00:00:00+00:00
2cf01524-8509-511a-85b0-bdfe15ace74a,35665e09-0b9e-52af-ae0c-b151137cec62,2025-10-01,188.43,65.65,25.83,2026-07-01,"Synthetic narrative for local development only; not a PAIMANA, CUF, OCMS, or government record.",synthetic-agency-0,2025-10-15T00:00:00+00:00
98bafb4f-672a-5d3d-a99c-e1727ac9cdd6,35665e09-0b9e-52af-ae0c-b151137cec62,2025-11-01,191.24,43.73,30.21,2026-07-01,"Synthetic narrative for local development only; not a PAIMANA, CUF, OCMS, or government record.",synthetic-agency-0,2025-11-15T00:00:00+00:00
388f2a61-10df-569e-bbdf-90428e143e11,35665e09-0b9e-52af-ae0c-b151137cec62,2025-12-01,194.05,69.45,40.23,2026-07-01,"Synthetic narrative for local development only; not a PAIMANA, CUF, OCMS, or government record.",synthetic-agency-0,2025-12-15T00:00:00+00:00
757355f8-8e58-52eb-81e4-b18e02ed0bc7,35665e09-0b9e-52af-ae0c-b151137cec62,2026-01-01,196.86,122.52,53.64,2026-07-01,"Synthetic narrative for local development only; not a PAIMANA, CUF, OCMS, or government record.",synthetic-agency-0,2026-01-15T00:00:00+00:00
a6ee3882-40ae-5853-a488-2c37ef736443,35665e09-0b9e-52af-ae0c-b151137cec62,2026-02-01,199.67,129.87,57.51,2026-07-01,"Synthetic narrative for local development only; not a PAIMANA, CUF, OCMS, or government record.",synthetic-agency-0,2026-02-15T00:00:00+00:00
f5673961-61a5-5b6c-b961-87d35e6a46c4,35665e09-0b9e-52af-ae0c-b151137cec62,2026-03-01,202.48,132.63,68.26,2026-07-01,"Synthetic narrative for local development only; not a PAIMANA, CUF, OCMS, or government record.",synthetic-agency-0,2026-03-15T00:00:00+00:00
ea3d5f52-ff12-5084-89f8-dabdc05d832d,35665e09-0b9e-52af-ae0c-b151137cec62,2026-04-01,205.29,171.77,72.20,2026-07-01,"Synthetic narrative for local development only; not a PAIMANA, CUF, OCMS, or government record.",synthetic-agency-0,2026-04-15T00:00:00+00:00
d421f4a5-297a-5cfe-b850-e69449c04748,35665e09-0b9e-52af-ae0c-b151137cec62,2026-05-01,208.10,165.84,86.38,2026-07-01,"Synthetic narrative for local development only; not a PAIMANA, CUF, OCMS, or government record.",synthetic-agency-0,2026-05-15T00:00:00+00:00
55cb7a8e-bf18-523f-b43a-6f4deb1bea22,35665e09-0b9e-52af-ae0c-b151137cec62,2026-06-01,210.91,187.42,91.67,2026-07-01,"Synthetic narrative for local development only; not a PAIMANA, CUF, OCMS, or government record.",synthetic-agency-0,2026-06-15T00:00:00+00:00
13297fed-afd3-5fde-9187-70868e14c90e,35665e09-0b9e-52af-ae0c-b151137cec62,2026-07-01,213.72,234.77,100.00,2026-07-01,"Synthetic narrative for local development only; not a PAIMANA, CUF, OCMS, or government record.",synthetic-agency-0,2026-07-15T00:00:00+00:00
6e942e21-e166-5f09-ab14-2ffdad486966,4aa520b6-9a7d-5081-afa8-3bd093f1f778,2025-10-01,179.86,4.75,8.33,2026-09-01,"Synthetic narrative for local development only; not a PAIMANA, CUF, OCMS, or government record.",synthetic-agency-1,2025-10-15T00:00:00+00:00
a9892289-9af9-54f8-aefd-11bcbb667fd3,4aa520b6-9a7d-5081-afa8-3bd093f1f778,2025-11-01,179.72,26.16,17.51,2026-09-01,"Synthetic narrative for local development only; not a PAIMANA, CUF, OCMS, or government record.",synthetic-agency-1,2025-11-15T00:00:00+00:00
6e58b41b-2ed5-5502-99c9-bf3c378cc2ae,4aa520b6-9a7d-5081-afa8-3bd093f1f778,2025-12-01,179.57,55.24,28.15,2026-09-01,"Synthetic narrative for local development only; not a PAIMANA, CUF, OCMS, or government record.",synthetic-agency-1,2025-12-15T00:00:00+00:00
82b84ffb-f481-5c38-ac61-603d8a2a2366,4aa520b6-9a7d-5081-afa8-3bd093f1f778,2026-01-01,179.43,43.74,31.07,2026-09-01,"Synthetic narrative for local development only; not a PAIMANA, CUF, OCMS, or government record.",synthetic-agency-1,2026-01-15T00:00:00+00:00
e3b9f1a7-2a72-50a2-89cc-7f4a1cc521dd,4aa520b6-9a7d-5081-afa8-3bd093f1f778,2026-02-01,179.29,92.40,40.71,2026-09-01,"Synthetic narrative for local development only; not a PAIMANA, CUF, OCMS, or government record.",synthetic-agency-1,2026-02-15T00:00:00+00:00
205803c6-01c6-51c5-af89-f637874c5785,4aa520b6-9a7d-5081-afa8-3bd093f1f778,2026-03-01,179.15,75.99,50.08,2026-09-01,"Synthetic narrative for local development only; not a PAIMANA, CUF, OCMS, or government record.",synthetic-agency-1,2026-03-15T00:00:00+00:00
a15ee668-b26c-56d8-a931-ed1e54f34f73,4aa520b6-9a7d-5081-afa8-3bd093f1f778,2026-04-01,179.01,93.77,56.72,2026-09-01,"Synthetic narrative for local development only; not a PAIMANA, CUF, OCMS, or government record.",synthetic-agency-1,2026-04-15T00:00:00+00:00
718496cb-aeff-59cd-acc0-11edd6252867,4aa520b6-9a7d-5081-afa8-3bd093f1f778,2026-05-01,178.87,117.02,68.89,2026-09-01,"Synthetic narrative for local development only; not a PAIMANA, CUF, OCMS, or government record.",synthetic-agency-1,2026-05-15T00:00:00+00:00
c2dd6047-6f99-5e81-9e25-3d80608f88bb,4aa520b6-9a7d-5081-afa8-3bd093f1f778,2026-06-01,178.72,125.66,74.08,2026-09-01,"Synthetic narrative for local development only; not a PAIMANA, CUF, OCMS, or government record.",synthetic-agency-1,2026-06-15T00:00:00+00:00
c2fc92b8-d1be-54a9-9797-c39624b0894d,4aa520b6-9a7d-5081-afa8-3bd093f1f778,2026-07-01,178.58,157.33,83.02,2026-09-01,"Synthetic narrative for local development only; not a PAIMANA, CUF, OCMS, or government record.",synthetic-agency-1,2026-07-15T00:00:00+00:00
598a9a55-b0ce-5635-bc28-cea1a76696a9,4aa520b6-9a7d-5081-afa8-3bd093f1f778,2026-08-01,178.44,162.14,90.14,2026-09-01,"Synthetic narrative for local development only; not a PAIMANA, CUF, OCMS, or government record.",synthetic-agency-1,2026-08-15T00:00:00+00:00
3e91c9e3-62e9-566d-ba27-ebefb0ec5b12,4aa520b6-9a7d-5081-afa8-3bd093f1f778,2026-09-01,178.30,165.91,100.00,2026-09-01,"Synthetic narrative for local development only; not a PAIMANA, CUF, OCMS, or government record.",synthetic-agency-1,2026-09-15T00:00:00+00:00
4a0f1289-9a15-5b7d-9938-7231b0956bee,3445b6f4-705b-50ea-9df4-bf8ec9928b6c,2025-12-01,3874.69,766.01,8.61,2026-11-01,"Synthetic narrative for local development only; not a PAIMANA, CUF, OCMS, or government record.",synthetic-agency-2,2025-12-15T00:00:00+00:00
f5518055-ade5-5676-a91d-e2a6b36523ec,3445b6f4-705b-50ea-9df4-bf8ec9928b6c,2026-01-01,3949.39,760.55,13.24,2026-11-01,"Synthetic narrative for local development only; not a PAIMANA, CUF, OCMS, or government record.",synthetic-agency-2,2026-01-15T00:00:00+00:00
9ac103e5-0cf4-538e-86f9-bc7a337e0d11,3445b6f4-705b-50ea-9df4-bf8ec9928b6c,2026-02-01,4024.08,1420.23,28.67,2026-11-01,"Synthetic narrative for local development only; not a PAIMANA, CUF, OCMS, or government record.",synthetic-agency-2,2026-02-15T00:00:00+00:00
e26134ac-7e84-52e9-a654-d03abf8eb629,3445b6f4-705b-50ea-9df4-bf8ec9928b6c,2026-03-01,4098.77,1565.08,31.64,2026-11-01,"Synthetic narrative for local development only; not a PAIMANA, CUF, OCMS, or government record.",synthetic-agency-2,2026-03-15T00:00:00+00:00
0fdd2d01-7f52-51bc-9fb8-ab0ab0fe37d5,3445b6f4-705b-50ea-9df4-bf8ec9928b6c,2026-04-01,4173.47,1659.14,42.83,2026-11-01,"Synthetic narrative for local development only; not a PAIMANA, CUF, OCMS, or government record.",synthetic-agency-2,2026-04-15T00:00:00+00:00
568e3b61-987c-5057-9849-3275fc7a270f,3445b6f4-705b-50ea-9df4-bf8ec9928b6c,2026-05-01,4248.16,2598.71,52.23,2026-11-01,"Synthetic narrative for local development only; not a PAIMANA, CUF, OCMS, or government record.",synthetic-agency-2,2026-05-15T00:00:00+00:00
e3e17411-1161-5c2e-8e56-799f69a1a97d,3445b6f4-705b-50ea-9df4-bf8ec9928b6c,2026-06-01,4322.85,2474.87,61.28,2026-11-01,"Synthetic narrative for local development only; not a PAIMANA, CUF, OCMS, or government record.",synthetic-agency-2,2026-06-15T00:00:00+00:00
770bcda0-bb98-5c36-9009-3d75257795ca,3445b6f4-705b-50ea-9df4-bf8ec9928b6c,2026-07-01,4397.55,3054.04,65.28,2026-11-01,"Synthetic narrative for local development only; not a PAIMANA, CUF, OCMS, or government record.",synthetic-agency-2,2026-07-15T00:00:00+00:00
b4f02540-eb59-5534-87a7-cd8c753ee41e,3445b6f4-705b-50ea-9df4-bf8ec9928b6c,2026-08-01,4472.24,3560.41,71.63,2026-11-01,"Synthetic narrative for local development only; not a PAIMANA, CUF, OCMS, or government record.",synthetic-agency-2,2026-08-15T00:00:00+00:00
529299ea-80d2-5cc7-bf4b-a92caecc6c15,3445b6f4-705b-50ea-9df4-bf8ec9928b6c,2026-09-01,4546.93,3554.66,84.24,2026-11-01,"Synthetic narrative for local development only; not a PAIMANA, CUF, OCMS, or government record.",synthetic-agency-2,2026-09-15T00:00:00+00:00
f0735baa-c2be-565e-bf28-e260184b5248,3445b6f4-705b-50ea-9df4-bf8ec9928b6c,2026-10-01,4621.63,4812.22,93.56,2026-11-01,"Synthetic narrative for local development only; not a PAIMANA, CUF, OCMS, or government record.",synthetic-agency-2,2026-10-15T00:00:00+00:00
0d7ab584-6a06-5f10-9013-8bf311b4c2d5,3445b6f4-705b-50ea-9df4-bf8ec9928b6c,2026-11-01,4696.32,5136.92,100.00,2026-11-01,"Synthetic narrative for local development only; not a PAIMANA, CUF, OCMS, or government record.",synthetic-agency-2,2026-11-15T00:00:00+00:00
