project_id,project_name,agency,project_code,ministry,sector,state,first_observation,last_observation,observation_count,latest_cost_crore,latest_expenditure_crore,latest_progress_pct
618339,Widening/Improvement to 2-Lane Lane with Paved Shoulder from km 16900 Bogapani to km 27150 Golai Goan on existing Dibrugarh to Ledo section with proposed Digboi Bypass Green Field and Brownfield 2-LanePS of NH-315 OLD NH-38 in Tinsukia District under NHO- NE Package-4,NHIDCL,618339,,,Assam,2025-12,2026-06,14,356.65,80.08,20.45
618340,Widening/Improvement to 4-Lane with Paved Shoulder from km 626030 Nalani hulla Gaon to km 650450 Chotahapjan on existing Tinsukhia -Makum Bypass of NH-15 OLD NH-37 and Strengthening of existing NH-315 OLD NH-38 from Km 0000 Chotahapjan to Km 16900 Bogapani section 2-Lane PS in Assam on EPCMode under NHO-NE Package-3,NHIDCL -) (-,618340,,,Assam,2025-12,2026-07,16,458.59,261.02,88.99
618351,Widening & Upgradation to 2 lanes with paved shoulders road from Tamenglong to Mahur NH-137 in the State of Assam starting from km 156.489 near P. Leikul to km 176.410 near Borowapu on EPC mode under NHO-NE Assam portion Package-10,NHIDCL -) (-,618351,,,Assam,2025-12,2026-07,16,693.15,605.43,90.5
618352,Widening & Upgradation to 2 lanes with paved shoulders road from Tamenglong to Mahur NH-137 in the State of Assam starting from km 136.500 near Hejaichak to km 156.489 near P. Leikul Package-9 on EPC mode under NHO-NE Package-9,NHIDCL -) (-,618352,,,Assam,2025-12,2026-07,16,614.43,559.51,87.5
618353,Widening & Upgradation to 2-lanes with paved shoulders road from Tamenglong to Mahur NH-137 in the State of Assam starting from km 116.480 near Hangrum to km 136.500 near Hejaichak Package-8 on EPC mode under NHO-NE Package 8,NHIDCL -) (-,618353,,,Assam,2025-12,2026-07,14,904.04,563.52,85.2
618354,Wideinig & Upgradation to 2-lanes with paved shoulders road from Tamenglong to Mahur NH-137 in the State of Assam starting from km 96.870 near Jiri River to km 116.550 near Hangrum Package-7 on EPC mode Package7,NHIDCL -) (-,618354,,,Assam,2025-12,2026-07,16,846.82,481.81,90.36
618371,"Widening/Improvement to 4-Lane with Paved Shoulder configuration of existing single lane road from Srirampur near Bhairiguri Village to Kachukhana Harichara Paglagaunj Package-I of Srirampur - Dhubri Section of NH-127B from existing Km 0.000 to Km 28.050 Design Km 0.000 to Km 27.650, Design Length27.650 Km under JICA ODA Loan assistance Phase-V -Balance work",NHIDCL -) (-,618371,,,Assam,2025-12,2026-07,16,613.89,384.6,89.5
618372,"Widening / Improvement to 4-Lane with Paved Shoulder configuration of existing single lane road from Kachukhana Harichara Paglagaunj to Dhubri - Phulbari Bridge approach Package-II of Srirampur - Dhubri Section of NH-127B from existing Km 28.050 to Km 55.060 Design Km 27.650 to Km 54.154, Design Length26.504 Km under JICA ODA Loan assistance Phase-V [Srirampur - Dhubri Pkg-2]",NHIDCL N24001544) (10286,618372,,,Assam,2025-12,2026-05,12,909.02,638.5,100.0
618373,"Construction of 4-Lane Bridge including approaches over River Brahmaputra between Dhubri on North Bank,Assam and Phulbari on south Bank,Meghalaya on NH-127B under JICA ODA Loan assistance Phase-III",NHIDCL -) (-,618373,,,Assam,2025-12,2026-07,16,4997.04,3081.08,77.14
618435,4-Laning from Rangagara to Kaliabor Tiniali from km 297.00 to km 315.315 of NH-37 on EPC basis under SARDP-NE in state of Assam,NHIDCL,618435,,,Assam,2025-12,2026-06,14,386.51,360.25,97.13
618436,4-Laning of Jamugurihat to end of Biswanath Chariali By-Pass from Km 182.000 to Km 208.000 of NH-52 on EPC mode in state of Assam under SARDP-NE,NHIDCL -) (-,618436,,,Assam,2025-12,2026-07,16,599.0,432.62,100.0
618437,"Construction of Balance Work of 4-Laning of NH-37 Section between End of Moran Bypass to Bogibeel junction near Lapetketa Km. 561.700-Km. 580.875 under SARDP- NE, Phase 'A' in the State of Assam on EPC mode Pkg-I Road works & Toll Plaza",NHIDCL -) (-,618437,,,Assam,2025-12,2026-07,16,274.34,116.66,100.0
618438,"4-Laning of NH-37 Section between Demow to End of Moran Bypass From Km. 534.800 to Km. 561.700 including Emergency Landing Facility ELF under SARDP-NE, Phase 'A' in the State of Assam on EPC mode",NHIDCL -) (-,618438,,,Assam,2025-12,2026-07,16,385.57,680.44,100.0
618439,"Construction of Balance Work of 4-Laning of the Section from Jorhat to Jhanji of NH-37 Old from Km 453000 to Km 463000 10.000 Km, under SARDP- NE under EPC Mode in the state of Assam Pkg-I Road Works",NHIDCL,618439,,,Assam,2026-01,2026-06,12,478.3,0.0,96.79
618440,"Construction of Balance Work of 4-Laning of the Section from Jhanji to Demow of NH- 37 Old from Km 490.800 to Km 534.800, under SARDP- NE on EPC Mode in the state of Assam Pkg- IV Structures & Toll Plaza",NHIDCL -) (-,618440,,,Assam,2026-01,2026-07,14,100.22,16.71,58.19
618441,"Construction of Balance Work of 4-Laning of the Section from Jhanji to Demow of NH- 37 Old from Km 490.800 to Km 501.800 11.000 Km, under SARDP- NE under EPC Mode in the state of Assam Pkg-I Road Works",NHIDCL -) (-,618441,,,Assam,2025-12,2026-07,16,476.5,97.88,87.33
618442,"Construction of Balance Work of the 4-Laning of the Section from Jorhat to Jhanji of NH-37 Old from Km 477.000 to Km 490800 13.800 Km, under SARDP- NE under EPC Mode in the state of Assam Pkg-III Road Works",NHIDCL -) (-,618442,,,Assam,2026-01,2026-07,14,358.72,100.4,100.0
618443,"Construction of Balance Work of the 4-Laning of the Section from Jorhat to Jhanji of NH-37 Old from Km 463.00 to Km 477.000 14.000 Km, under SARDP- NE under EPC Mode in the state of Assam Pkg-II Road Works",NHIDCL,618443,,,Assam,2026-01,2026-06,12,438.44,0.0,95.86
618444,"Construction of Balance Work of the 4-Laning of the Section from Jorhat to Jhanji of NH-37 Old from Km 453.000 to Km 490.800, under SARDP- NE , under EPC Mode in the state of Assam Pkg-IV Structures & Toll Plaza",NHIDCL,618444,,,Assam,2026-01,2026-06,12,279.01,398.54,94.73
618454,"Earthwork in Formation, Road Work, Construction of Bridges, Blanketing, P. Way Linking works including Supply of P. Way Fittings and Track Ballast in connection with Construction of Railway Siding from Jogighopa Railway Station to MMLP at Jogighopa from Ch. 00 to 3760 on Item Rate basis Package -3, Railway Siding from Jogighopa Railway Station to MMLP",NHIDCL -) (-,618454,,,Assam,2026-01,2026-07,14,693.97,40.17,93.23
618455,Development of External Trunk Connectivity and Internal Infrastructure Works at Multi Model Logistics ParkMMLP at Jogighopa in the State of Assam on EPC Mode Package-I Road and Utility Works,NHIDCL -) (-,618455,,,Assam,2025-12,2026-07,16,693.97,308.85,100.0
618576,"6L Standalone Flyovers at Raha, Demow, Borghat, Kathiatali junctions and ROB at Jagiroad on stretches of NH 36 and NH 27",National Highways Authority of India [NHAI],618576,,,Assam,2025-12,2026-05,12,255.53,211.79,99.04
618934,Guwahati Ring Road in the State of Assam,NHAI -) (-,618934,,,Assam,2026-01,2026-07,15,5729.47,328.42,0.0
618958,2L with ES of Yagyi - Kalewa section from Milepost 40/0 to Milepost 115/5 in Myanmar,NHAI -) (-,618958,,,Assam,2026-02,2026-07,13,1200.14,0.0,52.0
619013,"Construction of Balance Work of 4-Laning of the Section from Jhanji to Demow of NH- 37 Old from Km 501.800 to Km 514.800 13.000 Km, under SARDP- NE under EPC Mode in the state of Assam Pkg-II Road Works",NHIDCL -) (-,619013,,,Assam,2026-01,2026-07,14,542.87,111.18,73.88
619057,Construction of 4-Lane Badarpur Bypass from Design Chainage km 27300 at crossing with NH-6 Old NH-44 Near Siddeswar Pt.-I Village to Design Chainage km 38600 on NH-37 Old NH-44 at Kandigram Chaita Village on Silchar - Churaibari stretch in the State of Assam on EPC Mode under Bharatmala Pariyojana in Economic Corridors Silchar- Churaibari Pkg-3,NHIDCL -) (-,619057,,,Assam,2026-01,2026-07,14,574.26,330.98,71.09
619060,"Construction of Balance Work of 4-Laning of the Section from Jhanji to Demow of NH- 37 Old from Km 514.800 to Km 534.800 20.000 Km, under SARDP- NE under EPC Mode in the state of Assam Pkg-III Road Works",NHIDCL -) (-,619060,,,Assam,2026-01,2026-07,14,619.7,56.58,72.0
619089,Balance work of 4L of NarimbangloJatinga Junction- Harangajoroad section from Km 0.000 to Km 49.230 of NH-27,NHAI -) (-,619089,,,Assam,2026-01,2026-07,14,2745.74,1393.08,98.0
617897,Construction of proposed 4Lane Revelgunj bypass NH-19 in the State of Bihar on EPC mode connecting NH 19 to 85 origin,MoRTH -) (-,617897,,,Bihar,2025-12,2026-07,8,295.24,44.18,88.65
617958,Widening & Strenthening from km132.895 to km 190.15 NH-80,MoRTH -) (-,617958,,,Bihar,2025-12,2026-07,8,566.1,293.89,73.21
617959,Rehabilitation & Widening work for 2 Lane with Paved Shoulder of Existing NH-80 from km 70.15 to Km 121.025 of Munger-Suttanganj -BhagatpurMirzachowki section on EPC Mode in the State of Bihar.,MoRTH N24001875) (-,617959,,,Bihar,2025-12,2026-05,6,477.54,311.39,95.66
617961,Gaya-Hisua-Rajgir-Nalanda-Biharsharif section km0.00 to 92.935 NH-82,MoRTH -) (-,617961,,,Bihar,2025-12,2026-07,7,2138.16,0.0,97.0
617966,Rehabilitation and Upgrading to 2 lanes/2-lane with paved shoulders configuration and strengthening of of Birpur and Bihpur Section from km 0.0 to Km 106 of NH 106 under phase I of National Highways Interconnectivity Improvement Projects NHIIP ICB No. NHIIP-BR-106-7 [NHIIP-BR-106-7],MoRTH -) (-,617966,,,Bihar,2025-12,2026-07,7,961.33,0.04,99.74
617969,Construction of 4 Lane ROB and its approaches at the level crossing LC No 29 B of Km 29 Ekangarsarai at NH 110 New NH 33 & Railway Km 32.63 at Fatwa FUT Islampur IPR section in the state of Bihar on EPC mode.,MoRTH -) (-,617969,,,Bihar,2025-12,2026-07,7,201.08,0.01,62.0
618004,Construction of Bhabhua Bypass from Ch. 10800Design Ch. 10800 to Ch. 19860 Design Ch. 18150 and Chand Bypass from Ch. 38060 Design Ch. 36250 to Ch. 40460 Design Ch. 38650 and widening of existing road to 2 - lane with Paved shoulder from Ch. 40460 Design Ch. 38650 to Ch. 46860 Design Ch. 45050 of NH-219 Total length- 16.150 Kmunder EPC mode in the state of Bihar,MoRTH -) (-,618004,,,Bihar,2025-12,2026-07,7,179.86,2.37,2.0
618005,Sheohar-Sitamarhi Section km 40.000 to 79.400 km Lot-I,MoRTH -) (-,618005,,,Bihar,2025-12,2026-06,6,278.53,0.0,98.65
618006,Sitamarhi-Jaynagar Section km 79.400 to km 156.500 Lot-II,MoRTH N24001590) (10161,618006,,,Bihar,2025-12,2026-05,5,503.28,0.0,98.78
618007,Jaynagar-Narahia Section km 156.500 to km 219.945 Lot-III,MoRTH N24001792) (10162,618007,,,Bihar,2025-12,2026-05,5,706.39,0.0,99.0
618073,Improvement to Two lane with Paved Shoulder from Junction of NH22 near Hajipur to Junction of NH -122 at Bachhwara via Mahnar and Mohiuddin Nagar from Km 0.00 to Km 29.730 of NH 122 B in the State of Bihar.,MoRTH -) (-,618073,,,Bihar,2025-12,2026-07,7,226.16,0.0,61.0
618074,Pre construction activity of NH 122B from km 0 to 72.348 and Improvement to two lane with paved shoulders of NH 122B from km 29.730 to km 72.348 in state of Bihar under EPC mode,MoRTH -) (-,618074,,,Bihar,2025-12,2026-07,7,624.43,154.25,96.0
618080,Improvement to two lane with paved shoulders of BH WB Border Amdabad Manihari section from design Km 0.000 to Km 23.945 of NH 131 A Total length 23.945 Km under EPC mode in the state of Bihar,MoRTH -) (-,618080,,,Bihar,2025-12,2026-07,7,353.27,0.0,7.5
618120,construction of Four-Lane of chausa-Buxar Bypass from Km 45.000 to Km 65.915 Package - 2 in the State of Bihar on EPC Mode.,MoRTH -) (-,618120,,,Bihar,2026-01,2026-07,7,1060.16,0.22,4.0
618121,Improvement to two lane with paved shoulders of NH-319A from km 0 to km 45 in state of Bihar under EPC mode,MoRTH -) (-,618121,,,Bihar,2025-12,2026-07,7,427.29,198.23,93.0
618126,"Pre-Construction activities from Km 134.000 to Km 190.233 of NH-333A and Construction of 4 no. of Bypasses at Katoria, Lakhpura, Banka & Panjwara total length-14.359 Km to two lane with paved shoulders standard in State of Bihar.",MoRTH -) (-,618126,,,Bihar,2026-02,2026-07,7,479.37,67.37,58.75
618146,Estimate for Improvement to two lane with paved shoulder from Ramnagar to Roseda from km 3.500 to 43.000 of NH 527 E on EPC mode in State of Bihar,MoRTH -) (-,618146,,,Bihar,2025-12,2026-07,7,495.16,0.38,39.0
618228,construction of a new 4 lane Parallel to existing MG Setu with its approaces from km 0.00 to km 14.500 across river Ganga on NH-19 at Patna in the state of Bihar.,MoRTH -) (-,618228,,,Bihar,2025-12,2026-07,7,2926.42,622.65,75.33
618234,Construction of a new 4-lane major bridge across river Kosi at Phulaut including Rehabilitation and upgradation of existing Birpur and Bihpur section of NH-106 from km 106.000 to km 136.000 to 2-lane with paved shoulders in the State of Bihar on EPC mode,MoRTH -) (-,618234,,,Bihar,2025-12,2026-07,7,1478.4,901.52,98.6
618246,Construction of New 4-Lane Bridge Parallel to existing Vikramashila Setufrom km 8920 to Km 13375including approach road 35m Naugachhia side &53 m Bhagalpur sideacross River Ganga on newly declared NH-131B at Bhagalpur in the State of Bihar,MoRTH -) (-,618246,,,Bihar,2025-12,2026-07,7,1110.23,522.58,52.6
618250,Construction of 6-Lane Elevated / Extra Dose Cable Bridge on River Ganga parallel to & Western side of Digha-Sonepur Rail cum-Road Bridge of NH 139W in the State of Bihar,MoRTH -) (-,618250,,,Bihar,2025-12,2026-07,7,3064.45,0.0,18.66
618251,"Improvement and Up gradation to four lane with Paved shoulder configuration from Existing Km 0000 to Km 39500 design km 0500 to Km 40342, Design length km of NH 227A near Mehrauna GhatUP Bihar Border to Siwan on the state of Bihar on Hybrid Annuity Model HAM basis",MoRTH -) (-,618251,,,Bihar,2026-01,2026-07,7,1661.25,0.83,9.07
618569,Balance work - WB-10 Gandak Bridge Km 402.00 to Km 440.00 Devanpur - Kotwa,NHAI -) (-,618569,,,Bihar,2025-12,2026-06,6,358.3,181.96,64.05
618570,4L Elevated Highway and at grade improvements at Gopalganj Town from Km. 384.000 to Km. 386.750 on NH-27,National Highways Authority of India [NHAI] N24001702) (-,618570,,,Bihar,2025-12,2026-05,5,248.92,225.44,99.78
618571,Permanent rectification of 3 nos. of black spots in project Highway NH-27 of U.P border - Dewapur - Kotwa section from Km.360.915 to km.440.000 Total Length of 79.085 Km of NH-27& Permanent rectification of 5 nos. of black spots of project Highway NH-27 of Kotwa - Mehsi - Muzaffarpur Section from km.440.000 to km.520.000 Total length 80.00Km,NHAI -) (-,618571,,,Bihar,2025-12,2026-07,7,321.23,233.7,83.01
618582,4L of Galgalia - Bahadurganj section from Km 0.000 to Km 49.000 Package-I of NH327E,National Highways Authority of India [NHAI] -) (10418,618582,,,Bihar,2026-02,2026-05,5,1282.97,599.36,100.0
618583,4L of Bahadurganj Araria section from Km 49.000 to Km 94.000 Package-II of NH- 327E,National Highways Authority of India [NHAI] -) (10419,618583,,,Bihar,2026-02,2026-05,5,1358.77,713.95,100.0
618725,6L Greenfield Varanasi-Ranchi-Kolkata Highway from Pachmon village to Anarbansalea village From KM. 116000 to KM. 151200 Package-6,NHAI -) (-,618725,,,Bihar,2026-01,2026-07,8,1920.21,431.04,24.8
618726,6L Greenfield Varanasi-Ranchi-Kolkata Highway from junction with Chandauli- Chainpur Road near Khainti village to junction with Bhabhua-Adhaura road near Palka village from Km. 27.000 to Km. 54.000 Pkg-2,NHAI -) (-,618726,,,Bihar,2026-01,2026-07,8,1341.52,252.44,26.77
618727,6L Greenfield Varanasi-Ranchi-Kolkata Highway from junction with Bhabhua-Adhaura road in Bhairopur village to Konki village From KM. 54.000 to KM. 90.000Pkg-3,NHAI -) (-,618727,,,Bihar,2026-01,2026-07,8,1711.44,328.2,26.31
618738,6L Bridge and its approaches across River Ganga as Part of Patna Ring Road NH- 131G starting from Km 8.480 near Sherpur to Km 23.000 near Dighwara,NHAI -) (-,618738,,,Bihar,2025-12,2026-07,8,3351.62,734.19,22.05
618739,4L Greenfield Alignment of Amas to Shivrampur from 0.000 Km. to 55.002 Km. of NH 119 D Pkg-I,NHAI -) (-,618739,,,Bihar,2025-12,2026-07,8,1427.43,642.43,54.8
618740,4L Greenfield Alignment of Shivrampur to Ramnagar from Km. 55.002 to Km. 109.300 of NH 119 D Pkg-II,NHAI -) (-,618740,,,Bihar,2025-12,2026-07,8,1546.07,702.39,50.8
618741,4L Greenfield Alignment from Kalyanapur to Tal Dashraha of NH-119D Pkg-III,NHAI -) (-,618741,,,Bihar,2025-12,2026-07,8,1969.3,957.28,36.25
618742,"Construction of 6-lane Greenfield corridor from Ramnagar to Kacchi Dargah NH-119D from Km 109700 to Km 122300, including widening of the existing NH-31 from Km 196700 to Km 198600, as part of the Amas-Darbhanga.",NHAI -) (-,618742,,,Bihar,2026-04,2026-07,5,1113.46,12.44,0.8
618774,Ara - Mohania Pkg-II,National Highways Authority of India [NHAI] N24001712) (10551,618774,,,Bihar,2025-12,2026-05,6,827.51,798.12,100.0
618775,Ara Bypass,NHAI -) (-,618775,,,Bihar,2026-01,2026-07,8,226.32,5.95,25.78
618779,4L of Aurangabad-Paithan,NHAI N24001795) (-,618779,,,Bihar,2025-12,2026-05,6,349.96,319.54,96.5
618790,Construction of four laning of Bakarpur- Manikpur road section starting from village Chitarsenpur km 0000 and terminating at SH-74 near Manikpur 38814 at NH-139W under Bharatmalapariyona,NHAI -) (-,618790,,,Bihar,2026-04,2026-07,5,1537.99,635.91,49.0
618791,4L PS under NH configuration of Manikpur-Sahebganj of NH-139W,NHAI -) (-,618791,,,Bihar,2026-01,2026-07,8,1538.76,595.95,27.5
618839,Aunta - Simaria including Ganga Bridge,National Highways Authority of India [NHAI] N24000696) (10601,618839,,,Bihar,2025-12,2026-05,6,2107.68,812.81,100.0
618840,Simaria Km. 206.050 to Khagaria Km. 266.282,NHAI -) (-,618840,,,Bihar,2025-12,2026-07,8,891.64,814.22,97.73
618841,4L Elevated Section and at-grade improvements at Begusarai town Simaria - Khagaria section from Km. 221.047 to Km. 225.302 of NH-31,NHAI -) (-,618841,,,Bihar,2025-12,2026-07,8,348.38,354.17,95.72
618861,Bakhtiyarpur-Rajauli Pkg-II from km. 54.405 to km.101.630,NHAI -) (-,618861,,,Bihar,2025-12,2026-07,8,1397.47,914.25,97.85
618862,Bakhtiyarpur-Rajauli Pkg-III from km. 101.630 to km.152.520,NHAI -) (-,618862,,,Bihar,2026-02,2026-07,7,3046.61,1818.91,99.14
618902,Maheshkunt-Saharsa-Purnea Pkg I km 0.00 to km. 90.00 of NH-107,NHAI -) (-,618902,,,Bihar,2025-12,2026-07,8,1311.22,1126.22,90.07
618903,Maheshkunt -Saharsa-Purnea Pkg II,NHAI -) (-,618903,,,Bihar,2025-12,2026-07,8,1244.09,1230.43,94.0
618904,Chhapra - Hajipur from km. 143.200 to km. 209.200,NHAI -) (-,618904,,,Bihar,2025-12,2026-06,7,2171.6,526.04,89.81
618905,Widening with additional 3L abetting Chhapra Bypass Section of NH-19 from Km. 143.200 to Km. 159.255 Pkg-1,NHAI -) (-,618905,,,Bihar,2026-02,2026-07,7,528.48,302.74,77.28
618914,"4L Elevated Corridor and at-grade improvements from Design Ch0000 to Design Ch 19870 of Danapur Bihta Section, Design Ch0000 to Design Ch0231 connecting the existing RoB near Danapur station ,1.35 Km ramps and at-grade improvements to 4- lane section on Danapur side and Upgradation of existing Two lane carriageway to Four Lane carriageway from Design Ch19870 to Design Ch23500 of Bihta - Koilwar section",NHAI -) (-,618914,,,Bihar,2026-02,2026-07,7,2625.4,1578.15,63.91
618915,4L of Bal. works of Patna - Gaya -Dobhi Pkg-II from km. 39.00 to km. 83.00 of Old NH- 83,National Highways Authority of India [NHAI] N24001304) (10662,618915,,,Bihar,2025-12,2026-05,6,777.2,728.91,89.01
618916,4L of Bal. works of Patna - Gaya -Dobhi Pkg-III from km. 83.00 to km. 127.217 of Old NH-83,National Highways Authority of India [NHAI] N24001305) (10663,618916,,,Bihar,2025-12,2026-05,6,799.7,774.78,92.0
618917,4L Greenfield starting from NH-30 near Saristabad Patna to Nathupur Project end point of Patna-Gaya-Dobhi Section of NH-83,NHAI -) (-,618917,,,Bihar,2026-02,2026-07,7,419.66,101.06,88.3
618926,4L of Siwan- Masrakh section of Ram Janki Marg from Km 230.385 to Km 281.391 of NH-227A,NHAI -) (-,618926,,,Bihar,2026-02,2026-07,7,1927.04,504.03,10.97
618953,Umagaon-Saharsa Package-IV Koshi Bridge & approach Road - Bheja-Bakaur,NHAI -) (-,618953,,,Bihar,2025-12,2026-07,8,1223.94,1312.28,92.4
618954,Umagaon - Saharsa Package - I Combined Umagaon-Kaluahi0.000KM to 21.609Km of NH227LSaharghat-Rahika0.000 Km to 26.130KM of NH227JRahika-Rampatti 0.00 KM to 15.00KM of NH527ABideshwarsthan-Bheja0.000KM to 25.915KM of NH527A.,NHAI -) (-,618954,,,Bihar,2026-02,2026-07,7,1703.02,644.37,23.78
618955,2L PS of Majhauli to Charout section from km. 0.00 to km. 63.655,NHAI -) (-,618955,,,Bihar,2025-12,2026-07,8,1067.51,1096.16,99.8
618956,Construction of Major Bridge over Baghmati and Lakhandei River along with Approaches from Design km.16.500 to km.21.500,NHAI -) (-,618956,,,Bihar,2026-02,2026-07,7,380.3,57.23,26.84
619127,4L of Greenfield Alignment from Km. 47.000 to Km. 89.210 of Balbhadarpur to Bela Nawda Section of NH-119D,NHAI -) (-,619127,,,Bihar,2026-01,2026-07,8,2118.46,764.97,30.41
619136,Rehabilitation and Upgradation of Chorma - Bairgania Section of National Highway No 227F to 2 lane with paved shoulders from Design Ch.0.000 to Ch. 34.566,NHAI -) (-,619136,,,Bihar,2026-01,2026-07,8,628.65,337.4,100.0
619152,Bakhtiyarpur Km 153.300 to Mokama Km 197.900,NHAI -) (-,619152,,,Bihar,2026-01,2026-07,7,1898.84,1799.23,99.95
619166,Umagaon-Saharsa Package-V Bakaur-Parsarma-Bangaon-Bariyahi & Spur to Mahishi,NHAI -) (-,619166,,,Bihar,2026-01,2026-07,8,968.42,509.32,99.5
619289,4L of Munger Mirzachauki section from Munger to Kharia village junction from Km 69520 to Km 95580 Pkg-1,NHAI -) (-,619289,,,Bihar,2026-03,2026-07,6,1696.66,685.48,82.72
619301,Construction of Approach Road to Rail-cum- Road Bridge across river Ganga at Munger Ghat NH-333 B,NHAI -) (-,619301,,,Bihar,2026-03,2026-07,6,633.91,573.97,99.99
619305,4L of Munger Mirzachauki section from start of existing Bhagalpur bypass to Rasulpur from Km 125000 to Km 157350 Pkg-3,NHAI -) (-,619305,,,Bihar,2026-03,2026-07,6,2024.59,675.5,77.3
619306,4L of Munger Mirzachauki section from Km 95580 to Km 125000 Pkg-2,NHAI -) (-,619306,,,Bihar,2026-03,2026-07,6,1235.65,643.0,95.9
619317,4L of Hajipur-Muzaffarpur Section of the existing NH-77 from Km. 0000 Ramashish Chowk to Km. 46300 and new bypass starting at Km. 46300 and connecting NH-28 of E-W Corridor at Km. 515045,NHAI -) (-,619317,,,Bihar,2026-04,2026-07,5,2906.78,2160.8,99.45
619320,Muzaffarpur - Sonbarsa Section of NH-77 from km 2.800 to km 89.000,NHAI -) (-,619320,,,Bihar,2026-04,2026-05,3,2311.1,468.71,100.0
617908,Bemetara Bypass NH 30,MoRTH -) (-,617908,,,Chhattisgarh,2026-02,2026-07,7,161.96,0.0,42.0
617919,Construction of 4 Nos Grade separtor between km. 281.000 to km. 307.600 km. 286.400 kumhari km. 299.000 Transport Nagar km. 302.000 Power House km. 304.000 Chandra Moura Chowk to km. 305.000 supeia of NH-53 old NH-06 Raipur - Durg 4 Lane on EPC mode in the state of chhattisgarh job NO. NH-53old NH-06 CG- 2017-18-56,MoRTH -) (-,617919,,,Chhattisgarh,2025-12,2026-07,8,349.03,304.04,97.9
617971,Up-gradation to Two/Four lane with paved shoulder Configuration of Kondagaon- Narayanpur from design ch. 0.00 - 48.693 Design Length 47.493 Km. 1.20 Km. retained on NH-130D under EPC mode in the State Chhattisgarh.,MoRTH -) (-,617971,,,Chhattisgarh,2026-01,2026-07,8,322.4,1.14,70.0
617972,Upgradation to Two lane with Paved Shoulder Configuration of Narayanpur Kasturmeta pkg-II from design ch. 48.693 to 70.453 design length21.760 Km. on NH-130D under EPC mode in the state of Chhattisgarh.,MoRTH -) (-,617972,,,Chhattisgarh,2026-02,2026-07,7,200.67,0.0,0.0
617973,Strengthening and widening of existing 2 lane road to two lane paved shoulder from km 7.750 to 26.542 & km. 32.093 to 45.786 of NH-130 on EPC mode in the state of chhattisgarh.job No. 130-CG-2017-18-348,MoRTH N24001228) (-,617973,,,Chhattisgarh,2025-12,2026-05,6,188.8,102.56,97.0
618014,"Upgradation of Ambikapur-Ramanujganj-Garwa road of NH-343, Package-III, Badki mahri village to Ramanujganj section from existing km 80.600 to km 110.330 Design Ch. 85.370 to Ch. 114.800 of total length 29.430 km to two lane with paved shoulders udner corridor scheme under EPC Mode in the of Chhattisgarh",MoRTH -) (-,618014,,,Chhattisgarh,2026-02,2026-07,7,199.05,53.0,38.56
618015,"Upgradation of Keonchi - Ratanpur Road of NH 45 Package-I, from design chainage km 237.860 to km 273.200 of length 35.340 km to two lane with paved shoulders under Corridor scheme on EPC mode in the state of Chhattisgarh.",MoRTH -) (-,618015,,,Chhattisgarh,2026-02,2026-07,7,228.93,83.75,60.0
618016,"Upgradation of Ambikapur Ramanujganj - Garhwa Road NH 343 of Package-I, Rajpuri Khurd Village to Padih Village section from existing km 7.830 to km 57.650 Design Ch. 13.700 to Ch. 62.700 of total length 49.00 km to two lane with paved shoulders under EPC mode in the state of Chhattisgarh",MoRTH -) (-,618016,,,Chhattisgarh,2026-02,2026-07,7,397.44,76.67,28.07
618017,"Upgradation of Keonchi - Ratanpur Road of NH 45 Package-II, from design chainage km 278.75 to km 321.348 of length 42.598 km to two lane with paved shoulders under Corridor scheme on EPC mode in the state of Chhattisgarh.",MoRTH -) (-,618017,,,Chhattisgarh,2026-02,2026-07,7,286.0,92.75,60.0
618018,Upgradation of Bilaspur-Takhatpur-Mungeli-Pandariya-Pondi Road on N.H.-130A Package IIIA Takhatpur By-pass from existing Ch. 26.542 to 32.093 [Design Ch. 18.700 to 25.900] & Mungeli By-pass from existing Ch. 45.786 to 56.275 [Design Ch. 29.600 to 51.600] and Package IIIB Pandariya By-Pass from existing Ch. 82.582 to 87.133 [Design Ch. 77.900 to 81.1000 & Pondi By-pass from existing Ch. 103.166 to 104.756 [Design Ch. 97.000 to 103.395] to two lane with paved shoulder configuration in the,MoRTH -) (-,618018,,,Chhattisgarh,2026-02,2026-07,7,351.19,11.63,11.0
618064,Up-gradation of NH-930 Sherpar to Kohka from Km.67880 to Km.114860 to 2LPS in Chhattisgarh under EPC mode,MoRTH N24001917) (-,618064,,,Chhattisgarh,2025-12,2026-05,6,278.97,201.05,90.0
618078,Up-gradation of NH-130C Abhanpur to Paund from NH Km. 0000 to KM 40380 to two lane with paved shoulders in the State of Chhattisgarh on EPC mode.,MoRTH N24001919) (-,618078,,,Chhattisgarh,2025-12,2026-05,6,193.16,97.78,85.0
618589,Durg-Raipur Bypass Section Package - 1 from km. 0.00 to km. 44.50 near Tendesara to near Khatti Village,NHAI -) (-,618589,,,Chhattisgarh,2025-12,2026-07,8,1656.73,1063.62,75.39
618590,Durg-Raipur-Arang Package - 2 from km. 44.50 to km. 92.23 near Khatti Village to near Aurang,NHAI -) (-,618590,,,Chhattisgarh,2025-12,2026-07,8,1561.97,1001.18,73.96
618639,4L of Bilaspur to Urga km 0.00 to 70.2 of NH-130A,NHAI -) (-,618639,,,Chhattisgarh,2026-01,2026-07,7,2523.86,1470.78,94.81
618640,4L of Urga - Pathalgaon from Km. 70.200 to km. 157.745 of NH-130A,NHAI -) (-,618640,,,Chhattisgarh,2026-02,2026-07,7,2860.36,1120.45,81.5
618673,Development of 6L of Jhanki Sargi Section Road from km 0.000 to km 42.800 of NH- 130CD Pkg-CG-1,NHAI -) (-,618673,,,Chhattisgarh,2025-12,2026-07,8,1129.14,715.32,99.35
618674,Development of 6L Sargi Basanwahi Section from km 42.800 to km 99.500 of NH- 130CD Pkg-CG-2,NHAI -) (-,618674,,,Chhattisgarh,2025-12,2026-07,8,1461.81,757.62,100.0
618675,Development of 6L of Basanwahi Marangpuri Section from km 99.500 to km 124.661 of NH-130-CD,NHAI -) (-,618675,,,Chhattisgarh,2025-12,2026-07,8,1303.63,489.55,70.73
618849,Conversion of Partially Excavated Escape Tunnel to Uni-Directional 2L Tunnelincluding construction of cross passages and approach roads on either side of the tunnel from Km 12.732 to Km 14.568 of Kiratpur to Nerchowk Section of NH-21,National Highways Authority of India [NHAI] N24001809) (-,618849,,,Chhattisgarh,2025-12,2026-05,6,412.88,394.65,100.0
618957,4 laning of Champa - Korba from km 0.00 to km 38.2,NHAI -) (-,618957,,,Chhattisgarh,2026-02,2026-07,7,1304.47,944.68,98.75
619103,4/6 Laning of Raipur-Simga Pkg-I from km. 0.00 to km. 48.58,NHAI -) (-,619103,,,Chhattisgarh,2026-01,2026-07,8,1172.36,905.32,100.0
619167,4 Laning with PS of Pathrapalli-Katghora km 53.3 to km 92.6 Pkg-II of Bilaspur Kathghora,NHAI -) (-,619167,,,Chhattisgarh,2026-01,2026-07,8,1275.26,853.85,93.1
619183,Widening of Existing Road from Intermediate Lane 2-lane to 4-lane Between Km 19.994 to Km 35.180 of NH-848A Rakholi-Khadoli-Velugam Section in U.T. of Dadra and Nagar Haveli and Daman and Diu,MoRTH -) (-,619183,,,Dadra & Nagar Haveli and Daman & Diu,2026-02,2026-07,7,239.57,77.74,80.0
618509,Development of 6L UER II [Package - I] NH-1 Near Bakoli till Karala Kanjhawala Road from km. 0.70 to km.15.00,NHAI -) (-,618509,,,Delhi,2025-12,2026-07,8,2203.45,1834.91,99.99
618578,6L Access Controlled Highway from DND Maharani Bagh - Jn. with Jaitpur - Pushta Road of NH-148NA from km. 0.00 to km. 9.00 in NCR,National Highways Authority of India [NHAI] N24001773) (10414,618578,,,Delhi,2025-12,2026-05,6,2510.34,1615.93,98.25
619090,8L of Dwarka Expressway Pkg-II RuB near Dwarka Sector 21-DL/HR Border from 5.300 Km.to 9.500 Km. of NH-248BB,NHAI -) (-,619090,,,Delhi,2026-01,2026-07,7,2670.22,2381.53,100.0
619202,Dwarka Expressway from Km -0.600 to Km 5.300 - Pkg-I Shivmurti Chowk-RuB near Dwarka Sector 21,NHAI -) (-,619202,,,Delhi,2026-02,2026-07,7,3929.5,3512.17,98.8
617941,4-Laning from End of Zuari approaches to Start of Margao Bypass section of NH-66 from Km 536.800 to Km 543.450,MoRTH -) (-,617941,,,Goa,2026-02,2026-07,7,398.25,0.28,1.0
617942,Construction of Six lane Elevated Corridor from Km. 508.000 to Km. 513.150 including approaches on NH-66,MoRTH -) (-,617942,,,Goa,2025-12,2026-07,8,641.46,0.0,99.08
618609,Construction of 4L Flyover from MES College Junction to Bogmalo Junction on NH- 566 from Km. 7.106 to Km. 10.460 and 4L VUP at Queeny Nagar Junction from Km. 3.330 to Km. 4.550,NHAI -) (-,618609,,,Goa,2026-02,2026-07,7,316.28,168.21,59.18
617906,Up-gradation of Dhoraji-Jamkandorna-Kalavad Section of NH-927D from Design Chainage km 0/00 to km 58/115 to Two lane with PS configuration in the State of Gujarat on EPC,MoRTH -) (-,617906,,,Gujarat,2026-01,2026-07,7,291.19,0.0,35.0
617916,Work of 6 laning/Construction of elevated corridor from km 0/0 to 10/170 Narol Junction to Sarkhej junction including 4 lane Shastri Bridge on Sabarmati river on NH 47 in the State of Gujarat on HAM mode,MoRTH -) (-,617916,,,Gujarat,2026-01,2026-07,8,1295.39,0.0,35.0
617926,Construction of new 4 lane major bridge with approaches on Sabarmati River near Dharoi at Km. 82/00 to 86/00 Design length 3.300 km on NH-58 in the State of Gujarat on Hybrid Annuity Mode HAM,MoRTH -) (-,617926,,,Gujarat,2026-01,2026-07,8,398.4,0.0,53.0
617927,Widening to 2LPS between Km 0/0 to 56/0 Khokhara Gujarat Border Vijayanagar Antrasuba Mathasur road of NH 58 in the State of Gujarat,MoRTH -) (-,617927,,,Gujarat,2026-01,2026-07,8,699.19,0.0,36.0
617928,"Widening 2 lane to 4-lane from KM 92/320 to Km 115/320 Vav Chokdi-Satlasana to to Vrundavan Chokdi, Kheralu on NH-58 in the State of Gujarat.",MoRTH -) (-,617928,,,Gujarat,2025-12,2026-07,8,171.27,0.0,98.0
617976,Work of development and construction of elevated corridorfrom km 38/660 to km 42/690 Iscon junction to start point of approach of sanand flyover of NH-147 in the sate of Gujarat,MoRTH -) (-,617976,,,Gujarat,2025-12,2026-07,8,530.2,58.29,90.0
617977,Development of Chiloda - Gandhinagar- Sarkhej ofNH-147 Package -II,MoRTH -) (-,617977,,,Gujarat,2026-02,2026-05,5,234.44,0.0,99.55
618022,Upgradation to two lane with paved Shoulder Configuaration from Km. 0/00 to 47/000 of NH 351 Mahuva to Badhada section in the State of Gujarat,MoRTH -) (-,618022,,,Gujarat,2026-01,2026-07,7,219.08,22.63,77.0
618107,Upgradation of Mehsana-Visnagar-vadnagar-Kheralu-Idar section from km 0/00 to 81/300 of NH 168G Mehsana to Idar in the State of GujaratTotal Length 81.300 Km on Hybrid Annuity Mode HAM,MoRTH -) (-,618107,,,Gujarat,2026-01,2026-07,8,1155.21,421.58,23.0
618108,Up-gradation and strengthening to 2lanePS from Km 95/500 to km 129/775 of Nh 168G Idar-Bhiloda-Samlaji in the state of Gujarat Length 34.275 km,MoRTH -) (-,618108,,,Gujarat,2025-12,2026-07,8,237.28,41.55,64.5
618459,Delhi-Vadodara Greenfield Alignment NH-148N Pkg-26 Ch.696890 to Ch.726390,NHAI -) (-,618459,,,Gujarat,2025-12,2026-07,8,1556.4,1288.32,85.5
618460,Delhi-Vadodara Greenfield Alignment NH-148N Pkg-28 Ch.756052 to Ch.781282,NHAI -) (-,618460,,,Gujarat,2025-12,2026-06,7,1266.98,934.98,100.0
618462,Delhi-Vadodara Greenfield Alignment NH-148N Pkg-31 Ch.824920 to Ch.844382 [Junction near Pratap nagar Village - Junction near Dodka Village],NHAI -) (-,618462,,,Gujarat,2025-12,2026-07,8,1651.14,1297.76,100.0
618463,Vadodara Mumbai Expressway Kim to Ankleshwar Phase IA - Pkg V,NHAI -) (-,618463,,,Gujarat,2025-12,2026-07,8,2807.48,1546.7,91.34
618464,Vadodara Mumbai Expressway Ena -Kim Phase IB - Pkg VI [Km 217.500 to Km 254.430],National Highways Authority of India [NHAI] -) (10323,618464,,,Gujarat,2026-02,2026-05,5,4297.28,2574.42,98.9
618465,Vadodara Mumbai Expressway Gandeva to Ena Phase IB - Pkg VII [Km 190.00 to Km 217.500],National Highways Authority of India [NHAI] N24001789) (10324,618465,,,Gujarat,2025-12,2026-05,6,3392.21,2158.87,97.05
618466,Vadodara Mumbai Expressway Jujuwa - Gandeva from Km. 154.600 to Km. 190.000 Phase-I Package-VIII,NHAI -) (-,618466,,,Gujarat,2026-02,2026-06,6,3820.2,197.98,4.85
618467,Vadodara Mumbai Expressway Karvad - Jujuwa from Km. 128.000 to Km. 154.600 Phase-I Package-IX,NHAI -) (-,618467,,,Gujarat,2026-02,2026-07,7,2587.04,235.55,21.75
618501,Ahmedabad - Dholera Pkg I from km. 0.00 to km. 22.00 [Sardar Patel Ring Road - Sindhrej Village],National Highways Authority of India [NHAI] N24001443) (10359,618501,,,Gujarat,2025-12,2026-05,6,1421.05,1024.93,100.0
618502,Ahmedabad - Dholera Pkg II from km. 22.00 to km. 48.52 [Sindhrej Village - Vejallka Village],National Highways Authority of India [NHAI] N24001444) (10360,618502,,,Gujarat,2025-12,2026-05,6,1729.69,1427.49,100.0
618503,Ahmedabad - Dholera Pkg III from km. 48.52 to km. 71.06 [Vejallka Village - Start of DSIR zone],NHAI -) (-,618503,,,Gujarat,2025-12,2026-07,8,1155.41,1125.55,100.0
618504,Ahmedabad - Dholera Pkg IV from km. 71.06 to km. 109.019 [Start of DSIR zone - Adhelai Village],NHAI -) (-,618504,,,Gujarat,2025-12,2026-07,8,1358.73,1222.79,98.08
618507,"Balance work of Six Laning of Shamlaji-Motachiloda from Km. 401.200 to Km.494.410 section Design Chainage Km.447.385 to Km 540.595, Length- 93.210 Km of old NH-8 NH-48 in the state of Gujarat on single Percentage Item Rate Contract",NHAI -) (-,618507,,,Gujarat,2026-02,2026-07,7,501.48,577.62,91.83
618508,Construction of Additional Structures including Approaches in Vadodara Surat Section of NH48 between existing Km. 108.000 to Km. 250.000,NHAI -) (-,618508,,,Gujarat,2026-02,2026-07,7,907.39,368.63,48.73
618564,6L with PS of Samakhiyali to Santalpur section from km. 339.700 to Km. 430.100 of NH-27,NHAI -) (-,618564,,,Gujarat,2026-02,2026-07,7,34.34,28.66,64.52
618614,Sanchore - Santalpur from km 67.000 - km 99.000 of NH-754K AJ-RGBS-Package-3,National Highways Authority of India [NHAI] N24001790) (10441,618614,,,Gujarat,2025-12,2026-05,6,765.25,569.58,99.0
618615,Sanchore - Santalpur from km 99.000 - km 130.073 of NH-754K AJ-RGBS-Package-4,NHAI -) (-,618615,,,Gujarat,2025-12,2026-07,8,835.55,767.83,99.7
618616,4L of Dhrol bypass section of NH-151A Approx. length 5.7 Km & widening upto 4 laning of missing link of Amran section of NH-151A Approx. length 6.55 Km from existing Ch. 42000 to 48500 of ongoing Dhrol-Bhadra-Pipaliya section of NH-151A,NHAI -) (-,618616,,,Gujarat,2026-01,2026-07,8,455.54,151.99,35.47
618699,Pipli Bhavnagar-Package 1 from km 136.025 to km 169.328,National Highways Authority of India [NHAI] -) (10499,618699,,,Gujarat,2026-02,2026-05,5,1297.38,188.7,100.0
618787,"Upgradation to 4L PS from Bhimasar, Junction of NH-41 to Anjar- Bhuj upto Airport Junction from Km 0.000 to Km 65.478 of NH-341",NHAI -) (-,618787,,,Gujarat,2025-12,2026-07,8,1687.25,837.85,96.0
618833,Kodinar - Veraval Package VI from km. 221.610 to km. 263.00 of NH-8E & km. 120.900 to km. 121.150 of NH-8D,NHAI -) (-,618833,,,Gujarat,2025-12,2026-06,7,1127.42,730.04,98.79
618834,4L Kodinar - Veraval Package VI from km. 222.400 to km. 230.00 Kodinar Bypass of NH-8E NH 51 new,National Highways Authority of India [NHAI] N24001827) (-,618834,,,Gujarat,2025-12,2026-05,6,192.01,174.82,100.0
618835,4L of Bal Works of Talaja - Mahuva from 54.990 km. to 100.450 km. of Old NH-8E Package-II,National Highways Authority of India [NHAI] N24001792) (10597,618835,,,Gujarat,2025-12,2026-05,6,735.51,418.41,100.0
618901,4L PS Divided Carriageway from Patan Near Rajpur to Gojariya From Km 52.000 to Km 128.940 of NH-68,NHAI -) (-,618901,,,Gujarat,2026-02,2026-07,7,1098.23,934.16,87.12
618930,4L PS from Ch. 94.030 in Jabugam Village to Ch. 132.320 in Dhamasiya Village of NH-56 Pkg-III,NHAI -) (-,618930,,,Gujarat,2026-01,2026-07,6,898.0,179.47,25.82
618931,4L PS from Ch. 179.780 in Bitada/Movi Village to Ch. 208.900 in Nasarpore Village of NH-56 Pkg-V,NHAI -) (-,618931,,,Gujarat,2026-01,2026-07,8,566.96,82.38,10.08
619067,6L of Chiloda-Naroda section from Km. 540.595 to Km. 555.595 of NH-8Package-VII,National Highways Authority of India [NHAI] -) (-,619067,,,Gujarat,2026-01,2026-05,6,463.03,104.04,100.0
619087,Widening to 6L of Existing 4L Jetpur - Gondal - Rajkot Section from Km. 117.600 to Km. 185.00 on NH-27,NHAI -) (-,619087,,,Gujarat,2026-01,2026-07,7,1390.29,1117.01,76.83
619137,4L of Dwarka-Khambaliya-Devariya section from km 203.500 to km 176.500 and from km 171.800 to km 125.000 of NH-151A,National Highways Authority of India [NHAI] -) (11804,619137,,,Gujarat,2026-01,2026-04,5,1753.95,882.1,100.0
619145,Four Laning of Una to Kodinar from km. 180.478 to km. 221.610 Package-V,NHAI -) (-,619145,,,Gujarat,2026-01,2026-07,8,1126.66,1008.79,100.0
619146,Kagvadar - Una Package-IV,NHAI -) (-,619146,,,Gujarat,2026-01,2026-06,6,955.78,833.12,97.93
619147,4L of Bal Works of Mahuva to Kagvadar from 100.450 Km. to 140.470 Km. of NH-8E Pkg- III,National Highways Authority of India [NHAI] N24001793) (11809,619147,,,Gujarat,2026-01,2026-05,5,628.49,624.41,99.71
619148,4L of Bhavnagar - Talaja Package-I from Km. 6.945 to Km. 54.990 of Old NH-8E,National Highways Authority of India [NHAI] -) (-,619148,,,Gujarat,2026-01,2026-05,6,1343.16,53.18,100.0
619197,Delhi-Vadodara Greenfield Alignment NH-148N Pkg-27 Ch.729.700 to Ch.756.052,NHAI -) (-,619197,,,Gujarat,2026-02,2026-07,7,1259.27,1045.08,98.9
618482,Delhi-Amritsar-Katra Expressway Phase-I Pkg-I from Jussur Kheri on NH-KMP Expressway to Junction with Rohtak-Panipat road NH-709 near Rukhi Paani village Km 0000 to Km 34000,NHAI -) (-,618482,,,Haryana,2026-02,2026-07,7,2429.9,1609.72,99.91
618483,Delhi-Amritsar-Katra Expressway Phase-I Pkg-II from Junction with Rohtak-Panipat road NH-709 near Rukhi Paani village to Junction with Jind-Panipat road NH-352A near Gangana village Km 34000 to Km 60800,NHAI -) (-,618483,,,Haryana,2026-02,2026-07,7,1792.53,1176.23,99.89
618484,Delhi-Amritsar-Katra Expressway Phase-I Pkg-III from Junction with Jind-Panipat road NH-352A near Gangana village to Junction with Jind-Karnal road NH-709A near Alewa village Km 60800 to Km 91400,National Highways Authority of India [NHAI] N24001633) (10342,618484,,,Haryana,2025-12,2026-05,6,1813.91,631.62,79.08
618485,Delhi-Amritsar-Katra Expressway Phase-I Pkg-IV from Junction with Jind-Karnal road NH-709A near Alewa village to Junction with Ambala-Kaithal-Hissar road NH-152 near Kharak Pandwa village Km 91400 to Km 120250,National Highways Authority of India [NHAI] N24001634) (10343,618485,,,Haryana,2025-12,2026-05,6,1578.66,563.2,76.13
618506,"Construction of Additional Structures, Improvement of Service Road & Maintenance of Six Lane Gurgaon-Jaipur Section of NH-48 old NH-8 between km 42700 to km 107100 in the State of Haryana",NHAI -) (-,618506,,,Haryana,2026-02,2026-07,7,240.02,131.79,61.38
618580,Gohana - Sonipat PKG-2,NHAI -) (-,618580,,,Haryana,2025-12,2026-07,8,1957.44,1225.85,97.86
618788,4L Greenfield Jalbhera Shahbad section from km. 0.000 to km. 22.850 of NH-152G,NHAI -) (-,618788,,,Haryana,2026-01,2026-07,7,1173.66,550.65,87.05
618792,4L Bhiwani-Hansi road section of NH-148B,NHAI -) (-,618792,,,Haryana,2026-01,2026-07,7,1144.21,455.86,99.5
618936,Jagadhari - Tajewala from Km -0.175 to 32.337 km of NH-344,NHAI -) (-,618936,,,Haryana,2025-12,2026-07,8,919.43,712.77,68.0
619080,4L PS of Ambala Ring Road of New NH-44,NHAI -) (-,619080,,,Haryana,2026-01,2026-07,8,1225.41,595.59,92.97
619092,4L of Jind-Gohana road Package-1 from km. 0.00 to km. 40.601 of NH-352 A under NHO,NHAI -) (-,619092,,,Haryana,2026-01,2026-07,8,1606.82,1064.47,99.97
619132,4/6L of Gurgaon - Pataudi - Rewari from km. 0.00 to km.43.87 of NH-352W,NHAI -) (-,619132,,,Haryana,2026-01,2026-07,7,1917.5,1267.55,77.76
619201,Karnal ring road Lot-4/Pkg-1,NHAI -) (-,619201,,,Haryana,2026-02,2026-07,7,2041.54,834.54,96.66
618050,Rehabilitation and Upgradation to 2-lane/Intermediate lane configuration of Ashyari- Shri Kyari Section km 50.000 to km 75.000 of NH-707 in the state of Himachal Pradesh under Green National Highways Corridor Project GNHCP with the loan assistance of World Bank on EPC mode.,MoRTH N24001422) (-,618050,,,Himachal Pradesh,2025-12,2026-05,6,359.56,146.64,98.16
618215,"Improvement/construction of existing CL-5 Road to NH Intermediate lane specification with hard shoulder from Km 166.000 to 203.77 net Length 37.770 kms of NH-505 Sumdo-Kaza-Gramphoo road in the state of Himachal Pradesh on EPC mode under project Deepak, BRO",MoRTH -) (-,618215,,,Himachal Pradesh,2026-02,2026-07,7,194.0,0.0,22.26
618216,"Improvement/construction of existing CL-5 Road to NH Intermediate lane specification with hard shoulder from Km 133.000 to 166.000 net Length 33.000 kms of NH-505 Sumdo-Kaza-Gramphoo road in the state of Himachal Pradesh on EPC mode under project Deepak, BRO",MoRTH -) (-,618216,,,Himachal Pradesh,2025-12,2026-07,8,203.15,31.4,23.24
618217,Improvement/construction of existing Class-5 Road to NH Intermediate lane specification with hard shoulder from existing Km 76/340 to 134/940 Design chainage from Km 76/300 to 133/000 net Length 56.700 kms of NH-505 Sumdo-Kaza- Gramphoo road in the state of Himachal Pradesh Package I,MoRTH -) (-,618217,,,Himachal Pradesh,2025-12,2026-07,8,244.15,93.27,62.28
618230,Rehabilitation and Upgradation to 2-lane configuration of Kalwahn-Mandi Section km 208.950 to 250.592 of NH-70 in the State of Himachal Pradesh under Green National Highways Corridor Project GNHCP with the loan assistance of World Bank on EPC mode.Package-3,MoRTH -) (-,618230,,,Himachal Pradesh,2025-12,2026-07,8,314.32,0.0,70.58
618231,Rehabilitation and Upgradation to 2-lane configuration of Hamirpur-Karnohal Section km 141.00 to 181.00 of NH-70 in the State of Himachal Pradesh under Green National Highways Corridor Project GNHCP with the loan assistance of World Bank on EPC mode.Package-1,MoRTH -) (-,618231,,,Himachal Pradesh,2025-12,2026-07,8,371.93,198.34,93.62
618232,Rehabilitation and Upgradation to 2-lane configuration of Karnohal- Kalwahn Section km 181.00 to 208.950 of NH-70 in the State of Himachal Pradesh under Green National Highways Corridor Project GNHCP with the loan assistance of World Bank on EPC mode.Package-2,MoRTH -) (-,618232,,,Himachal Pradesh,2026-02,2026-07,7,190.02,77.84,58.0
618253,Construction of missing link from Birhu to Lathiani from Km 35/550 Design chainage Km 0.000 to Km 42/800 Design Chainage Km 8.153on NH-503A including Lathiani Bridge on back water of Govindsagar and its approaches in Himachal Pradesh.,MoRTH -) (-,618253,,,Himachal Pradesh,2026-04,2026-07,5,896.86,0.0,0.0
618850,Nerchowk km 190.000 to Pandoh including Pandoh bypass km221.305,NHAI -) (-,618850,,,Himachal Pradesh,2025-12,2026-07,8,1651.67,1574.85,100.0
618851,Pandoh bypass 221.305 to Takoli 242.000 of NH-21 in the state of Himachal Pradesh,NHAI -) (-,618851,,,Himachal Pradesh,2026-02,2026-07,7,4465.94,2883.58,95.65
618852,4L Sundar Nagar Bypass from Km.173.900 to Km.179.600 of NH-21,NHAI -) (-,618852,,,Himachal Pradesh,2025-12,2026-07,8,192.11,182.6,100.0
618878,Rehabilitation and Upgradation to 4L configuration & Strengthening of Sihuni to Rajol from Km 51.000 to Km 72.000 of NH-154 Package-IIA,NHAI -) (-,618878,,,Himachal Pradesh,2025-12,2026-07,8,776.59,496.48,99.18
618879,Rehabilitation and Upgradation to 2L PS configuration & Strengthening of Padhar to Bijni section from Km 180.000 to Km 202.815 of NH-154 Pkg-VA,NHAI -) (-,618879,,,Himachal Pradesh,2026-02,2026-07,7,930.86,666.12,99.86
618880,Rehabilitation and Up-gradation to 4L configuration & Strengthening of Thanpuri to Paror section from Km 85.135 to Km 100.840 of NH-154 Pkg-IIC,NHAI -) (-,618880,,,Himachal Pradesh,2026-02,2026-07,7,666.79,496.91,56.61
618881,4L PS bijni to mandi section from Km 202.815 to Km 208.000 of NH-20 New NH-154 of Pathankot-Mandi Package-VB,NHAI -) (-,618881,,,Himachal Pradesh,2026-01,2026-07,8,1112.39,547.08,35.3
618888,Rehabilitation and Up-gradation of existing road to 2L PS from End of Hamirpur Bypass near Chilbahal to Bhangbar section from Km. 138.295 to Km.175.270 of NH- 88 Pkg-IV,NHAI -) (-,618888,,,Himachal Pradesh,2025-12,2026-07,8,1358.62,987.35,97.2
618889,"4L of Bhangbar Near Ranital to Kangra Bypass Section of Old NH-88 New NH- 303,503 up to Intersection with NH-154 from Km 175.270 to Km 193.400 Pkg-VB",NHAI -) (-,618889,,,Himachal Pradesh,2025-12,2026-07,8,1829.49,1102.58,97.45
618890,2L PS of Hamirpur Bypass from Km 121.175 to Km.138.295 of NH-103&3,NHAI -) (-,618890,,,Himachal Pradesh,2025-12,2026-07,8,754.82,369.94,94.37
618891,4L PS from Kalar Bala Village to Nauni Chowk of NH 205 from Km 41.000 to Km 58.450,NHAI -) (-,618891,,,Himachal Pradesh,2026-02,2026-07,7,786.91,145.72,31.46
618921,4L of Kathlighat to Shakral Village from Km 128.835 to Km 146.300 of NH- 5 Shimla Bypass - Pkg I,NHAI -) (-,618921,,,Himachal Pradesh,2025-12,2026-07,8,2648.8,1182.61,64.2
618922,4L of Shakral Village to Dhalli Section from Km 146.300 to Km 156.560 Shimla Bypass - Pkg II and Shimla connectivity from Km 0.000 to Km 0.725 of NH-5,NHAI -) (-,618922,,,Himachal Pradesh,2026-02,2026-07,7,2880.72,1505.86,59.88
619003,Solan - Kaithlighat Section of NH-22 Now NH-5 from Km. 106.139 to Km.129.05,NHAI -) (-,619003,,,Himachal Pradesh,2026-01,2026-07,7,1519.53,1347.79,90.11
619153,4L of HP/Punjab Border - Mo from km. 11.00 to km. 42.00 of Old NH-20 New NH-154 Package-IA,NHAI -) (-,619153,,,Himachal Pradesh,2026-01,2026-07,7,1363.04,819.72,68.65
618038,Construction of Shopian Bypass on NH-444 taking off from existing chainage Km 36500 and re-joining at km 47588 of existing Chainage New Design Ch. From km 28000 to km 36925 as 2- lane with paved shoulder in the UT of Jammu & Kashmir on EPC mode.,MoRTH -) (-,618038,,,Jammu and Kashmir,2026-01,2026-07,8,224.44,0.0,3.0
618201,"Widening and strengthening to 2 lane with paved shoulder from existing Ch. Km 56720 to Km 100820 and Design Ch. From Km 62600 to Km 106360 Total Length43.760 Km on SRINAGAR -BARAMULA URINH-01 in the UT of Jammu & Kashmir under project BEACON, Border Roads Organization BRO on EPC mode.",MoRTH -) (-,618201,,,Jammu and Kashmir,2026-02,2026-07,7,702.1,0.0,51.0
618202,Construction of 2 lane with paved shoulders Baramulla Bypass Greenfield bypass from existing Ch. Km 47020 to Km 56720 and Design Ch. From 48500 to 62600 Total length 14.100 km on road Srinagar Baramulla Uri NH-01 in the UT of Jammu & Kashmir under Project.Package-III,MoRTH -) (-,618202,,,Jammu and Kashmir,2026-01,2026-07,7,992.43,112.16,46.8
618203,"Construction of 4 lane with paved shoulder Pattan bypass Greenfield bypass from existing Ch. Km 24320 to Km 33760 and Design Ch. from Km 24400 to Km 35300, total length 10.900 km on road SrinagarBaramulla Uri NH-01 in the UT of Jammu & Kashmir under Project BEACON, Border Roads Organization BRO on EPC mode. Package-II",MoRTH -) (-,618203,,,Jammu and Kashmir,2026-01,2026-07,7,980.21,132.03,57.0
618204,Construction of realignment between Pandrass- Pashkyun Total length 27.10 km on road Zozila-Kargil -Leh NH-1 to 2 lane specifications i.e. Drass alignment 9.30 km Kharboo realignment 6.30 km & Kargil alignment 11.50 km under project Vijayak BRO in the UT of Ladakh on EPC Mode,MoRTH -) (-,618204,,,Jammu and Kashmir,2026-01,2026-07,7,426.15,112.2,54.89
618205,"Construction of 4 lane with paved shoulder from Existing Ch. 14200 to 24320 Design Ch. 14200 to 24400, Ch. 33760 to 42780 Design Ch. 35300 to 44294 & Ch. 43440 to 47020 Design Ch. 44958 to 48500 Delina Flyover including construction of flyover length 1.704 km of total length 22.736 kms in AOR of 760 BRTF on road SRINAGAR BARAMULA URI NH-01 in the UT of Jammu & Kashmir under project BEACON, Border Roads Organization BRO Package-IJob No NH-1-J&K-2022-23-110",MoRTH -) (-,618205,,,Jammu and Kashmir,2026-01,2026-07,7,823.46,298.96,85.5
618206,Widening and Strengthening of Rafiabad-Kupwara-Chowkibal-Tangdhar-Chamkot NH- 701 road from design Ch. From 0000 to 51000 to two lanes with paved shoulders under Project Beacon in the UT of Jammu & Kashmir on EPC mode Package-I.,MoRTH -) (-,618206,,,Jammu and Kashmir,2026-02,2026-07,7,1404.94,160.59,41.7
618220,Reconstruction and widening to 2 lane with paved shoulder from existing chainage km 102000 to km 134950 Design chainage km 90150 to km 116980 including construction of Naushera Tunnel Total length of tunnel 0.700 km under 31 TF on Akhnoor-Poonch road NH-144A in the UT of Jammu & Kashmir under Project Sampark BRO on EPC mode Package-V Job no NH-144A-J&K-2020-21-104,MoRTH N24001897) (10216,618220,,,Jammu and Kashmir,2026-01,2026-05,5,572.51,0.0,100.0
618221,Rehabilitation and upgradation to 2 lane with paved shoulder from existing chainage Km 166.100 to Km 192.98 design chainage Km 146.700 to Km 162.800 including construction of Bhimber Gali Tunnel Total Length of Tunnel 1.100 Km under 31 BRTF on Akhnoor-Poonch Roads on EPC mode NH-144A Package-VII,MoRTH -) (-,618221,,,Jammu and Kashmir,2026-01,2026-07,7,734.64,0.0,60.0
618222,Widening and Strengthening up gradation to 2 lane with paved shoulder from existing chainage Km 192.98 to Km 229.820 design chainage Km 162.800 to Km 198.18 under 31 BRTF on Akhnoor-Poonch Road NH-144A in the UT of Jammu and Kashmir under Project Sampark Border Roads Organisation BRO on EPC Mode Package-VIII Job No NH-144A-J&K-2022-2023-111,MoRTH -) (-,618222,,,Jammu and Kashmir,2026-01,2026-07,7,562.45,158.68,71.27
618223,Rehabilitation and up-gradation to 2 lane with paved shoulder from existing chainage km 64535 to km 85385 Design chainage km 55800 to km 74350 under 13 TF on Akhnoor-Poonch road NH-144A under Project Sampark BRO in the UT of Jammu & Kashmir on EPC mode Package-III Job no NH-144A-J&K-2019-20-79,MoRTH -) (-,618223,,,Jammu and Kashmir,2026-01,2026-07,7,152.93,77.62,90.06
618224,Rehabilitation and up-gradation to 2 lane with paved shoulder from existing chainage km 49150 to km 64535 Design chainage km 46.450 to km 55.800 including construction of Sungal Tunnel Total length of Tunnel 2.79 km under 13 TF on Akhnoor-Poonch road NH-144A under Project Sampark BRO in the UT of Jammu & Kashmir on EPC mode Package-II Job no NH-144A-J&K-2019-20-78,MoRTH -) (-,618224,,,Jammu and Kashmir,2026-01,2026-07,7,796.97,440.97,92.1
618225,Rehabilitation and up-gradation to 2 lane with paved shoulder from existing chainage km 134950 to km 166100 Design chainage km 116980 to km 146700 under 31 TF on Akhnoor-Poonch road NH-144A in the UT of Jammu & Kashmir under Project Sampark BRO on EPC mode Package-VI Job no NH-144A-J&K-2021-22-106,MoRTH -) (-,618225,,,Jammu and Kashmir,2026-01,2026-07,7,395.25,162.0,89.2
618226,Rehabilitation and upgradation to 2 lane with paved shoulder from existing chainage Km 30.053 to Km 49.150 design chainage Km 30.000 to Km 46.450 including Kandi Tunnel under 31 BRTF on Akhnoor-Poonch Road NH-144A Under Project Sampark in the UT of Jammu & Kashmir EPC modePackage-I Job no NH-144A-J&K-2020-21-83.,MoRTH -) (-,618226,,,Jammu and Kashmir,2026-01,2026-07,7,272.49,160.08,95.27
618394,Up-gradation to 2-lane with Paved Shoulder from Km 12.850 to Km20.300 of 7.450Km length on Goha-Khellani section and a link road to Goha village of 2.016 km on NH- 244 in UT of Jammu and Kashmir on EPC Mode Pkg-1,NHIDCL -) (-,618394,,,Jammu and Kashmir,2025-12,2026-07,8,225.37,182.21,94.26
618395,"Construction & Upgradation to 2-lane with paved shoulder from Design Ch. Km 51700 at Premnagar km 66315 to Km 66535 New Thatri at Start of Km 83rd, Tunnel Km 82665 of 14.835 Km design length on Chenani-Sudhmahadev-Goha Khellani- Kishtwar-Vailoo Donipawa-Ashajipora section of NH-244 in the UT of J&K on EPC Mode under NHO-Gen Pkg - 2",NHIDCL -) (-,618395,,,Jammu and Kashmir,2025-12,2026-07,8,512.43,164.66,53.49
618396,Construction & Upgradation to 2 lane with paved shoulder from Design Km. 31.449 Khellani Ex. Km 44.946 to Km 51.700 Prem Nagar Ex. Km 68617 of 20.251 Km length on Khellani - Kishtwar - Chattroo section of NH-244 in the UT of J&K on EPC Mode under NHO-Gen PKG- 1,NHIDCL N24001323) (-,618396,,,Jammu and Kashmir,2025-12,2026-05,6,486.45,0.0,0.0
618397,Widening and Up-gradation to 2-Lane with Paved Shoulder of configuration and geometric improvement from Km 0.000 to Km 16.990 on Chenani Sudhmahadev section of NH-244 in UT of Jammu and Kashmir to be executed on EPC basis,NHIDCL -) (-,618397,,,Jammu and Kashmir,2026-02,2026-07,7,255.9,239.96,94.06
618398,Up-gradation to 2-lane with Paved Shoulder from Km 20.300 to Km 29.030 of 8.730 Km length on Goha-Khellani section on NH-244 in UT of Jammu and Kashmir on EPC Mode Package II,NHIDCL -) (-,618398,,,Jammu and Kashmir,2025-12,2026-07,8,210.79,190.27,96.95
618399,Construction of Kishtwar bypass with 2 lane with paved shoulder from Design Km. 80.675 Dulhasti to km 95.550 Bandarkoot of 14.88 km & a link road to Kishtwar town from 0000 to 1.871 of length1.871 Km on Khellani - Kishtwar - Chattroo section in UT of Jammu and Kashmir on EPC Mode Pkg-4,NHIDCL -) (-,618399,,,Jammu and Kashmir,2025-12,2026-07,8,859.67,363.03,50.64
618400,Construction & Upgradation to 2-lane with paved shoulder from Design Km 67.805 at the end of Km 83rd Tunnel near Dhrabshalla Ex. Km 83905 to Km 80.675 start of Kishtwar Bypass - Dulhasti Ex. Km 970751 of 12.870 Km length on chenani- Sudhmahadev-Goha Khellani-Kishtwar-vailoo-Donipawa-Ashajipora seition of NH-244 in the UT of J&K on EPC Mode under NHO-Gen Pkg-3,NHIDCL -) (-,618400,,,Jammu and Kashmir,2025-12,2026-07,8,398.51,120.09,98.55
618406,Up-gradation to 4-lane with Paved Shoulder of Jammu-Akhnoor road section of NH- 144A from Ganesh Vihar Km 6.000 to Khati Chowk Km 26.350 in UT of Jammu and Kashmir on EPC basis Pkg-3A,NHIDCL -) (-,618406,,,Jammu and Kashmir,2025-12,2026-07,8,322.49,398.19,92.5
618407,Jammu-Akhnoor Road Pkg-I,NHIDCL -) (-,618407,,,Jammu and Kashmir,2025-12,2026-07,7,245.3,115.21,75.29
618494,Delhi-Amritsar-Katra Expressway Phase-II Pkg-XV [Junction with Hiranagar Road near village Gurha Baildaran to Junction with Jammu Ring Road NH-244A near Jakh village from Km 468100 to Km 503250],NHAI -) (-,618494,,,Jammu and Kashmir,2025-12,2026-07,8,3716.56,1846.59,90.01
618495,4/6L Access Control Expressway from Design Chainage Km 515.000 to 528.300 Kunjwani to Sidhra Section of NH-44 and from Design Chainage Km 550.900 to Km 566.520 Domel to Katra Section Phase II-Package XVII,NHAI -) (-,618495,,,Jammu and Kashmir,2025-12,2026-07,8,2894.74,1016.96,66.74
618496,Delhi-Amritsar-Katra Expressway Phase-II Pkg-XVI Existing Jakh Vijaypur-Kunjwani section of NH-44 including spur Connectivity to Jammu Airport NH-144A [Km 503500 to km 514500],NHAI -) (-,618496,,,Jammu and Kashmir,2025-12,2026-07,8,2522.56,1238.6,94.14
618497,Delhi Amritsar Katra Expressway Phase-II Pkg XVIII Development and Upgradation of Four lane Access Control Expressway from Design Chainage KM 530.00 to KM 545.300 Sidhra to Domel Section of NH-44,NHAI -) (-,618497,,,Jammu and Kashmir,2025-12,2026-07,8,975.38,631.2,70.17
618541,4L Ring road/bypass around Srinagar city from km 0.000 to km 42.100 Phase-I,NHAI -) (-,618541,,,Jammu and Kashmir,2025-12,2026-07,8,2604.76,1832.29,89.0
618543,4L of twin tube tunnel configuration including approaches from Marog to Digdol from Km.154.210 to Km.158.650 North Bound and from Km.155.940 to Km.160.260 South Bound of Ramban to Banihal Pkg-I of Old NH-1A New NH-44,NHAI -) (-,618543,,,Jammu and Kashmir,2025-12,2026-07,8,1034.3,406.09,30.5
618544,"4L twin tube tunnel including approaches from Digdol to Khuni Nallah North Bound connecting with existing major bridge on NB and South Bound connecting with Tunnel T4 ,Single tube tunnel of Ramban to Banihal Pkg-II of Old NH-1A New NH-44",NHAI -) (-,618544,,,Jammu and Kashmir,2025-12,2026-07,8,1020.99,1054.8,87.1
618545,"4L of Km.165.092 to Km.171.855 North Bound and from Km.166.895 to Km.173.638 South Bound, excl. certain reaches of North Bound and South Bound of Ramban to Banihal Pkg-III of Old NH-1A New NH-44",NHAI -) (-,618545,,,Jammu and Kashmir,2025-12,2026-07,8,444.76,306.05,42.8
618547,2L NH-1 from km 8.660 to km 33.775 Sumbal to Wayul to 4L dual carriageway NH standard as part of Srinagar Ring Road PhaseII [Design Ch. 41.907 to Ch. 66.609],NHAI -) (-,618547,,,Jammu and Kashmir,2025-12,2026-07,8,643.64,474.55,55.02
618549,Construction of twin tube tunnels on Jammu Kashmir Ring Road NH-244A Between Design Ch. 50600 to 51700 and design Ch. 53535 to 55700 on EPC mode under residual NHDP component of Bharatmala Pariyojna,NHAI -) (-,618549,,,Jammu and Kashmir,2025-12,2026-07,8,731.59,677.47,83.87
618550,Corridor Efficiency Improvement including removal of black spots in Lakhanpur - Samba section of NH-44 from Chainage Km. 16.300 to Km. 74.100,NHAI -) (-,618550,,,Jammu and Kashmir,2025-12,2026-07,8,215.68,203.55,74.63
618967,Upgradation and Strengthening of Chenani to Nashri Section via Patnitop of NH244 from Km 0.000 to Km 39.100,NHAI -) (-,618967,,,Jammu and Kashmir,2026-01,2026-07,8,295.06,176.25,64.88
619038,Construction/upgradation to 2-lane with paved shoulder from Design Km 95.55 Bandarkoot to Km. 111.06 Chattroo of 15.52 Km length on Khellani-Kishtwar-Chattroo section on NH-244 in UT of Jammu and Kashmir on EPC Mode Pkg-5,NHIDCL -) (-,619038,,,Jammu and Kashmir,2026-01,2026-07,7,497.09,270.82,99.97
618060,Widening and Strengthening of existing paveemnt to two lane with paved shoulders from km 116.00 to km 176.355 of NH-75E in the State of Jharkhand on EPC mode.,MoRTH -) (-,618060,,,Jharkhand,2025-12,2026-07,8,315.21,162.16,89.0
618083,Construction of byepass around Lohardaga town of NH-143A in the Sate of Jharkhand under EPC mode.,MoRTH -) (-,618083,,,Jharkhand,2026-02,2026-07,6,458.78,2.32,5.0
618084,Widening to 2-lane with paved shoulder from km 0.00 to 44.00 Kuru-Ghaghra section of NH-143A including re-construction of culverts and bridges.,MoRTH -) (-,618084,,,Jharkhand,2025-12,2026-07,8,133.67,100.77,95.0
618123,Widening and Strengthening/Reconstruction to Two Lane with Paved Shoulder/ Two Lane with paved shoulders with service road from km 0000 to km 42250 excluding design Ch. 03220 to 04200 & 28350 to 29060 of NH-320G in the state of Jharkhand under EPC mode,MoRTH -) (-,618123,,,Jharkhand,2025-12,2026-06,7,423.18,5.46,0.01
618127,Construction of 2- Lane with paved shoulder from km 56.45 Dharampur More to 93.050 Pakur of NH-333A in the State of Jharkhand on EPC mode,MoRTH -) (-,618127,,,Jharkhand,2026-01,2026-07,8,255.73,10.06,15.0
618242,Widening and Reconstruction to 4-lane/4-lane with service road including structures from Pokharia More at Km 47.600 Ex. Km 50.230 to Govindpur at km 62.949 Ex. Km 65.325 of Nh-419 in the State of Jharkhand on EPC mode.,MoRTH -) (-,618242,,,Jharkhand,2026-02,2026-07,7,300.46,94.18,54.54
618535,Construction of Six lane elevated flyover including reconstruction/rehabilitation of existing pavement from Km 406100 to Km 411150 Length 5.05 Km at Gobindpur area in the Barwa Adda Panagarh section of NH-19 from Km.398.240 to Km.521.120 including Panagarh Bypass in the State of Jharkhand on EPC Mode.,NHAI -) (-,618535,,,Jharkhand,2026-01,2026-07,8,442.52,67.84,19.91
618641,4 Lane of CG/JH Border-Gumla from km 0.000 to km 32.370 of NH-43 in the State of Jhrkhand,NHAI -) (-,618641,,,Jharkhand,2026-02,2026-07,7,1325.8,293.4,9.76
618642,4L of Palma to Gumla from km. 26.00 to km. 89.170 of NH-23,NHAI -) (-,618642,,,Jharkhand,2025-12,2026-07,8,1895.75,1371.55,99.9
618644,4L of Ormanjhi-Gola section from Km 81.450 to Km 53.600 of NH- 320BPKG-II,NHAI -) (-,618644,,,Jharkhand,2025-12,2026-07,8,1462.19,993.6,86.57
618645,4L of Gola-BokaroJaina More section from Km 53.600 to Km 21.110 of NH-320PKG-1,NHAI -) (-,618645,,,Jharkhand,2025-12,2026-07,8,1030.64,617.85,78.1
618736,4L Elevated corridor of Kalimandir-Dimna Chowk-Baliguma Jamshedpur Section of NH-33 New NH-18 from km 241940 to km 251961 Length 10.021 km,NHAI -) (-,618736,,,Jharkhand,2026-02,2026-07,7,832.2,328.76,49.5
618737,Grade separated Interchanges at Km. 113.730 junction with Ranchi Hazaribagh Road & Km. 139.225 junction with Ranchi Jamshedpur road on 4L Ranchi Bypass of NH-33,NHAI -) (-,618737,,,Jharkhand,2026-01,2026-07,8,5.58,4.98,0.0
618829,4L from km 196.87 Sankha to km 219.6 Khajuri on NH-75 [Rehla / Garhwa Bypass],National Highways Authority of India [NHAI] N24001590) (10593,618829,,,Jharkhand,2025-12,2026-05,6,1129.48,527.11,93.45
618830,4L from Km 147.450 Bhogu to Km 196.870 Sankha on NH-75 Sec-III,NHAI -) (-,618830,,,Jharkhand,2025-12,2026-07,8,1652.09,1131.52,76.95
618831,4L from Km 95.400 Udaipura to Km 147.450 Bhogu on NH-75 Sec-II,NHAI -) (-,618831,,,Jharkhand,2026-02,2026-07,7,1301.54,419.62,29.2
618832,4L from Km 55.00 Kuru to Km 95.400 Udaipura on NH-75 Sec-I,NHAI -) (-,618832,,,Jharkhand,2026-02,2026-07,7,1274.82,253.64,11.1
618863,Barhi-Koderma Section of NH31 km 0.00 - km 27.5,NHAI -) (-,618863,,,Jharkhand,2026-02,2026-07,7,826.59,825.2,98.5
618946,4L of Mehgama - Hansdiha from km. 41.900 to km. 93.000 of NH -133A Pkg-II,National Highways Authority of India [NHAI] N24002057) (10684,618946,,,Jharkhand,2025-12,2026-05,6,1568.18,878.21,99.5
618947,4L of NH-80 from km 215.00 to km 260.00 Mirza Chauki to Farkka Pkg-I,NHAI -) (-,618947,,,Jharkhand,2025-12,2026-07,8,1508.21,1038.65,91.83
618949,4L of Basukinath- Deoghar Section of NH-114A,NHAI -) (-,618949,,,Jharkhand,2025-12,2026-07,8,1553.76,781.51,90.53
618950,Construction of Bypass to NH-114A Connecting NH-333 and NH-133 Deoghar Bypass from design km 0.000 to design Km 49.000,NHAI -) (-,618950,,,Jharkhand,2026-01,2026-07,8,1565.47,106.04,12.0
619005,Construction of bypass around Chatra Town on NH-22 old NH-99 in the state of Jharkhand under EPC Mode,MoRTH -) (-,619005,,,Jharkhand,2026-01,2026-07,8,199.2,0.86,13.0
617935,"Construction of Elevated corridor from Km. 135.650 to 136.300 on 63, from Km. 249 to Km. 250.050 on old NH-4 and from Km. 192.910 to Km. 193.350 on NH-218 from decongestion of traffic in Ranichennamma circle in Hubli city in the state of Karnataka on EPC basis",MoRTH -) (-,617935,,,Karnataka,2025-12,2026-07,8,349.49,232.09,65.0
617950,Construction of Srinivasapura Bypass from existing Km 453.890 Design Ch. 0000 to existing Km 461.450 Design Ch 10080 on NH-69 in the State of Karnataka Under NH O in EPC mode under Annual Plan 2022-23 NH-69-KNT-2022-23-966 dated 22.11.2022,MoRTH -) (-,617950,,,Karnataka,2026-01,2026-07,8,204.42,9.76,22.0
617951,Construction of Chintamani Bypass from Design Ch.0000 Existing Ch.428880 to Design Ch.15400 Existing Ch.444010 on NH-69 in the State of Karnataka in EPC Mode under NHO Annual Plan 2022-23. NH-69-KNT-2022-23-989 dated 24.03.2023,MoRTH -) (-,617951,,,Karnataka,2026-04,2026-07,5,314.55,7.02,14.0
617954,Balance work of Rehabilitation and upgrading to 2lane/2lane with paved shoulder configuration and strengthening from from Km 343.80 to 400.33 of Gowribidanur-Chik Ballapur section in the state of Karnataka Under Annual Plan 2021-22 under EPC Mode.-952,MoRTH N24001937) (-,617954,,,Karnataka,2025-12,2026-05,6,398.48,211.59,93.25
617955,Widening to two lane with paved Shoulders from Km 40.00 to Km 75.00 Existing chainages of Mangalore - Tumkur section of NH-73 in the State of Karnataka on EPC Mode under Annual Plan 2021-22 Job No NH-73-KNT-2021-22-945,MoRTH -) (-,617955,,,Karnataka,2025-12,2026-07,8,718.52,312.83,85.0
617989,Construction of Major Bridge at Km.180.865 across river Krishna on NH 167 Hagari Jadcherla section,MoRTH -) (-,617989,,,Karnataka,2025-12,2026-07,8,187.61,103.33,69.0
617998,Widening to existing 2 lane with paved Shoulder to 4 Lane with paved shoulder from design Km 153.00 to 168.27 Mala Gate to Karkala of NH -169 on Shimoga - Mangalore section in the state of Karnataka on EPC mode under Annula Plan 2021-22 Job No. NH-169-KNT-2021-22-949,MoRTH -) (-,617998,,,Karnataka,2025-12,2026-07,8,177.94,115.6,83.0
617999,Widening to 2LPS from Km 67 to Km 115 on Kadur-Hosadurga section NH 173 in the state of Karnataka NH-173-KNT-2022-23-980 dated 13.03.2023,MoRTH -) (-,617999,,,Karnataka,2026-02,2026-07,7,471.62,91.74,69.54
618000,Widening to 2-Lane with Paved Shoulders from Km 116.800 to 149.070Design Changes on Hosadurga - Holalkere Section of NH-173 in the State of Karnataka on EPC mode under Annual Plan 2021-22 Job no. NH-173-KNT-2021-22-946,MoRTH -) (-,618000,,,Karnataka,2025-12,2026-07,8,147.39,111.33,100.0
618027,Widening to 2LPS from Km 71.00 to 104.00 Existing chainages Sarjapur to Pattadkallu on Bhanapur to Gaddanakeri section NH-367 in the State of Karnataka under NHO on EPC mode under Annual Plan 2022-23 NH-367-KNT-2022-23-972 dated 08.02.2023,MoRTH -) (-,618027,,,Karnataka,2026-02,2026-07,7,445.62,198.15,90.0
618028,"Construction of Bypass at Kuknoor, Yelburga, Gajendragada of Bhanapur Gaddanakeri section of NH-367 in the State of Karnataka under NHO on EPC mode under Annual Plan 2022-23. NH-367-KNT-2022-23-973 dated 08.02.2023",MoRTH -) (-,618028,,,Karnataka,2026-02,2026-07,7,333.96,63.62,36.0
618029,Widening to 4 lane from Km. 133.00 to 158.04 design Chainage Km. 130.88 to 155.145 Shirur Cross to Gaddankeri of NH-367 in the State of Karnataka on EPC mode. Job No. NH-367-KNT-2021-22-930,MoRTH -) (-,618029,,,Karnataka,2025-12,2026-07,8,312.06,203.12,83.33
618030,Widening to 2 lane with paved shoulder from Km. 103.225 Pattadakal to Km. 133.00 Shirur cross of NH-367 in the state of Karnataka on EPC Mode.Job No. NH-367-KNT- 2021-22-934,MoRTH -) (-,618030,,,Karnataka,2025-12,2026-06,7,264.14,3.78,0.0
618031,Balance work of Construction of Two/Four lane with paved shoulder from Km 422.000 to 523.600 Chitradurga to Shivamogga of NH-13 in the state of Kanataka on EPC mode.,MoRTH -) (-,618031,,,Karnataka,2025-12,2026-07,8,516.96,121.75,98.0
618086,"Widening to Two Lane with Paved Shoulders from KB Cross to Chunchanahalli ie., Design Ch. 485240 Km Existing Km 494.000 to Design Ch. 523393 Km Existing km 533.152 & From Design Ch. 530393 Existing Km 540.175 to Design Ch. 534476 Existing Km 544.200 at Nelligere of NH-150A on EPC mode under Annual Plan 2022-23 NH-150A-KNT-2022-23-977 dated 08.03.2023",MoRTH -) (-,618086,,,Karnataka,2026-01,2026-07,8,617.28,8.03,48.5
618087,Widening to intermediate/two lane to 2 lane with paved shoulder from Existing chanages Km 112.750 to 142.00 Liingasur to Mudabal cross & from Km. 147.070 to Km. 149.070 Maski city limit of Jewargi Chamrajnagar setion of NH-150A in the state of Karnataka on EPC mode. Job No. NH-150A-KNT-2021-22-951,MoRTH -) (-,618087,,,Karnataka,2025-12,2026-07,8,255.88,185.27,96.0
618095,Widening to Two Lane with Paved Shoulders from Km 0.00 Design Chainage 0.00 to Km 23.338 Design Chainage 23310 of NH-166E MH/KNT Border- Kanamadi- Bijjargi- Tikota section in the state of Karnataka in EPC Mode under Annual plan 2022-23 NH- 166E-KNT-2022-23-974,MoRTH -) (-,618095,,,Karnataka,2026-02,2026-07,7,196.05,72.94,75.0
618109,Widening to 4 lane from Km 51.60 to 76.20 Hebri to Parkala and from Km 85.20 to 88.90 Karavali junction to Malpe of Thirthahalli-Udupi-Malpe Section of NH-169A in the State of Karnataka on EPC Mode under Annual plan 2021-22 Job No. NH-169A- KNT-2021-22-927,MoRTH -) (-,618109,,,Karnataka,2025-12,2026-07,8,355.72,217.46,88.33
618144,Construction of Major Bridge Across Sharavathi Backwaters and approches between Ambargodu and Kalasavalli Near Sigandhur in Sagar Taluk on NH 369E in the State of Karnataka on EPC mode.Job No. NH-369E-KNT-2018-19-895 dated 06.03.2019.,MoRTH N24001281) (-,618144,,,Karnataka,2025-12,2026-05,6,423.15,0.0,0.0
618147,Widening to 2 Lane with Paved Shoulders from design Km 103.200 Existing Km 103.200 to design Km 116.700 Existing Km 118.470 on AP/KNT Border to Sira Section of NH-544E in the State of Karnatakaon EPC mode under Annual plan 2022- 23,MoRTH -) (-,618147,,,Karnataka,2026-02,2026-07,7,166.58,46.69,65.0
618149,Widening to two lane with paved shoulders from Km 0.00 to 102.310 Design Chainage of NH-548B Murrum-Maharashtra Border in the State of Karnataka,MoRTH -) (-,618149,,,Karnataka,2026-02,2026-07,7,957.09,288.23,60.21
618184,Construction of 2 Lane with paved shoulder from km 55.6 to km 90.7 existing chainages of NH-766C complete Realignment of 13.76 km with 2 major Bridges across Sharavathi Backwaters on EPC mode under Annual Plan 2022-23 in the state of Karnataka NH-766C-KNT-2022-23 dated 14.10.2022,MoRTH -) (-,618184,,,Karnataka,2026-01,2026-07,8,313.56,160.08,65.0
618185,Widening to 2LPS from Km 0.000 to 37.850 Except Ex. Km 24.45 to 27.20 of NH-766c Byndoor-Ranebennur Section in the state of Karnataka on EPC Mode under Annual Plan 2022-23 NH-766C-KNT-2022-23-969 dated 30.12.2022,MoRTH -) (-,618185,,,Karnataka,2026-01,2026-07,8,394.95,15.68,12.0
618189,Widening to two lane with paved shoulder of NH-73New spur road Ujire - Dharmasthala - Periyashanthi in the State of Karnataka under NHO on HAM Mode Job No. NH-73Spur-KNT-2023-24-996,MoRTH -) (-,618189,,,Karnataka,2026-02,2026-07,7,613.65,66.04,25.18
618517,4/6L of Bangalore - Pune Section of bypass connecting Dharwad - Hubli from km. 403.80 to km. 433.20,NHAI -) (-,618517,,,Karnataka,2025-12,2026-07,8,763.36,744.42,83.19
618518,Davanagere - Haveri of NH-48 Old NH-4 from km. 260.00 to km. 338.923,NHAI -) (-,618518,,,Karnataka,2026-02,2026-07,7,1805.84,1273.5,98.87
618520,4L of km 0.00 to km 42.00 of Dobbaspet to Doddaballapura Bypass section of NH-648 old NH-207] [Bangalore Ring Road Pkg 1],NHAI -) (-,618520,,,Karnataka,2026-02,2026-07,7,1786.57,1294.84,99.2
618630,6L of MH/KN Border Nimbal Village to KN/TS Border Singnodi Village from Km. 26.000 to Km. 97.000 in Gulbarga of NH-150C Pkg-II,NHAI -) (-,618630,,,Karnataka,2025-12,2026-07,8,1923.3,1012.1,81.35
618649,4 Lane with PS from Des. Ch 228.500 to Des. Ch. 273.400 of Belgaum-Hungund- Raichur Section of NH 748 A Package-6,NHAI -) (-,618649,,,Karnataka,2026-02,2026-07,7,1012.78,399.31,53.8
618650,4 Lane with PS from Des. Ch 89.900 to Des. Ch. 136.100 of Belgaum-Hungund- Raichur Section of NH-748A Package-3,NHAI -) (-,618650,,,Karnataka,2026-02,2026-07,7,1219.62,306.09,24.5
618651,4 Lane with PS from Des. Ch 43.800 to Des. Ch. 89.900 of Belgaum-Hungund- Raichur Section of NH-748A Package-2,NHAI -) (-,618651,,,Karnataka,2026-01,2026-07,7,1293.94,594.55,58.7
618697,4LPS Access Controlled Highway of Bellary Bypass Balance work from Ch. 254750 to Ch. 266837 and construction of 4LPS from Ch. 277.690 to Ch. 278.690 at D. Hirehal Village Balance work of NH 150A of Bellary Byrapura Section,NHAI -) (-,618697,,,Karnataka,2026-01,2026-07,7,284.05,113.26,38.97
618698,Challakere to Hariyur section from km 358.500 to km 414.205 of NH-150 A,National Highways Authority of India [NHAI] -) (10498,618698,,,Karnataka,2026-02,2026-05,5,1873.58,843.6,99.5
618702,4L of Addahole Near Gundya to Bantwal Cross section Pkg-02 from Design Km 270.270 to Design km 318.55 including flyover at Kalladka Town including approaches from Km. 311.57 to Km. 313.67 of NH-75 Old NH-48,NHAI -) (-,618702,,,Karnataka,2025-12,2026-07,7,1318.24,1452.0,94.21
618706,Bangalore-Nidagatta Pkg. I,NHAI -) (-,618706,,,Karnataka,2026-02,2026-07,7,4087.42,4315.21,99.19
618707,Additional works under BM1 to ensure road safety under 6L of Bengaluru Mysuru Access control with close toll from Km.17.300 to Km.136.300 of NH-275,NHAI -) (-,618707,,,Karnataka,2026-01,2026-07,7,738.37,32.83,12.67
618709,4L of Left-Over Works of Hospet-Bellary -Karnataka/AP border from Km.280.080 Dec.Ch. to Km.375450Des.Ch. of NH-63 New-67,NHAI -) (-,618709,,,Karnataka,2026-02,2026-07,6,992.6,929.02,92.51
618799,Belakeri Port to Kumta - Sirsi road from km 0.00 - km 4.265 of Belekeri Port Road Link Rd. and km 4.965 - km 60.00 of SH-69,NHAI -) (-,618799,,,Karnataka,2025-12,2026-07,7,456.79,471.12,95.23
618870,4L PS from near Hemmige Village Periyapatna - Hassan Road Jn. to near Hunsur - KR Nagar Jn section from Km. 144.900 to Km. 169.000 of NH-275 Pkg. III,NHAI -) (-,618870,,,Karnataka,2026-02,2026-07,7,1726.65,447.11,27.8
618871,4L PS from Near Guddehosur to Start of Kushalnagara Bypass to near Hemmige Village Periyapatna - Hassan Road Jn from Km. 122.200 to Km. 144.900 of NH-275 Pkg. II,NHAI -) (-,618871,,,Karnataka,2026-01,2026-07,7,896.42,325.85,14.53
618872,4L PS from near Hunsur - KR Nagar Junction to near Yalachahalli village KR Nagara - Yelawala Road Junction fcrom Km 169.000 to Km 195.550 of NH-275 Pkg-IV,NHAI -) (-,618872,,,Karnataka,2026-02,2026-07,7,952.03,272.55,19.58
618873,4L PS from near Yalachahalli village KR Nagara - Yelawala Road junction to Srirangapatna Bypass Near Paschima Vahini from km 195.550 to Km 214.535 of NH- 275 Pkg-V,NHAI -) (-,618873,,,Karnataka,2026-02,2026-07,7,1203.2,462.59,17.36
618887,4L of Bettadahalli- Shivamogga section from Km.170.415 to km. 226.750 of NH-206 Tumkur- Shivamogga Pkg-IV,NHAI -) (-,618887,,,Karnataka,2025-12,2026-07,7,2545.11,1645.24,84.25
618896,4L of Sannur to Bikarnakatte section from Km 691.350 to Km 736.362 of NH-169 Karkala - Mangalore Package-III,NHAI -) (-,618896,,,Karnataka,2025-12,2026-07,7,2038.71,1251.68,76.1
619070,Tumkur-Chitradurga,National Highways Authority of India [NHAI] -) (-,619070,,,Karnataka,2026-01,2026-04,4,47.44,8.42,100.0
619071,Tumkur - Nelamangala 6L,NHAI -) (-,619071,,,Karnataka,2026-02,2026-07,6,1664.2,1086.24,61.36
619072,Bangalore/TN border to Hoskote,NHAI -) (-,619072,,,Karnataka,2026-02,2026-07,6,1297.76,1153.14,94.89
619073,4L of 42.000 to km 80.00 of Dodaballapur Bypass to Hoskote section of NH-648 Old NH-207 [Bangalore Ring Road Pkg 2],NHAI -) (-,619073,,,Karnataka,2026-01,2026-07,7,1846.52,1367.2,99.2
619096,Goa / Karnataka Km.93.700 to Kundapur Km.283.30,NHAI -) (-,619096,,,Karnataka,2026-02,2026-07,6,1990.99,1849.51,97.94
619106,4 Lane with PS from Des. Ch 182.300 to Des. Ch. 228.500 of Belgaum-Hungund- Raichur Section of NH 748 A Package-5,NHAI -) (-,619106,,,Karnataka,2026-01,2026-07,7,868.65,255.41,40.63
619107,4 Lane with PS from Des. Ch 136.100 to Des. Ch. 182.300 of Belgaum-Hungund- Raichur Section of NH-748A Package-4,NHAI -) (-,619107,,,Karnataka,2026-01,2026-07,7,1123.35,227.73,15.0
619108,4 Lane with PS from Des. Ch 0.000 to Des. Ch. 43.800 of Belgaum-Hungund-Raichur Section of NH-748A Package-1,NHAI -) (-,619108,,,Karnataka,2026-01,2026-07,7,1256.55,490.31,40.21
619117,Hassan km 184.912 to Maranahally km 230.060 of NH - 75 in Karnataka,NHAI -) (-,619117,,,Karnataka,2026-01,2026-07,7,1091.4,1068.91,97.8
619120,Nidagatta-Mysore Pkg II,NHAI -) (-,619120,,,Karnataka,2026-01,2026-07,7,4113.89,3715.84,99.19
619121,4L of Hubli - Hospet Section of NH-63 from Km 128.850 to Km 272.571,National Highways Authority of India [NHAI] -) (-,619121,,,Karnataka,2026-01,2026-05,5,3619.32,1360.9,99.65
619138,Yekkambi-Haveri,NHAI -) (-,619138,,,Karnataka,2026-02,2026-07,6,309.9,94.8,24.7
619144,Hospet - Chitradurga from km. 299.00 to km. 418.750,National Highways Authority of India [NHAI] -) (-,619144,,,Karnataka,2026-01,2026-05,5,387.48,36.7,100.0
619150,BRT Tiger Reserve Boundary Km.287.500 to Bangalore Section Km.458.420 of NH- 209 in Karnataka,NHAI -) (-,619150,,,Karnataka,2026-01,2026-07,7,2859.93,2242.71,99.7
619164,Belgaum-Khanapur Pkg I Km 0.000-Km 30.800 of NH-4A,NHAI -) (-,619164,,,Karnataka,2026-01,2026-07,7,1195.74,917.82,75.72
619211,6L of MH/KN Border Nimbal Village to KN/TS Border Singnodi Village from Km. 97.000 to Km. 162.500 in Yadgir of NH-150C Pkg-III,NHAI -) (-,619211,,,Karnataka,2026-02,2026-07,7,2065.83,984.28,73.9
619214,4L of Channarayapatna Bypass and Hassan Bypass with structures in Devihalli - Hassan section,NHAI -) (-,619214,,,Karnataka,2026-02,2026-07,7,684.54,600.43,82.34
619218,4L Tumkur-Shimoga Pkg-I from Mallasandra to Karadi village of NH-206 from Km. 12.300 to Km. 65.195,NHAI -) (-,619218,,,Karnataka,2026-02,2026-07,7,1692.12,1336.55,100.0
619219,4L of Tumkur-Shimoga Pkg-II from Km 65.195 Karadi to Km 121.900 Banawara of NH-206,NHAI -) (-,619219,,,Karnataka,2026-02,2026-07,7,1989.89,1298.78,99.98
619220,Tumkur-Shimoga Pkg-III from Km 121.900 Banawara to Km 170.415 Bettadahalli of Old NH-206,NHAI -) (-,619220,,,Karnataka,2026-02,2026-07,7,1834.81,872.97,98.0
618070,Widening to 2 Lanes with paved shoulders from Km.87/000 to 133/720 Nattukal to Thanau Jn. in Palakkad of NH-966 Old NH-213 on EPC mode Basis under NHO Annual Plan 2016-17 in the state of Kerala,MoRTH -) (-,618070,,,Kerala,2025-12,2026-07,8,315.63,0.0,98.0
618595,6L of Chengala - Neeleshwaram from km. 56.200 to km. 93.468,NHAI -) (-,618595,,,Kerala,2025-12,2026-07,8,2538.06,1447.45,90.82
618596,6L of Taliparamba to Muzhappilangad from Km 134.650 to Km 170.6 of NH-66,NHAI -) (-,618596,,,Kerala,2025-12,2026-07,8,3557.65,2020.35,83.7
618597,6L of Azhiyur-Vengalam from km. 189.200 to km. 230.400 of NH-66,NHAI -) (-,618597,,,Kerala,2025-12,2026-07,8,3898.46,2406.73,60.07
618598,6L Minor Bridge Paloli Palam at km. 203.160 & Major Bridge Morad at km. 204.895 and allied works,NHAI -) (-,618598,,,Kerala,2025-12,2026-07,8,216.94,190.46,100.0
618599,6L of Ramanatukkara Junction to start of Valanchery bypass section of NH-66,NHAI -) (-,618599,,,Kerala,2025-12,2026-07,8,4919.46,3765.27,100.0
618600,6L of Valanchery bypass to Kappirikkad of NH 66 from km. 298500 to km 335850,NHAI -) (-,618600,,,Kerala,2025-12,2026-07,8,4023.94,2592.92,100.0
618601,6L of Kappirikkad to Thalikulam section from km 335.85 to km 369.015 of NH - 66 old NH-17,NHAI -) (-,618601,,,Kerala,2025-12,2026-07,8,4225.59,3345.3,95.27
618602,6L of Thalikulam to Kodugallur section from km 369.015 to km 397.850 of NH - 66 old NH-17,NHAI -) (-,618602,,,Kerala,2025-12,2026-07,8,4302.06,3312.68,95.05
618603,6L of Kodugallur to Edapppally section from km 397.750 to km 423.780 of NH - 66 old NH-17,NHAI -) (-,618603,,,Kerala,2025-12,2026-07,8,3606.2,2178.55,71.11
618604,Aroor-Thuravoor Thekku,NHAI -) (-,618604,,,Kerala,2025-12,2026-07,8,2382.83,1802.58,91.63
618605,Thuravoor Thekku-Paravoor,NHAI -) (-,618605,,,Kerala,2025-12,2026-07,8,2638.67,2514.83,81.49
618606,Paravoor-Kottankulangara,NHAI -) (-,618606,,,Kerala,2025-12,2026-07,8,3200.24,2858.55,71.2
618607,Kottankulangara- Start of Kollam Bypass,NHAI -) (-,618607,,,Kerala,2025-12,2026-07,8,3680.49,2373.2,73.89
618708,Widening/Development of Existing NH-85 from Km 0.000 to Km 124.636 section to 2L/LPS section in the state of Kerala on EPC Mode under Bharatmala Pariyojana,NHAI -) (-,618708,,,Kerala,2025-12,2026-07,8,1265.47,782.54,81.98
619098,Kozhikode Bypass Calicut Bypass Vengalam Jn. to Ramanattukara Jn.,NHAI -) (-,619098,,,Kerala,2026-01,2026-07,7,2139.18,1066.67,98.75
619206,6L of Perole Nileshwar town to Taliparamba from Km 94.248 to Km 134.650 of NH-66,NHAI -) (-,619206,,,Kerala,2026-02,2026-07,7,3867.66,2526.45,86.65
619207,Start of Kollam Bypass - Kadambattukonam,NHAI -) (-,619207,,,Kerala,2026-02,2026-07,7,3309.06,1990.71,81.8
619208,Kadambattukonam-Kazhakuttom,NHAI -) (-,619208,,,Kerala,2026-02,2026-07,7,3526.33,2124.13,44.34
618408,Kargil Zanskar Road,NHIDCL -) (-,618408,,,Ladakh,2025-12,2026-07,7,398.37,337.19,97.1
618409,Widening & Up-gradation to 2 lane with Paved shoulder of NH-301 Kargil- Zanskar Road from Design km 57.000 Ex. Km. 57.905 to Km 87.000 Ex. Km. 88.2491 of 30.000 Km length Pkg-lll,NHIDCL -) (-,618409,,,Ladakh,2025-12,2026-07,8,381.01,313.34,91.01
618410,Widening & Up-gradation to 2 lane with paved shoulder of NH-301 Kargil- Zanskar Road from Design Km .30.040 Ex. Km. 30.000 to Design Km 57.000 Ex. Km. 57.905 of 26.960 Km length Pkg-II,NHIDCL -) (-,618410,,,Ladakh,2025-12,2026-07,8,404.89,360.06,84.94
617909,Construction of Rewa Bypass to 4-lane with paved shoulder along with service road from Ratahara Chowk to Chorhata Chowk Road section of NH-30 from km 00.000 to 19.200 in the State of Madhya Pradesh on Hybrid Annuity Mode HAM.,MoRTH -) (-,617909,,,Madhya Pradesh,2026-02,2026-07,7,648.05,0.0,50.0
617911,Rehabilitation and upgradation Umaria to Shahdol section of NH-78 from Existing Km. 68/4 to Km. 142/2 to 2LPS including construction of Birshinghpur and Shahdol Bypass on EPC mode under NHDP-IVA,MoRTH -) (-,617911,,,Madhya Pradesh,2025-12,2026-07,8,613.16,0.0,94.5
617914,Upgradation and reconstruction of Shahpura-Dindori Section of NH 45 from Km 103.700 Design to Km 164.580 Design including 3 bypasses Total length 60.88km to Two lane with paved shoulder configuration along with One time improvement in 03 nos of bypassed built-up areas in a total length of 12.341 km in the State of Madhya Pradesh on EPC mode,MoRTH -) (-,617914,,,Madhya Pradesh,2026-01,2026-07,8,250.09,50.78,41.25
617915,Upgradation of Dindori-Sagartola-kabichabutra MP-CG border section of NH -45 from km 000Design to km 77.00 Design to Two lane with paved shoulder configration along with one time improvement in 04 nos. of bypaased built-up areas in a total length of 9.1 km in the state of Madhya Pradesh on EPC mode.,MoRTH -) (-,617915,,,Madhya Pradesh,2025-12,2026-06,7,319.09,0.0,100.0
618019,Upgradation & widening of Jharkheda- Berasia - Dholkhedi from design km 0000 to km 87900 Design length 87.90km of NH-346 including 3 nos. bypasses of 13.10 Km in the State of Madhya Pradesh under EPC mode.,MoRTH -) (-,618019,,,Madhya Pradesh,2025-12,2026-07,8,365.21,200.67,91.0
618020,"Rehabilitation & Upgradation of KurwaiMungaoliChanderi Road section of NH-346, from Design Chainge 0.000 to 81.300 Km Total length 83.1 km to Two lane with paved shoulder configuration along with One time improvement in 07 nos of bypassed built- up areas in a total length of 22.615 km in the state of Madhya Pradesh on EPC mode.",MoRTH -) (-,618020,,,Madhya Pradesh,2025-12,2026-07,8,386.49,164.84,67.57
618021,Up-gradation of Pichhore- Dinara section of NH-346 from Km 292.750 to 334.550 to two lane with paved shoulders in the state of Madhya Pradesh on EPC mode,MoRTH -) (-,618021,,,Madhya Pradesh,2026-01,2026-07,8,425.97,0.0,36.85
618035,Rehabilitation & Upgradation of existing intermediate lane to two Lane with paved shoulder from km. 0.600 Gulganj bypass on NH-34 to km. 43.00 Barna River length 42.400 km. on Gulganj-Amanganj-Pawai-Katni NH43 Extn. in the state of Madhya Pradesh on EPCmode.,MoRTH -) (-,618035,,,Madhya Pradesh,2026-02,2026-07,7,275.4,0.0,60.14
618036,Upgradation and reconstruction of existing intermediate lane to two Lane with paved shoulder configuration from km. 43.00 Barna River to km. 77.00 ken river length 34.00 km. on Gulganj-Amanganj-Pawai-Katni NH43 Extn. along with One time improvement in 01 no. of bypassed built-up area in a total length of 1.585 km in the state of Madhya Pradesh on EPCmode.,MoRTH -) (-,618036,,,Madhya Pradesh,2026-02,2026-07,7,315.55,0.0,43.0
618043,Upgradation and reconstruction of Dindori - Mandla Section of NH 543 from Km 77100 Design to Km 170580 Design Total length 93.48km to Two lane with paved shoulder configuration along with One time improvement in 04 nos of bypassed built-up areas in a total length of 7.23 km in the state of Madhya Pradesh on EPC mode,MoRTH -) (-,618043,,,Madhya Pradesh,2026-02,2026-07,7,523.71,0.0,88.0
618044,Upgradation of Shahdol- Sagartola Section of NH 543 from km 0000 to km 69400 to 2 lane with paved shoulders under Hybrid Annuity Mode HAM in the State of Madhya Pradesh,MoRTH -) (-,618044,,,Madhya Pradesh,2026-04,2026-07,5,851.4,0.0,0.0
618045,"Construction of Mihona bypass, Lahar bypass, Daboh bypass & Bhander Bypass total length 20.60 km to 2-lane with paved shoulder from on Mihona-Bhander-MP/UP border section of NH 552E in the State of Madhya Pradesh on EPC mode",MoRTH N24001962) (-,618045,,,Madhya Pradesh,2025-12,2026-05,6,179.18,71.77,67.0
618068,"Construction of Kaithi-Padaria Kala bypass, Patna-Tamoli bypass, Jaso bypass and Nagod bypass total length 15.44 Km to 2-lane with paved shoulders flexible pavement on NH-943 in the State of Madhya Pradesh on EPC Mode.",MoRTH -) (-,618068,,,Madhya Pradesh,2025-12,2026-07,8,158.36,36.36,62.8
618085,Upgradation of Nasrullagani-Rehti-Budhni Scction to 2-lane with paved shoulder from Km 0150 to Km 50500 of NH-146B in the state of Madhya Pradesh on EPC mode.,MoRTH -) (-,618085,,,Madhya Pradesh,2025-12,2026-07,8,293.74,0.0,92.33
618129,"Construction of Kasrawad bypass, Selani bypass, Khargone bypass & Bistan bypass Total length. 31.950 km Section of NH-347 C to Two lane with paved shoulder configuration in the State of Madhya Pradesh on EPC mode.",MoRTH -) (-,618129,,,Madhya Pradesh,2026-02,2026-07,7,467.93,167.65,99.15
618156,"Construction of Morena bypass, Ambah bypass & Porsa bypass Totat length 27.16 km Section of NH-552 Ext. to TWo lane with paved shoulder configuration in the state of Madhya Pradesh on EPC mode",MoRTH -) (-,618156,,,Madhya Pradesh,2026-01,2026-07,8,492.66,0.0,73.5
618157,Construction of Ater realignment & Bhind bypass Total length. 21.50 km Section of NH-552Extn. to Two lane with paved shoulder configuration in the State of Madhya Pradesh on EPC mode.,MoRTH -) (-,618157,,,Madhya Pradesh,2026-02,2026-07,7,348.06,79.84,79.0
618158,"Upgradation of Goras to Shyampur Road section of NH-552 Ext., from Design Chainge 48.400 to 111.800 Km Total length 63.40 km to two lane with paved shoulder configuration along with One time improvement of 8.91 km in the state of Madhya Pradesh on EPC mode",MoRTH -) (-,618158,,,Madhya Pradesh,2026-02,2026-07,7,416.96,0.0,16.52
618170,Construction of Two lane with paved shoulder configuration of Shujalpur Bypass section of NH-752C from km 33100 Design to km. 42570 Design total design length 10.470 km in the State of Madhya Pradesh on EPC mode.,MoRTH -) (-,618170,,,Madhya Pradesh,2026-02,2026-07,7,214.07,38.07,46.33
618171,"Work of Upgradation of Jirapur-Pachore Road including Pachore, Jirapur, Chhapiheda & Khujner Bypasses from 0000 to 58790 Design Length 58.79 Km section of NH-752C to 2LPS in the State of Madhya Pradesh under EPC mode",MoRTH -) (-,618171,,,Madhya Pradesh,2026-02,2026-07,7,352.69,98.96,57.26
618619,Bypass on Western side of Gwalior City,NHAI -) (-,618619,,,Madhya Pradesh,2026-01,2026-07,8,998.95,195.31,0.0
618620,"Additional works 2VUPs, MR-10 junction flyover and underpass in Six lane Indore- Dewas section of NH-52 in the state of Madhya Pradesh on EPC Mode",NHAI -) (-,618620,,,Madhya Pradesh,2026-02,2026-07,7,211.27,150.59,79.72
618621,Indore - Edlabad Pkg-II [Tejajinagar to Balwara],NHAI -) (-,618621,,,Madhya Pradesh,2025-12,2026-07,8,1530.82,824.5,87.3
618622,4L of Indore - Boregaon Pkg-III [Balwara to Dhangaon] from km. 42.260 to km. 82.660 of NH347BG & 753L,NHAI -) (-,618622,,,Madhya Pradesh,2025-12,2026-07,8,888.81,835.15,92.5
618623,4L Boregaon Buzurg to Shahpur Pkg I of Boregaon Buzurg to Muktainagar of NH 753L,NHAI -) (-,618623,,,Madhya Pradesh,2026-02,2026-07,7,1132.34,556.86,90.1
618625,Indore - Gujarat / MP Border from km. Km 9.500 to Km 171.000 of NH-59 in MP,National Highways Authority of India [NHAI] -) (-,618625,,,Madhya Pradesh,2026-02,2026-05,5,217.22,14.04,99.93
618654,4L Greenfield Rudhi to Deshgaon Pkg V of Betul-Khandwa/Deshgaon,NHAI -) (-,618654,,,Madhya Pradesh,2025-12,2026-07,8,469.68,199.48,63.79
618655,2L PS of Roshni to Ashapur Section of NH-347B from Design KM Ch. 89.900 to 114.000 KM Package III of Betul Khandwa,NHAI -) (-,618655,,,Madhya Pradesh,2026-02,2026-07,7,120.75,126.72,98.85
618661,4L from km 0.000 to 42.040 Bhopal Ratnaigiri Tiraha to Vidisha Morikodi,NHAI -) (-,618661,,,Madhya Pradesh,2026-01,2026-07,8,1038.18,179.87,20.23
618662,4L Vidisha Gyaraspur section of NH-146 from Design Chainage km 59475 existing chainage km 81240 to Design Chainage km 88361 existing chainage km 110.315,NHAI -) (-,618662,,,Madhya Pradesh,2026-04,2026-07,5,980.2,113.09,12.25
618663,i 4L Vidisha to Hinotiya from km 0.000 to Km 27.000 Vidisha Mehulwa-Talbehat Pkg- I Section of NH- 346 and ii 4L Vidisha to Morikori from Km 39.000 to 59.476 section of NH-146,NHAI -) (-,618663,,,Madhya Pradesh,2025-12,2026-07,8,941.12,434.04,90.04
618664,Berkhedi to Godpehra on NH-44 Sagar link road,NHAI -) (-,618664,,,Madhya Pradesh,2025-12,2026-07,8,471.31,385.98,93.05
618665,4L of Sagar - Mohari from Km.8 to Km.50 Pkg-I,National Highways Authority of India [NHAI] N24001615) (10470,618665,,,Madhya Pradesh,2025-12,2026-05,6,660.38,454.54,98.64
618666,4- Laning of Mohari to Satai Ghat section NH-934 from Km 50300 to Km 89875 Total length 39.575 km Package-2 in the State of Madhya Pradesh on EPC Mode,NHAI -) (-,618666,,,Madhya Pradesh,2026-02,2026-07,7,539.08,518.99,99.5
618667,4L of near Satai Ghat to Chowka section of NH-34 from D. Ch. 89.875 to D. Ch. 145.000 Package-3,NHAI -) (-,618667,,,Madhya Pradesh,2026-01,2026-07,8,882.21,193.4,38.26
618671,4-lanning of Rahatgarh to Berkhedi section of NH-146 from Design Ch 124470 to Ch. 134.549,NHAI -) (-,618671,,,Madhya Pradesh,2026-01,2026-07,8,342.69,53.19,14.6
618672,4-lanning of Gyaraspur to Rahatgarh section of NH-146 from Design Ch. 88361 to Ch 124470 in the state of MP on HAM mode,NHAI -) (-,618672,,,Madhya Pradesh,2026-01,2026-07,8,592.44,169.82,35.25
618684,Outer Ring Road of Jabalpur Town from Manegaon to NH-45 Pkg-2,NHAI -) (-,618684,,,Madhya Pradesh,2026-02,2026-07,7,786.47,520.38,78.75
618685,Outer Ring Road of Jabalpur Town from NH45 to Kushner Pkg-3,NHAI -) (-,618685,,,Madhya Pradesh,2026-02,2026-07,7,773.23,552.62,79.8
618686,Outer Ring Road of Jabalpur Town from Kushner to Amjhar Road including Airport Connectivity Pkg-IV,NHAI -) (-,618686,,,Madhya Pradesh,2026-02,2026-07,7,509.82,363.91,79.63
618687,Outer Ring Road of Jabalpur Town from Barela to Manegaon Pkg-1,NHAI -) (-,618687,,,Madhya Pradesh,2026-01,2026-07,7,651.88,500.97,89.72
618688,Outer Ring Road of Jabalpur Town from Amjhar Road including Airport Connectivity to barela Pkg-V,NHAI -) (-,618688,,,Madhya Pradesh,2026-01,2026-07,8,539.9,105.34,32.38
618694,Indore - Harda Pkg-I [Indore to Raghav Garh from km. 0.25 to km. 26.903],NHAI -) (-,618694,,,Madhya Pradesh,2026-01,2026-07,7,813.03,688.03,96.09
618695,Indore - Harda Pkg-III [Nanasa to Pidgaon Section from km 95.000 to km 142.445],National Highways Authority of India [NHAI] N24001762) (10496,618695,,,Madhya Pradesh,2026-01,2026-05,5,1240.64,626.02,98.21
618701,Balance work of 4L of Nauradehi Sanctuary de-scoped stretch of Hiran River to Sindoor River from Km. 66.00 to 130.00 NH-12 New NH-45,National Highways Authority of India [NHAI] N24002067) (-,618701,,,Madhya Pradesh,2026-01,2026-05,5,153.15,142.2,57.14
618735,4L of Chandesara to Khedakhajuriya from Km. 0.000 to - 750 & Km 0.000 to km 41.400 of NH-148NG Pkg-I,NHAI -) (-,618735,,,Madhya Pradesh,2026-01,2026-07,7,976.55,587.81,99.0
618751,2L PS of Hinotiya-Mehulwa section of NH-346 from Km. 27.000 to Km 75.700 Vidisha Mehulwa-Talbehat Pkg-II Section of NH- 346,NHAI -) (-,618751,,,Madhya Pradesh,2026-01,2026-07,7,592.71,273.7,69.04
618762,Itarsi Km. 63.000 to Betul Km. 137.000 of NH-69 in Madhya Pradesh,NHAI -) (-,618762,,,Madhya Pradesh,2026-02,2026-07,7,788.33,663.67,100.0
618784,Balance works of 4 lane divided carriageway of Missing Link section of NH-39 Rewa Bypass from junction with NH 30 near Bela to Junction with MPRDC ring road near Silpara on SH 9 design length 13.100 km on EPC Mode under Bharatmala Pariyojana in the State of Madhya Pradesh,NHAI -) (-,618784,,,Madhya Pradesh,2026-02,2026-07,7,355.36,253.13,84.44
618932,Construction of 6 lane Indore western bypass from km 0000 to Km 34000 Pkg -l in the State of Madhya Pradesh on Hybrid Annuity Mode under NHO,NHAI -) (-,618932,,,Madhya Pradesh,2026-01,2026-07,8,1472.68,657.89,27.6
618933,Construction of 6 lane Indore western bypass from km 34000 to Km 64000 Pkg-II in the state of Madhya Pradesh on Hybrid Annuity Mode under NHO,NHAI -) (-,618933,,,Madhya Pradesh,2026-02,2026-07,7,1430.56,662.93,17.5
618962,4L of Budhni to Shahganj Bypass End Package-III of NH-146B from Km. 73.750 to Km. 102.000,NHAI -) (-,618962,,,Madhya Pradesh,2026-01,2026-07,8,770.21,196.68,28.28
618963,Construction work of 4-laning of Shahganj bypass end to Badi Package-IV of NH-146B from design km 102.000 to design km 142.357 Design length 40.357 km,NHAI -) (-,618963,,,Madhya Pradesh,2026-02,2026-07,7,836.64,318.16,52.15
618964,4 Laning of Sandalpur to Nasrullaganj Pkg-1 section of NH-146B Length 43.2 Km.,NHAI -) (-,618964,,,Madhya Pradesh,2026-01,2026-07,8,1425.98,197.81,11.57
618966,Six laning with both sides Service Road of Ayodhya Bypass from Design Km 0000 near Ashram Tiraha on NH-46 to Km 16439 end at Ratnagiri Tiraha on Nh-146,NHAI -) (-,618966,,,Madhya Pradesh,2026-01,2026-07,8,1103.22,173.6,21.61
619007,Upgradation of Sarvardewla to Pal MP/MH Border Road section of NH-347 C from Design Chainge km 81.600 to 137.400 Total length 55.80 km to two lane with paved shoulder configuration along with One time improvement of 1 .95 km in the State of Madhya Pradesh on EPC mode.,MoRTH -) (-,619007,,,Madhya Pradesh,2026-02,2026-07,7,461.23,2.77,0.0
619100,Dhangaon - Borgaon section km 81.000 to km 139.000 [Indore - Edlabad Pkg IV],NHAI -) (-,619100,,,Madhya Pradesh,2026-01,2026-07,8,1185.04,746.57,99.8
619114,Indore - Harda Pkg-II [Raghavgarh to Nanasa from km. 29.30 to km. 92.30],NHAI -) (-,619114,,,Madhya Pradesh,2026-01,2026-07,8,1146.63,369.46,40.25
617912,Construction of 6 lane flyover from Khapari ROB to Mihan Interchange design chainage km 8760 to 11450 L- 2.69 km and upgradation of existing 4L PS road to 6LPS with service road by flexible pavement design chainage km 11450 to 14500 L- 3.05 [total project length 5.74 km] in section of Nagpur - Hyderabad NH-44 Old NH-7 in Nagpur district in the state of Maharashtra on HAM mode.,MoRTH -) (-,617912,,,Maharashtra,2026-01,2026-07,8,619.55,18.35,8.24
617917,"Construction of 4 Lane Flyover at Nagpur RTO Chowk To Nagpur University Campus from Ch 2/250 to 5/100 and 4 lane flyover at wadi/midc junction from km 8/360 to km, 10/300 on NH 53 in state of Maharashtra.",MoRTH N24001883) (-,617917,,,Maharashtra,2026-01,2026-05,5,490.52,0.0,95.0
617932,Construction of New Four Lane Bypass to Parbhani City Parwa to Asola Km 463/265 to Km 481/180 Design Ch. 19220 to Ch. 34434 Length-15.214 Km section of NH-61 on EPC mode in the State of Maharashtra.,MoRTH -) (-,617932,,,Maharashtra,2026-01,2026-07,7,496.64,210.17,70.14
617933,Up-gradation to four lane/ Two lane with paved shoulders configuration of Kalyan - Murbad - Malshej Ghat - Nirmal Road NH- 61 km 15/200 to Km 38/00 and from Km. 58/00 to Km 84/00 Design length 48.58 km of NH-61 on EPC Mode in Thane District in the state of Maharashtra,MoRTH N24002174) (10141,617933,,,Maharashtra,2026-01,2026-05,5,984.07,0.0,100.0
617934,Nasratpur to Barasgaon section of NH-61 2L / 4L PS from Km.514/00 to 558/200,MoRTH -) (-,617934,,,Maharashtra,2026-01,2026-07,7,406.54,528.24,95.84
617937,Udgir Raavi Degloor Aadampur phata to Sagroli fata,MoRTH -) (-,617937,,,Maharashtra,2026-04,2026-07,5,809.77,0.93,12.0
617938,Rehabilitation And Upgradation to four lane with paved shoulder configuration from km 24350 to km 61875 Jawale - Borgaon Kale of NH-63 in the State of Maharashtra on EPC mode under Annual Plan 2024-25 Total length - 37.525 Km.,MoRTH -) (-,617938,,,Maharashtra,2026-01,2026-07,8,574.18,7.54,20.0
617944,Kashedi ghat tunnel NH-66 [Bhogaon Khurd - Kashedi section] 4 lanes under NHDP on EPC mode,MoRTH N24001132) (10146,617944,,,Maharashtra,2026-01,2026-05,5,701.46,0.0,98.37
617945,Balance work of NH-66 from design Km 84/00 to Km 87/100 Indapur Bypass and Km 91/600 to Km 99/100 Mangaon Bypass to four lane with paved shoulder in State of Maharashtra under NHO on EPC Mode.,MoRTH -) (-,617945,,,Maharashtra,2026-01,2026-07,8,354.21,0.0,67.16
617946,Kashedi to Parshuram Ghat section of NH-66 from Km 161/600 - Km 205/400 - 4L PS,MoRTH -) (-,617946,,,Maharashtra,2026-01,2026-07,7,1142.62,427.48,97.5
617947,Arawali Kante section of NH-17New NH-66 4L PS from Km.241/300 to 281/300,MoRTH -) (-,617947,,,Maharashtra,2026-01,2026-07,7,1443.09,0.17,80.06
617948,Kante - Wakad section of NH-66 4L PS from Km.281/300 to 332/200,MoRTH -) (-,617948,,,Maharashtra,2026-01,2026-07,7,2020.56,375.93,90.14
617965,Kopargaon to Savali Vihir section,MoRTH -) (-,617965,,,Maharashtra,2026-01,2026-07,7,195.38,105.76,93.45
617978,"Rehabilitation, upgradation & widening of existing highway to 2L/4LPS Rigid Pavement of NH 160 section- Phaltan to Mhaishal near Karnataka Border including Tasgaon Bypass, from existing chainage Km 301/430 to Km 458/415 in the State of Maharashtra- Package-II & Package III combined- starting from existing chainage Km 341/300 to Km 394/130 and design chainage Km 340/250 at Dahiwadi Village to Km 392/950 ending at Vita Village in the State of Maharashtra on EPC Mode.",MoRTH -) (-,617978,,,Maharashtra,2026-02,2026-07,7,631.76,213.18,85.0
617979,"Rehabilitation, upgradation & widening of existing highway to 2L/4LPS Rigid Pavement of NH 160 section- Phaltan to Mhaisal near Karnataka Border including Tasgaon Bypass, from existing chainage Km 301/430 to Km 458/415 in the State of Maharashtra. Package-I starting from existing chainage Km 301/430 at Phaltan Village Junction of Phaltan Baramati Road Design Chainage -301/430km & ending at existing chainage Km 341/300 Dahiwadi Village Bus Stop Design chainage Km 340466km in the S",MoRTH -) (-,617979,,,Maharashtra,2026-02,2026-07,7,533.76,0.0,74.29
618042,"Rehabilitation/ Upgradation of existing Highway to four lane standards in Kurkheda town from km.413257 to km 410775, Two lane in Shankarpur Gurnuli km 42400 to km 43100 section and Reconstruction of Major Bridge at Ch. 448558 Bhuti Nallah and Ch. 411695 Sati River bridge, Minor Bridge at Ch. 411477 and Ch. 405800 Lendhari Bridge of NH 543 Bhamhapuri-wadsa-kurkheda-korchi-Deori-Amgaon road on EPC mode in the State of Maharashtra",MoRTH -) (-,618042,,,Maharashtra,2026-01,2026-07,7,163.86,49.03,50.25
618046,Rehabilitation & Up-gradation of Sabalkhed to Ashti Section from Km 37900 to Km 55100 & Chinchpur to Jamkhed Section from km 70000 to km 72922 of NH-561 to Two lane with Paved shoulder/ Four lane configuration in the State of Maharashtra on EPC Mode Length20.122km.,MoRTH N24001902) (-,618046,,,Maharashtra,2026-01,2026-05,5,213.33,0.0,95.88
618047,"Widening, Reconstruction & Up-gradation to 2 lane with Paved Shoulder/Four Lane configuration for the work of Ahmednagar to Sabalkhed & Ashti to Chinchpur Section of NH-561 from Design km 2915 to km 37728 & Design km 55100 to km 70000 in the State of Maharashtra on EPC mode. Length 49.713 km",MoRTH -) (-,618047,,,Maharashtra,2026-02,2026-07,7,657.16,0.0,88.56
618049,Up-gradation to 2/4 lane with paved shoulder configuration of NH-652 from Tuljapur Naldurg-Akkalkot road Chainage from Km. 00.000 to km 30.982 in the State of Maharashtra on EPC mode.,MoRTH -) (-,618049,,,Maharashtra,2026-02,2026-07,7,183.41,64.95,98.0
618059,Construction of four-lane Concrete Road from Police Headquarter Gondia City to Rawanwadi Village Birsi Airport Junction from design km 0.000 to km 15.781 existing km 39/720 of NH-753 to existing Km 8/400 of NH 543 on sections from Kohmara- Goregaon- Police HeadquarterKaranja - Collector Office Square - Balaghat T Point- Rawanwadi- Rajegaon of NH-753 and NH-543 in Gondia District in the state of Maharashtra. Total Length of the project 15.781 Km.,MoRTH -) (-,618059,,,Maharashtra,2026-01,2026-07,7,328.11,111.48,34.15
618061,"Strengthening, Widening & Up-gradation of newly declared NH-761 from NH- 61Junction-BelheAlkutiDevibhoyareNighojShirur, from Design chainage Km 0.000 to Km 37.970 from Single/Intermediate/2L to 2LPS in the State of Maharashtra on EPC Mode Length 37.970 Km",MoRTH -) (-,618061,,,Maharashtra,2026-01,2026-07,8,386.16,57.23,62.5
618065,"Rehabilitation/Upgradation of existing Highway to 2LPS/4 lane of Dhawali to Rajoli from Design Km.149476 to 163476 existing Km.150000 to 164000, Pandhasala to Mohadongri from design Km.170476 to 181476 existing Km.171000 to 182000, Ambeshivni Fata to Bodli from design Km.183476 to 185476 existing Km.184000 to 186000 and Made Tukum to Gadchiroli from design Km.188476 to 189476 existing Km.188000 to 18900 having length 28 km of NH-930 of Dhawali to Gadchroli road in the",MoRTH -) (-,618065,,,Maharashtra,2026-01,2026-07,7,316.44,49.78,37.2
618088,Nandurshingote to Kolhar,MoRTH -) (-,618088,,,Maharashtra,2026-02,2026-07,7,325.79,32.41,41.93
618089,Rehabilitation & Up-gradation of Mudkhed to Nanded section from Km. 372000 to Km 388400 of NH 161A i.e. Nanded-Bhokar-Himayatnagar-Kinwat-Mahur-Arani Road Design chainage from Km 372000 Mudkhed to Km 387650 Nanded of NH 161A Length 15.65 Km to 2/4Lane with paved shoulders configuration in the State of Maharashtra on EPC mode.,MoRTH -) (-,618089,,,Maharashtra,2026-01,2026-07,7,206.54,74.51,65.14
618090,Sarsam - Kothari of NH-161A - 2L PS from Km.33/00 to 90/00,MoRTH N24001002) (10176,618090,,,Maharashtra,2026-01,2026-05,5,545.64,0.0,97.25
618094,Pen to Khopoli 2LPS,MoRTH -) (-,618094,,,Maharashtra,2026-01,2026-07,7,369.39,333.1,86.3
618096,Rehabilitation and Up-gradation to 2 lane road with paved shoulders configuration for the balance work of 13 km length on Helwak-Patan-Karad section Km. 85000 to 133 417 of NH-166E in the state of Maharashtra on EPC mode.,MoRTH -) (-,618096,,,Maharashtra,2026-02,2026-07,7,181.45,60.25,87.0
618097,Guhagar - Rampur - 2L-PS - km 0/00 Guhagar to 26/230 Rampur and 40/00 Mirjoli to 53/600 Sati on NH-166E,MoRTH -) (-,618097,,,Maharashtra,2026-01,2026-07,7,407.2,0.0,91.89
618098,"Upgradation of exhisting 2 lane flexible pavement to 2 lane paved shoulders rigid pavement from design chainage Km 66.00 to Design Km 82.440 Start of Kolhapur Municipal corporation near Phulewadi to kale, design length 16.440 Km section on Talere Gaganbawada-Kolhapur road NH 166G in the state of Maharashtra on EPC mode",MoRTH -) (-,618098,,,Maharashtra,2025-12,2026-07,8,167.97,0.0,93.75
618099,"Rehabilitation & up-gradation for Talere Gaganbawada - kolhapur Road NH 166G stretch start from km. 0/00 to Km. 06/00 and km. 13/00 to km 19/440 of NH-166G, length 12.440 km in the State of Maharashtra.",MoRTH -) (-,618099,,,Maharashtra,2026-02,2026-05,5,164.13,98.68,100.0
618133,Strengthening and Widening of road Sakoli- Wadsa-Armori-Gadchiroli-Ashti- Allapalli - Sironcha National highway NH 353C in Km 262/00 to 321/00 including 16 minor Bridges and 2 Major Bridge Total length 59 Km section from repanpalli to sironcha in Gadchiroli Dist in the State of Maharashtra.,MoRTH -) (-,618133,,,Maharashtra,2025-12,2026-07,8,280.57,144.61,67.39
618134,Rehabilitation /Upgradation from Lagam to Alapalli section Desing Km. 199/400 to km 227/400 Length 28.0 Km to 2 lane with Paved Shoulders/ 4 lane configuration section of NH-353 C Sakoli-Wadsa-Armori-Gadchiroli-Ashti-Alapalli Sironcha in Gadchiroli District on EPC mode in the state of Maharashtra.,MoRTH -) (-,618134,,,Maharashtra,2026-01,2026-07,8,459.39,132.28,81.42
618136,Upgradatiobn and Rehabilitation of Section of NH 361 F from Parli 00/000 to Gangakhed 30/400 to Two Lanes with paved shoulder / Four lane configurations on EPC mode in the State of Maharashtra.,MoRTH N24001537) (-,618136,,,Maharashtra,2025-12,2026-05,6,224.44,0.0,91.0
618137,Rehabilitation and Up-gradation of Jarud - Sirsala section of NH-361F km 59500 to km11500 to Two lane with paved shoulder/ Four Lane in the state of Maharashtra on EPC mode Length 55.5 Km.,MoRTH -) (-,618137,,,Maharashtra,2026-02,2026-07,7,540.35,158.38,68.23
618138,"Widening, Reconstruction & Up-gradation to 2 lane with Paved Shoulder/Four Lane configuration for the work of Sautada to Shirapur Section of NH-561 from Design km 86300 to km 125589 in the state of Maharashtra on EPC mode. Design length 39.289 km",MoRTH -) (-,618138,,,Maharashtra,2026-02,2026-07,7,349.57,0.0,54.04
618139,Rehabilitation and Up-gradation of Gangakhed Loha section of NH-361F from Km 169/00 to 210/00 to two lane with paved shoulder/ four lane configuration in the state of Maharashtra on EPC mode Length - 41.00 Km.,MoRTH -) (-,618139,,,Maharashtra,2026-02,2026-07,7,355.12,0.0,43.46
618150,Rehabilitation and Up-gradation of i. Deogaon phata to Digras phata Ch. 0/000 to 15/000 & Selu to Borgavhan Ch 20/900 to 35/800 [Length 29.9km] ii. Injegaon Dhamoni to Pohner Phata Ch.58/200 to Ch. 83/700 [Length25.5 km] and iii. Pohner phata to Pathri Design Ch. 42/700 to 58/200 [Length 15.5 km] sections of NH-548B to Two lane with paved shoulder configuartion in the state of Maharashtra on EPC mode Total project length 70.9 Km.,MoRTH -) (-,618150,,,Maharashtra,2026-02,2026-07,7,761.83,0.0,15.0
618152,Mhaswad to Tembhurni section of NH-548C - 2L PS,MoRTH -) (-,618152,,,Maharashtra,2025-12,2026-07,8,488.6,0.0,96.19
618153,Satara to Mhaswad,MoRTH -) (-,618153,,,Maharashtra,2025-12,2026-07,8,653.46,7.34,98.08
618154,"Rehabilitation & upgradation of Jamkhed to Sautada Section of NH548 D from km 195.375 to km 208.774, Length 13.399 Km to 2L PS /4L configuration with rigid pavement in the state of Maharashtra on EPC mode.",MoRTH -) (-,618154,,,Maharashtra,2025-12,2026-07,8,157.62,0.0,68.93
618155,Development/Widening of Talegaon Chakan Shikrapur Nhavara Section of NH-548D from existing chainage km. 54/000 to 82/300 and Design chainage Km. 54/000 to 82/120 Shikrapur to Nhavara Section to 2LPS/4L Configuration on EPC Mode in the State of Maharashtra.,MoRTH -) (-,618155,,,Maharashtra,2026-02,2026-07,7,396.17,99.7,76.2
618172,Paithan - Shirur section 2LPS Km 0.0 to 55.00,MoRTH -) (-,618172,,,Maharashtra,2025-12,2026-07,8,341.8,208.25,82.0
618173,Shirur-Kharda section from 55937 km to 114486 km to 2LPS/4L,MoRTH -) (-,618173,,,Maharashtra,2025-12,2026-07,8,381.77,0.0,83.93
618174,Rehabilitation and Upgradation to two lane with paved shoulder configuration of NH- 752G from Sakri to Pimpalner Section Design Ch km 0000 to Ch km 21411 in the state of Maharashtra on EPC Mode. Length 21.411 km.,MoRTH -) (-,618174,,,Maharashtra,2026-02,2026-07,7,226.58,0.0,100.0
618175,Rehabilitation and Upgradation of Satana to Mangrul Chandwad Section of NH752 G Design Ch Km 64.000 to Ch Km 101.140 two lane with paved shoulder/four lane configuration in the state of Maharashtra on EPC mode.,MoRTH -) (-,618175,,,Maharashtra,2025-12,2026-06,7,428.8,0.0,93.46
618176,Rehabilitation and upgradation from ch km 50/200 to 56/800 and km 62/600 to 100/403 of Kolde to Visarwadi Near Junction with NH-6 section of NH 752G total length 44.40 to two-lane with paved shoulder / four lanes in the State of Maharashtra on EPC mode.,MoRTH -) (-,618176,,,Maharashtra,2026-01,2026-07,8,349.08,39.95,35.45
618177,Pal Phata Phulambri - Khultabad 2LPS,MoRTH -) (-,618177,,,Maharashtra,2025-12,2026-07,8,227.19,5.78,95.29
618178,Widening and strengthening of Gangakhed to Kingaon section of NH-752K in Km 38/750 to 72/304 Flexible Pavement Length33.554 km to 2-lane configuration on EPC mode in the State of Maharashtra.,MoRTH -) (-,618178,,,Maharashtra,2026-02,2026-07,7,162.67,0.0,72.0
618179,Rehabilitation and Upgradation of Shewali phata to Kalambhir section i.e. Km 0443 to Km 4500 & Nizampur to Chadwel section i.e. Km 13485 to Km 26265 Length16.317 Km excluding 2 Major Bridges with approaches Km 13735 to Km 14095 & Km 19660 to Km 20030 of NH 753B to 2LPS Configuration in the State of Maharashtra on EPC Mode.,MoRTH -) (-,618179,,,Maharashtra,2026-02,2026-06,6,181.58,0.0,97.0
618180,Pune raigarh District Border To Mangaon Ch 69000 to 103775 NH-753F,MoRTH -) (-,618180,,,Maharashtra,2025-12,2026-07,8,223.46,0.0,89.08
618181,Rehabilitation / Upgradation to 4 Lane with Paved shoulder of Existing Section in Sillod Town with Design Ch. Km54500 to Km 60679 [Length6.179 km] section of NH 753F Aurangabad-Jalgaon road on EPC Mode in the State of Maharashtra,MoRTH N24002177) (-,618181,,,Maharashtra,2025-12,2026-05,6,153.79,0.0,98.0
618188,Rehabilitation and Up-gradation to 2 lane with paved shoulder configuration of Mahud Sangola road NH 965 G 159400 to 161900and 162400 to 183960 Design Chainage from km. 32/300 to km. 34/800 and km. 35/800 to km. 56/860 Rigid Pavement on EPC mode in the State of Maharashtra.,MoRTH -) (-,618188,,,Maharashtra,2025-12,2026-07,8,253.78,98.95,100.0
618198,Balance work of Rehabilitation and Up-gradation to 2-lane road with paved shoulders configuration for NH- 965DD from Pacharal-Mandangad-Mhapral-Rajewadi Upto Junction of NH-66 Ch-22700 to 75100 Km and Ambadave connector Birth place of Dr. Babasaheb Ambedkar Ch-0000 to 7325 Km length Km 59.725 in the state of Maharashtra on EPC mode. Balance Work,MoRTH -) (-,618198,,,Maharashtra,2025-12,2026-07,8,341.69,170.26,93.07
618199,"Rehabilitation, Upgradation & Widening of existing Highway to Rigid Pavement 2 Lane with Paved Shoulder of NH 965DD from Lonand Shirval-Bhor Mandangad-Pchral Section ShindewadiPhata to Varandah Ghat Dist Border from Km 33/550 to 92/550 in the state of Maharashtra on EPC mode.",MoRTH -) (-,618199,,,Maharashtra,2025-12,2026-07,8,723.13,168.06,53.5
618468,Vadodara Mumbai Expressway Phase II - Pkg XI [Km. 77.000 to Km. 103.400] Ganjad - Talsari,National Highways Authority of India [NHAI] N24001504) (10327,618468,,,Maharashtra,2025-12,2026-05,6,1913.95,813.35,99.76
618469,Vadodara Mumbai Expressway Phase II - Pkg XIII [Km. 26.582 to Km. 50.700] Shirsad - Masvan,NHAI -) (-,618469,,,Maharashtra,2025-12,2026-07,8,4679.54,1986.56,98.2
618470,Vadodara Mumbai Expressway Phase II - Pkg XIV [Km. 3.000 to Km. 20.200 of Spur] Shirsad - Akloli,NHAI -) (-,618470,,,Maharashtra,2025-12,2026-07,8,2324.72,634.55,98.0
618471,Vadodara Mumbai Expressway Phase II - Pkg XV [Km. 20.200 to Km. 43.000 of Spur] Akloli - Amne,NHAI -) (-,618471,,,Maharashtra,2025-12,2026-07,8,2918.39,651.95,94.6
618472,Vadodara Mumbai Expressway Phase II - Pkg XVI [Km. 43.000 to Km. 69.800 of Spur] Amne - Bhoj,NHAI -) (-,618472,,,Maharashtra,2025-12,2026-07,8,4315.56,952.69,95.5
618473,Vadodara Mumbai Expressway Phase II - Pkg XVII [Km. 69.800 to Km. 79.783 of Spur] Bhoj - Morbe,NHAI -) (-,618473,,,Maharashtra,2025-12,2026-07,8,2463.02,931.24,90.73
618511,Upgradation & rehabilitation of Service Roads on both sides in urban areas of Pune City on PuneSatara section of NH48,NHAI -) (-,618511,,,Maharashtra,2026-02,2026-07,7,388.78,66.39,24.08
618512,Tunnel at Khambataki Ghat Section and its approaches from existing Km. 771.730 to existing Km. 782.000,NHAI -) (-,618512,,,Maharashtra,2025-12,2026-07,8,816.12,686.79,89.2
618513,6L of Kagal-Satara section from Km 592.500 to Km 658.000 of NH-48 Pkg-I,NHAI -) (-,618513,,,Maharashtra,2025-12,2026-07,8,1435.46,634.07,51.14
618514,6L of Kagal-Satara section from Km 658.000 to Km 725.000 of NH-48 Pkg-II,NHAI -) (-,618514,,,Maharashtra,2025-12,2026-07,8,317.4,206.68,90.12
618557,4L of Indora Chowk to Pachpaoli and Agrasen Chowk - Ashoka Chowk,NHAI -) (-,618557,,,Maharashtra,2025-12,2026-07,8,918.53,696.83,84.0
618585,6L of Gonde Km. 439.038 to Pimpri Sado Km. 459.905 section of NH-848 Old NH-3,NHAI -) (-,618585,,,Maharashtra,2026-02,2026-07,7,718.84,160.05,40.5
618586,Improvement and strengthening of existing 2 lane stretch to 2-Lane with PS 1.5m on both sides on Ghoti-Sinnar section of NH-160A using Thin White Topping 200mm thick in the State Of Maharashtra on EPC Mode,NHAI -) (-,618586,,,Maharashtra,2026-02,2026-07,7,147.64,115.05,77.0
618588,4L Mitigation Measure structures on CH/MH Border to Wainganga Bridge Section of NH-6 New NH-53,NHAI -) (-,618588,,,Maharashtra,2025-12,2026-07,8,468.92,464.29,99.79
618594,Balance work of 4L Panvel to Indapur section of NH-66 Old NH- 17 from km 0.000 Panvel to km 42.300 Kasu,NHAI -) (-,618594,,,Maharashtra,2025-12,2026-07,8,196.87,184.17,98.66
618626,Four laning from Dive Ghat Km. 220.900 to Hadapsar Km. 234.150 of Mohol Alandi section Pkg VI of NH-965,NHAI -) (-,618626,,,Maharashtra,2026-02,2026-07,7,400.0,141.4,70.01
618627,Construction of 7 Nos of Standalone safety structures/works at different locations on various NHs,NHAI -) (-,618627,,,Maharashtra,2026-01,2026-07,8,112.03,26.78,33.35
618628,Strengthening of Existing Alignment of Pandharpur Town Part Bypassed Section of NH 965 from KM 36.230 to KM 44.230 from Chh. Shivaji Maharaj Chowk to Wakhari,NHAI -) (-,618628,,,Maharashtra,2026-02,2026-07,7,87.59,76.45,69.25
618638,Tarsod - Fagne section of NH-6,National Highways Authority of India [NHAI] -) (10456,618638,,,Maharashtra,2026-02,2026-05,5,2560.5,990.0,98.84
618652,Chakur Loha Section of NH-361 from km 114.600 to km 187.80,National Highways Authority of India [NHAI] -) (10466,618652,,,Maharashtra,2026-02,2026-05,5,3342.11,785.13,100.0
618653,Loha-Waranga Section of NH-361 from km 187.800 to km 244.369,NHAI -) (-,618653,,,Maharashtra,2026-02,2026-07,7,3466.58,1503.59,96.22
618693,Bodhre - Dhule,NHAI -) (-,618693,,,Maharashtra,2025-12,2026-07,8,1292.7,837.67,97.69
618754,Upgradation of 2L/4L with Paved Shoulder of Shirwal-Lonand Section from KM 159900 To KM 188025 of NH-965DD Section I and 2L With Paved Shoulder of Lonand-Satara Section from KM 51500 To KM 96246 Of NH-965D Section II in Satara District in the State of Maharashtra on EPC Mode under NHO-,NHAI -) (-,618754,,,Maharashtra,2026-02,2026-07,7,307.24,160.77,43.57
618766,Up-gradation to Four Lane with Paved Shoulder configuration of the highway starting from existing km 88.400 Savali Vihir to km 163.400 start of Ahmednagar bypass Design Length 75.000 km section of NH-160 in the State of Maharashtra under Bharatmala Pariyojana on EPC Mode,NHAI -) (-,618766,,,Maharashtra,2026-02,2026-07,7,617.93,298.45,48.55
618836,4L of Ratnagiri - Kolhapur section from km 67.140 to km 112.340 of NH-166 Pkg II,NHAI -) (-,618836,,,Maharashtra,2025-12,2026-07,8,1798.0,1239.53,81.57
618837,4L of Ratnagiri - Kolhapur section from km 112.340 to km 145.300 of NH-166 PkgIII,NHAI -) (-,618837,,,Maharashtra,2025-12,2026-07,8,1910.41,1079.17,68.95
618937,4L of Nagpur-Katol Section from Km. 13.00 to Km. 62.900 of NH-353J,NHAI -) (-,618937,,,Maharashtra,2025-12,2026-07,8,1432.82,1181.42,81.54
618939,Construction of Standalone Flyover cum ROB from Design Ch.66.600 to Design Ch.68.800 in Gadchandur Town on NH-353B,NHAI -) (-,618939,,,Maharashtra,2026-01,2026-07,8,107.76,37.07,40.11
619008,Rehabilitation and Up gradation of Charthana Jintur Section of NH 752 I Km 25100 to 47100 to 2 Lane with Paved Shoulder configuration Flexible Pavement in the state of Maharashtra on EPC mode. Reg- Resubmission of Annual Plan Estimate.,MoRTH -) (-,619008,,,Maharashtra,2026-02,2026-07,7,157.69,0.01,51.0
619042,"Construction of six lane Flyover at Katraj junction at Km, 3/880 of NH 548-DD Vadgaon - Katraj - Kondhwa - Mantarwadi Chowk - Loni Kalbhor - Theur Phata - Lonikand Road in Pune Dist of the State of Maharashtra. On Engineering Procurement and construction EPC Basis mode L.1.326 Km,",MoRTH -) (-,619042,,,Maharashtra,2026-01,2026-07,7,163.51,80.23,83.19
619069,Satara Km 725.000 to Pune Km 865.350 of NH - 4 New NH - 48 in Maharashtra,NHAI -) (-,619069,,,Maharashtra,2026-01,2026-07,8,425.51,387.04,99.05
619095,Balance works of 4L Panvel Indapur section of NH66 old NH17 from km 42.300 kasu to km 84.600 Indapur,NHAI -) (-,619095,,,Maharashtra,2026-01,2026-07,7,472.1,420.83,96.73
619149,4L of Ratnagiri - Kolhapur section of NH-166 from km 0.000 to km 19.769 and km 31.000 to km 67.140 Pkg I,NHAI -) (-,619149,,,Maharashtra,2026-01,2026-07,7,2108.41,1444.74,97.4
619163,4L of Baramati to Indapur Pkg-II from km. 41.400 to km. 84.550 of NH-965G Saint Tukaram Marg,NHAI -) (-,619163,,,Maharashtra,2026-01,2026-07,7,1297.48,1071.0,86.2
619198,Vadodara Mumbai Expressway Phase II - Pkg XII [Km. 50.700 to Km. 77.000] Masvan - Ganjad,NHAI -) (-,619198,,,Maharashtra,2026-02,2026-07,7,2388.52,979.42,99.87
619203,Vadape to Thane from km 539.202 to km 563.000 section of NH-3 new NH-848,NHAI -) (-,619203,,,Maharashtra,2026-02,2026-07,7,1371.27,491.86,87.0
619209,4L of existing 2/4L stretch from Lonand to Dive Ghat Km 166.400 to Km 220.900 of Mohol Alandi section of NH-965 Pkg - V,National Highways Authority of India [NHAI] -) (11899,619209,,,Maharashtra,2026-02,2026-05,5,2049.51,1125.89,98.52
619210,Dharampuri-Lonand from km. 117.00 to 166.40 Pkg-IV on Mohol-Alandi Section,NHAI -) (-,619210,,,Maharashtra,2026-02,2026-07,7,1358.68,1474.28,97.4
618298,Widening/Improvement of existing 2-Lane road to 4-Lane Divided Highway from Sekmai to Nilakuthi section of Imphal-Kohima Road Design Chainage from Km 297700 to Km 308729 of NH-39 New NH-02 in state of Manipur on EPC mode Pkg-5B,NHIDCL,618298,,,Manipur,2025-12,2026-07,16,211.7,272.3,94.71
618299,Improvement/Up-gradation of existing 2-Lane Road to 4-Lane Divided Highway from Daili to Kuraopokpi section of Imphal-Kohima road NH-02 Design Chainage from Km 274610 to Km 287000 in the state of Manipur on EPC mode Pkg-4B,NHIDCL,618299,,,Manipur,2026-02,2026-07,13,268.98,206.28,76.63
618300,Improvement/Up-gradation of existing 2-Lane Road to 4-Lane Divided Highway from Taphukuki to Daili section of Imphal-Kohima road NH-02 Design Chainage from Km 262175 to Km 274610 in the state of Manipur on EPC mode Pkg-4A,NHIDCL,618300,,,Manipur,2025-12,2026-07,16,379.39,314.73,91.39
618301,Widening/Improvement of existing 2-lane to 4-Lane Divided Highway from Kuraopokpi to Sekmai section of Imphal-Kohima Road Design Ch. km 287.00 to 297.700 of NH-39 New NH-02 in state of Manipur on EPC mode Pkg-5A,NHIDCL,618301,,,Manipur,2026-02,2026-07,13,228.97,143.26,48.35
618302,Widening/Improvement to 2-lane with earthen shoulder of Yaingangpokpi - Finch corner road section of NH-202 from Km 16.900 to Km 30.970 of NH-202 in the state of Manipur on EPC mode Package-2,NHIDCL,618302,,,Manipur,2025-12,2026-07,16,256.04,195.0,98.12
618303,Widening/Improvement to 2-lane with earthen shoulder of Yaingangpokpi - Finch corner road section of NH-202 from Km 0.000 to Km 16.900 of NH-202 in the state of Manipur on EPC mode Package-1,NHIDCL,618303,,,Manipur,2025-12,2026-07,16,222.77,140.9,88.96
618304,"Widening/Improvement to 2 Lane with earthen shoulder of Jessami to Laynen bridge Nagaland border section of NH-29 of Imphal -Ukhrul - Jessami Economic Corridor from km 0.000 to km 11.009 in the State of Manipur on EPC mode under Bharatmala Pariyojana, under NHO-NE Package-7",NHIDCL,618304,,,Manipur,2026-01,2026-07,14,164.89,128.92,28.12
618305,Widening/Improvement to 2 lane with earthen shoulder of Marrem Khullen to Jessami section of NH-202 of Imphal - Ukhrul - Jessami Economic Corridor from Design Chainage km 95.700 to km 140.180 in the State of Manipur on EPC mode under Bharatmala Pariyojana under NHO-NE Package-6,NHIDCL,618305,,,Manipur,2026-01,2026-07,14,554.66,225.73,26.22
618306,"Widening/Improvement to 2 lane with earthen shoulder of Choithar to Marrem Khullen section of NH-202 of Imphal Ukhrul Jessami Economic Corridor from Design Chainage km 53.110 to km 95.700 in the State of Manipur on EPC mode under Bharatmala Pariyojana, under NHO-NE Package-5",NHIDCL,618306,,,Manipur,2026-01,2026-07,14,564.05,173.58,14.5
618333,Widening to 2 lane with Paved shoulder of lmphal to Jiribam section of NH-37 from Design Ch. from km 169570 Near Nungkao vlllage under Tamenglong District to km 205974 near Jiribam Bridge under Jiribam district under NHO-NE PKG-7,NHIDCL,618333,,,Manipur,2025-12,2026-07,16,760.16,428.13,92.52
618334,Widening to 2 Lane with Paved shoulder of lmphal to Jiribam section of NH-37 from Design Ch. from km 131.280 to km 169.570 on EPC mode in Manipur under NHO-TSP PKG-6,NHIDCL,618334,,,Manipur,2025-12,2026-07,16,504.76,325.89,95.2
618335,Widening to 2 Lane with Paved shoulder of lmphal to Jiribam section of NH-37 from Design Ch. from Km 101280 Near Khongsang Village to Km 131280 near Puilon Kambiron Village on EPC Mode in Manipur PKG-5,NHIDCL,618335,,,Manipur,2025-12,2026-07,16,410.68,382.67,91.02
618336,Widening to 2 -Lane with Paved shoulder of Imphal to Jiribam section of NH-37 from Design Chainage 66.110 km to 101.280 Km Existing Chainage km 67.496 to km 103.557 on EPC Mode in Manipur PKG-4,NHIDCL,618336,,,Manipur,2025-12,2026-07,16,579.63,408.21,86.05
618337,Widening to 2 -Lane with Paved shoulder of Imphal to Jiribam section of NH-37 from Design Chainage 33.000 km to 66.390 Km Existing Chainage from km 33.395 to km 67.496 on EPC Mode in Manipur PKG-3,NHIDCL,618337,,,Manipur,2025-12,2026-07,16,467.0,593.79,86.33
618338,Widening to 2-Lane with Paved shoulder of Imphal to Jiribam section of NH-37 from Design Chainage 15.940 km to 33.120 Km Existing Chainage Km 15.946 to Km 33.395 Total length17.180 Km in the State of Manipur on EPC mode PKG-2 - Balance Works & Rectification works,NHIDCL,618338,,,Manipur,2026-01,2026-07,14,195.14,162.71,93.1
618344,Widening to 2-lane with Hard shoulder of Churachandpur to Tuivai Section of NH- 102B from Design Chainage 69.875 Km to 121.769 Km in the State of Manipur on EPC mode Package-3,NHIDCL,618344,,,Manipur,2025-12,2026-07,14,673.27,563.39,85.84
618345,Widening to 2-lane with Hard shoulder of Churachandpur to Tuivai Section from Km 48.587 to Km 69.875 in the State of Manipur on EPC mode under NHO Package-2B,NHIDCL,618345,,,Manipur,2025-12,2026-07,14,365.53,198.28,88.2
618346,Widening to 2-lane with Hard shoulder of Churachandpur to Tuivai Section of NH- 102B from km 32.835 to km 48.587 in the State of Manipur on EPC mode under NHO Package-2A,NHIDCL,618346,,,Manipur,2025-12,2026-07,16,232.99,155.44,100.0
618347,Widening to 2-lane with Hard shoulder of Churachandpur to Tuivai Section of NH- 102B from km 13.747 to km 32.835 in the State of Manipur on EPC mode under NHO Package-1B,NHIDCL,618347,,,Manipur,2025-12,2026-07,16,241.52,164.85,100.0
618348,Balance work of Widening to 2 Two lane with hard shoulder of Churachandpur to Tuivai section of NH-102B from km 130.000 to km 141.029 Package-4B in the State of Manipur on EPC Mode,NHIDCL,618348,,,Manipur,2026-01,2026-07,15,177.76,97.93,9.17
618349,Balance work of Widening to 2 Two lane with hard shoulder of Churachandpur to Tuivai section of NH-102B from Design Chainage km 118850 to km 130000 Package-4A in the State of Manipur on EPC Mode,NHIDCL,618349,,,Manipur,2026-01,2026-07,15,204.12,112.41,25.93
618355,"Construction of of 2 -Lane with paved shoulders road from Tamenglong-Tousem- Lisang-Mahur Road NH-137 starting near Dialong Village from km 10.000 at Dialong to km 31.430 near Old Tamenglong , near Barak River on EPC Mode Package-2",NHIDCL,618355,,,Manipur,2025-12,2026-07,16,483.87,375.87,95.28
618356,Construction of 2 -Lane with paved shoulders road from Tamenglong to Mahur in the state of Manipur from km 31.430 at Old Tamenglong to km 43.480 ending near Phelong on EPC Mode Package-3,NHIDCL,618356,,,Manipur,2025-12,2026-07,16,234.08,201.13,98.5
618357,Construction of 2 -Lane with paved shoulders road from Tamenglong to Mahur NH-137 in Manipur starting from km 54.180 near Azuram to km 80.630 near Mandeu on EPC Mode Package 5,NHIDCL,618357,,,Manipur,2025-12,2026-07,16,477.86,330.13,84.87
618358,Construction of 2 -Lane with paved shoulders road from Tamenglong to Mahur NH-137 starting from km 80.630 near Mandeu to km 96.870 near Jiri River on EPC Mode Package-6,NHIDCL,618358,,,Manipur,2025-12,2026-07,16,311.18,231.08,86.87
618387,Construction of 2-laning with Hard shoulder of Ukhrul Tolloi - Tadubi section of NH-102A from Design Chainage km 9450 to km 50850 in the State of Manipur on EPC mode under NHO-NE Package-2,NHIDCL,618387,,,Manipur,2025-12,2026-07,16,578.98,278.6,80.04
618388,Construction of 2-laning with Hard shoulder road of Ukhrul - Tolloi - Tadubi section of NH-102A from Design Chainage 50.850 km to 81.870 km in the State of Manipur on EPC mode under NHO-TSP Package -3,NHIDCL,618388,,,Manipur,2025-12,2026-07,16,315.56,257.41,94.5
618389,Construction of 2-laning with Hard shoulder road of Ukhrul - Tolloi - Tadubi section of NH-102A from Design Chainage 81.870 km to 105.825 km in the State of Manipur on EPC mode under NHO-TSP Package -4,NHIDCL,618389,,,Manipur,2025-12,2026-07,16,310.76,287.73,97.0
618415,"Improvement of existing road to 2 laning with Hard Shoulders of Maram-Peren section Package-1B, length- 17.660 km from Design Chainage 22.340 km to 40.000 km on NH-129A in the State of Manipur on EPC mode",NHIDCL,618415,,,Manipur,2025-12,2026-07,16,188.36,0.0,100.0
618416,"Improvement of existing road to 2 laning with Hard Shoulders of Maram -Peren section Package-1A, length- 22.340Km from Design Chainage 0.000 km to 22.340 km on NH-129A in the State of Manipur on EPC mode",NHIDCL,618416,,,Manipur,2025-12,2026-07,16,226.32,190.19,75.08
617885,Rehabilitation and Up-gradation of Nongstoin Wahkaji section of Project Road Km 0000 to Km 43060 to Intermediate Lane with earthern shoulder under SARDP-NE Phase-A in the State of Meghalaya on EPC mode. Job No- SARDP- NE ong-Don-Maw/MG/2020-21/294,MoRTH,617885,,,Meghalaya,2025-12,2026-07,16,302.88,187.77,99.62
618076,Improvement and Widening two lannig with paved Shoulder of NH 127B from km 31.500 Goeragre to km 63.224 Package-II in state of Meghalaya,MoRTH,618076,,,Meghalaya,2026-01,2026-07,14,350.67,0.0,4.5
618294,Improvement and Widening of National Highway No. 127B Darugiri - Songsak - Williamnagar Junction Section to two lane with paved shoulder from design Km 0000 to Km 36635 Design length 36.635 Km existing Km 112000 to Km 151060 of NH-1278 under Bharatmala Pariyojana Lot-1 Pkg-1B Meghalaya portion,NHIDCL,618294,,,Meghalaya,2026-01,2026-07,15,801.07,176.55,26.8
618295,Improvement/Widening of New NH-217 Dainadubi-Darugiri section to Two lane with paved shoulder in Meghalaya from design Km 0000 to Km 40840 existing Km 8600 to Km 53000 of Old NH-62 under BMP Lot-1 Pkg-1B Meghalaya portion,NHIDCL,618295,,,Meghalaya,2026-01,2026-07,14,705.83,0.0,46.38
618374,Improvement/Widening to 2-L with Paved Shoulder/ 4-Laning of NH-40 section from Km 151330 to Km 163400 design Km 63.530 to Km 71.520 including Dawki Bridge of length 368 m between Shillong-Dawki under JICA ODA Loan assistance Phase-II Pkg-5 -Balance work,NHIDCL,618374,,,Meghalaya,2025-12,2026-07,16,284.21,170.81,42.91
618375,Improvement/Widening to 2-Lane with Paved Shoulder from design Km 45.760 to Km 63.530 between Shillong-Dawki under JICA ODA Loan assistance Phase-II - Balance work Pkg-4,NHIDCL,618375,,,Meghalaya,2025-12,2026-07,16,445.51,42.39,53.43
618376,Improvement/Widening to 2-Lane with Paved Shoulder between Shillong-Dawki road up to Bangladesh Border from design Km 10.670 to Km 37.550 under JICA ODA Loan assistance Phase-II -Balance Work-Pkg-2,NHIDCL,618376,,,Meghalaya,2025-12,2026-07,16,525.67,0.0,53.21
618377,Improvement/Widening to 2-L with Paved Shoulder/4-L from Km 81740 to Km 93490 design Km 0000 to Km 10670 of NH-40 New NH-106 & 206 section & 4-L from design Km 0.00 to Km 0.930 of NH-44 section between Shillong-Dawki under JICA ODA Loan assistance Phase-II -Balance Work Pkg-1,NHIDCL,618377,,,Meghalaya,2025-12,2026-07,15,351.12,243.15,100.0
618418,Rehabilitation and up gradation of Nongstoin-Rambrai-Kyrshai road up to Meghalaya-Assam border from Km 0.335 to km 34.039 to 2-Lane under NHO - NE in the State of Meghalaya Package-1,NHIDCL,618418,,,Meghalaya,2025-12,2026-07,14,359.86,310.07,83.05
618419,"Construction of 2-Lane with paved shoulders of Shillong Western Bypass starting from NH-06 near Ladumsaw existing Km 60.900 of old NH40 to NH106 old NH 44E Package-III, from km 24700 to km 38256 under SARDP-NE PHASE A in the state of Meghalaya on EPC Mode Greenfield alignment",NHIDCL,618419,,,Meghalaya,2025-12,2026-07,14,562.48,340.17,52.28
618420,"Construction of 2 lane with paved shoulder of Shillong Western Bypass starting from NH-06 near Ladumsaw existing km 60.900 of old NH-40 to NH-106 old NH- 44E, Package-II km 12800 to km 24700 under SARDP-NE Phase A in the State of Meghalaya on EPC Mode",NHIDCL,618420,,,Meghalaya,2025-12,2026-07,14,686.03,357.32,50.48
618421,"Construction of 2-Lane with paved shoulder of Shillong Western Bypass starting from NH-06 near Ladumsaw Existing km 60.900 of old NH-40 to NH106 old NH- 44E, km 0000 to km 12800 Package-I under SARDP-NE PHASE A in the State of Meghalaya on EPC Mode Greenfield alignment",NHIDCL,618421,,,Meghalaya,2025-12,2026-07,14,620.3,332.95,74.85
618316,4-Laning of Vairengte - Chhimluang section Package-3 of NH-306 from Existing Chainage km 43000 to Km 59700 Design Chainage km 46000 to km 60850 on Silchar - Vairengte- Sairang road in the State of Mizoram under Bharatmala Pariyojna under NHO-NE. Package-1&2 in Assam state,NHIDCL,618316,,,Mizoram,2026-01,2026-07,13,491.39,238.01,17.86
618317,4-Laning of chhimluang-Kolasib from section pkg-4 of NH-306 & NH-6 existing chainage km 59700 to km 86000 design chainage km 61000 to km 77500 on Silchar-vairengte-sairang road in the state of Mizoram under Bharatmala Pariyojna on EPC mode Vairengte - Sairang Pkg-4,NHIDCL,618317,,,Mizoram,2026-01,2026-07,13,561.91,223.99,17.12
618318,4-Laning of Kolasib - Sethawn section Package-5 of NH-6 from Existing Chainage km 86000 to km 107850 Design Chainage km 77500 to km 95500 on silchar - vairengte - sairang road under Bharatmala Pariyojna on EPC mode under NHO-NE Vairengte - Sairang Pkg-5,NHIDCL,618318,,,Mizoram,2026-01,2026-07,13,720.4,259.85,11.86
618319,"4-Laning of Sethawn - N. Kawnpui section Package-6 of NH-6 from Existing Chainage km 107850 to km 126315 Design Chainage km 95500 to km 111850 on Silchar-Vairengte- Sairang road, Vairengte - Sairang Pkg-6",NHIDCL,618319,,,Mizoram,2026-01,2026-07,13,595.65,189.39,6.72
618320,Construction of 4-Laning of N. Kawnpui N. Mualvum Mualkhang via Khamrang Village section Package-7 of NH-6 from Existing Chainage km 127200 to km 142000 Design Chainage km 111850 to km 123400 on Silchar - Vairengte - Sairang road in the State of Mizoram on EPC mode,NHIDCL,618320,,,Mizoram,2026-01,2026-07,13,866.32,190.01,18.9
618321,Construction of 4-Laning of West Serawlg-Sairang section of NH-6 from Existing Chainage km 142000 to km 158900 Design Chainage km 123400 to km 136260 on Silchar - Vairengte - Sairang road in the State of Mizoram under Bharatmala Pariyojna on EPC mode under NHO-NE Package-8,NHIDCL,618321,,,Mizoram,2026-01,2026-07,13,875.79,288.34,13.95
618323,Construction of Twin Tube Uni-directional Aizawl Bypass Tunnel of 2.5 km and its approaches of 2.1 km from km 10.600 to km 15.200 on Sarrang - Phaibawk section of NH-6 in the State of Mizoram on EPC Mode under NHO-NE Package- 2,NHIDCL,618323,,,Mizoram,2026-01,2026-07,13,1313.28,0.11,0.0
618324,Construction of 2-lane Aizawl Bypass from km 15.200 to km 34.500 Package-3 on Sairang - Phaibawk section of NH-6 in the State of Mizoram under Bharatmala Pariyojna on EPC Mode under NHO-NE,NHIDCL,618324,,,Mizoram,2026-01,2026-07,13,720.72,102.62,15.1
618341,Up-gradation to 2-lane with paved shoulders of Ngopa - Pawlrang section of NH 102B of Aizawl - Imphal Economic Corridor from Existing Chainage km 32.796 to km 72.030 [Design Chainage km 31.280 to km 68.170] in the State of Mizoram under Bharatmala Pariyojna on EPC mode under NHO-NE Package-2 Keifang- Tuivai Pkg-2,NHIDCL,618341,,,Mizoram,2025-12,2026-05,10,523.78,394.29,95.31
618342,Rehabilitation and upgradation to 2 Lane with Paved shoulder of Economic corridor of NH-6 from Design chaiange Km 0.000 to Km 13.510 Package-1 in the state of Mizoram under Bharatmala Pariyojana on EPC mode,NHIDCL,618342,,,Mizoram,2025-12,2026-05,10,206.9,0.0,0.0
618343,"Rehabilitation and Up gradation to 2-lane with paved shoulder of Keifang Section Economic Corridor of NH-06 from Existing Chainage Km 30050 Keifang to Km 50360 Keifang, Design Chainage Km 27400 to Km 45040 PkgIII in the State of Mizoram under Bharatmala Pariyojna on EPC Mode Seling-Dulte - III",NHIDCL,618343,,,Mizoram,2025-12,2026-05,11,292.23,0.0,0.0
618362,Construction of 2-laning with hard shoulder of Lunglei to Chhumkhum from Design Chainage Km 0.000 to Km 37.420 of NH-302 [Lunglei-Tlabung] Package- A,NHIDCL,618362,,,Mizoram,2025-12,2026-07,16,698.45,553.89,64.78
618363,Construction of 2-laning with hard shoulder configuration of Chhumkhum to Tlabung from Design Chainage Km 37.420 to Km 74.950 of NH-302 in Mizoram under Bharatmala Pariyojana on EPC mode [Pkg-B],NHIDCL,618363,,,Mizoram,2025-12,2026-07,16,740.58,494.49,61.34
618379,Widening and Up-gradation to 2- Lane with Paved Shoulder Configuration and geometric improvement from Km. 208. 000 to Km 250.000 Package-5 on Aizawl Tuipang Section of NH-54 in the State of Mizoram Package-5,NHIDCL,618379,,,Mizoram,2025-12,2026-07,16,752.89,125.64,95.35
618380,Widening and Up-gradation to 2- Lane with Paved Shoulder Configuration and geometric improvement from Km. 125. 000 to Km 166 Package-3 on Aizawl Tuipang Section of NH-54 in the State of Mizoram Package-3,NHIDCL,618380,,,Mizoram,2025-12,2026-07,16,867.09,525.13,97.51
618381,Widening and up-gradation to 2-lane with paved shoulder configuration and geometric improvements from km 250.00 Lunglei to km 298.00 on Aizawl- Tuipang section under JICA ODA Loan assistance Phase-I Package-6,NHIDCL,618381,,,Mizoram,2025-12,2026-05,12,768.76,168.78,98.73
618382,Widening and up-gradation to 2-lane with paved shoulder configuration and geometric improvements from km 298.00 to km 339.00 on Aizawl-Tuipang section under JICA ODA Loan assistance Phase-I Package-7,NHIDCL,618382,,,Mizoram,2025-12,2026-05,12,750.32,0.01,100.0
618383,Widening and up-gradation to 2-lane with paved shoulder configuration and geometric improvements from km 339.00 to km 380.00 Siaha on Aizawl-Tuipang section under JICA ODA Loan assistance Phase-I Package-8,NHIDCL,618383,,,Mizoram,2025-12,2026-07,16,637.06,547.01,99.82
618384,Widening and Up-gradation to 2- Lane with Paved Shoulder Configuration and geometric improvement from Km. 166. 000 to Km 208.000 Package-4 on Aizawl Tuipang Section of NH-54 in the State of Mizoram Package-4,NHIDCL,618384,,,Mizoram,2025-12,2026-05,12,899.45,191.59,99.88
618452,"2-laning of Zorinpui - Longmasu section of NH-502A from km 0.000 to km 28.244 in the State of Mizoram on EPC mode under NHO-NE, stretch of IMBR",NHIDCL,618452,,,Mizoram,2026-01,2026-07,14,781.85,48.26,4.71
619010,Up-gradation to 2 lane with paved shoutders of Pawlrang - Rulchawm section- of NH-102B of Aizawl - Imphal Economic Corridor from Existing Chainage km 72.030 to km 104.129 including 2.459 km re-alignment section from Tuivai River to Rulchawm connecting km 48.150 of NH-6 [Design Chainage km 68.170 to km 98.579] in the State of Mizoram under Bharatmala Pariyojna on EPC mode under NHO-NE Package-3 Keifang- Tuivai Pkg-3,NHIDCL,619010,,,Mizoram,2026-01,2026-07,14,500.88,443.61,99.52
619199,Bangalore Chennai Expressway Phase-II Pkg-I from km.71.000 to Km 96.000 Bethamangala in the state of Karnataka to Byreddypalli,NHAI -) (-,619199,,,"Multi-States (Andhra Pradesh, Karnataka)",2026-02,2026-07,7,1410.01,744.42,99.2
618681,6L Aluru - Jakkuva Section of NH-130CD Road from km 365.033 to km 396.800 Pkg. 1,NHAI -) (-,618681,,,"Multi-States (Andhra Pradesh, Odisha)",2025-12,2026-07,8,1241.66,703.33,99.63
618477,Bangalore Chennai Expressway Phase-III Package I Gudipala to Walajajhpet from Km 156.000 to Km 180.000,NHAI -) (-,618477,,,"Multi-States (Andhra Pradesh, Tamil Nadu)",2025-12,2026-07,8,1481.87,746.74,99.02
618634,6L of Veera Kaveri Raja Puram to Pondavakkam from km 61.380 to km 96.040 of NH 716B Pkg-III,NHAI -) (-,618634,,,"Multi-States (Andhra Pradesh, Tamil Nadu)",2025-12,2026-07,8,1439.77,808.62,98.89
618769,Walajahpet/Ranipet to TN/AP Border Section of from Km.106.800 to Km.133.36 NH-4,NHAI -) (-,618769,,,"Multi-States (Andhra Pradesh, Tamil Nadu)",2026-01,2026-07,8,1214.7,240.77,15.58
618771,6L of Varadharajula to Kumarajapet from km 0.000 to km 43.800 of NH-716B Pkg-I,National Highways Authority of India [NHAI] N24001820) (10549,618771,,,"Multi-States (Andhra Pradesh, Tamil Nadu)",2025-12,2026-05,6,1887.38,947.66,99.19
618772,6L of Kumarajapet to Veera Kaveri Raja Puram from km 43.800 to km 61.380 of NH- 716B Pkg-II,NHAI -) (-,618772,,,"Multi-States (Andhra Pradesh, Tamil Nadu)",2025-12,2026-07,8,799.36,405.81,99.8
619077,6 laning of Balance Work of Chennai - Tada from km. 21.40 to km. 54.40,NHAI -) (-,619077,,,"Multi-States (Andhra Pradesh, Tamil Nadu)",2026-01,2026-07,8,472.37,389.77,100.0
618747,Khammam-Devarapalle Pkg III [4L Access Controlled Greenfield from Chintagudem village to Recherla village Design Chainage 63117 to 105236],NHAI -) (-,618747,,,"Multi-States (Andhra Pradesh, Telangana)",2025-12,2026-07,8,1227.07,649.55,98.82
618818,4L Access Controlled Greenfield Highway section on NH-163G Khammam Vijayawada from Remidicherla village at Design Ch. 280.200 Km to Jakkampudi village on NH-16 at Design Ch. 309.909 Km Package-III,NHAI -) (-,618818,,,"Multi-States (Andhra Pradesh, Telangana)",2026-02,2026-07,7,1225.14,228.68,5.8
619143,4L Access Controlled Greenfield Highway section on NH-163G Khammam Vijayawada from BrahmanapalliK village at Design Ch. 250.400 Km to Remidicherla village at Design Ch. 280.200 KmPackage-II,NHAI -) (-,619143,,,"Multi-States (Andhra Pradesh, Telangana)",2026-01,2026-07,8,862.58,175.85,25.78
619212,6L Access Controlled Greenfield Highway of Julekal village to Dinnedevarapadu village from Km 242.200 to Km 280.400 Pkg-2,NHAI -) (-,619212,,,"Multi-States (Andhra Pradesh, Telangana)",2026-02,2026-07,7,1315.87,539.17,70.6
618359,Widening/Improvement to 4-Lane with Paved Shoulder from km 55000 Nagabang Gamsuk to km 82514 Oyan in the State of Assam and Arunachal Pradesh on EPC mode under Bharatmala Pariyojna of Length 27.514 Km Package-3,NHIDCL,618359,,,"Multi-States (Arunachal Pradesh, Assam)",2025-12,2026-07,16,665.47,380.59,96.7
618531,6L of Aurangabad to Bihar-Jharkhand border Chordaha section from km. 180.000 to km. 209.827 of NH-2 PKG-01,NHAI -) (-,618531,,,"Multi-States (Bihar, Jharkhand)",2025-12,2026-07,8,786.81,202.27,37.93
618532,6L of Aurangabad to Bihar-Jharkhand border Chordaha section from km. 209.827 to Km. 249.525 of NH-19 PKG-02,National Highways Authority of India [NHAI] N24001700) (10383,618532,,,"Multi-States (Bihar, Jharkhand)",2025-12,2026-05,6,738.11,605.5,97.92
618724,6L Greenfield Varanasi-Ranchi-Kolkata Highway from Anarbansalea village to Sagrampur village From KM. 151200 to KM. 184700Package-7,NHAI -) (-,618724,,,"Multi-States (Bihar, Jharkhand)",2026-01,2026-07,8,1723.42,340.33,28.16
618951,Hariharganj to Parwa Mode section from km 23.284 to km 57.049 of NH-98,NHAI -) (-,618951,,,"Multi-States (Bihar, Jharkhand)",2025-12,2026-07,8,1186.56,830.06,91.3
618952,4L of Sahibganj - Manihari Ganga Bridge including Manihari Bypass,NHAI -) (-,618952,,,"Multi-States (Bihar, Jharkhand)",2026-01,2026-07,7,1978.01,2025.05,87.02
619078,Six Laning of Bihar - Jharkhand Border Chordaha - Gorhar section of NH-2 from km 249.525 to km 320.810,NHAI -) (-,619078,,,"Multi-States (Bihar, Jharkhand)",2026-01,2026-07,7,1689.17,1275.76,78.0
619307,4L of Munger Mirzachauki section from Km 157350 to Km 193931 Pkg-4,NHAI -) (-,619307,,,"Multi-States (Bihar, Jharkhand)",2026-03,2026-07,6,1481.58,893.34,92.74
618530,Six Laning of Varanasi to Aurangabad from km. 786.00 to km. 978.40 of Old NH-2,NHAI -) (-,618530,,,"Multi-States (Bihar, Uttar Pradesh)",2026-01,2026-07,7,3241.56,2860.22,99.92
618728,6L Greenfield Varanasi-Ranchi-Kolkata Highway from junction with NH-19 & Varanasi Ring Road near Rewasa village to junction with Chandauli-Chainpur road near Khainti village from Km. 0.000 to Km. 27.000 - Pkg-1,NHAI -) (-,618728,,,"Multi-States (Bihar, Uttar Pradesh)",2026-02,2026-07,7,1564.15,559.01,47.63
618882,Construction of additional 3-Lane Bridge over River Ganga for connection between Buxar and Bharauli on NH-922 in the State of Uttar Pradesh and Bihar on Hybrid Annuity Mode,NHAI -) (-,618882,,,"Multi-States (Bihar, Uttar Pradesh)",2026-01,2026-07,8,444.92,47.11,22.26
619154,Construction of Four Lane Highway from Ghazipur- Ballia-UP/Bihar State Border Greenfield section of NH-31 Package III [from Pindari km 78.150 to Rawalganj Bypass Km 117.120] on EPC Mode in the state of Uttar Pradesh.,NHAI -) (-,619154,,,"Multi-States (Bihar, Uttar Pradesh)",2026-01,2026-07,8,1493.59,1044.81,86.11
618584,4L of Kishanganj - Bahadurganj section from Km. 0.000 to Km. 23.649 & interchange at Start Point Length - 1.200 Km of NH-27,NHAI -) (-,618584,,,"Multi-States (Bihar, West Bengal)",2026-01,2026-07,8,855.56,181.12,20.14
618676,6L of Dhanara - Hatibena Section from Km 124.611 to km 146.50 of NH-130-CD Package OD-1,National Highways Authority of India [NHAI] N24001669) (10479,618676,,,"Multi-States (Chhattisgarh, Odisha)",2026-01,2026-05,5,638.32,297.98,99.95
619064,Vadodara Mumbai Expressway Talsari to Karvad Phase IB - Pkg X [Km 103.400 to Km 128.000],NHAI -) (-,619064,,,"Multi-States (Dadra & Nagar Haveli and Daman & Diu, Gujarat, Maharashtra)",2026-01,2026-07,7,2652.24,1097.32,36.23
618577,Dwarka Expressway Pkg-III Delhi/HR Border to Start of RoB Gurugram,NHAI -) (-,618577,,,"Multi-States (Delhi, Haryana)",2026-02,2026-06,6,2298.37,1759.52,100.0
619122,Akshardham - DL/UP Border Pkg-01,National Highways Authority of India [NHAI] N24001771) (11791,619122,,,"Multi-States (Delhi, Uttar Pradesh)",2026-01,2026-05,5,1476.75,1351.78,100.0
618942,Balance work of 2L PS from Km 30.800 to Km 70.800 and 2L with Rigid Carriageway from Km 70.800 to km 84.120 of Khanapur- KA/GOA Border section of NH-4A,NHAI -) (-,618942,,,"Multi-States (Goa, Karnataka)",2026-01,2026-07,7,149.44,110.31,84.7
618637,Bal. Works of Fagne Km. 510.000 to Maharashtra/Gujarat Border Km. 650.794,NHAI -) (-,618637,,,"Multi-States (Gujarat, Maharashtra)",2026-01,2026-07,7,1672.89,1447.76,99.7
618486,Delhi-Amritsar-Katra Expressway Phase-I Pkg-V from Junction with Ambala-Kaithal- Hissar road NH-152 near Kharak Pandwa village to Junction with Patiala-Samana- Patran road SH-10 near Ghagga village Km 120250 to Km 157920,NHAI -) (-,618486,,,"Multi-States (Haryana, Punjab)",2026-01,2026-07,7,2281.02,1508.2,98.7
618760,4L Greenfield a Malout bypass from ch. Km 44.500 to ch. Km 35.500 on NH-07 and Ch. Km 0.000 to Km 6.984 on NH-09 bMandi Dabwali Bypass from Ch. 38.450 Km to Km 27.910 Pkg-02,National Highways Authority of India [NHAI] N24001638) (10542,618760,,,"Multi-States (Haryana, Punjab)",2026-01,2026-05,5,556.09,549.2,98.0
618935,4L Ambala - Kalaamb from Km. -0.800 to Km. 33.015 of old NH-72,National Highways Authority of India [NHAI] N24002044) (10676,618935,,,"Multi-States (Haryana, Punjab)",2026-01,2026-05,5,1190.34,452.48,100.0
619093,4L Ismailabad to Ambala Section of NH-152 Lot-4/Package-1,NHAI -) (-,619093,,,"Multi-States (Haryana, Punjab)",2026-01,2026-07,8,454.34,308.0,76.3
619134,6L of Ambala-Chandigarh greenfield section from Km. 0.000 to Km. 25.000 with 4L spur to Lalru from Km. 0.000 to Km. 5.828 & spur to PR-7 road from Km. 0.000 to Km. 11.157,NHAI -) (-,619134,,,"Multi-States (Haryana, Punjab)",2026-01,2026-07,7,1904.79,1277.92,90.01
619216,6L access Controlled Greenfield Highway from Adhoya Musalmana to Sadopur section of Shamli -Ambala Package-III Design Ch. Form km 84.400 to km 121.786,NHAI -) (-,619216,,,"Multi-States (Haryana, Punjab)",2026-02,2026-07,7,1122.86,791.92,81.33
618505,Additional Structures on 6LGurgaon-Jaipur Section of NH-48 between KM 42.700 to KM 273.00,NHAI -) (-,618505,,,"Multi-States (Haryana, Rajasthan)",2026-01,2026-07,7,290.64,200.31,88.9
618691,4 laning of Aligarh-Palwal Section from Km. 46.390 Design Chainage to Km. 69.110 Terminating at junction EPE Package-II from Kurana- Eastern Peripheral Expressway of NH-334D,NHAI -) (-,618691,,,"Multi-States (Haryana, Uttar Pradesh)",2026-01,2026-07,8,903.94,250.21,17.16
618723,6L access Controlled Greenfield Highway from Ranipur Barsi to Adhoya Musalmana section of Shamli -Ambala Package-II Design Ch. Form km 45.500 to km 84.400,NHAI -) (-,618723,,,"Multi-States (Haryana, Uttar Pradesh)",2026-01,2026-07,7,1241.89,847.9,82.75
619068,Construction of Greenfield Connectivity to Jewar International Airport from DND- Faridabad-Ballabhgarh Bypass KMP Link - Spur to Delhi Mumbai Expressway,NHAI -) (-,619068,,,"Multi-States (Haryana, Uttar Pradesh)",2026-01,2026-07,7,3485.77,1772.67,76.3
618907,2L/4L of Hoshiarpur to Una section including Hoshiarpur Bypass of NH 503A,NHAI -) (-,618907,,,"Multi-States (Himachal Pradesh, Punjab)",2026-02,2026-07,7,481.88,257.79,26.43
619291,4L Poanta SahebMednipur from Km. 435.65 to km. 458.65 of NH-07Pkg-1,NHAI -) (-,619291,,,"Multi-States (Himachal Pradesh, Uttarakhand)",2026-03,2026-06,5,657.32,319.77,94.25
619066,Delhi-Amritsar-Katra Expressway Phase-II Pkg-XIV from Junction with Pathankot- Gurdaspur road NH-54 near Balsua to Junction with Hiranagar Road near village Gurha Baildaran km 423500 to km 468100,NHAI -) (-,619066,,,"Multi-States (Jammu and Kashmir, Punjab)",2026-01,2026-07,7,3707.91,1776.5,87.3
618828,4L from Km 219.600 Khajuri to Km 260.483 Wyndhamganj on NH-75 Sec-V,National Highways Authority of India [NHAI] N24002053) (10592,618828,,,"Multi-States (Jharkhand, Uttar Pradesh)",2026-01,2026-05,5,1465.55,830.18,92.02
618533,Barwa Adda Km. 398.240 to Panagarh Km. 521.120,NHAI -) (-,618533,,,"Multi-States (Jharkhand, West Bengal)",2026-01,2026-07,7,1568.22,1694.94,100.0
618734,6L Greenfield Varanasi- Ranchi- Kolkata Highway from junction with NH-320 in Lepo village to Kamlapur villageJH/WB border from km 358.500 to km 387.200 Pkg -13,NHAI -) (-,618734,,,"Multi-States (Jharkhand, West Bengal)",2026-01,2026-07,8,1319.18,330.27,24.76
618909,2L PS of JH / WB Border km. 70.524 - Purulia km.84.400 & Purulia km. 94.30 - Chandil Junction with NH-33 km. 153.705 of Old NH-32,NHAI -) (-,618909,,,"Multi-States (Jharkhand, West Bengal)",2026-01,2026-07,7,1771.88,1652.04,97.65
618948,4L of NH-80 section of Mirza Chauki to Farakka section from existing km 190.00 to design km 200.75 junction at km 3.100 of NH 133 B and from existing km 260.00 to existing km 283.00 design km 274.133 in the state of Jharkhand package - II,NHAI -) (-,618948,,,"Multi-States (Jharkhand, West Bengal)",2026-01,2026-07,8,782.18,224.06,8.65
619104,4L/2L PS of Govindpur Raiganj - Chas - WB border section of from km. 0.00 to km. 56.889 of Old NH-32,National Highways Authority of India [NHAI] -) (-,619104,,,"Multi-States (Jharkhand, West Bengal)",2026-01,2026-05,6,1154.8,6.64,99.84
619205,Six Laning of KT/KL Border Thalapaddy -Chengala from Km. 17.200 to Km. 57.20,NHAI -) (-,619205,,,"Multi-States (Karnataka, Kerala)",2026-02,2026-07,7,2681.48,1701.33,100.0
618515,6L from Belgaum to Sankeshwar Bypass from Km. 515.000 to Km. 555.017 of NH-48 Pkg-I,National Highways Authority of India [NHAI] N24001679) (10369,618515,,,"Multi-States (Karnataka, Maharashtra)",2026-01,2026-05,5,1237.04,1178.31,100.0
618516,6L from Sankeshwar Bypass to MH-KNT Border from Km. 555.017 to Km. 592.853 of NH-48 Pkg-II,NHAI -) (-,618516,,,"Multi-States (Karnataka, Maharashtra)",2026-01,2026-07,7,1066.86,1183.98,85.3
618636,Akkalkot MH/KN border New Greenfield corridor from Km 512.000 to Km 548.400 of NH-150C part of Akkalkot KN/TS Border section Package XIV,NHAI -) (-,618636,,,"Multi-States (Karnataka, Maharashtra)",2026-02,2026-07,7,1403.49,322.92,57.62
618519,Bangalore Ring Road STRR-NH-948A- Package-I of Phase-III from Belagondapalli TN to TN/KNT border from km 144.480 to 179.969,NHAI -) (-,618519,,,"Multi-States (Karnataka, Tamil Nadu)",2026-01,2026-07,7,1218.47,777.0,92.95
618581,Hosur to Dhamrapuri Pkg-1 [Neraluru - Thorapalli Agraharam],NHAI -) (-,618581,,,"Multi-States (Karnataka, Tamil Nadu)",2026-01,2026-07,7,1828.66,1464.36,78.7
618631,6L of MH/KN Border Nimbal Village to KN/TS Border Singnodi Village from Km. 162.5 to Km. 203.100 in Raichur of NH-150C Pkg-IV,NHAI -) (-,618631,,,"Multi-States (Karnataka, Telangana)",2026-02,2026-07,7,1457.48,840.31,99.51
618632,6L Access Controlled Greenfield Highway of Nandinne village to Julekal village from Km 202.900 to Km 242.200 Pkg-1,NHAI -) (-,618632,,,"Multi-States (Karnataka, Telangana)",2026-01,2026-07,7,1044.06,459.49,93.79
619097,Thalassery Mahe Bypass Km 170.600 to Km 189.200 of NH-17New NH-66 in Kerala,NHAI -) (-,619097,,,"Multi-States (Kerala, Puducherry)",2026-01,2026-07,8,1573.18,1534.73,100.0
619101,4L Shahpur to Muktainagar from Km. 186.000 to km 216.278 of NH 753L Pkg II of Boregaon Buzurg to Muktainagar,NHAI -) (-,619101,,,"Multi-States (Madhya Pradesh, Maharashtra)",2026-01,2026-07,8,659.52,330.42,64.0
618556,"Construction of 26 VUPs, Major Bridge, Service Road etc. on Lalitpur-Sagar- Lakhnadon section of NH-44 NS",NHAI -) (-,618556,,,"Multi-States (Madhya Pradesh, Uttar Pradesh)",2026-02,2026-07,7,665.91,574.39,97.4
618668,4L of Chowka to Kaimaha near MP/UP Border section NH-34 from D. Ch. 145.000 to D. Ch. 197.266 excluding existing Chhatarpur bypass from D. Ch. 160.307 to D. Ch. 168.630 Package-4,NHAI -) (-,618668,,,"Multi-States (Madhya Pradesh, Uttar Pradesh)",2026-01,2026-07,8,846.68,312.98,49.18
618624,Mangloor to Telangana Maharashtra Border,National Highways Authority of India [NHAI] -) (10448,618624,,,"Multi-States (Maharashtra, Telangana)",2026-02,2026-05,5,1323.12,180.13,96.02
618938,4L of Rajura-Korpana-Adilabad Road upto M.S. Border from km 32.910 to km 89.090 of NH-353B,National Highways Authority of India [NHAI] N24001796) (10679,618938,,,"Multi-States (Maharashtra, Telangana)",2026-01,2026-05,5,1274.63,630.06,100.0
618941,4L of Bamni - Rajura - Warur - Devada upto M.S. Border of NH - 930D from km 19.000 to km 51.985,NHAI -) (-,618941,,,"Multi-States (Maharashtra, Telangana)",2026-02,2026-07,7,1187.19,826.96,78.16
618844,Viluppuram Km.0.000 to Puducherry Km.29.000,NHAI -) (-,618844,,,"Multi-States (Puducherry, Tamil Nadu)",2026-02,2026-07,7,1162.44,526.41,98.32
618845,Puducherry Km.29.000 to Poondiyankuppam Km.67.000,NHAI -) (-,618845,,,"Multi-States (Puducherry, Tamil Nadu)",2026-01,2026-07,7,1415.9,460.45,98.75
618847,Sattanathapuram to Nagapattinam from Km 123.800 to Km 179.555,NHAI -) (-,618847,,,"Multi-States (Puducherry, Tamil Nadu)",2026-01,2026-07,7,2899.77,1595.37,85.6
618755,4L of left out existing road section from Lalgopalganj Km 161.450 to Nawabganj Km 180.200 in Prayagraj,National Highways Authority of India [NHAI] -) (-,618755,,,"Multi-States (Rajasthan, Uttar Pradesh)",2026-02,2026-05,5,100.74,72.44,100.0
618711,6L with access control provision Saharanpur bypass to Ganeshpur section from 13.89 Km to 41.820 Km of Delhi- Dehradun Economic Corridor package-2,NHAI -) (-,618711,,,"Multi-States (Uttar Pradesh, Uttarakhand)",2026-01,2026-07,7,560.03,508.43,99.29
618783,4-laning of Pilibhit - Sitarganj from Km. 32.500 to Km. 70.800 Pkg-2 of NH-30,NHAI -) (-,618783,,,"Multi-States (Uttar Pradesh, Uttarakhand)",2026-02,2026-07,7,1471.19,470.11,44.41
618886,Road Safety Improvement of Critical Junctions on MuzaffarnagarHaridwar Section of NH-334 from Km 143000 to Km 196000,NHAI -) (-,618886,,,"Multi-States (Uttar Pradesh, Uttarakhand)",2026-01,2026-07,8,0.1,42.08,22.64
618912,Construction of Rudrapur Bypass Section from Km. 0.000 to 20.640 in the state of Uttar Pradesh & Uttarakhand,National Highways Authority of India [NHAI] -) (10659,618912,,,"Multi-States (Uttar Pradesh, Uttarakhand)",2026-02,2026-05,5,1117.17,665.1,99.1
618928,"Improvement & Up-gradation of NH-734 Section of Moradabad-Thakurdwara Kashipur including Moradabad & Kashipur Bypasse Package-III Kashipur Bypass Length 14.490 Km., Starts from Ch. 38770 and ends at Ch. 53260 existing Ch. 05560",NHAI -) (-,618928,,,"Multi-States (Uttar Pradesh, Uttarakhand)",2026-01,2026-07,7,717.5,386.34,53.84
618969,4/6L of Spur to Haridwar Greenfield from Km. 0.000 to Km. 50.70,NHAI -) (-,618969,,,"Multi-States (Uttar Pradesh, Uttarakhand)",2026-01,2026-07,7,2612.3,1543.12,92.98
619217,4L of Haridwar-Nagina section from km. 0.00 to km. 71.614 of NH-74,NHAI -) (-,619217,,,"Multi-States (Uttar Pradesh, Uttarakhand)",2026-02,2026-07,7,1622.49,1546.89,99.85
617886,Widening of existing Single lane / Intermediate lane road to 2 lane from Km 101 to Km 125 of NH 61,MoRTH,617886,,,Nagaland,2025-12,2026-07,15,252.2,0.0,44.46
618002,Widening of existing single lane to intermediate lane road from Mokokchung to Chare via Dikhu in the state of Nagaland on EPC mode,MoRTH,618002,,,Nagaland,2025-12,2026-05,11,192.93,99.65,0.0
618072,Widening to Existing single lane /intermediate lane to 2 lane from Km185.00 to Km 220.00 of NH-61 New NH-02 in the state of Nagaland.,MoRTH,618072,,,Nagaland,2025-12,2026-07,15,297.25,155.15,100.0
618290,"Construction of 2-lane with Paved shoulder of Kohima- Bypass Road Connecting NH-39New NH-02, NH-150New NH-02, NH-61New NH-29, NH-39New NH-02 from Design Km 32.00 to Design Km 43.454Design Length-11.454 Km in the State of Nagaland under SARDP-NE on EPC Mode Package-IV",NHIDCL,618290,,,Nagaland,2025-12,2026-07,16,202.36,102.32,46.77
618291,"Construction of 2-lane with Paved shoulder of Kohima-Bypass Road connecting NH- 39 New NH-02, NH150New NH-02, NH7-61 New NH-29 and NH-39 New NH-02 from Design km 21.000 to km 32.268 [Design length11.268 km] in the state of Nagaland Under SARDP-NE on EPC Mode Package- 3",NHIDCL,618291,,,Nagaland,2025-12,2026-07,16,342.29,128.32,39.54
618292,Construction of 2-Lane with paved shoulder of Kohima-Bypass Road connecting New NH-02 and New NH-29 from Design Km 10.500 to design Km 21.000 [Design Length- 10.500 km] including TUNNEL of 500m at Ch. 11.000 in the state of Nagaland Under SARDP-NE on EPC Mode Package-2,NHIDCL,618292,,,Nagaland,2025-12,2026-07,16,277.44,201.99,69.76
618293,"Construction of 2-Lane with paved shoulder of Kohima-Bypass Road connecting NH-39New NH-02, NH-150New NH-02, NH-61New NH-29 and NH-39New NH-02 from design Km 0.00 to Km 10.500 in the State of Nagaland under SARDP-NE on EPC Mode Package-1 -Balance work",NHIDCL,618293,,,Nagaland,2025-12,2026-07,16,350.88,120.92,27.24
618296,Balance work of Construction of 2-lane with hard shoulder of Kohima - Jessami road on NH-29 old NH-150 from existing km 98.380 near Chizami vill. to km120.367 Nagaland/Manipur Border [Design km 95.700 to design km 117.200] [Design Length 21.500 km] in the state of Nagaland Under Bharatmala Pariyojna on EPC Mode Package-V under NHO,NHIDCL,618296,,,Nagaland,2025-12,2026-07,16,330.8,268.18,98.39
618297,Construction of 2-lane with hard shoulder of Kohima - Jessami road on NH-29 Old NH-150 from existing Km 30.474 Near Kidwema road Chakahabama to existing Km 53.220 Near Kikruma Village Design Km 29.60 to Km 51.50 Design length-21.90 Km in the state of Nagaland Under Bharatmala Pariyojna on EPC Mode under NHO Package-II -Balance work,NHIDCL,618297,,,Nagaland,2025-12,2026-07,16,355.79,0.0,43.13
618328,4-Laning of Balance work of Dimapur-Kohima Road from design km 152.490 to km 166.700 Existing km 156.000 to km 172.900 Excluding Dimapur & Kohima Bypass under SARDP-NE Package-III,NHIDCL,618328,,,Nagaland,2025-12,2026-07,16,794.75,542.85,84.32
618329,Construction of 4/6 Laning from Km 132.375 to Km 153.058 Total New Alignment length of 20.683 Km of Daboka-Dimapur Section Dimapur Bypass Nagaland Portion of NH-36 & 39 in the State of Nagaland on EPC basis under PhaseA of SARDP-NE,NHIDCL,618329,,,Nagaland,2025-12,2026-05,12,819.39,0.0,0.0
618364,"Widening to 2 Lane with Hard shoulder of Akegwo-Avangkhu section of NH-202K for Package-I Design Chainage 0000 Km to 34795 Km, in the State of Nagaland on EPC mode under NH O-NE",NHIDCL,618364,,,Nagaland,2025-12,2026-07,16,430.24,0.0,87.0
618365,Widening to 2 Lane with Hard shoulder of Akegwo-Avangkhu section of NH-202K for Package-III Design Chainage 69875 Km to 106816 Km in the State of Nagaland on EPC mode under NHO-NE,NHIDCL,618365,,,Nagaland,2025-12,2026-07,16,497.18,0.0,85.67
618366,Widening to 2 Lane with Hard shoulder of Akegwo-Avangkhu section of NH-202K for Package-II Design Chainage 34795 Km to 69875 Km in the State of Nagaland on EPC mode under NHO-NE,NHIDCL,618366,,,Nagaland,2025-12,2026-07,16,442.54,0.0,58.5
618413,Construction of 2 laning with Hard shoulder of Peren-Dimapur section on NH 129A from Design Km 146.208 to Km 163.592 Length- 17.384 km in the state of Nagaland on EPC mode under NHO-TSP Package-III,NHIDCL,618413,,,Nagaland,2025-12,2026-07,16,199.02,111.71,95.62
618414,Construction of Balance work for 2-lane with hard shoulder of Peren- Dimapur section on NH-129A from Design Km 126.775 to Km 146.208 Length 19.433 Km in the state of Nagaland on EPC mode under NHO-TSP Package-II,NHIDCL,618414,,,Nagaland,2025-12,2026-07,16,258.52,136.09,96.53
618422,"Construction of 2-lane with hard shoulders of Merangkong-Tamlu-Mon road Wakching Twon portion on EPC basis from existing Chainage Km 59000 to Km 73640 [Design Km. 59000 to Km, 72450] Design length - 13.450 Km under SARDP-NE package-V Balance work",NHIDCL,618422,,,Nagaland,2025-12,2026-07,16,161.73,101.28,99.75
618423,Construction of 2-Lane with hard shoulders of Merangkong-Tamlu-Mon MTM Road from existing Km 20.456 to Km 41.065 Design Km. 20 to Km. 40.0 Design Length-20.000 Km in the State of Nagaland under SARDP-NE Phase-A Pkg-2 Balance work,NHIDCL,618423,,,Nagaland,2025-12,2026-07,16,215.79,173.12,100.0
619059,Construction of 2-Lane with hard shoulders of Merangkong-Tamlu-Mon Road on EPC Basis from existing road Km. 76.640 to Km 98.065 Design chainage Km. 63.800 to Km. 86.835 Design Length-23.035 Km in the state of Nagaland under SARDP-NE PKG-IV Balance work,NHIDCL,619059,,,Nagaland,2026-01,2026-07,14,323.98,147.37,79.03
617898,New construction of Major Bridge with Approaches from Km 0.000 to 1.200 Madhopur -Badabanta section of NH-20 under NHO in Annual Plan 2022-23 in the State of Odisha,MoRTH -) (-,617898,,,Odisha,2026-02,2026-07,7,199.5,0.32,0.0
617899,Widening and Strengthening to 4LPS/2LPS from km 0.000 to 35.800 Kuakhia - Mangalpur section of NH 20 in the state of Odisha on Annual Plan 2021-22,MoRTH -) (-,617899,,,Odisha,2025-12,2026-07,8,636.1,296.5,56.11
617902,construction or By-pass road on NH-26 for Nabrangpur Town,MoRTH -) (-,617902,,,Odisha,2026-02,2026-07,7,168.95,11.13,38.0
617904,Construction of Bypass road to Balangir town from km 72/400 Desing km 0/0 to km 79/800 Design km 11/670 of NH-26 in the State of Odisha.,MoRTH -) (-,617904,,,Odisha,2025-12,2026-07,8,238.78,6.79,55.0
617905,Construction of 4 lane ROB with approaches in lieu of LC No. RV-172 at km 176.00 of NH-201 present NH-26 at Kesinga including land acquisition in the state of Odisha on EPC mode under Annual Plan 2021-22,MoRTH -) (-,617905,,,Odisha,2025-12,2026-07,8,324.09,88.48,78.0
617920,Widening and Strengthening to 2LPS including LA from km 318.970 to 353.450 Balikuda-Mulkani Section of NH-55 under NHO in Annual Plan 2022-23 in the State of Odisha. Job No. NH-55-OD-2022-23-656,MoRTH -) (-,617920,,,Odisha,2026-02,2026-07,6,511.54,7.64,3.0
617921,Widening and strengthening to 2LPS including LA of Kandarpur-Balikuda from km 277/500 to 318/970 of NH-55 in the State of Odisha under Annual Plan 2021-22.,MoRTH -) (-,617921,,,Odisha,2025-12,2026-07,7,499.79,131.36,66.0
617922,Construction of Jharsuguda Bypass including Land acqusition on NH-49 from km 258.636 to km 283.300 design chainage 258.636 to km 289.876 under NHO in Annual Plan 2022-23 for the state of Odisha Job No.NH-49-OD-2022-23-655,MoRTH -) (-,617922,,,Odisha,2026-02,2026-07,6,587.1,52.58,25.0
617923,Construction of Daspalla Bypass from km 195.250 To 200.635 of NH-57 including land acquisition in the state of Odisha on EPC mode under Annual Plan 2022-23.,MoRTH -) (-,617923,,,Odisha,2026-01,2026-07,7,155.97,53.05,25.0
617924,Construction of bypass to Nayagarh town from km 235.469 to 252.482 of NH-57 including land acquisition in the state of Odisha.,MoRTH N24001860) (-,617924,,,Odisha,2025-12,2026-05,5,300.33,82.33,100.0
617925,Construction of Bypass to Khordha town from Km 294/000 to 300/300 on NH-57 including LA in the State of Odisha on EPC mode.,MoRTH -) (-,617925,,,Odisha,2025-12,2026-07,7,157.49,33.69,92.0
617930,Construction of Bypass on NH-59 from Km 336/350 to 349/910 13.56 km near Berhampur town including 4-lane RoB in the state of Odisha.,MoRTH -) (-,617930,,,Odisha,2025-12,2026-07,7,196.94,59.55,70.0
618003,Construction of four lane ROB and its approaches in lieu of existing Level Crossing No. RV-71 at km 435 on NH-217 New NH-353 at Khariar including land acquisition under NHO in Annual Plan 2021-22 for the state of Odisha for F.Y. 2021-22 to F.Y 2033-34,MoRTH -) (-,618003,,,Odisha,2025-12,2026-07,7,154.49,25.17,90.0
618012,"Widening & strengthenlng to 2LPS from km 0,000 to 40.000 Dhaugaon- Podamari section of NH 326 in the State of Odisha under Annual Plan 2021.22.",MoRTH -) (-,618012,,,Odisha,2025-12,2026-07,7,186.52,46.39,60.0
618079,Construction of Dharmagarh Bypass on NH-130C including land acquisition in the state of Odisha on EPC Mode under Annual plan 2022-23.,MoRTH -) (-,618079,,,Odisha,2026-02,2026-07,6,172.66,0.0,15.0
618122,Widening to 2 lane with paved shoulded of Jareikela Jharkhand/Odisha Border - Dhabaleswar section from 0/0 to 36/0 of NH-320D in the State of Odisha under Annual Plan 2021-22.,MoRTH -) (-,618122,,,Odisha,2026-02,2026-07,6,172.09,7.42,34.0
618523,Bhadrak KM 136.500 to Baleshwar KM 199.141,NHAI -) (-,618523,,,Odisha,2025-12,2026-07,7,1394.82,783.98,91.32
618591,"Construction of 6-lane flyover at Ainthapali junction and a 2-lane ROB LHS on NH-53 Earlier NH-6 in Sambalpur, on EPC mode in Odisha under NHO",NHAI -) (-,618591,,,Odisha,2026-02,2026-07,6,211.74,106.91,54.2
618592,"Balance work of 8 nos. of Elephant Underpasses EUPs, 1 no. of Vehicular Underpass VUP, 1 nos. of Light Vehicular Underpass LVUP, 1 nos. of Pedestrian Underpass PUP, 1 nos. of Foot Over Bridge FOB and A2 side approach of Jharpokharia Flyover at Km.215.270 in Baharagora-Singhara section of NH-49",NHAI -) (-,618592,,,Odisha,2026-01,2026-07,7,244.85,55.3,25.04
618593,Balance work of Rehabilitation and Upgradation to four laning of Baharagora Singhara section of NH-49 from Km.229.727 to Km.238.990 Length 9.263 Km. including construction of five nos. of Elephant Underpasses EUP and fourteen nos. of Animal Underpasses AUP inside the buffer zone of Similipal Tiger Reserve Area in Bangriposi Ghat section in the State of Odisha on EPC Mode,NHAI -) (-,618593,,,Odisha,2026-02,2026-07,6,163.07,13.82,9.95
618677,6L Greenfield Kaliagura Baunsaguar Section of NH-130-CD Road from km 249000 to km 293000 Package OD-5,NHAI -) (-,618677,,,Odisha,2025-12,2026-07,7,1918.49,1026.67,97.8
618678,6L Greenfield Baunsaguar - Baraja Section of NH-130-CD Road from km 293000 to km 338500 Package OD-6,NHAI -) (-,618678,,,Odisha,2025-12,2026-07,7,1635.44,1001.24,99.6
618680,6L Greenfield Kandili - Aluru Section of NH-130-CD Road from km 342500 to km 365033 Package-OD-8,NHAI -) (-,618680,,,Odisha,2025-12,2026-07,7,1912.84,1088.96,99.9
618704,6L Flyover including RE Wall approaches with Flexible Pavement in the Elephant Corridor of Angul Sambalpur Section of NH-42 New NH-55 Km.202.533,NHAI -) (-,618704,,,Odisha,2026-02,2026-07,6,106.32,106.14,100.0
618705,"4L Godibandha to Ballhar Chhak, Ballhar Chhak to Banarpal & Banarpal to Start of Angul bypass at Km.314.130 to Km.321.035 of NH53, at Km.75.200 to Km.84.000 of NH149 & at Km.84.000 to Km.86.100 of NH55",NHAI -) (-,618705,,,Odisha,2026-04,2026-07,5,973.12,241.06,5.4
618819,Balance work of Panikoili Rimoli Section of new NH-20 from Km 0.00 to Km. 163.000,National Highways Authority of India [NHAI] N24001647) (-,618819,,,Odisha,2025-12,2026-05,6,200.79,89.36,99.0
618820,Rehabilitation and Up gradation from 4 to 8 laning of Chandikhole Paradip Section of NH-53 Old NH 5A from Km.39.000 to Km.60.00 Package-3,NHAI -) (-,618820,,,Odisha,2025-12,2026-07,8,938.55,395.96,92.02
618821,Rehabilitation and Up gradation from 4 to 8 laning of Chandikhole Paradip Section of NH-53 Old NH 5A from Km 18.00 to Km 39.00 in the State of Odisha on HAM mode Package-2,NHAI -) (-,618821,,,Odisha,2025-12,2026-07,8,950.4,424.45,98.22
618822,Rehabilitation and Up gradation from 4 to 8 laning of Chandikhole Paradip Section of NH-53 Old NH 5A from Km.0.00 to Km.18.00Package-1,NHAI -) (-,618822,,,Odisha,2026-02,2026-07,7,869.45,398.91,96.75
618908,3L Major Bridge over River Brahmani at Km. 401.250 Duburi - Chandikhole Section of NH-200 New NH -53,NHAI -) (-,618908,,,Odisha,2025-12,2026-07,8,103.68,73.76,38.0
618913,4-L of Rajamunda to Barkote Section of NH-23 from km. 287.200 to km. 337.185,National Highways Authority of India [NHAI] N24000739) (10660,618913,,,Odisha,2025-12,2026-05,6,630.97,114.77,96.52
619075,6L of Bhubaneswar - Jagatpur - Chandikhole Section of NH-16,National Highways Authority of India [NHAI] -) (-,619075,,,Odisha,2026-01,2026-05,6,632.89,52.23,97.48
619109,6L of Badakumari - Karki Section from Km 179.000 to km 226.500 of NH-130-CD Package OD-3,NHAI -) (-,619109,,,Odisha,2026-01,2026-07,7,1374.43,713.46,99.7
619118,Four Laning of Angul to Sambalpur from Km.112.000 to Km.265.000,NHAI -) (-,619118,,,Odisha,2026-01,2026-07,7,2632.91,2464.91,99.98
619119,Cuttack-Angul Section of NH-42 New NH-55 from km 0.400 to km 60.200 Pkg-I in the State of Odisha,NHAI -) (-,619119,,,Odisha,2026-01,2026-07,7,1178.31,1128.52,99.0
619157,4 Laning of Talcher to end of Kamakhyanagar Bypass km 8.844 - km 15.725 of NH- 149 and km 301.875 - km 335.946 of NH-53 Pkg-I,NHAI -) (-,619157,,,Odisha,2026-01,2026-07,7,810.71,715.74,99.0
619158,4 Laning of Duburi Chandikhole from km 388.376 to km 428.074 Pkg-III,NHAI -) (-,619158,,,Odisha,2026-01,2026-07,7,907.61,724.96,86.0
619181,Rehabilitation and Up gradation from 4 to 8 laning of Chandikhole Paradip Section of NH-53 Old NH 5A from Km.60.000 to Km.76.646 Package-4,NHAI -) (-,619181,,,Odisha,2026-02,2026-07,7,1009.92,196.67,36.02
619213,6L of Hatibena - Badakumari Section from Km 146.50 to km 179.00 of NH-130-CD Package OD-2,NHAI -) (-,619213,,,Odisha,2026-02,2026-07,7,1070.63,733.61,99.99
619215,Cuttack-Angul Section of NH-42 New NH-55 from Km.60.200 to Km. 112.000 Pkg-II in the State of Odisha,NHAI -) (-,619215,,,Odisha,2026-02,2026-07,7,1168.82,1083.8,99.66
618010,Development to 4-lane with paved shoulder for the road section Talwandi Sabo- Raman road to refinery Road junction with Bathinda Dabwali Road of NH-254 from existing Km 131.600 to Km 155.650 Design Km 131600 to km 155600 in the State of Punjab. Job No NH-254-PB-2022-23-565,MoRTH -) (-,618010,,,Punjab,2026-02,2026-07,7,546.67,0.0,45.0
618023,Work of Widening/upgradation of 2-Lane with paved shoulder of Sri Muktsar Sahib to Malout road from Km 279.400 to Km 307.060 section of NH-354 in the State of Punjab on EPC mode. Job No. NH-354-PB-2021-22-555,MoRTH -) (-,618023,,,Punjab,2025-12,2026-06,7,152.58,0.0,100.0
618024,Up-gradation to two lane with paved shoulder configuration of NH-354 Section Arifkes- Ferozepur-Muktsar-Malaut from Km 201.500 to Km 212.500 & Km 229.690 to Km 269.960 and strengthening of existing pavement from Km 212.500 to Km 229.690 excluding Km 218.500 to 223.690 of NH-354 on EPC Mode in the State of Punjab. Job No. NH-354-PB-2020-21-532,MoRTH -) (-,618024,,,Punjab,2025-12,2026-07,7,263.19,0.0,83.0
618487,Delhi-Amritsar-Katra Expressway Phase-I Pkg-VII from Junction with Patiala-Bathinda road NH-7 near Bhawanigarh to Junction with Ludhiana-Malerhkotla SH-11 near Bhogiwal village Km 188830 to km 225770,National Highways Authority of India [NHAI] N24001415) (10345,618487,,,Punjab,2025-12,2026-05,5,1774.32,1250.45,95.8
618488,Delhi-Amritsar-Katra Expressway Phase-I Pkg-VIII from Junction with Ludhiana- Malerkotla SH-11 near Bhogiwal village to Junction with Ludhiana-Moga road NH-5 near Mullanpur Dakha Km 225770 to km 260860,NHAI -) (-,618488,,,Punjab,2025-12,2026-06,6,2034.94,1274.51,31.08
618489,Delhi-Amritsar-Katra Expressway Phase-I Pkg-IX from Junction with Ludhiana-Moga road NH-5 near Mullanpur Dakha to Junction with Jalandhar - Moga road NH-703 near Kang Sahibu village Km 260860 to km 303900,NHAI -) (-,618489,,,Punjab,2025-12,2026-07,7,2407.14,1935.88,73.35
618490,Delhi-Amritsar-Katra Expressway Phase-I Pkg-X from Jn. with Jalandhar - Moga road NH-703 to Jn. with Jalandhar-Kapurthala road NH-703A and to Jn. with Kapurthala - Sultanpur Lodhi road NH-703A km 000 to km 24000 to Amritsar connectivity,NHAI -) (-,618490,,,Punjab,2025-12,2026-06,6,2062.74,1524.23,62.99
618491,Delhi-Amritsar-Katra Expressway Phase-I Pkg-XI from Junction with Jalandhar - Kapurthala road NH-703A near khojewal village to Junction with Amritsar-Mehta- SriHargobindpur-Tanda road NH-503A near SriHargobindpur Km 319400 to km 362420,NHAI -) (-,618491,,,Punjab,2025-12,2026-06,6,2206.71,1377.13,43.45
618492,Delhi-Amritsar-Katra Expressway Phase-I Pkg-XII from Junction with Amritsar-Mehta- SriHargobindpur-Tanda road NH-503A near SriHargobindpur to Junction with Pathankot-Gurdaspur road NH-54 near Gurdaspur Km 362420 to km 397700,NHAI -) (-,618492,,,Punjab,2025-12,2026-07,7,1538.47,780.61,27.6
618493,Delhi-Amritsar-Katra Expressway Phase-I Spur-I from Jn. with Kapurthala - Sultanpur Lodhi Road NH-703A near Isharwal village to Jn. with Kapurthala - Tarn Taran road NH-703AA near Goinwal Sahib [Km 24000 to Km 41000 of Amritsar connectivity],NHAI -) (-,618493,,,Punjab,2025-12,2026-07,7,1519.6,618.22,34.79
618551,Greenfield connectivity from Govindsar village on Delhi Amritsar Katra Expressway to Talwara village on NH-44 Pathankot by-pass,NHAI -) (-,618551,,,Punjab,2026-01,2026-07,7,690.47,217.52,29.01
618552,Development of 6L Greenfield Jalandhar Bypass starting from Kahlwan NH-03 ending at Kang Sahbu NH-703 via Sarmastpur NH-44 - Madara NH-03 - Khajurla NH-44,NHAI -) (-,618552,,,Punjab,2025-12,2026-07,7,2167.39,1252.02,56.7
618610,6L of Jodhpur Romana Bathinda - Mandi Dabwali Punjab Haryana Border section of NH-54 from km. 0.000 to km. 27.400 of NH-54,NHAI -) (-,618610,,,Punjab,2025-12,2026-07,7,1318.91,719.18,99.0
618617,6L Amritsar-Bathinda Greenfield section from village Tiba on NE-5A to Jn. with Moga Jalandhar road NH-703 near Dharamkot from km 0.000 to km 39.000 of NH-754A Pkg-1,NHAI -) (-,618617,,,Punjab,2025-12,2026-07,7,1549.32,1014.98,72.41
618618,6L Amritsar-Bathinda Greenfield section from Jn. with Bhagta Bhai Ka-Bhadaur Road near Dyalpura Bhai Ka to Jn. with Mandi Dabwali Bathinda Road on NH-54 near Sangat Kalan from km 93.000 to km 154.866 of NH-754A Pkg-3,NHAI -) (-,618618,,,Punjab,2025-12,2026-07,7,2677.23,1442.16,74.0
618647,6L Access Controlled Ludhiana-Bathinda Greenfield highway from Jn. with Amritsar- Bathanda Greenfield Road NH-754A near Rampura Phul to Jn. with Moga-Barnala Road NH-703 near village Tallewal from Km 0.0 to Km 30.3 of NH-754AD Pkg-1,NHAI -) (-,618647,,,Punjab,2025-12,2026-07,7,1020.52,687.82,81.5
618764,Moga - Bagha Purana - Bajakhana from km. 0.00 to km. 43.32,NHAI -) (-,618764,,,Punjab,2025-12,2026-07,7,1264.17,799.77,76.0
618776,4L of Greenfield section from Sirhind to Mohali,NHAI -) (-,618776,,,Punjab,2026-02,2026-07,7,1301.15,1391.6,98.66
618785,4/6L Greenfield LudhianaRupnagar highway from Jn. with NE-5 village near to ManewalLudhiana to Jn. with NH-205 near Bheora Village Rupnagar from Km 66.0 to Km 91.0 i/c spur to Kharar from Km 0.0 to Km 19.5 with Ludhiana bypass of NH-205K Pkg-3,NHAI -) (-,618785,,,Punjab,2025-12,2026-07,7,1815.13,1162.52,80.25
618786,4L of Phagwara - Hoshiarpur,NHAI -) (-,618786,,,Punjab,2026-02,2026-07,7,1503.79,556.23,20.03
618793,4L of Fazilka to Abohar section of NH-07 including construction of Greenfield Abohar & Fazilka Bypasses,NHAI -) (-,618793,,,Punjab,2026-02,2026-07,7,1674.04,913.89,67.0
618794,Amritsarairport Junction - Ramdas from km. 100.835 to km. 139.813 Pkg - IV,NHAI -) (-,618794,,,Punjab,2025-12,2026-07,7,416.58,395.48,96.0
618795,Amritsar Bypass Pkg III from km. 71.496 to km. 105.158,NHAI -) (-,618795,,,Punjab,2025-12,2026-07,7,1228.42,1222.67,82.88
618809,4L of Beas-Mehta-Batala-Dera Baba Nanak from intersection with Jalandhar-Amritsar Highway NH-3 near Beas till start of Batala Bypass near Village Acchhal from Km. 0.000 to Km. 31.300 Pkg-1,NHAI -) (-,618809,,,Punjab,2025-12,2026-07,7,966.99,670.85,68.2
618810,4L of existing Beas Baba Bakala - Dera Baba Nanak Section from start of Batala Bypass till intersection with Ajnala Gurdaspur Highway NH 354 near Dera Baba Nanak from Km. 31.300 to Km. 69.100 with Additional batala Bypass Pkg-II,NHAI -) (-,618810,,,Punjab,2025-12,2026-07,7,993.6,800.86,80.9
618906,4L of Amritsar-Ghoman - Tanda - Una Section from Km 8.270 to Km 54.000 of NH- 503A Package-I,NHAI -) (-,618906,,,Punjab,2025-12,2026-07,8,1443.47,772.91,68.9
619099,6L Amritsar-Bathinda Greenfield section from Jn. with Moga Jalandhar road NH-703 near Dharamkot to Jn. with Bhagta Bhai Ka-Bhadaur Road near Dyalpura Bhai Ka from km 39.000 to km 93.000 of NH-754A Pkg-2,NHAI -) (-,619099,,,Punjab,2026-01,2026-07,8,2172.71,1268.39,66.53
619105,6L Access Controlled Ludhiana-Bathinda Greenfield highway from Jn. with Moga- Barnala Road NH-703 near village Tallewal to Jn. with Delhi-Katra Expressway NE-5 near Ludhiana village Ballowal from Km 30.300 to Km 75.543 of NH-754AD Pkg-2,NHAI -) (-,619105,,,Punjab,2026-01,2026-07,8,1564.66,711.39,25.55
619200,Delhi-Amritsar-Katra Expressway Phase-I Spur-III from Junction with Amritsar- Jalandhar road NH-3 near Bhishambarpura to Junction with Amritsar-Anjala road NH- 354 near Amritsar Airport [Km 71000 to Km 99000 of Amritsar connectivity],NHAI -) (-,619200,,,Punjab,2026-02,2026-07,7,1951.7,1364.2,33.85
619318,4/6L Greenfield Ludhiana Rupnagar highway from Jn. with NE-5 village near to ManewalLudhiana to Jn. with NH-205 near Bheora Village Rupnagar from Km. 0.00 to Km. 37.7 including spur to Kharar with Ludhiana bypass of NH-205K Pkg-1,NHAI -) (-,619318,,,Punjab,2026-04,2026-07,5,1382.48,533.33,15.31
617887,Beawer Gomti 4LPS from km 58.245 to km 108.600 Pkg-I,MoRTH -) (-,617887,,,Rajasthan,2025-12,2026-06,7,379.23,206.48,100.0
617891,"Construction of Two lane with Paved Shoulder for Fatehpur Bypass Design Km 0.000 to Km 7.400 , Mandawa Bypass Design Km 20.925 to Km 27.300 & Jhunjhunu Bypass Design Km 41.625 to Km 54.689 of NH-11 on EPC Mode in the state of Rajasthan .",MoRTH N24001866) (-,617891,,,Rajasthan,2025-12,2026-05,6,186.29,66.7,100.0
617900,Upgradation to Two Lane Paved Shoulder in km 33/0 to 126/520 of NH-23 Old NH- 11B Kothun-Lalsot-Karoli-Dholpur road in the state of Rajasthan under EPC mode Length-93.52 Km.,MoRTH N24001530) (-,617900,,,Rajasthan,2025-12,2026-05,6,150.11,12.2,99.0
617901,Widening of Pachpadra-Bagundi Section to 4 Lane from Km 73/60 to 95/70 of NH-25 on EPC mode in the state of Rajasthan.,MoRTH -) (-,617901,,,Rajasthan,2025-12,2026-07,8,194.88,55.29,98.58
618011,Construction of 2 lane with paved shoulder for the work of Development of remaining sections of NH-325 Balotra to sanderao via Jalore to 2 lane with paved shoulder configuration by Construction of Byasses for town portions1 Asotra- Brahmdham bypass 2Siwana Bypass 3 Mokalsar Bypass 4 Major realignment at Kathadi 5 Major realignment at Bishangarh 6 Jalore Bypass 7 Ahore Town portion 8 Dujana Bypass in the state of Rajasthan on EPC Mode,MoRTH -) (-,618011,,,Rajasthan,2025-12,2026-07,8,411.44,85.69,92.77
618069,Upgradation to Two-lane with paved shoulder of Hanumangarh to Kenchiyan section from Km 0.000existing chainage-Km 23.200 to Km 49.605existing chainage-Km 74.645 of NH-54 in the State of Rajasthan on EPC mode.,MoRTH -) (-,618069,,,Rajasthan,2026-01,2026-07,7,334.64,0.0,72.0
618092,Up-gradation to 2 lane with paved shoulder from Neechli Oden Nathdwara at Design Km 88.800 existing km 55.95 to Bhatewar at Design Km 142.028 existing km 0.00 of NH-162E in the State of Rajasthan on EPC mode.,MoRTH -) (-,618092,,,Rajasthan,2026-01,2026-07,7,606.61,304.62,63.52
618093,Up-gradation to 2 lane with Paved shoulder from Charbhuja at Design km 0.00 existing km 150.00 to Neechli Oden Nathdwara at Design ch. Km 88.800 existing km 55.950 of NH-162E on EPC mode.,MoRTH N24001927) (10179,618093,,,Rajasthan,2025-12,2026-05,6,838.43,55.04,0.0
618117,Upgradation to 2-Lane with Paved Shoulder from Design Km 36300 to Design Chainage 47918 and from Design Ch 69900 to Design Ch 83940 of NH-248A Natni Ka Bara in the State of Rajasthan on EPC Mode.,MoRTH -) (-,618117,,,Rajasthan,2026-02,2026-07,7,154.89,15.13,23.0
618118,Upgradation of two lane paved shoulder from Shahpura existing km. 0.00 Design Ch. 000 to Thanagazi existing Km.37352 Design Ch. 36810 of NH-248A on EPC mode in the State of Rajasthan.,MoRTH N24001867) (-,618118,,,Rajasthan,2025-12,2026-05,6,174.34,63.55,100.0
618200,Construction of 2 lane with Paved Shoulder for Northern Bypass Phase-II of Kota city in the State of Rajasthan.,MoRTH -) (-,618200,,,Rajasthan,2025-12,2026-07,8,317.74,6.14,50.33
618235,Balance work of Rehabilitation and Up-gradation to 4-Lane configuration of Ras- Beawar Section Km 00.000 to km 30.050 of NH-158 in the State of Rajasthan under Green National Highway Corridor Project GNHCP.,MoRTH -) (-,618235,,,Rajasthan,2026-02,2026-07,7,278.1,99.13,56.2
618456,Delhi-Vadodara Greenfield Alignment NH-148N Pkg-14 Ch. 388.420 to Ch. 419.000 [Junction with NH- 76 to Junction with NH-12 near village Ummedpura],National Highways Authority of India [NHAI] N24001568) (10315,618456,,,Rajasthan,2025-12,2026-05,6,1194.17,975.7,99.8
618457,Delhi-Vadodara Greenfield Alignment NH-148N Pkg-10 Ch. 292.950 to Ch. 319.400 [End of Interchange on NH-166 near village Mui to Hardeoganj village near Indergarh],NHAI -) (-,618457,,,Rajasthan,2025-12,2026-07,8,1265.16,1150.13,95.25
618458,Delhi-Vadodara Greenfield Alignment NH-148N Pkg-15 Ch. 419.000 to Ch.427.300 [Junction with NH-12 near village Ummedpura to Major bridge over Takli river near Nayagaon Jageer village],NHAI -) (-,618458,,,Rajasthan,2025-12,2026-07,8,1854.68,1530.92,98.28
618611,Sangariya near Chautala-Rasisar near Bikaner section of NH-754K Phase-I AJ/SR- Package-7,NHAI -) (-,618611,,,Rajasthan,2026-02,2026-07,7,548.42,450.59,100.0
618612,Deogarh near Dhandhaniya-Rajasthan/Gujarat Border Phase-I AJ/DRGB-Package-6,NHAI -) (-,618612,,,Rajasthan,2025-12,2026-07,8,740.62,705.48,100.0
618613,Deogarh near Dhandhaniya-Rajasthan/Gujarat Border Phase-I AJ/DRGB-Package-7,NHAI -) (-,618613,,,Rajasthan,2025-12,2026-07,8,597.77,561.75,99.2
618757,6L access controlled Highway from Km 40080 to Km 86513 Mator to Barodameo Section,NHAI -) (-,618757,,,Rajasthan,2026-02,2026-07,7,1565.88,708.28,37.27
618758,6L accesscontrolled highway from km 0000 to km 40080 Paniyala to Mator Section of Paniyala-Barodameo ICR,NHAI -) (-,618758,,,Rajasthan,2026-02,2026-07,7,1239.24,571.41,42.75
618796,Tanot -Ramgarh-Bhadasar-Jaisalmer NH-68 and BhadasarMokal-Sarkaritala up to Pakisthan Border NH-968 Pkg-BM/5,NHAI -) (-,618796,,,Rajasthan,2025-12,2026-07,8,830.37,755.88,100.0
618797,"Widening Strengthening of 2-Lane with Paved Shoulder from MyajlarJaisalmer from Design Chainage 0000 to 98350 Section of NH-11 & SundraMyajlarAmbasingh ki Dhani Road from Design Chainage 46000 to 81601, part of MunabaoTanot Road Section of NH-70 along with Strengthening/Widening of Existing Connection of NH-70 & NH-11 of length 0.914 km in the State of Rajasthan under NHO on Hybrid Annuity Mode",NHAI -) (-,618797,,,Rajasthan,2026-01,2026-07,8,927.02,94.08,21.22
618838,4L of Karwar Km. 281.980 of NH-62 Nagaur road to Dangiyavas of Jodhpur Ring Road Pkg-II,NHAI -) (-,618838,,,Rajasthan,2025-12,2026-07,8,512.77,463.98,100.0
618853,Construction of Four lane Elevated Structure at Raniwada Circle in Sanchore City on NH-68,NHAI -) (-,618853,,,Rajasthan,2026-02,2026-07,7,241.34,192.88,89.37
619063,4L Greenfield spur from Delhi-Vadodara Greenfield expressway near Bandikui to Jaipur,National Highways Authority of India [NHAI] N24001557) (11758,619063,,,Rajasthan,2026-01,2026-05,5,2170.39,1278.04,100.0
619251,Construction of two lane with paved shoulder of Ghatol Bypass from km 133.250 to km 140.950 of NH-56 old NH No. 113 on EPC mode in the State of Rajasthan.,MoRTH -) (-,619251,,,Rajasthan,2026-03,2026-07,6,170.49,0.0,17.0
618071,Construction of two lane with paved shoulder Gangtok Bypass Road from Ranipool to Burtuk Ch 0.00 Km to 23.316 L23.316 Km in the State of Sikkim,MoRTH,618071,,,Sikkim,2025-12,2026-07,16,342.89,203.36,92.0
618426,Construction/Up gradation of Existing road to 2 Lane with Paved Shoulder including Geometric Improvement from Ranipool to Pakyong Balance work from Km 2.000 to 16.167 of NH-717-A on EPC basis under SARDP-NE Phase A in the State of Sikkim,NHIDCL,618426,,,Sikkim,2026-02,2026-07,13,380.94,127.34,87.03
618428,Realignment of NH-717A from Design Ch.0.00 Km 77.800 of NH-10 to Design Ch.2.00 Km 3.100 of NH-717A with two lane paved shoulder including Major Bridge of 680 m in the State of Sikkim on EPC Mode-COS work,NHIDCL,618428,,,Sikkim,2026-02,2026-07,13,380.94,70.71,100.0
618446,Construction & Upgradation of existing road to 2-lane with paved shoulder from New Rolep Bridge at km 37.600 to Chochenpheri at km 52.00 in the section of Rongli to Chochenpheri of NH 717B Pkg-II C,NHIDCL,618446,,,Sikkim,2025-12,2026-07,16,478.79,395.19,79.13
618447,Construction of 2-Laning with Paved Shoulder of New Greenfield Alignment From Helipad near Menla at Km 82000 to Menla at Km 94030 of Rhenock-Menla Spur NH-717B Package-IIIB on EPC Basis under SARDP-NE Phase 'A' in the State of Sikkim.,NHIDCL,618447,,,Sikkim,2025-12,2026-07,16,379.3,241.77,82.64
618448,Construction of 2-Laning with Paved Shoulder of New Greenfield Alignment From Chochenpheri at Km 52000 to Helipad near Menla at Km 82000 of Rhenock- Menla Spur NH-717B Package-IIIA on EPC Basis under SARDP-NE Phase 'A' in the State of Sikkim.,NHIDCL,618448,,,Sikkim,2025-12,2026-07,16,786.6,474.96,64.31
618449,Construction & Upgradation of existing road to 2-lane with paved shoulder from km27.200 End of Rongli bypass to km37.600New Rolep Bridge of Rhenok-Menla spur NH-717B on EPC Mode under SARDP-NE Phase-A in Sikkim Pkg-II B,NHIDCL,618449,,,Sikkim,2025-12,2026-07,16,244.91,249.71,86.19
618450,Rehabilitation & Upgradation of existing road to 2-lane with paved shoulder including geometric improvement of section from start of Rabangla km33.600 to km58.840 under SARDP-NE Phase A Pkg- IV,NHIDCL,618450,,,Sikkim,2025-12,2026-07,16,292.8,253.63,65.15
617962,"Construction of Bypass to Madurai Achambathu Viratipathu in between km 6/850 10/382 of NH 49 Extn New NH 85 including Land Acquisition on Engineering, Procurement & Construction EPC basis Contract under NH O Annual Plan 2021-22 in the state of Tamil Nadu job No.NH-49 Extn New NH 85 - TN-2021-22-997",MoRTH -) (-,617962,,,Tamil Nadu,2025-12,2026-07,8,260.07,126.56,94.0
618478,Bangalore Chennai Expressway Phase-III Package II Walajahpet to Arakkonam from Km 180.000 to Km 204.500,NHAI -) (-,618478,,,Tamil Nadu,2025-12,2026-07,8,1106.65,593.0,93.04
618479,Bangalore Chennai Expressway Phase-III Package III Arakkonam to Kancheepuram from Km 204.500 to Km 230.000,NHAI -) (-,618479,,,Tamil Nadu,2025-12,2026-07,8,1525.1,360.95,53.56
618480,Construction of Trumpet Interchange Connecting Bangalore Chennai Expressway km.261705 to km. 262800 with Maduravoyal to Walajapet Section of NH 48 near Sriperumbudur Toll Plaza at km. 35700,NHAI -) (-,618480,,,Tamil Nadu,2026-02,2026-07,7,162.56,54.98,38.52
618481,4L Bangalore-Chennai Expressway from Km. 230.000 to Km. 261.705 of Kanchepuram to Sriperumbudur Section Phase-III/Package-IV,NHAI -) (-,618481,,,Tamil Nadu,2025-12,2026-07,8,3605.73,987.38,89.97
618521,Karaipettai to Walajapet from Km 71.015 to 107.091,NHAI -) (-,618521,,,Tamil Nadu,2025-12,2026-07,8,766.51,613.76,93.55
618522,Balance Works for six laning of Sriperumbudur to karaipettai section of NH-4 New NH- 48 from 37000 Existing Km 37000 to Km 71015 Existing Km 71000 in Tamilnadu on EPC mode underNHDP Phase-V,NHAI -) (-,618522,,,Tamil Nadu,2026-02,2026-07,7,411.16,134.65,38.26
618561,Improving the Alignment of Thoppur Ghat Section from Km 158.500 to Km 165.100 in Dharmapuri - Salem Section of NH-44,NHAI -) (-,618561,,,Tamil Nadu,2026-02,2026-07,7,731.09,211.34,47.84
618562,Dindigul Bypass - Samyanallore from km. 373.275 to km. 426.00,National Highways Authority of India [NHAI] -) (-,618562,,,Tamil Nadu,2026-02,2026-05,5,295.5,1.4,100.0
618563,4L of Madurai Ring Road Phase 1 [Vadipatti-Thamrapatti] from km 0.00 - km 29.960,NHAI -) (-,618563,,,Tamil Nadu,2025-12,2026-07,8,900.05,903.57,99.42
618608,4L of left-over works including additional structures from Kerala/Tamil Nadu border to Kanyakumari Section from Km 43.0 to Km 96.174 of NH66,NHAI -) (-,618608,,,Tamil Nadu,2025-12,2026-07,8,1263.42,980.14,81.85
618635,6L of Pondavakkam to Kannigaipair from km 96.040 to km 116.100 of NH 716B Pkg- IV,NHAI -) (-,618635,,,Tamil Nadu,2025-12,2026-07,8,1359.81,409.35,44.53
618743,Trichy 135.800 to Karur 218.000 section of NH-67 - Trichy Bypass,National Highways Authority of India [NHAI] -) (-,618743,,,Tamil Nadu,2026-02,2026-05,5,360.88,66.59,100.0
618744,4L of Thirumangalam to Vadugapatti section from km 0.000 to km 36.000 of NH-744,NHAI -) (-,618744,,,Tamil Nadu,2025-12,2026-07,8,791.6,685.52,95.95
618745,4L of Vadugapatti to Therkuvenganallur Rajapalyam section from km 36.000 to km 71.600 of NH-744,National Highways Authority of India [NHAI] N24002114) (10532,618745,,,Tamil Nadu,2025-12,2026-05,6,1137.16,932.02,99.99
618756,Melur - Pilayarpatti - Karaikudi from km 99.920 of NH 38 to km 12.9 of NH 383 Ext.,NHAI -) (-,618756,,,Tamil Nadu,2025-12,2026-07,8,1085.41,956.44,98.12
618773,Tuticorin - Tirunelveli from km. 0.00 to km. 47.250,National Highways Authority of India [NHAI] -) (-,618773,,,Tamil Nadu,2026-02,2026-05,5,452.48,1.17,100.0
618800,Construction of New Double Tier 4L Elevated Corridor from Chennai Port to Maduravoyal in Chennai District from km -0.342 to Km 20.593 and Package II from Km 4.604 to Km 9.700,NHAI -) (-,618800,,,Tamil Nadu,2025-12,2026-07,8,1616.97,250.4,18.13
618801,Construction of New Double Tier 4-lane Elevated Corridor from Chennai Port to Maduravoyal in Chennai District from Km -0342 to Km 20223 Package 1 from Km - 0342 to Km 4604,NHAI -) (-,618801,,,Tamil Nadu,2025-12,2026-07,8,1388.59,275.2,22.8
618846,Poondiyankuppam Km.67.000 to Sattanathapuram Km.123.800,NHAI -) (-,618846,,,Tamil Nadu,2026-02,2026-07,7,2319.35,1210.2,99.8
618874,Four Laning of Trichy - Dindigul from km. 333.00 to km. 421.273 of NH-45,National Highways Authority of India [NHAI] -) (-,618874,,,Tamil Nadu,2026-02,2026-05,5,435.81,9.74,100.0
618894,4L of Madathukulam - Pollachi from km. 74.38 to km. 116.95 of old NH-209 New NH- 83,NHAI -) (-,618894,,,Tamil Nadu,2025-12,2026-07,8,1772.13,1062.67,97.65
618895,Kamalapuram to Oddanchatram from km. 0.00 to km. 35.822,NHAI -) (-,618895,,,Tamil Nadu,2025-12,2026-07,8,1319.42,649.83,93.6
618897,4L of Sethiyathope -Cholapuram section from Km. 65.960 to Km. 116.440 section of NH45 C Pkg-II,National Highways Authority of India [NHAI] N24000708) (10646,618897,,,Tamil Nadu,2025-12,2026-05,6,2356.9,1011.39,100.0
618898,Balance Works for Four laning of Vikravandi to Sethiyathope section from Km 0.0 to Km 65.96 of NH-45C in Tamil Nadu under NHDP Phase-IV on EPC mode,NHAI -) (-,618898,,,Tamil Nadu,2026-02,2026-07,7,834.46,264.13,37.62
618899,Kallagam km.38.700 to Meensurutti Km.98.433 of NH-227 in Tamil Nadu,NHAI -) (-,618899,,,Tamil Nadu,2026-02,2026-07,7,1499.12,1111.9,100.0
618943,Salem - Ulundurpet section from km 0.313 to km 136.670 of NH-68,National Highways Authority of India [NHAI] -) (10681,618943,,,Tamil Nadu,2026-01,2026-05,6,1019.85,140.31,100.0
619045,Construction of New Double Tier 4L Elevated Corridor from Chennai Port to Maduravoyal in Chennai District from km -0.342 to Km 20.593 and Package IV from Km 14.185 to Km 20.593,NHAI -) (-,619045,,,Tamil Nadu,2026-02,2026-07,7,1210.21,88.16,8.58
619074,6-laning of Krishnagiri Km.0.000 to Walajahpet Km.148.300 section on NH-46 under NHDP-V,NHAI -) (-,619074,,,Tamil Nadu,2026-01,2026-07,8,781.74,707.81,99.99
619083,Thumbipadi-Namakkal from km. 180.00 to km. 248.625 Package No. NS-2/BOT/TN- 02,National Highways Authority of India [NHAI] -) (-,619083,,,Tamil Nadu,2026-01,2026-05,6,395.43,206.64,100.0
619084,Start of Karur Bypass - Dindigul from km. 292.600 to km. 305.600 Contract Package No. NS2/BOT/TN-4,National Highways Authority of India [NHAI] -) (-,619084,,,Tamil Nadu,2026-01,2026-05,6,515.03,42.28,100.0
619086,Chengapalli km 102.035 to Neelambur Km144.680 and Madukkarai Km 170.880 to Walayar K183.010 Package No. NS-2/BOT/TN-08,NHAI -) (-,619086,,,Tamil Nadu,2026-01,2026-07,8,285.55,7.24,100.0
619094,Thorapalli - Agraharam - Jittandahalli Section from km 23.350 to km 60.100 [Hosur to Dhamrapuri Pkg-2],NHAI -) (-,619094,,,Tamil Nadu,2026-01,2026-07,7,1272.11,827.88,77.57
619129,Mahabalipuram - Pondicherry Pkg-I [Mamallapuram to Mugaiyur],NHAI -) (-,619129,,,Tamil Nadu,2026-01,2026-07,7,1477.94,904.84,58.65
619130,Mahabalipuram - Pondicherry Pkg-II [Mugaiyur to Marakkanam],NHAI -) (-,619130,,,Tamil Nadu,2026-01,2026-07,7,1463.75,804.69,53.41
619131,Four Laning of Chettikulam to Natham section of NH-785,NHAI -) (-,619131,,,Tamil Nadu,2026-01,2026-07,7,823.93,641.93,99.75
619139,Construction of New Double Tier 4L Elevated Corridor from Chennai Port to Maduravoyal in Chennai District from km -0.342 to Km 20.593 and Package III from Km 9.700 to Km 14.185,NHAI -) (-,619139,,,Tamil Nadu,2026-01,2026-07,8,1299.36,193.34,17.24
619161,Access Controlled Highway of 4 Lane with Paved Shoulders from Tiruvallur Design Chainage Km 1756 to TN/AP Broder Design Chainage Km 6151 of NH-716 Chennai- Tirupati Package-1,NHAI -) (-,619161,,,Tamil Nadu,2026-01,2026-07,8,1247.7,181.78,46.31
619222,"Balance works of four lane from km 43.950 Thiruvallur Bypass to km 61.470 Veppampattu Bypass passing through Thannerkulam, Thozur and Sevapet Bypass 17.520 kms of Tirupathi- Tiruttani- Chennai section of NH 205",NHAI -) (-,619222,,,Tamil Nadu,2026-02,2026-07,7,699.68,595.08,97.92
617913,6-laning of km 9.900 to km 19/948 Aramgarh to Shamshabad Section of Hyderabad- Bangalore section of NH-44 Under NHO EPC basis in the state of Telangana,MoRTH -) (-,617913,,,Telangana,2025-12,2026-07,8,300.7,480.41,92.62
617936,Widening to two/four lane with paved shoulder from Km.180.600 to Km.223.000 of NH-63 on Nizamabad-Jagadalpur road on EPC mode under NHO in the state of Telangana.,MoRTH -) (-,617936,,,Telangana,2025-12,2026-07,8,183.26,0.0,100.0
617939,6-Laning of Pune-Hyderabad Section of NH-65 from Km 493/0 to Km 524/0 from Sangareddy X Roads to Madinaguda in the State of Telangana,MoRTH -) (-,617939,,,Telangana,2026-02,2026-07,7,1297.75,0.0,45.85
617940,"Rehabilitation and Upgradation of LB-Nagar to Malkapur section to 6-Lane main carriageway with service roads, drains cum footpath, including VUPs and widening of Minor bridge & road safety provisions from Km. 15/00 to Km 40/00 of NH-65 Old NH-9 under NH O for the year 2020-21 in the state of Telangana on EPC Mode.",MoRTH -) (-,617940,,,Telangana,2025-12,2026-07,7,545.11,290.36,83.47
617980,Construction of six lane elevated corridor from km 7.950 Uppal to km 14.200 of NH- 163 to De-Congest the urban limits of Hyderabad-Bhoopalapatnam section on EPC mode in the state of Telangana,MoRTH -) (-,617980,,,Telangana,2025-12,2026-07,8,626.76,24.4,54.26
617981,Widening to Two with Paved shoulders from Km 59.500 to Km 132.033 of Manneguda- Ravunapally section of NH-163 Erstwhile SH-4 in the State of Telangana on EPC mode under NH O Annual Plan 2016-17,MoRTH -) (-,617981,,,Telangana,2026-02,2026-05,5,359.0,0.0,99.92
617982,Widening and strengthening of existing 2-lane to 2- lane with paved shoulders from km 159/0 to 165/4 and 186/0 to 215/0 of NH-163 on EPC mode int the state of Telangana,MoRTH N24000988) (-,617982,,,Telangana,2025-12,2026-05,6,230.03,0.0,0.0
617983,Widening & Strengthening of Existing 2LPS to 4 lane PS from Km 150000 to Km 159000 and Km 165400 to Km 186000 of NH-163 old NH-202 under NH O for the year 2020-21 on EPC Mode in the state of Telangana.,MoRTH -) (-,617983,,,Telangana,2025-12,2026-07,8,300.56,190.86,91.0
617992,Rehabilitation & upgradation of NH - 167 from design km 187.723 to 234.434 Miryalaguda to Kodad section to two lane with paved shoulder on EPC mode in the state of Telangana,MoRTH N24001281) (-,617992,,,Telangana,2025-12,2026-05,6,322.81,148.48,98.14
617993,Rehabilitation and upgradation of NH-167 from design km 157.707 to 187.723 design length 30.016 km to two lane with paved shoulders of Alinagar-Miryalaguda Sec on EPC mode in the state of Telangana,MoRTH -) (-,617993,,,Telangana,2026-02,2026-05,5,220.28,0.0,97.74
617994,Rehabilitation and upgradation of NH-167 from design km 113.900 to 154.479 Mallepally Haliya section to two lane with paved shoulders on EPC mode in the stte of Telangana,MoRTH -) (-,617994,,,Telangana,2025-12,2026-07,7,257.61,249.23,88.22
617995,Widening to Two Lane with Paved Shoulders from Km 67.000 to Km 114.425 of Kalwakurthy- Mallapally Section of NH 167 Erstwhile section of SH 18 in the State of Telangana on EPC mode under NH O Annual Plan 2016-17,MoRTH -) (-,617995,,,Telangana,2025-12,2026-07,8,300.0,175.12,99.2
617996,Widening to 2/4 Lane with paved shoulders from Km 182.120 to Km 227.600 of NH 167 on Haggari-Jadcherla Road on EPC mode under NHO in the state of Telangana,MoRTH N24002132) (-,617996,,,Telangana,2025-12,2026-05,6,298.0,234.7,95.6
618001,"Construction of 4-lane flyover at Amberpet-X road, Hyderabad on NH-202 in the State of Telangana",MoRTH -) (-,618001,,,Telangana,2025-12,2026-07,8,265.88,172.17,92.1
618025,Rehabiitation and upgradation from km 121/000 to 154/000 Nakrekal to Mallampally section of NH-365 to 2 lane with paved shoulders in the state of Telangana in the EPC mode,MoRTH -) (-,618025,,,Telangana,2025-12,2026-07,8,192.67,141.82,96.0
618026,Rehabilitation and upgradation to two lane with paved shoulders from Km 0/000 to 72/6 of NH-365 Nakrekal to Tanamcherla section under NHDP IV in the state of Telangana under EPC mode,MoRTH N24000996) (10165,618026,,,Telangana,2025-12,2026-05,6,605.08,585.2,99.9
618091,Widening to two lane with paved shoulders from Km 0/000 to Km 45/946 of Nizampet- Narayankhed-bidar section of NH-161B in the state of Telangana under Annual Plan 2021-22 on EPC mode under NHO,MoRTH -) (-,618091,,,Telangana,2026-02,2026-07,7,512.98,152.49,46.0
618104,Widening to two lane with paved shoulders from Km 0/000 to Km 79/300 of Kalwakurthy - Kollapur section of NH-167K in the state of Telangana under annual plan 2021-22 on EPC mode under NHO.,MoRTH -) (-,618104,,,Telangana,2025-12,2026-07,8,886.69,620.25,90.05
618105,Widening and strengthening to 4 lane / 2-lane with paved shoulders of Mahabubnagar - Chincholi section from km 60/255 to Km 102/834 of NH-167N in the State of Telangana on EPC mode.,MoRTH -) (-,618105,,,Telangana,2025-12,2026-07,8,631.49,125.34,46.63
618106,Widening and Strengthening to 2/4 lane with paved shoulders of Mahabubnagar Chincholi section from Km 0/0 to Km 60/255 of NH-167N in the state of Telangana under Annual plan 2021-22 on EPC modepackage-I under NHO Job No.167N-TS- 2021-22-75,MoRTH -) (-,618106,,,Telangana,2025-12,2026-07,8,703.68,304.65,90.69
618130,Widening to 2 lane with paved shoulders from 0.00 to 32.970 ofAdilabadto Bela section of NH 353B in the State of Telangana,MoRTH -) (-,618130,,,Telangana,2026-02,2026-07,7,490.92,149.79,79.07
618132,Widening & strengthening of existing carriageway in 2 lane with paved shoulders from km 25/0 to 59/2 design Ch km 25.467 to 59.200 of NH - 353C on EPC mode in the state of Telangana,MoRTH N24000989) (-,618132,,,Telangana,2025-12,2026-05,6,206.13,152.77,98.57
618140,Widening to two/four lane with paved shoulders from Km.34.250 to Km.71.830 of NH- 365A on Kodad-Khammam-Kurvi road.,MoRTH -) (-,618140,,,Telangana,2026-02,2026-07,7,445.76,18.32,13.33
618141,Widening and Improvement of existing carriage way to 2 lane with paved shoulders from Km. 86/160 to 131/730 of Jangaon-Duddeda section of NH-365B in the State of Telangana on EPC Mode,MoRTH -) (-,618141,,,Telangana,2025-12,2026-07,8,423.48,184.83,77.85
618142,Widening to Two lane with Paved shoulders from km.40/410 to 84/037 of Thirumanlagiri-- Suryapet Section of NH-365B earstwhile section of SH-16,MoRTH N24002025) (-,618142,,,Telangana,2025-12,2026-05,5,244.54,0.0,99.96
618143,widening to two lane with Paved shoulders from Km.0/970 to Km.40/410 of Jangaon - Thirumal giriof NH- 365B in the state of Telanganaon EPC mode under NHO Annual Plan 2016-17,MoRTH N24000983) (-,618143,,,Telangana,2025-12,2026-05,5,197.0,0.0,92.74
618182,Widening to Two lane with paved shoulders from 106/830 to 158/496 of Yellareddy- Rudrur Section of NH-765D in the state of Telangana on EPC mode under NHO under Annual plan 2022-23,MoRTH -) (-,618182,,,Telangana,2026-02,2026-07,6,499.88,207.08,68.9
618183,Widening to 2 lane with paved shoulders from Km 62/920 to km 106/830 of Medak - Yellareddy section in the State of Telangana under Annual Plan 2022-23 on EPC mode under NHO,MoRTH -) (-,618183,,,Telangana,2026-02,2026-07,6,399.01,146.04,70.6
618186,"Rehabilitation and Up-gradation of Valigonda to Thorrur Section to Two Lane with Paved Shoulders from Km 39.180 to Km 108.300 of NH-930P in the State of Telangana on Engineering, Procurement and Construction EPC Basis",MoRTH -) (-,618186,,,Telangana,2025-12,2026-07,7,549.28,325.77,94.97
618190,Widening to two lane with paved shoulders of 'Bodhan Basar Bhainsa ' section from Km 38/900 to 95/300 of NH-161BB in the state of Telangana under Annual Plan 2021- 22 on EPC Mode under NH O.,MoRTH -) (-,618190,,,Telangana,2025-12,2026-07,7,644.45,403.48,98.6
618196,Widening to 2 lane with Paved Shoulders of Siddipet-Elkathurthy section from Km 69/978 to km 133/619 of NH-765DG in the State of Telangana under Annual plan 2021-22 on EPC mode,MoRTH -) (-,618196,,,Telangana,2025-12,2026-07,7,578.85,0.0,85.0
618197,Widening to 2 lane with Paved Shoulders of Medak - Siddipet section from Km 0/0 to km 69/978 of NH-765DG in the State of Telangana under Annual plan 2021-22 on EPC mode,MoRTH -) (-,618197,,,Telangana,2025-12,2026-07,7,882.18,383.75,74.06
618558,Improvement of Geometrics of Kalkallu to Gundla Pochanpalli from Km 454.00 to Km 471.00 of NH-44,NHAI -) (-,618558,,,Telangana,2025-12,2026-06,6,903.17,454.5,36.5
618559,6L of existing 4L from Gundlapochampally to Bowenpally from km 471.300 to km 481.331 of NH-44,NHAI -) (-,618559,,,Telangana,2025-12,2026-06,6,528.21,257.31,50.5
618560,Improvement of Geometrics of Thondupally to Kothur from Km 22.300 to Km 34.14 of NH-44,NHAI -) (-,618560,,,Telangana,2025-12,2026-06,6,527.43,74.01,17.05
618746,Khammam-Devarapalle Pkg I [4L Access Controlled Greenfield from Thallampadu village to Somavaram village Design Chainage 0000 to 33604],NHAI -) (-,618746,,,Telangana,2025-12,2026-07,7,1337.18,684.62,97.26
618765,4L of Karimnagar-Warangal section from km 49.500 to km 117.820 of NH-563,NHAI -) (-,618765,,,Telangana,2026-01,2026-07,6,2486.51,1272.62,92.4
618811,4L Access Controlled Greenfield Highway Section Mancherial Warangal from Pangidipalle village at Design Ch. 72.350 Km to Oorugonda village at Design Ch. 112.240 KmPackage-III,NHAI -) (-,618811,,,Telangana,2026-01,2026-07,7,1170.64,209.72,5.63
618812,4L Access Controlled Greenfield Section Mancherial Warangal from Puttapaka village at Design Ch. 35.300 Km to Pangidipalle village at Design Ch. 72.350 KmPackage-II,NHAI -) (-,618812,,,Telangana,2026-02,2026-07,6,1145.41,210.45,9.04
618813,4L Access Controlled Greenfield Section Mancherial Warangal from Narva village at Design Ch. 3.834 Km to Puttapaka village at Design Ch. 35.300 Km Package-I,NHAI -) (-,618813,,,Telangana,2026-02,2026-07,6,1104.27,161.67,11.28
618814,4L Access Controlled Greenfield Highway section on NH163G Warangal-Khammam from Oorugonda village in Hanamkonda District at Design Ch. 112.240 Km to Venkatpur village in Warangal District at Design Ch. 150.240 KmPackage-I,NHAI -) (-,618814,,,Telangana,2026-01,2026-07,6,1140.82,160.19,0.5
618815,4L Access Controlled Greenfield Highway section on NH-163G Warangal-Khammam from Venkatpur village in Warangal District at Design Ch. 150.240 Km to Thallasenkesa village in Mahabubabed District at Design Ch. 189.650 kmPackage-II,NHAI -) (-,618815,,,Telangana,2026-02,2026-07,6,1083.11,408.59,77.65
618817,4L Access Controlled Greenfield Highway section on NH-163G Khammam Vijayawada from V. Venkatayapalem village at Design Ch. 220.480 Km to BrahmanapalliK village at Design Ch. 250.400 Km Package-I.,NHAI -) (-,618817,,,Telangana,2026-01,2026-07,8,1021.96,271.03,45.89
618944,Hyderabad - Maneguda,NHAI -) (-,618944,,,Telangana,2026-02,2026-07,7,1218.49,431.45,24.2
618945,4L of Kodad Design Km 0.00/Existing Km 185.00 of NH-65 to Khammam Design Km 31.800/Existing Km 29.400 of NH-365A,NHAI -) (-,618945,,,Telangana,2025-12,2026-07,8,1606.99,871.58,99.98
619009,Upgradation to Two Lane with Paved Shoulders from Km 0.000 to Km 41.920 Green Field Alignment of Gowrelly to Valigonda Section of NH-930P in the State of Telangana on EPC Mode under Annual Plan 2022-23,MoRTH -) (-,619009,,,Telangana,2026-04,2026-07,5,690.33,0.0,0.0
619128,Khammam-Devarapalle Pkg II [4L Access Controlled Greenfield from Somavaram village to Chintagudem village Design Chainage 33604 to 63117],NHAI -) (-,619128,,,Telangana,2026-01,2026-07,7,981.64,524.11,98.02
619165,Thanamcherla-Jamandlapally 2LPS,NHAI -) (-,619165,,,Telangana,2026-01,2026-07,8,18.65,8.3,100.0
619193,Rehabilitation and upgradation of NH-221 from km 121/0 to 165/0 Rudrampur to Bhadrachalam section to two lane with paved shoulder under NHDPIV in the state of Telangana through EPC mode,MoRTH -) (-,619193,,,Telangana,2026-02,2026-07,7,334.82,375.14,82.76
619253,Construction of 4 lane Bypass to Nalgonda Town lrorn Km 000 Existing Ch. 181590 to Km 14.00 Existing Ch. 28/685 ol Nakrekal to Nagarjunsagar Section of NH -565 in the State of Telangara on EPC under Annual Plan 2024 -25,MoRTH -) (-,619253,,,Telangana,2026-04,2026-07,5,516.17,0.0,55.62
618350,Improvement & widening of existing NH-08 to 4-lane with Paved Shoulder from Champak Nagar to Khayerpur section design Km 242500 to Km 261610 in the state of Tripura on EPC basis under NHO-NE,NHIDCL,618350,,,Tripura,2026-01,2026-07,14,920.66,404.6,48.3
618367,Improvement and Widening to 2-lane with paved shoulder of road from design Km 72.000 Pati Chhari to design Km 107.654 Harina Total length 35.654 Km on Teliamura to Harina section of NH 208 in the state of Tripura on EPC mode under JICA ODA Loan Phase VI Package-4,NHIDCL,618367,,,Tripura,2026-01,2026-07,14,726.9,100.25,9.5
618368,Improvement and Widening to 2-lane with paved shoulder of road from design Km 36.000 Rangamati to design Km 72.000 Pati Chhari Total length 36.000 Km on Teliamura to Harina section of NH 208 in the state of Tripura on EPC mode under JICA ODA Loan Phase VI Package-3,NHIDCL,618368,,,Tripura,2025-12,2026-07,16,670.9,183.24,14.7
618369,Improvement and Widening to 2-lane with paved shoulder of road from existing Km 438.170 Khowai Chowmuhani to existing Km 439.410 South Pulinpur of NH- 08 and from design Km 0.000 South Pulinpur to design Km 36.00 near Rangamati of NH 208 on Khowai Teliamura- Harina section Total length 37.24 in the state of Tripura on EPC mode under JICA ODA Loan Phase VI Package-2,NHIDCL,618369,,,Tripura,2025-12,2026-07,16,657.21,301.86,60.7
618370,Improvement and Widening to 2-lane with paved shoulder of road from Km 101.300 to km 127.319 Total Length 26.019 Km i.e. the Khowai Teliamura- Amarpur-Harina-Sabroom section of NH 208 in the state of Tripura on EPC under JICA ODA Loan Phase VI Package-1,NHIDCL,618370,,,Tripura,2025-12,2026-07,16,431.78,265.36,63.15
618385,Rehabilitation and up-gradation of road from design km 25.250 to km 36.460 Total lengh 11.210 km of Kailashahar-Kurti Bridge section on NH-208A to 2-lane with paved shoulder on EPC basis under NHO Package-III- Balance Work,NHIDCL,618385,,,Tripura,2025-12,2026-07,16,174.43,67.1,53.14
618386,Rehabilitation & Upgradation of Road from Km 0.00 to Km 18.600 Total length- 18.600 km of Kumarghat-Kailashahar section on NH-208 to 2-lane with Paved shoulder on EPC bais under NHO,NHIDCL,618386,,,Tripura,2025-12,2026-05,12,302.03,0.0,0.0
618411,Melaghar-Srimantapur section on NH-08 Spur from Km 23 to Km 34.500 11.5 Km and overlay from Km 20.30 to Km 22.00 1.7 Km Total Length 13.2 Km,NHIDCL,618411,,,Tripura,2025-12,2026-07,16,195.95,95.54,72.48
618417,"Construction of 4-Lane with paved shoulder Agartala bypass Western side, length 25.402 km connecting NH-8 near Amtali to NH-108B near Lembuchhera in the state of Tripura on EPC basis under NHO-NE",NHIDCL,618417,,,Tripura,2025-12,2026-07,16,2026.05,462.34,9.2
617957,Construction of Jasra Bypass with four lane paved shoulder configurationfrom Km 379.670 on NH-76New NH-35 to Km 18.00 on NH-27New NH-30 on EPC in the State of Uttar Pradesh.,MoRTH N24002120) (-,617957,,,Uttar Pradesh,2025-12,2026-05,6,274.06,0.0,91.85
617963,Rehabilitation and upgradation to four lane road from km 70.500 to km 78.600 of NH- 92 under EPC mode in the State of Uttar Pradesh,MoRTH -) (-,617963,,,Uttar Pradesh,2026-01,2026-07,7,351.78,75.38,39.0
617964,"Widening to Four Lane rigid pavement configuration from Km 90.00 to Km 100.800 on NH-96 Km 42.0 to Km 53.300 as per new NH-330,design length of 11.300 km under EPC mode in the state of Uttar Pradesh.",MoRTH -) (-,617964,,,Uttar Pradesh,2025-12,2026-07,8,309.63,41.92,31.09
618008,"Construction of four-lane elevated viaduct from km.4634 to km.6345 on NH-24A including Retaining wall, service lane, at grade road and improvement of junctions, on EPC mode",MoRTH N24001730) (-,618008,,,Uttar Pradesh,2025-12,2026-05,6,269.81,175.09,100.0
618009,Balance work of Construction of Ring Road for Raebareli City on eastern side of NH- 24B Phase-1 on EPC mode.,MoRTH -) (-,618009,,,Uttar Pradesh,2025-12,2026-07,8,347.8,0.0,95.0
618054,Construction of Balrampur bypass with 2L flexible pavement configuration from km.223.000 of NH-330 to km.328.300 of NH-730 under EPC mode,MoRTH -) (-,618054,,,Uttar Pradesh,2025-12,2026-07,8,515.69,128.55,56.0
618055,Construction of Pratapgarh Bypass Extension connecting NH-31 to NH-330 on EPC mode in the State of Uttar Pradesh.,MoRTH -) (-,618055,,,Uttar Pradesh,2025-12,2026-07,7,225.17,66.96,78.0
618056,Improvement and Up-gradation to two Lane with Paved Shoulder Configuration from existing km. 420.00 Shohrathgarh to km. 454.00 Uska Bazar of NH-730 in the state of Uttar Pradesh EPC basis,MoRTH -) (-,618056,,,Uttar Pradesh,2025-12,2026-07,7,484.42,120.57,62.0
618057,Construction of Shohratgarh Bypass on NH-730 under EPC mode in the State of Uttar Pradesh,MoRTH -) (-,618057,,,Uttar Pradesh,2025-12,2026-07,7,189.31,31.42,54.0
618063,Widening & Strenghteningof section from Bharthana chowk to Kodarkoot km.0.00 to km.40.00 of NH-91-A on EPC mode,MoRTH -) (-,618063,,,Uttar Pradesh,2025-12,2026-07,7,343.77,115.38,94.0
618066,Construction of Amethi bypass Part-II at km.30.050 of NH-931 under EPC mode in the state of Uttar Pradesh,MoRTH -) (-,618066,,,Uttar Pradesh,2026-01,2026-07,6,283.86,38.69,48.0
618067,"Rehabilitation & Up-gradation from design Km. 0.000 to Km. 69.280 of NH-931 Pratapgarh - Amethi - Gauriganj -Musafirkhana to two lane with paved shoulder on Engineering, Procurement & Construction EpC mode in the State of Uttar Pradesh",MoRTH -) (-,618067,,,Uttar Pradesh,2026-01,2026-07,7,1086.3,24.29,9.32
618075,Construction of two lane with paved shoulder from existing Km.0.000 to Km.55.610 design km. 0.000 to km. 54.048 of NH-124D,MoRTH -) (-,618075,,,Uttar Pradesh,2025-12,2026-07,7,773.58,210.11,77.0
618081,Construction of Mariahu Bypass with four lane paved shoulder configuration Km. 53.540 to Km.59.200 of NH-135A on EPC mode in the state of Uttar Pradesh,MoRTH -) (-,618081,,,Uttar Pradesh,2025-12,2026-07,7,362.39,81.45,55.0
618082,Widening & Upgradation to four lane configuration from Km.34.900 Bhadohi to km.73.134 Jaunpur of NH-135A on EPC mode,MoRTH -) (-,618082,,,Uttar Pradesh,2025-12,2026-07,7,392.03,0.0,95.0
618110,Improvement and upgradation to two lane with Paved Shoulder configuration from existing km 55.00 to km 90.00 Design length 34.76 of NH-227A near Chhapia Village to near Sikriganj in the State of UP on EPC Mode.,MoRTH N24001469) (-,618110,,,Uttar Pradesh,2025-12,2026-05,5,307.11,125.88,0.0
618111,Improvement and upgradation to two lane with paved shoulder configuration from existing km 90.00 to 130.00 Design length 39.15 of NH-227A near Sikriganj to Barhalganj in the State of UP on EPC Mode.,MoRTH -) (-,618111,,,Uttar Pradesh,2025-12,2026-07,7,345.34,142.17,96.0
618112,"Improvement and up-gradation of NH-227B 84 Kosi Parikrama Marg Package I, from km 228.920 Jagarnathpur to Km 235.960/0.000 MakhaudaDham to Km 29.000 Sarpur in the State of Uttar Pradesh on EPC basis",MoRTH -) (-,618112,,,Uttar Pradesh,2026-01,2026-07,6,912.5,8.72,8.0
618113,"Improvement and up-gradation of NH-227B 84 Kosi Parikrama Marg Package III, from Km.47.800 Gosaiganj to Km.73.300 Bikapur in the State of Uttar Pradesh on EPC basis.",MoRTH -) (-,618113,,,Uttar Pradesh,2026-01,2026-07,6,587.97,80.16,50.72
618114,"Improvement and up-gradation of NH-227B 84 Kosi Parikrama Marg PackageV, from Design Km.140.960 Patranga to Km.160.200 Bahuvan Madar Majha on EPC mode in the State of Uttar Pradesh",MoRTH -) (-,618114,,,Uttar Pradesh,2026-04,2026-07,5,1192.33,0.0,4.0
618116,lmprovement and Up-gradation from Km. 73.300 Bikapur to Km.140.960 Patranga of NH-227B 84 Kosi Parikrama Marg to 2LPS along with Parikrama Path,MoRTH -) (-,618116,,,Uttar Pradesh,2026-01,2026-07,7,1679.75,172.89,40.45
618124,Rehabilitation and upgradation from km 51.600 to km 75.700 of NH-321G Nuhkhas to Etah section to two lane with paved shoulder configuration under EPC mode in the State of Uttar Pradesh,MoRTH -) (-,618124,,,Uttar Pradesh,2025-12,2026-07,7,343.54,88.97,73.0
618162,"Improvement and up-gradation to 2LPS of NH-227B 84-Kosi Parikrama Marg PackageVI, Design Km 160200 Bahuvan Madar Majha to Km 224040 Jagarnathpur under HAM",MoRTH -) (-,618162,,,Uttar Pradesh,2026-01,2026-07,7,2008.7,0.0,20.0
618163,"Rehabilitation and Up-gradation from km. 0000 to km.40390 of NH-730S MaharajganjNichloulThuthibari to two lane with paved shoulders in the State of U.P. on Engineering, Procurement & Construction EPC Basis.",MoRTH -) (-,618163,,,Uttar Pradesh,2025-12,2026-07,7,603.19,167.84,59.5
618164,Construction of four lane highway with paved shoulder from Km.74.700 to Km.112.950 of NH-731A i/c Yamuna Bridge on HAM in the state of Uttar Pradesh.,MoRTH -) (-,618164,,,Uttar Pradesh,2025-12,2026-07,7,1157.31,0.0,100.0
618165,Construction of 4-lane highway with paved shoulders from Km 49.155 to Km 74.700 of NH-731A on Hybrid Annuity Mode in the state of Uttar Pradesh,MoRTH -) (-,618165,,,Uttar Pradesh,2025-12,2026-06,7,1156.72,0.0,100.0
618166,Construction of 4-lane green field highway from Km. 35.000 to Km. 49.155 of NH- 731A with paved shoulders on Hybrid Annuity Mode in the state of Uttar Pradesh,MoRTH -) (-,618166,,,Uttar Pradesh,2025-12,2026-07,8,697.66,0.04,100.0
618167,Rehabilitation & Upgradation of NH-731A from Km.0.00 to Km.35.00 to 2-lane with paved shoulder under EPC mode,MoRTH N24001590) (-,618167,,,Uttar Pradesh,2025-12,2026-05,6,264.86,0.0,93.0
618168,Widening to four lane with paved shoulder from Design Km.49.200 to Km.89.285 of NH-731B on EPC mode in the state of Uttar Pradesh,MoRTH -) (-,618168,,,Uttar Pradesh,2025-12,2026-07,8,965.3,134.41,56.0
618169,Construction of Two Lane with paved shoulder highway from Design Ch.0.000 to Ch.49.2OO of NH-731B on EPC Mode,MoRTH -) (-,618169,,,Uttar Pradesh,2025-12,2026-07,8,602.76,270.82,98.0
618187,"Rehabilitation and upgradation of Salon - Jais - Jagdishpur Road section of NH-931A, from design Chainage km 0.000 to km 5.740 to four lane divided carriageway and from design Chainage km 5.740 to km 53.500 to two lane with paved Total length km 53.500 along with One time improvement in 04 no's of realigned/bypassed built-up areas in a total length of 9.732 km in the state of Uttar Pradesh on EPC mode",MoRTH -) (-,618187,,,Uttar Pradesh,2026-01,2026-07,8,947.15,26.64,9.06
618229,Rehabilitation and upgradation to 2-lane with paved sholuders configuration of Near Karri village-Etawah section Km30.000 to Km 57.346 Pakage-II of NH-92 in state of Uttar Pradesh undergreen national Highway Corridor ProjectGNHCP with the loan assistance of world Bank on EPC mode.,MoRTH N24001462) (-,618229,,,Uttar Pradesh,2025-12,2026-05,6,206.56,0.0,100.0
618233,Construction of 6-lane bridge on Ganga on NH-96 and its approaches in Phaphamau Allahabad on EPC mode,MoRTH -) (-,618233,,,Uttar Pradesh,2025-12,2026-07,8,1465.41,0.43,91.0
618240,Rehabilitation and upgradation to 2-lane with paved sholuders configuration of Bewar- naer Karri village section Km0.00 to Km30.00 Pakage-I of NH-92 in state of Uttar Pradesh undergreen national Highway Corridor Project GNHCP with the loan assistance of world Bank on EPC mode.,MoRTH -) (-,618240,,,Uttar Pradesh,2025-12,2026-07,8,236.47,0.0,100.0
618243,Construction of Basti Ring Road Phase-I with 4L configuration for Basti City in the state of Uttar Pradesh on HAM mode,MoRTH -) (-,618243,,,Uttar Pradesh,2026-01,2026-07,7,1138.72,0.07,36.67
618244,Construction of Raebareli Ring Road Phase-2 with four Lane configuration for Raebareli City in the state of Uttar Pradesh on Hybrid Annuity Model HAM basis,MoRTH -) (-,618244,,,Uttar Pradesh,2026-01,2026-07,7,1273.72,0.0,55.0
618247,Construction of 4 lane Mirzapur bypass including bridge over river Ganga from km 0.000 to km 15.000 of NH 135A in the State of Uttar Pradesh on HAM Mode.,MoRTH -) (-,618247,,,Uttar Pradesh,2026-01,2026-07,8,1708.62,0.0,7.0
618248,Widening to 4 lane from km. 139.00 to km 179.20 of NH-135A Pkg-III Jaunpur Akbarpur section and Akbarpur bypass on Hybrid Annuity Mode in the state of Uttar Pradesh.,MoRTH -) (-,618248,,,Uttar Pradesh,2026-01,2026-07,8,1653.15,0.0,22.0
618249,Widening to 4 lane from km. 108.50 to km 139.00 of NH-135A Pkg-II Jaunpur Akbarpur section on Hybrid Annuity Mode in the state of Uttar Pradesh,MoRTH -) (-,618249,,,Uttar Pradesh,2026-01,2026-07,7,1511.57,0.0,40.0
618252,"Improvement and Up-gradation to two Lane with Paved Shoulder/Four Lane configuration from existing Km 130.000 to Km 191.000 design km 131.500 to Km 188.735, Design length 57.235 Km of NH-227A near Barhalganj to Mehrauna Ghat in the state of Uttar Pradesh on Hybrid Annuity Model HAM basis",MoRTH -) (-,618252,,,Uttar Pradesh,2026-01,2026-07,7,1344.61,1.2,58.0
618260,"Construction of Salempur bypass to 4LPS from km 64.000 of NH-727A Km 171.00 of Sonauli Balia Marg, old SH-01, near Mahadahan Chauraha to km 61.500 of NH-727B Km 178.500 of Sonauli Balia Marg, old SH-01, near near Ahirauli Village under Hybrid Annuity Mode HAM in the State of Uttar Pradesh",MoRTH -) (-,618260,,,Uttar Pradesh,2026-01,2026-07,8,1348.06,0.0,35.0
618262,Construction of Deoria Bypass from existing Km. 27.140 to existing Km. 46.780 Design Km. 49.109 on NH727A Design length 21.969 Km. to four lane with paved shoulder configuration under Hybrid Annuity Mode HAM in the State of Uttar Pradesh,MoRTH -) (-,618262,,,Uttar Pradesh,2026-01,2026-07,8,1734.7,0.0,10.0
618263,"Rehabilitation and Up-gradation to 2LPS from Km. 0.000 to Km. 7.800 and Km. 35.400 to Km. 52.345 Design length 24.745 Km., except Bihar portion of NH-727B Tamkuhiraj to Bihar Border and Bihar Border to Majhauli on EPC mode in the State of Uttar Pradesh",MoRTH -) (-,618263,,,Uttar Pradesh,2026-01,2026-07,7,701.02,156.4,81.18
618264,"Widening and Strengthening to two Lane with Paved Shoulder/Four Lane with paved shoulder configuration from km. 61.500 of NH-727B near Nawalpur km 178.500 of Sonauli Balia Marg, Old SH-01 i.e. end point of Salempur Bypass to km. 106.495 of NH-727B near Sikanderpur under EPC mode",MoRTH -) (-,618264,,,Uttar Pradesh,2026-01,2026-07,8,2061.86,222.2,41.0
618265,Rehabilitation and upgradation to 2-lane with paved sholuders configuration of Miranpur Katra to radhaita section of NH-730CKm.114.000 to Km 137.250pakage-III in state of Uttar Pradesh undergreen national Highway Corridor ProjectGNHCP with the loan assistance of world Bank on EPC mode.,MoRTH -) (-,618265,,,Uttar Pradesh,2025-12,2026-07,8,169.56,0.13,92.0
618266,Rehabilitation and upgradation to 2-lane with paved sholuders configuration of Bewar- Allahaganj- section of NH-730C Km.0.000 to Km 52.770 pakage-I in state of Uttar Pradesh undergreen national Highway Corridor Project GNHCP with the loan assistance of world Bank on EPC mode.,MoRTH -) (-,618266,,,Uttar Pradesh,2025-12,2026-07,8,340.16,0.0,99.0
618498,6L Greenfield Kanpur - Lucknow Expressway Pkg II from km. 28.500 to km. 73.744,National Highways Authority of India [NHAI] N24001731) (10356,618498,,,Uttar Pradesh,2025-12,2026-05,6,2489.0,1178.84,99.8
618499,6L Elevated Kanpur - Lucknow Exeressway Pkg-1 from Km. 10980 to Km. 28500,NHAI -) (-,618499,,,Uttar Pradesh,2025-12,2026-07,8,1943.27,770.81,100.0
618500,Construction of 4L Connector from Delhi Meerut Expressway Km 50.000 of Pkg IV to Km 8.520 of NH-235 Pkg-5,NHAI -) (-,618500,,,Uttar Pradesh,2025-12,2026-07,8,1116.19,455.0,78.0
618529,Varanasi Ring Road Pkg-II connecting Sandaha Village km 11.70 / NH-29 with Revasa Village km 818.80 / NH-2,NHAI -) (-,618529,,,Uttar Pradesh,2025-12,2026-07,8,1832.66,1751.26,96.86
618536,Construction of Ring Road around Kanpur from Ch.68.650 to Ch.93.209 Jarkala to Pakari Package-IV in State of Uttar Pradesh.,NHAI -) (-,618536,,,Uttar Pradesh,2026-01,2026-07,8,1192.16,266.36,39.2
618537,Construction of Ring Road around Kanpur from Km.000 to Km. 23.325 Chachendi Sachendi I to Maharajpur Package-I,NHAI -) (-,618537,,,Uttar Pradesh,2025-12,2026-07,8,1311.7,479.56,62.15
618538,Construction of Ring Road around kanpur from Ch.51.200 to Ch. 68.650 Badarka to Harbanch-Uchti Pkg-III,NHAI -) (-,618538,,,Uttar Pradesh,2026-02,2026-07,7,1126.75,284.83,34.8
618539,Construction of Ring Road Kanpur from Ch. 32.090 to Ch.51.200 Transganaga to Sathara Package-II B,NHAI -) (-,618539,,,Uttar Pradesh,2026-02,2026-07,7,1106.92,54.19,20.4
618540,Construction of Ring Road around Kanpur from Ch.23.325 to Ch.32.090 Chaudhariya to Transganga Package-IIA,NHAI -) (-,618540,,,Uttar Pradesh,2026-01,2026-07,8,977.45,252.18,49.85
618553,6L of Agra Bypass Northern connecting Km. 174.500 of NH-2 new NH-19 to Km. 141.000 of Yamuna Expressways,National Highways Authority of India [NHAI] N24001852) (10399,618553,,,Uttar Pradesh,2025-12,2026-05,6,1034.42,758.67,100.0
618554,Construction of left out portion of Agra Inner Ring Road connecting village Deori to NH-44 village Bad from Km. 0.000 to Km. 7.772,NHAI -) (-,618554,,,Uttar Pradesh,2025-12,2026-07,8,787.58,629.11,94.0
618565,Strengthening of existing 4L Ayodhya Bypass Section from design Km. 121 600 to Km. 144020 of NH 28 New NH 27Pkg-3,NHAI N24002097) (-,618565,,,Uttar Pradesh,2025-12,2026-05,6,281.13,259.66,81.85
618566,4L Green Field Northern East side Gorakhpur Bypass 26.616 Kms starting from NH- 29E Chainage 83.308 and end at NH-28 Chainage 285.100,NHAI -) (-,618566,,,Uttar Pradesh,2025-12,2026-07,8,1244.44,1035.52,73.78
618567,4/6L of Northern Ayodhya Bypass starting Km. 112.540 and ending Km. 139.928 north of existing NH-27 part-1 and part-2 south of NH-27 from km 0.000 to km 5.000.,NHAI -) (-,618567,,,Uttar Pradesh,2026-01,2026-07,8,1834.25,285.67,33.53
618568,4/6L Southern Ayodhya Bypass from Km 5.000 to Km 37.172 starting near Km. 112.540 and ending at Km. 153.281 of NH-27,NHAI -) (-,618568,,,Uttar Pradesh,2026-02,2026-07,7,1983.05,318.53,39.5
618669,4 -Laning of MP/UP Border to Kabarai section of NH-34&35 from km 197.000 to km 242.991 Length 45.991 Km Sagar-Kabrai Package-5 under Bharat Mala Pariyojana EC in MP & UP on HAM,NHAI -) (-,618669,,,Uttar Pradesh,2026-02,2026-07,7,1425.43,574.07,61.77
618690,"4 lanning of Aligarh Palwal section from km 0.00 to km 46.39 package -1 from khereshwar junction-kurana of NH33D , including khair & jattari bypass in the state of UP on HAM mode",NHAI -) (-,618690,,,Uttar Pradesh,2026-02,2026-07,7,1685.69,590.53,21.25
618692,Aligarh-Kanpur Pkg I [Aligarh-Bhadwas],NHAI -) (-,618692,,,Uttar Pradesh,2026-02,2026-06,6,2069.6,1359.14,100.0
618710,DL/UP Border - EPE Crossing Pkg-02,NHAI -) (-,618710,,,Uttar Pradesh,2025-12,2026-07,8,1889.78,1739.72,100.0
618722,6L access Controlled Greenfield Highway from Gogwan Jalalpur Shamli to Ranipur Barsi Saharanpur of Shamli -Ambala section Package-I Design Ch. Form km 00.600 to km 45.500,NHAI -) (-,618722,,,Uttar Pradesh,2025-12,2026-07,8,1247.55,759.32,68.2
618761,4L Spur of Meerut-Garh-Mukteshwar section connecting NH-119 and NH-58 bypassing Meerut Town of NH 709 A,NHAI -) (-,618761,,,Uttar Pradesh,2025-12,2026-07,8,977.73,865.93,96.98
618768,Four laning of Agra-Aligarh Section from Km. 0.000 Junction of NH-34 Aligarh Km 144.60 to Km. 28.000 near Asroi village in Hathras of NH-509 Package-I,NHAI -) (-,618768,,,Uttar Pradesh,2026-04,2026-07,5,1309.08,310.08,3.96
618770,4L Spur of Panipat - Shamli connecting NH-709AD Panipat Shamli Muzaffarnagar and NH-709A Karnal Meerut bypassing Shamli district UP,National Highways Authority of India [NHAI] N24001729) (-,618770,,,Uttar Pradesh,2025-12,2026-05,6,273.42,232.93,74.23
618782,4L of Bareilly-Pilibhit-Sitarganj from Km. 0.000 to Km. 32.500 of NH-30 Pkg-1,NHAI -) (-,618782,,,Uttar Pradesh,2026-02,2026-07,7,1394.14,622.58,64.12
618798,4L of Sonauli - Gorakhpur,NHAI -) (-,618798,,,Uttar Pradesh,2025-12,2026-07,8,2275.43,1328.22,89.0
618843,Construction of two lane with paved shoulders bypass to Mungrabadshapur town starting from near Kodahu at Km 47/225 of NH-319D and ending near Nauwadandi at Km 219/720 of NH-31 under NHO in the state of Uttar Pradesh on EPC mode,NHAI -) (-,618843,,,Uttar Pradesh,2026-01,2026-07,8,165.28,54.54,22.79
618848,Construction of Underpass beneath airport runway on NH-31 old NH-56 for proposed expansion of runway of Babatpur Airport Varanasi,NHAI -) (-,618848,,,Uttar Pradesh,2026-01,2026-07,8,649.44,0.09,22.0
618854,2L PS of Raebareli - Jagdishpur with 4L Jagdishpur Bypass Spur,National Highways Authority of India [NHAI] N24001306) (10610,618854,,,Uttar Pradesh,2025-12,2026-05,6,752.52,515.53,97.2
618855,"Improvement and Up-Gradation of Existing Road to 2/4L PS from Km 40.000 to 88.750, start of Khutar bypass to start of Shahjahanpur bypass of NH 731Pkg-I",National Highways Authority of India [NHAI] N24001727) (10611,618855,,,Uttar Pradesh,2025-12,2026-05,6,838.68,560.48,99.2
618856,"Improvement and Up-Gradation of Existing Road to 4L PS from Km 123.650 to 175.080, from Start of Shahabad Bypass to End of Hardoi bypass of NH 731 Pkg-2B",NHAI -) (-,618856,,,Uttar Pradesh,2025-12,2026-07,8,1212.26,519.69,68.8
618858,"Improvement and Up-Gradation of Existing Road to 4L PS from Km 88.750 to 123.650, from Start of Shahjahanpur Bypass to start of Shahabad bypass of NH 731Pkg.-2A",NHAI -) (-,618858,,,Uttar Pradesh,2026-02,2026-07,7,955.34,369.94,70.56
618859,"Improvement and Up-Gradation of Existing Road to 4L PS from Km 229.070 to 260.800, End of Hardoi District to Lucknow Ring road of NH 731 Pkg-4",NHAI -) (-,618859,,,Uttar Pradesh,2025-12,2026-07,8,553.61,390.09,99.33
618864,4L from Mathura Bypass Start at Existing Km. 154.20 of NH-44 to Gaju Village at Km 32.982 of NH-530B Pkg-IB,National Highways Authority of India [NHAI] N24001851) (10619,618864,,,Uttar Pradesh,2025-12,2026-05,6,1820.77,1050.08,100.0
618865,4L from Gaju Village at Km. 32.982 to Devinagar Bypass End at Km. 208.000 of NH- 530B Pkg-1C.,National Highways Authority of India [NHAI] N24001730) (10620,618865,,,Uttar Pradesh,2025-12,2026-05,6,1496.44,823.04,99.99
618866,"Four Lane Highway from Chandan Nagar Existing Km. 59.025 of NH 530B/Design Km. 179.5000 to Bareilly BypassStartExisting Km. 59.025 of NH 530B/Design Km. 218.000 Section of NH 530B, in the State of Uttar Pradesh on HAM Mode under NH0",NHAI -) (-,618866,,,Uttar Pradesh,2026-01,2026-07,8,1112.44,486.09,34.5
618867,4L Kasganj-Badaun Section from Km. 123.100 to Km. 179.500 Pkg-III of NH530B,NHAI -) (-,618867,,,Uttar Pradesh,2026-01,2026-07,8,1936.61,590.99,40.0
618868,4L from Devinagar Bypass End Existing Km. 208.000 of NH 530B/Design Km. 66.000 to Kasganj Bypass End Existing Km.150.100 of NH 530B/ Design Km. 123.100 of NH 530B,NHAI -) (-,618868,,,Uttar Pradesh,2026-02,2026-07,7,2223.71,1027.01,77.0
618869,"Construction of 4/6 lane Highway of Southern Bareilly Bypass, starting at Ch. 237000 of NH 530 near Jhumka chauraha, Dhantiya village and ending at Ch. 267000 of NH 30 near Invertis University including Trumpet Interchange",NHAI -) (-,618869,,,Uttar Pradesh,2026-01,2026-07,8,1869.59,620.25,16.4
618883,Construction of Four Lane Highway form Ghazipur- Ballia-UP/Bihar State Border Greenfield section of NH-31 Package I [from Hridaipur km 0.000 to Shahapur km 42.500] on EPC Mode in the state of Uttar Pradesh.,NHAI -) (-,618883,,,Uttar Pradesh,2025-12,2026-07,8,1579.59,1447.58,100.0
618884,Construction of Four Lane Highway from Ghazipur- Ballia-UP/Bihar State Border Greenfield section of NH-31 Package II [from Shahapur km 42.500 to Pindari km 78.150] on EPC Mode in the state of Uttar Pradesh.,NHAI -) (-,618884,,,Uttar Pradesh,2025-12,2026-07,8,1311.44,775.96,98.4
618885,Construction of Four Lane Highway from Ghazipur- Ballia-UP/Bihar State Border Greenfield section of NH-31 Package IV [from Buxur Spur of length km 17.270 on EPC Mode in the state of Uttar Pradesh.,NHAI -) (-,618885,,,Uttar Pradesh,2025-12,2026-07,8,549.02,286.1,90.57
618893,Varanasi Gorakhpur Section Packege IV from km. 149.540 to km. 215.160 Mau- Gorakhpur,NHAI -) (-,618893,,,Uttar Pradesh,2026-02,2026-07,7,3475.65,3455.15,97.35
618911,4L Greenfield Western Side spur of Rampur-Rudrapur Section from Km 0.000 to Km 13.700 connecting NH-24 to NH-87 bypassing rampur town,NHAI -) (-,618911,,,Uttar Pradesh,2025-12,2026-07,8,637.83,369.67,63.79
618923,4L Behsuma at Km 39.250 Ex. Km 39240 To Bijnor at Km 78.810 Ex. Km 86590 Design Length 39.560 Km of NH-119 Pkg-II,NHAI -) (-,618923,,,Uttar Pradesh,2026-02,2026-07,7,2553.12,1234.06,70.12
618924,2L PS of Najibabad Kotdwar section from 112.575 to Km. 138.635 of NH 119,NHAI -) (-,618924,,,Uttar Pradesh,2026-02,2026-07,7,99.2,51.17,55.9
618925,Bijnor-Kotawali,NHAI -) (-,618925,,,Uttar Pradesh,2025-12,2026-07,8,334.48,299.77,99.02
618927,4L of Moradabad-Thakurdwara-Kashipur Section from Km. 0.000 to Km. 38.77 of NH- 734 Pkg-II,NHAI -) (-,618927,,,Uttar Pradesh,2026-02,2026-07,7,1890.05,981.64,54.55
618929,4L of Moradabad western side spur connecting NH-734 & NH-24 from Km. 0.000 to Km. 33.200 Pkg-I,NHAI -) (-,618929,,,Uttar Pradesh,2026-02,2026-07,7,1843.54,1132.25,83.06
618959,4L Prayagraj Greenfield By-pass from design Km 50860 near Nibi Kala Uperhar to design Km 64763 on NH-19 near Khodaypur Kasgaon including Interchange loop at NH-19,National Highways Authority of India [NHAI] N24002106) (-,618959,,,Uttar Pradesh,2025-12,2026-05,6,427.54,406.6,100.0
618960,4 Lane Inner Ring Road around Allahabad City Pkg-2 Prayagraj Southern Bypass 43.200 - 50.860,NHAI -) (-,618960,,,Uttar Pradesh,2025-12,2026-07,8,1007.62,448.99,44.64
618961,4 Lane Inner Ring Road around Allahabad City Pkg-1 Prayagraj Southern Bypass 34.400 43.200,NHAI -) (-,618961,,,Uttar Pradesh,2026-01,2026-07,8,498.97,70.02,24.55
618968,6L access control Greenfield highway of Vill-Khyawari to Vill-Latifpur at Saharanpur Bypass from Km. 82.000 to Km. 119.790 Pkg-4,NHAI -) (-,618968,,,Uttar Pradesh,2025-12,2026-07,8,1439.35,1394.63,99.24
618970,6L access control Greenfield highway of Vill-Lohadda to Vill-Karaunda Mahajan from Km. 27.000 to Km. 56.500 Pkg-2,NHAI -) (-,618970,,,Uttar Pradesh,2025-12,2026-07,8,1335.38,1253.61,98.06
619162,4L of Najibabad Bypass from Km. 105.423 to Km. 118.373 excluding 2.45 Km. of NH- 74 Bypass of NH-119,NHAI -) (-,619162,,,Uttar Pradesh,2026-01,2026-07,7,566.9,440.93,100.0
619168,6L access controlled Greenfield highway of Junction of EPE Vill.-Mavikalan to Vill.- Lohadda from Km. 0.000 to Km. 27.000 Pkg-1,NHAI -) (-,619168,,,Uttar Pradesh,2026-01,2026-07,7,1497.94,1423.29,99.29
619308,6L access-controlled highway from Ganeshpur tonear Mohand of Ganeshpur Dehradun section from Km.0 to Km.8.3 of NH-72A Package-1,NHAI -) (-,619308,,,Uttar Pradesh,2026-03,2026-07,6,835.74,811.86,98.92
617888,Landslide treatment work on NH 58 from Kodiyala Km. 266.130 to Devprayag Km. 296.925 10 location under EPC mode in the State of Uttarakhand on EPC Mode,MoRTH -) (-,617888,,,Uttarakhand,2026-02,2026-07,7,192.54,0.0,99.0
617889,Treatment of landslide zone from location no. 01 to 28 km 62.860 to 152.750 on NH- 12509 in the State of Uttarakhand under EPC mode in NHO Annual Plan 2022-23,MoRTH -) (-,617889,,,Uttarakhand,2026-02,2026-07,7,192.22,0.0,98.5
617890,Construction of Champawat Bypass with two lane with paved shoulder configuration starting from existing chainage 121.700 to existing chainage 129.450 Design Length 9.847 of NH-125 in District-Champawat in the state of Uttrakhand on EPC mode.,MoRTH -) (-,617890,,,Uttarakhand,2026-01,2026-07,8,220.89,0.0,8.5
617929,Construction of 2 lane with paved shoulder of Kund Bypass from Design Km 35.130 to Km 47.700 existing Km 33.130 to Km 41.260 of NH-109 in the State of Uttarakhand,MoRTH -) (-,617929,,,Uttarakhand,2025-12,2026-07,8,247.41,114.6,73.5
617967,Construction of Rudraprayag tunnel of length 900.30 MTR including approaches and one major bridge on river Alaknanda connecting NH-107/old-109 to NH-07old-58 on EPC mode in the state of Uttarakhand.,MoRTH -) (-,617967,,,Uttarakhand,2026-02,2026-07,7,251.88,108.94,99.0
617968,Construction & Widening Including Augustmuni Bypass Ch-16.545 to Ch - 19.890 to 2L/PS from Km 16.545-Km 33.130 & 45.980 -57.975 Augustmuni to Kund & Guptkashi to Sitapur on NH 109 in UK,MoRTH -) (-,617968,,,Uttarakhand,2025-12,2026-07,8,418.89,426.18,95.0
617970,Reconstruction of existing 2 L/IL to 2L with paved shoulder from existing km 52.200 to 92.880 of NH-,MoRTH N24000775) (-,617970,,,Uttarakhand,2025-12,2026-05,6,282.08,166.13,100.0
617974,Rehabilitation and upgradation of 2 lane with paved shoulder from existing km. 195.175 to km. 220.000 Design Chainage km71.300 to Km. 95.947 Excluding existing chainage Km 200.300 to Km 202.400 Design chainage Km 76.400 to Km 78.400 on Dharasu to Yamunotri Road of NH- 134 Old NH-94,MoRTH -) (-,617974,,,Uttarakhand,2026-01,2026-07,8,344.73,0.0,53.74
617975,Rehabilitation and upgradation to 2 lane with paved shoulder configuration from km 122.00 Dharasu Bend to km 147.230 Silkyara Bend of NH-94 in the state of Uttarakhand,MoRTH N24000820) (-,617975,,,Uttarakhand,2025-12,2026-05,6,237.79,79.56,100.0
618039,Widening to 2 Lane from Existing Chainage Km 74.700 Km 100.660 Design Chainage Km 53.365 to Km 78.785 on NH- 507 in the State of Uttarakhand.,MoRTH -) (-,618039,,,Uttarakhand,2026-01,2026-07,8,346.82,0.0,31.75
618040,Rehabilitation and Upgradation to Two lanes with Paved Shoulders configuration and Strengthening from Km 175.00 to Km 196.00 Gumkhal to Satpuli of NH-119 New NH- 534 in the State of Uttarakhand under NHO Annual Plan 2021-22 under EPC mode,MoRTH -) (-,618040,,,Uttarakhand,2026-02,2026-07,7,452.81,0.0,42.0
618041,Rehabilitation and upgrading to two lanes with paved shoulders and Strengthening of Kotdwar-Pauri-Srinagar road section from Km 232.00 to 274.470 on NH-119 New 534 Paidul to Srinagar in the State of Uttarakhand on EPC Mode under NHO Annual Plan 2021-22.,MoRTH -) (-,618041,,,Uttarakhand,2026-01,2026-07,8,299.31,0.0,2.0
618119,Rehabilitation and up-gradation to 2-lane configuration of Bageshwar to Kangarchina road from km 129.600 to Km 161.600 Existing Chainage 136.00 to Km 169.00 of NH- 309Ain the State of Uttarakhand Package-IV under NHO Annual Plan 2021-22,MoRTH -) (-,618119,,,Uttarakhand,2026-02,2026-07,7,472.23,0.0,67.0
618207,Widening to 2-lane with Hard Shoulder configuration of Mana Ch. 0.00 to Mana Pass Ch. 50.987 road on NH-07 under Bharatmala Pariyojna in the state of Uttarakhand under Annual Plan 2022-23 length 50.987,MoRTH -) (-,618207,,,Uttarakhand,2026-02,2026-07,7,573.96,0.0,21.03
618208,Construction and upgradation of existing road to 2-lane with paved shoulder from existing chainage Km 509.725 to Km 528.000 design chainage Km 490.550 to Km 507.850 of NH-58 new NH-07 Benakuli bend to Mana Village in EPC mode under Chardham Programme in the State of Uttarakhand.,MoRTH -) (-,618208,,,Uttarakhand,2026-02,2026-05,5,180.1,0.0,95.0
618209,Construction & up gradation of existing road to 2-Lane with paved shoulder from existing chainage km 468000 to km 489350 Design Chainage km 465150 to km 471500 of NH-07 Old NH-58 including Joshimath bypass on EPC mode in the state of Uttarakhand Length 6.35 km,MoRTH -) (-,618209,,,Uttarakhand,2026-02,2026-07,7,258.85,0.0,37.23
618210,Rehabilitation and upgradation of Askot-Lipulekh on EPC Basis for Phase-I Existing Km 72.00 to 107.620 Design Chainage Km 21330 to Km 56935 under Project Hirak of BRO in the state of Uttarakhand under Bharatmala Pariyojna Phase-I on EPC Mode Length-35.605 Km CA No EPC/MORT&H/HRK/01/2021-22,MoRTH -) (-,618210,,,Uttarakhand,2026-02,2026-07,7,603.92,0.0,81.17
618211,Improvement/construction of 2-lane with paved shoulder of Askote Llipulekh road from Tawaghat village to Budhi village design km. 56935 to km 95748 and from end of Tunnel portal to Kali Mandir design km 113828 to km. 133078 [total design length 58.063 km] under project Hirak of BRO in the state of Uttarakhand under Bharatmala Pariyojna on EPC Mode,MoRTH -) (-,618211,,,Uttarakhand,2026-02,2026-07,7,649.6,0.0,37.19
618212,"STABILIZATION OF LAND SLIDE AND SLOPE PROTECTION AT KM 11.00 TO KM 11.08, 29,730 KM TO 30,060 KM, 30,400 KM TO 31,060 KM, 34,750 KM TO 35,300 KM, 38,950 KM TO 39,030 KM & 39,460 KM TO 39,540 KM TWO LOC CLUBBED, KM 40,400 TO KM 40,650, KM 43,500 KM 43,680, 52,460 RISHIKESH - DHARASU ROAD NH-94 ON EPC MODE IN THE STATE OF UTTARAKHAND. NOSE OF LAND SLIDE - 12 NOS",MoRTH -) (-,618212,,,Uttarakhand,2026-01,2026-07,8,197.26,0.0,22.0
618213,Rehabilitation and Upgradation of road Rishikesh Dharasu Old NH-94 with 2-lane with paved shoulder from km 76.000 to km 110.000 Design Chainage from km 74.733 to km 107.347 32.614 km including construction of Kamand re-alignment from existing Chainage Km 105.200 to Km 108.600 design chainage Km 103.436 to Km 105.949 - total length 2513 mtrs and land slide treatment work between design chainage Km 73.800 to Km 74.00 200m on EPC mode under improvement to NH connectivity to Chardham in,MoRTH -) (-,618213,,,Uttarakhand,2026-02,2026-07,7,273.76,0.0,96.46
618214,Rehabilitation and upgradation to 2 lane / 2 lane with paved shoulder configuration for design chainage km 107.347 to km 129.208 & km 133.878 to km 138.570 existing chainage km 110.000 to km 133.020 & km 137.330 to km 142.028 and land slide treatment at existing km 138.500 Design chainage km 134.970 of NH -94 on EPC mode under improvement to NH connectivity to Chardham in the state of Uttarakhand.,MoRTH -) (-,618214,,,Uttarakhand,2026-02,2026-07,7,346.5,0.0,100.0
618218,Rehabilitation & upgradation of existing road to 2-lane with hard shoulder from Joshimath km 0.00 to Saraithota km 29.725 road on NH-107B under Bharatmala Pariyojna on EPC mode in the state of Uttarakhand,MoRTH -) (-,618218,,,Uttarakhand,2026-02,2026-07,7,338.38,0.0,80.0
618219,Upgradation to 2-lane with Hard shoulder configuration of Suraithota Ch. 29.725 km to Malari Ch. 60.550 km road on NH- 107B under in the state of Uttarakhand.,MoRTH -) (-,618219,,,Uttarakhand,2026-02,2026-07,7,292.76,0.0,76.67
618390,"Construction, Operation & Maintenance of 2-L Bi-directional Silkyara Bend- Barkot Tunnel with escape passage including approaches Tunnel-4.531 & Approach road- 0.328 on Dharasu-Yamunotri section b/w Chainage 25.400km and 51.00km falling along NH-134 Old NH-94 on EPC mode",NHIDCL -) (-,618390,,,Uttarakhand,2025-12,2026-07,8,1383.78,842.44,76.03
618391,"Construction for Mitigation Measures of 5 Nos. Landslides, 05 No. Sinking Zones and 01 No. Bridge from Ch. 450.00 to Ch. 468.00 18 Km. Length on NH-07 Package-III",NHIDCL -) (-,618391,,,Uttarakhand,2025-12,2026-07,8,250.33,100.93,88.12
618392,"Construction for Mitigation Measures of 5 Nos. Landslides, 5 Nos. Sinking Zones in between Ch. 433.00 to 450.00 BANERPANI VILLAGE on NH-07 on EPC mode in the state of Uttarakhand Package-2",NHIDCL -) (-,618392,,,Uttarakhand,2026-01,2026-07,7,259.64,0.0,68.45
618393,"Construction for Mitigation Measures of 10 Nos. Landslides, 01 No. Sinking Zones and 1 No. of Minor Bridge in between at Ch. Km 368.00 to Km 433.00 on NH-07 on EPC Mode in Uttarakhand Package-1",NHIDCL -) (-,618393,,,Uttarakhand,2025-12,2026-07,8,216.68,117.83,99.97
618875,4L of Haridwar Nagina section Design Ch. LME from km 13.829 to km 17.110 & km 26.077 to km 27.508 and Design Ch. RME from km 13.839 to km 17.120 & km 26.078 to km 27.509 of EUP mitigation measures on NH74,NHAI -) (-,618875,,,Uttarakhand,2026-02,2026-07,7,142.11,119.67,70.42
619142,Construction of 4-lane connectivity to Banbasa ICP at India Nepal border from NH-09 old NH-125 Sitarganj-Tanakpur at Km 40.00 near Jagbuda bridge under Bharatmala Priyojana of NH-109D on EPC mode in the State of Uttarakhand,NHAI -) (-,619142,,,Uttarakhand,2026-01,2026-07,8,237.01,213.92,75.24
619155,Upgradation and 4L of Haridwar Bypass from Km 0.000 Km 188.100 of NH-58 to Km. 15.100 Km 5.100 of NH 74 PKg-1,NHAI -) (-,619155,,,Uttarakhand,2026-01,2026-07,7,1423.89,770.27,80.36
619292,4L Medinipur to Ballupur from Km. 458.65 to Km. 487.65 of NH-07Pkg-2,NHAI -) (-,619292,,,Uttarakhand,2026-03,2026-07,6,1072.5,739.13,93.9
619293,Construction of 4 Lane Access Controlled Bypass for Dehradun on NH307 from Design Chainage km 0050 Jhajra on NH-07 to Design Chainage km 12220 Asharori on EPC Mode in the State of Uttarakhand under NHO,NHAI -) (-,619293,,,Uttarakhand,2026-03,2026-07,6,337.11,191.78,62.79
619294,Road Safety Improvement of existing four lane section of Dehradun-Lal Tappar-Nepali Farm Section of NH-7 and Nepali Farm-Motichur NH-34 on EPC Mode in Uttarakhand under NHO.,NHAI -) (-,619294,,,Uttarakhand,2026-03,2026-07,6,388.19,10.86,5.13
619295,Four/Six laning of Bhaniyawala-Jollygrant-Rishikesh spur section of NH-07 from Km. 0.000 to Km 19.780,NHAI -) (-,619295,,,Uttarakhand,2026-03,2026-07,6,664.92,13.35,0.0
617893,Construction of additional major Bridge with 4- lane configuration of length 1.48 km on NH-60 NH-14 over River Kangshabati from Km. 117.770 to Km 119.250 and additional major Bridge with 4- lane configuration of length 0.900 km on NH-60 NH- 14 over River Shilabati from Km. 173.220 to Km 174.120 in the district of Paschim Medinipur of West Bengal under Annual Plan for FY 2023-24 on EPC mode. Job No 014-W8-2023-24/527 .,MoRTH -) (-,617893,,,West Bengal,2026-01,2026-07,8,304.83,0.15,0.0
617894,"Construction or 4 lane Raniganj Bypass of length 5.261 km on NH-60 new NH-14 from km 273.00 of NH to km 478.18 of NH-2 New NH 16 in paschim Bardhaman, West Bengal in EPC Mode- reg. Job No. 014-WB-2022-23/514",MoRTH -) (-,617894,,,West Bengal,2026-02,2026-07,7,410.83,184.64,67.28
617931,Construction of ROB and its approaches in lieu of LC No. 10/B/T at Km 307.050 of NH-60.,MoRTH -) (-,617931,,,West Bengal,2026-02,2026-07,7,138.57,20.6,17.08
617960,Construction of new road at the missing link portion of NH-81 along approved alignment between Harishchandrapur and Eastern approach of Kalindri Bridge from Km 46.550 to Km 59.697 in the district of Malda. Job No-081-WB-2015-16/400,MoRTH -) (-,617960,,,West Bengal,2025-12,2026-07,8,291.2,216.61,85.56
618227,Development to 4/6-lanning of NH-31 New NH-10 with both side service roads from km 569.258 to km 581.030 end of AH-02 project on NH- 31 near Shivmandir to Sevoke Army Cantonment in districts of Darjeeling and Jalpaiguri in the state of West Bengal on EPC Mode Job No. 010/WB/2021-22/490,MoRTH -) (-,618227,,,West Bengal,2025-12,2026-07,8,1059.2,590.78,74.98
618427,Construction & upgradation of existing road to 2-lane with paved shoulder including geometric improvement of Kafer- Lava More section from km 40.00 to km 61.100 of NH717-A on EPC under SARDP-NE A in state of West Bengal Pkg-VA,NHIDCL -) (-,618427,,,West Bengal,2025-12,2026-07,8,273.78,268.2,95.98
618429,Construction & upgradation of existing road to 2-lane with paved shoulder including geometric improvement of sect. from Pedong bypass to Reshi Border km 79.700 to km 96.254 of NH-717A under SARDP-NE-A on EPC as part of Alternate connectivity to Gangtok Lava More-Reshi Border Pkg-VB,NHIDCL -) (-,618429,,,West Bengal,2025-12,2026-07,8,395.59,418.73,97.22
618430,Construction of alternative highway to Gangtok in Sikkim via Bagrakot -Chuikhim- Nimbong -Kafer-Bakhim-Algarah-Rhenock in the State of West Bengal and from Rhenok-Rorathang-Pakyong along with spur from Aritar-Rolep-Menla in the State of Sikkim from Km 0.00 to Km 13.00 of Bagrakot -Kafer section of NH 717A on EPC Mode under Phase-A of SARDP-NE in the State of West Bengal PKG- IVA,NHIDCL -) (-,618430,,,West Bengal,2025-12,2026-07,8,402.94,261.9,99.23
618431,Construction of alternative highway to Gangtok in Sikkim via Bagrakot -Chuikhim- Nimbong -Kafer-Bakhim-Algarah-Rhenock in the State of West Bengal and from Rhenok-Rorathang-Pakyong along with spur from Aritar-Rolep-Menla in the State of Sikkim from Km 13.00 to Km 25.60 of Bagrakot -Kafer section of NH 717A on EPC Mode under Phase-A of SARDP-NE in the State of West Bengal PKG- IVB,NHIDCL -) (-,618431,,,West Bengal,2025-12,2026-07,8,295.97,255.94,97.73
618572,Binnaguri Bypass-Descoped portion of Ghoshpukur-Dhupguri Section of NH-31Dpkg-1,NHAI -) (-,618572,,,West Bengal,2026-01,2026-07,8,306.02,4.77,3.67
618574,Balance Works of 4L of NH-31D from Km. 113.200 to Km. 154.854 Package-II A Ghoshpukur-Salsalabari Section,NHAI -) (-,618574,,,West Bengal,2026-02,2026-07,7,962.31,461.0,61.1
618808,6L Elevated Kona Expressway from Km. 0.145 to Km. 7.337 of NH-117,NHAI -) (-,618808,,,West Bengal,2026-02,2026-07,7,1203.11,433.18,39.99
618823,4 laning of Barasat - Barajaguli Section of NH-12 from Km. 31.000 to Km. 48.679 in the district of North 24 - Parganas,NHAI -) (-,618823,,,West Bengal,2026-02,2026-07,7,346.39,97.88,43.52
618824,"Development to 4-laning of the de-scoped stretches from Km 115.342 to Km 191.700 of NH-34 in Nadia District 3.962 & Murshidabad District 5.538 pertaining to Krishnagar to Berhampore section of NH-34 New NH-12 , in the state of West Bengal under NHO.",NHAI -) (-,618824,,,West Bengal,2026-02,2026-07,7,197.74,64.63,54.79
618825,Bridge over Ganga River at d/s of Farraka Barrage including Approaches connecting Farakka-Raiganj,NHAI -) (-,618825,,,West Bengal,2025-12,2026-07,8,646.1,628.08,96.71
618910,4L of Purulia Bypass section from Km 84.030 to Km 94.345 of NH-32,NHAI -) (-,618910,,,West Bengal,2025-12,2026-06,7,562.57,488.7,94.12
619004,"Construction of Dubrajpur Bypass with 4-lane configuration of length 5.676 km on NH- 60 new NH-14 from design chainage 0.00 existing km 316.135 on NH-60 to design chainage 5.676 existing km 320.980 on NH-60 in the district of Birbhum, West Bengal under Annual Plan 2022-23 in EPC Mode- reg. Job. No. 014-WB-2022- 23/518 .",MoRTH -) (-,619004,,,West Bengal,2026-01,2026-07,8,560.79,0.31,8.0
619187,"Slope protection and landslide mitigation at 4 vulnerable locations km 1.950 to Km 2.100, km 11.100 to 11.450, km 22.435 to km 22.485 and km 22.610 to km 22.680 within Sevoke-Rangpo section of NH-10 old NH-31A in Darjeeling & Kalimpong district in the State of West Bengal on EPC mode",NHIDCL -) (-,619187,,,West Bengal,2026-02,2026-07,7,152.27,21.2,34.47
709859,SETTING UP OF PHYSICAL INFRASTRUCTURE FOR THE NATIONAL INSTITUTE OF COMMUNICATION FINANCE [NICF] AT GHITORNI,National Communication Academy - Finance [Erstwhile NICF] -) (-,709859,Department of Telecommunications,Telecommunication,Delhi,2025-07,2026-07,13,248.2,237.43,98.0
701598,Provision of 4G based Mobile Services in Uncovered Villages and National Highways of Meghalaya,Department of Telecommunications,701598,Department of Telecommunications,Telecommunication,Meghalaya,2025-07,2026-07,26,180.46,167.23,99.84
617413,Mobile connectivity in Left Wing Extremism [LWE] affected areas-Phase 1 Upgradation,Department of Telecommunications [DoT] -) (-,617413,Department of Telecommunications,Telecommunication,"Multi-States (Andhra Pradesh, Bihar, Chhattisgarh, Jharkhand, Madhya Pradesh, Maharashtra, Odisha, Telangana, Uttar Pradesh, West Bengal)",2025-09,2026-07,12,1884.6,376.8,99.31
701599,Mobile connectivity in Left Wing Extremism [LWE] affected areas-Phase2,Department of Telecommunications [DoT] -) (-,701599,Department of Telecommunications,Telecommunication,"Multi-States (Andhra Pradesh, Bihar, Chhattisgarh, Jharkhand, Madhya Pradesh, Maharashtra, Odisha, Telangana, Uttar Pradesh, West Bengal)",2025-07,2026-07,13,604.6,492.2,89.98
701602,"Provision of 4G based mobile services in 7,287 uncovered villages of 44 Aspirational District across 5 states of Andhra Pradesh, Chhattisgarh, Jharkhand, Maharashtra & Odisha",Department of Telecommunications [DoT] -) (-,701602,Department of Telecommunications,Telecommunication,"Multi-States (Andhra Pradesh, Chhattisgarh, Jharkhand, Maharashtra, Odisha)",2025-07,2026-07,13,1448.61,1108.02,81.47
701597,Provision of 4G Mobile Services in Uncovered Villages of Arunachal Pradesh and 2 Districts of Assam,Department of Telecommunications,701597,Department of Telecommunications,Telecommunication,"Multi-States (Arunachal Pradesh, Assam)",2025-07,2026-07,26,276.62,237.98,99.84
704495,"502 Aspirational District Scheme in Four states - Bihar, Madhya Pradesh, Rajastha and Uttar Pradesh",Department of Telecommunications [DoT] -) (-,704495,Department of Telecommunications,Telecommunication,"Multi-States (Bihar, Madhya Pradesh, Rajasthan, Uttar Pradesh)",2025-07,2026-07,13,228.94,152.96,99.59
400013,Saturation 4G mobile coverage of Uncovered Villages through USOF,Department of Telecommunications [DoT],400013,Department of Telecommunications,Telecommunication,"Multi-States (Arunachal Pradesh, Meghalaya, Sikkim, Mizoram, Assam, Nagaland, Manipur, Tripura)",2025-08,2026-07,13,15392.8,8722.82,87.7
701593,4G Services by BSNL,Department of Telecommunications [DoT] -) (-,701593,,,PAN India,2025-08,2026-07,12,19592.0,9165.04,98.56
706775,BharatNet,Department of Telecommunications [DoT],706775,,,"Multi-States (Nagaland, Mizoram, Tripura, Sikkim, Manipur, Meghalaya, Arunachal Pradesh, Assam)",2025-08,2026-07,14,12709.0,48809.69,99.98
709856,MPLS-IP BASED ACCESS AND AGGREGATION NETWORK [MAAN] IN BSNL ALONG WITH TEST AND MEASURING EQUIPMENT,BSNL,709856,,,"Multi-States (Meghalaya, Manipur, Assam, Mizoram, Nagaland, Sikkim, Arunachal Pradesh, Tripura)",2025-08,2026-07,14,645.13,407.9,92.1
709857,"Planning, Engineering, Supply, Installation, Testing, Commissioning, Integration & Annual Maintenance of 4G mobile network at 1 Lakh sites on PAN India basis including Mumbai & Delhi LSA on turnkey basis under Phase IX.2 Project.",BSNL -) (-,709857,,,PAN India,2025-08,2026-07,12,24544.55,9165.89,98.56
616600,Interception and Diversion and STP works in Bhagalpur under Hybrid annuity based PPP mode-Namami Gange Programme,National Mission for Clean Ganga -) (-,616600,"Department of Water Resources, River Development & GR",Waste & Water,Bihar,2025-08,2026-07,12,413.29,126.67,97.0
616611,Sewage Treatment Plant 100MLD and Sewerage Network 288 km in Digha-Patna under Hybrid annuity based PPP mode-Namami Gange Programme,National Mission for Clean Ganga -) (-,616611,"Department of Water Resources, River Development & GR",Waste & Water,Bihar,2025-08,2026-07,12,824.0,403.34,59.0
616612,Sewage Treatment Plant 50MLD and Sewerage Network 150 km in Kankarbagh Patna under Hybrid annuity based PPP mode Namami Gange Programme,NMCG1 -) (-,616612,"Department of Water Resources, River Development & GR",Waste & Water,Bihar,2025-08,2026-07,12,578.89,174.61,55.0
616615,"Sewer Network, SPS and STP at Begusarai",National Mission for Clean Ganga -) (-,616615,,,Bihar,2025-08,2026-07,12,230.06,261.82,97.0
616616,"Sewer Networks, SPS and STP at Hajipur",National Mission for Clean Ganga -) (-,616616,,,Bihar,2025-08,2026-07,12,305.19,346.46,95.0
616594,Interception & Diversion with Rehabilitation of sewerage scheme at Agra under Hybrid annuity based PPP model-Namami Gange Programme,National Mission for Clean Ganga -) (-,616594,,,Uttar Pradesh,2025-08,2026-07,12,842.25,208.64,84.0
616605,Pollution Abatement Works for River Kali Meerut under Meerut Municipality Interception & Diversion with STP,National Mission for Clean Ganga -) (-,616605,,,Uttar Pradesh,2025-08,2026-07,12,690.71,34.79,57.0
616604,Pollution Abatement works for River Ganga at Hooghly Chinsurah- Municipal Town Interception & Diversion with STP,National Mission for Clean Ganga -) (-,616604,,,West Bengal,2025-08,2026-07,12,154.73,102.04,94.0
400100,Sardar Gouthu Latchanna Thotapalli Barrage Project,Water Resources-AP -) (-,400100,Water Resources,,Andhra Pradesh,2025-08,2026-07,12,1023.24,879.15,95.88
400101,Gundlakamma project,Water Resources-AP -) (-,400101,Water Resources,,Andhra Pradesh,2025-08,2026-07,12,697.39,624.78,98.3
701415,Polavaram Irrigation Project,Water Resources-AP -) (-,701415,Water Resources,,Andhra Pradesh,2025-08,2026-07,12,55548.87,27961.55,86.15
701370,Borolia Irrigation Project,"Department of Water Resources, River Development & GR",701370,"Department of Water Resources, River Development & GR",Water Resources,Assam,2025-07,2026-07,25,256.16,44.7,55.44
400111,Kelo Irrigation Project,Water Resources-CT -) (-,400111,Water Resources,,Chhattisgarh,2025-08,2026-07,12,727.04,620.15,73.0
701399,Kudali Irrigation Project,"Department of Water Resources, River Development & GR -) (-",701399,Water Resources,,Chhattisgarh,2025-08,2026-07,12,382.29,249.06,86.31
400097,Sardar Sarovar CADWM Project,"Narmada and Water Resources, Water Supply and Kalpsar Department-GJ -) (3365",400097,,,Gujarat,2025-08,2026-04,9,6670.31,4956.98,90.3
701372,Sardar Sarovar Project,"Narmada and Water Resources, Water Supply and Kalpsar Department-GJ -) (-",701372,Water Resources,,Gujarat,2025-08,2026-07,12,33412.5,31969.4,93.7
701376,"Subernarekha Multipurpose Project, Jharkhand",Department of Water Resources-JH -) (-,701376,Water Resources,,Jharkhand,2025-08,2026-07,12,9579.58,6040.27,70.0
701377,Upper Tunga Irrigation Project,Water Resources-KA -) (-,701377,Water Resources,,Karnataka,2025-07,2026-07,13,1606.07,1515.6,99.32
400096,Omkareshwar CADWM Project,Water resource-mp -) (3367,400096,,,Madhya Pradesh,2025-07,2026-04,10,648.09,208.06,49.78
400115,Bargi Diversion Project Phase - IV [km. 154 to km 197],Water Resources-MP -) (-,400115,Water Resources,,Madhya Pradesh,2025-07,2026-07,13,893.35,814.02,75.0
400116,Bargi Diversion Project Phase - III [km. 104 to km 154],Water Resources-MP -) (-,400116,Water Resources,,Madhya Pradesh,2025-07,2026-07,13,1399.7,2270.96,81.52
400095,Gosikhurd CADWM Project,Department of water resources-MH - II -) (3368,400095,,,Maharashtra,2025-07,2026-04,10,743.73,459.06,53.93
400105,Urmodi Irrigation Project,Department of water resources-MH - II -) (3335,400105,,,Maharashtra,2025-07,2026-04,10,895.81,713.46,76.22
400107,Sulwade-Jamphal-Kanoli Lift Irrigation Scheme,Department of water resources-MH - II -) (3330,400107,,,Maharashtra,2025-07,2026-04,10,2407.67,2779.38,80.54
400109,Purna Barrage-2 [Ner Dhamana] Medium Irrigation Project,Department of water resources-MH - II -) (3323,400109,,,Maharashtra,2025-07,2026-04,10,888.43,690.49,69.63
400112,Jigaon Irrigation Project,Department of water resources-MH - II -) (3314,400112,,,Maharashtra,2025-07,2026-04,10,7222.95,10516.63,92.0
617422,Bodwad Parisar Sinchan Yojna,Department of Water Resources-MH -) (-,617422,Water Resources,,Maharashtra,2025-09,2026-07,12,1923.81,338.91,49.6
701383,Waghur Project,Department of water resources-MH - II -) (-,701383,Water Resources,,Maharashtra,2025-07,2026-07,13,1758.51,1642.5,89.57
701386,Gosikhurd Project,Department of water resources-MH - II -) (-,701386,Water Resources,,Maharashtra,2025-07,2026-07,13,12770.1,14439.46,72.65
701391,Aruna Medium Irrigation Project,Department of water resources-MH - II -) (-,701391,Water Resources,,Maharashtra,2025-07,2026-07,13,1472.14,1734.71,100.0
701396,Lower Pedhi Project,Department of water resources-MH - II -) (-,701396,Water Resources,,Maharashtra,2025-07,2026-07,13,1480.7,3066.05,65.0
701398,Nardave Medium Irrigation Project,Department of water resources-MH - II -) (-,701398,,,Maharashtra,2025-07,2026-07,13,781.85,879.8,75.0
701400,Thoubal Multipurpose Project,Water Resources Department-MN,701400,"Department of Water Resources, River Development & GR",Water Resources,Manipur,2025-07,2026-07,26,1822.24,1848.17,99.0
701412,North Koel Reservoir Project,"Department of Water Resources, River Development & GR -) (-",701412,,,"Multi-States (Bihar, Jharkhand)",2025-07,2026-07,13,2430.76,345.94,47.0
701530,Ken-Betwa Linking Development Project,"Department of Water Resources, River Development, -) (-",701530,,,"Multi-States (Madhya Pradesh, Uttar Pradesh)",2026-02,2026-07,7,21030.0,8530.86,0.0
603945,Integrated Anandpur Barrage Project,Water Resources-OR -) (-,603945,,,Odisha,2025-07,2026-07,13,2990.05,2810.1,62.85
701402,"Subernarekha Project, Odisha","Department of Water Resources, River Development & GR -) (-",701402,,,Odisha,2026-02,2026-07,7,7023.19,8327.62,95.5
701404,Kanupur Irrigation Project,Irrigation and CAD-TG -) (-,701404,,,Odisha,2025-07,2026-07,13,2301.28,2804.16,79.5
701410,Relining of Rajasthan feeder and Sirhind Feeder canal,Department of Water Resources-PB -) (-,701410,,,Punjab,2025-07,2026-07,13,2462.16,2364.12,95.0
701411,Shahpur Kandi Dam Project,Department of Water Resources-PB -) (-,701411,,,Punjab,2025-07,2026-07,13,2715.7,2201.94,88.0
400102,Sri Ram Sagar Project Stage - II,Irrigation and CAD-TG -) (-,400102,,,Telangana,2025-07,2026-07,13,949.87,971.47,97.0
400103,Indiramma Flood Flow Canal Project,Irrigation and CAD-TG -) (-,400103,,,Telangana,2025-07,2026-07,13,5940.09,4491.08,92.0
701405,J. Chokka Rao Devadula Lift Irrigation Scheme,Irrigation and CAD-TG -) (-,701405,,,Telangana,2025-07,2026-07,13,14730.0,4841.09,87.7
701406,Rajiv Bhima Lift Irrigation Scheme,Irrigation and CAD-TG -) (-,701406,,,Telangana,2025-07,2026-06,12,2509.66,1839.76,100.0
400093,Saryu Nahar CADWM Project,Irrigation & Water Resources-UP -) (3370,400093,,,Uttar Pradesh,2025-07,2026-04,10,1672.7,22.24,1.76
701395,Morna [Gureghar] Irrigation Project,"Department of Water Resources, River Development & GR -) (-",701395,,,Uttar Pradesh,2025-07,2026-06,12,219.9,115.2,31.5
701408,Madhya Ganga canal Phase-II,Irrigation & Water Resources-UP -) (-,701408,,,Uttar Pradesh,2025-07,2026-07,13,4417.21,4575.74,82.39
613787,Jamrani Dam Multipurpose Project,Irrigation-UK -) (-,613787,,,Uttarakhand,2025-07,2026-07,13,2584.1,1307.15,26.22
617727,Orvakal Industrial Area,NICDC -) (-,617727,"Ministry of Ports, Shipping and Waterways",Real Estate,Andhra Pradesh,2026-04,2026-07,5,2786.0,356.05,16.22
617729,Kopparthy Industrial Area,NICDC -) (-,617729,"Ministry of Ports, Shipping and Waterways",Real Estate,Andhra Pradesh,2026-04,2026-07,5,2136.0,39.75,5.39
701668,Development of Palakkad Node under extension of CBIC to Kochi,National Industrial Corridor Development Corporation -) (-,701668,,,Kerala,2026-04,2026-07,5,3805.0,57.93,5.3
601812,Development of Zaheerabad Node under Hyderabad Nagpur Industrial Corridor,National Industrial Corridor Development Corporation -) (-,601812,,,Telangana,2026-04,2026-07,5,2360.0,42.89,4.87
707419,IMC at Prayagraj,National Industrial Corridor Development Corporation -) (-,707419,,,Uttar Pradesh,2026-04,2026-07,5,658.0,75.63,27.79
611961,Construction of IIT Bhubaneswar -Phase III,"Indian Institute of Technology, Bhubaneshwar -) (-",611961,,,Odisha,2026-04,2026-07,5,454.27,102.15,10.45
617764,North Dhadu Western Part OCP,NLC India Limited [NLCIL] -) (-,617764,,,Jharkhand,2026-04,2026-07,5,1354.2,233.77,40.0
618981,810 MW Solar Power Project - Rajasthan,NLC India Limited [NLCIL] -) (-,618981,Electricity Generation,,Rajasthan,2026-04,2026-07,5,4147.07,249.95,0.0
612878,Bangalore Metro Rail Project - PHASE-3,Bengaluru Metro Rail -) (-,612878,Ministry of Housing & Urban Affairs,Urban Public Transport,Karnataka,2026-04,2026-07,5,15611.0,0.0,3.8
702958,Lucknow Sewerage Management Infrastructure Project,Ministry of Housing & Urban Affairs -) (-,702958,,,Uttar Pradesh,2026-04,2026-07,5,173.21,152.65,95.0
619313,Setting up of 50 MW [plus/minus 5 percent] Wind Power Plant for Captive Consumption at MR,Bharat Petroleum Corporation Limited [BPCL] -) (-,619313,Department of Sports,Energy Storage,Maharashtra,2026-04,2026-07,5,483.14,380.62,77.9
619316,"Group Gathering Station, Lakwagaon",Oil India Limited -) (-,619316,Oil & Gas,,Assam,2026-04,2026-07,9,495.59,20.04,7.8
619314,Pipeline Replacement Project- PRP-IX,Oil and Natural Gas Corporation Limited [ONGC] -) (-,619314,,,Offshore,2026-04,2026-07,5,6175.0,979.47,23.5
619312,Bulk Loading Hub- Kanpur,Bharat Petroleum Corporation Limited [BPCL] -) (-,619312,,,Uttar Pradesh,2026-04,2026-07,5,186.0,104.24,62.5
619311,Kalai-II Hydro Electric Project [1200 MW],THDC India Limited -) (-,619311,,,Arunachal Pradesh,2026-04,2026-07,9,14105.83,189.68,0.0
611716,700 MW Tato-II HE Project,North Eastern Electric Power Corporation Limited -) (-,611716,,,Arunachal Pradesh,2026-04,2026-07,9,8146.21,253.97,6.59
619056,"Darlipali Super Thermal Power Project, Stage-II [1x800 MW]",National Thermal Power Corporation [NTPC] -) (-,619056,,,Odisha,2026-04,2026-07,5,11131.0,566.2,2.7
615336,Transmission system for evacuation of Power from REZ in Rajasthan [20 GW] under phase-III Part-D Phase-II,Power Grid Corporation of India Limited [POWERGRID] -) (-,615336,Transmission & Distribution,,Delhi,2026-04,2026-07,5,284.0,90.88,45.94
619228,Transmission System Strengthening for integration of additional RE Potential at Davanagere [0.25 GW] and Bellary [2.75 GW],Power Grid Corporation of India Limited [POWERGRID] -) (-,619228,,,Karnataka,2026-04,2026-07,5,1111.0,22.22,1.0
619227,Network Expansion Scheme in Maharashtra for removal of Transmission constraints in Pune Region-I [765/400kV AIS Pune East],Power Grid Corporation of India Limited [POWERGRID] -) (-,619227,,,Maharashtra,2026-04,2026-07,5,1420.0,38.9,3.92
617239,Narkatiaganj-Raxaul-Sitamarhi-Darbhanga & Sitamarhi-Muzaffarpur Sections doubling 256 km Umbrella work PB57/2019-20/NR,CAO/Con/North/MHX ECR mor -) (-,617239,,,Bihar,2026-04,2026-07,5,4079.96,18.9,0.0
706865,Chandorgaon-Cansaulim rail flyover 16 km Umbrella work PB57/2019-20/NR,CAOC/SWR SWR mor -) (-,706865,,,Goa,2026-04,2026-07,5,1892.0,0.0,0.0
617880,Desalpar-Hajipir-Luna and Vayor-Lakhpat New Line,Western Railway [WR] - II -) (-,617880,,,Gujarat,2026-04,2026-06,4,2526.47,0.0,0.0
616983,Kosamba Umarpada GC PROJECT,Ministry of Railways- -) (-,616983,,,Gujarat,2026-04,2026-07,5,467.58,70.54,16.0
705747,Parasnath-Madhuban-Giridih new line,East Central Railway [ECR] - I -) (-,705747,,,Jharkhand,2026-04,2026-06,4,902.86,0.0,0.1
705762,Construction of New BG line between Hassan [Alur] to Belur [ Km 27.34],CAOC/SWR SWR mor -) (-,705762,,,Karnataka,2026-04,2026-06,4,748.86,3.64,0.0
705493,Hubli-Ankola 167 km,CAOC/SWR SWR mor -) (-,705493,,,Karnataka,2026-04,2026-07,5,533.32,186.31,10.0
705464,Bangalore-Satyamanglam New Line Project [260 Km] - Part Hejjala - Chamarajanagar [142 Km],South Western Railway [SWR] - II -) (-,705464,,,Karnataka,2026-04,2026-06,4,1382.78,0.0,0.0
612845,Pachora-Jamner with extension upto Malkapur-Narrow gauge to broad gauge 84 km,CAOC/CR CR mor -) (-,612845,,,Maharashtra,2026-04,2026-07,5,2093.82,294.53,10.0
705497,Wardha - Yavatmal Nanded Railway Line Project,Central Railways -) (-,705497,,,Maharashtra,2026-04,2026-07,5,4030.69,4053.03,47.0
705396,Byrnihat-Shillong New Rail Line- 108 km,Northeast Frontier Railway [NFR] -) (-,705396,,,Meghalaya,2026-04,2026-06,7,8342.28,266.12,2.04
705394,Teteliya-Byrnihat 21.5 km,CAO/C-II/NFR NFR mor -) (-,705394,,,"Multi-States (Assam, Meghalaya)",2026-04,2026-07,9,1432.14,1272.35,87.0
615915,Rourkela-Bondamunda A-Cabin 5th line 10 km Umbrella work PB57/2019-20/NR,CAO/C/SER SER mor -) (-,615915,,,Odisha,2026-04,2026-07,5,244.99,155.23,45.0
616839,Gunupur - Therubali new line 73.62 km,CAO/C/ECOR ECoR mor -) (-,616839,,,Odisha,2026-04,2026-07,5,1165.73,1.95,0.0
607653,Ludhiana Mullanpur 21Km Doubling Railway project,CAO/C/NR -) (-,607653,,,Punjab,2026-04,2026-07,5,234.78,61.39,99.0
706836,Dedicatedtest track for RDSO Phase-2 34 km Umbrella work PB22/2019-20/NR,CAOC/NWR NWR mor -) (-,706836,,,Rajasthan,2026-04,2026-07,5,619.19,586.33,98.0
705489,Madurai-Tuticorin via Aruppukkottai 143.5 km,CAOC/SR SR mor -) (-,705489,,,Tamil Nadu,2026-04,2026-07,4,2053.39,351.21,14.0
619102,4 L of China Orampadu-Renigunta section of NH-716 Package-II of Kadapa- Renigunta section,NHAI -) (-,619102,,,Andhra Pradesh,2026-04,2026-07,5,1500.11,121.06,2.25
618633,4L of Kadapa China Orampadu section of NH-716 Package I of Kadapa-Renigunta section,NHAI -) (-,618633,,,Andhra Pradesh,2026-04,2026-07,5,1732.66,106.39,5.01
619014,"lmprovement and Widening to 2 lane with paved Shoulder of NH-15 old NH-52 from Existing Km 770.600 Design Km 24.819 to Existing km 805.750 Design Km 59.885 Kamlang T-Junction to Chowkham, Existing Length 35.150 Km, Design Length-35.066 Km in the state of Arunachal Pradesh on EPC mode Pkg-2",NHIDCL -) (-,619014,,,Arunachal Pradesh,2026-04,2026-07,9,316.73,34.98,15.06
706724,Guwahati Airport New Integrated Terminal Building Construction Project,Adani Airport Holdings Limited -) (-,706724,Ministry of Civil Aviation,Aviation & Aviation Infrastructure,Assam,2025-07,2026-07,26,2520.0,2670.23,99.5
706718,C/o NITB Imphal Airport,Airport Authority of India [AAI] -) (-,706718,Ministry of Civil Aviation,Aviation & Aviation Infrastructure,Manipur,2025-07,2026-07,26,499.0,212.17,53.14
612793,"Widening of basic strip at Western Side of Runway Chainage 80m to 920m i/c slope stabilization Measures [Balance work] of uphill and Improvement of Storm Water Drainage System at Pakyong Airport, Sikkim on design & build basis [EPC] with integrated 10 years maintenance.",Airport Authority of India [AAI] -) (-,612793,,,Sikkim,2025-07,2026-07,26,323.26,87.61,36.14
615820,TIKAK EXTENSION OCP,INVALID CO. -) (-,615820,Ministry of Coal,Coal,Assam,2025-07,2026-07,26,159.77,112.69,89.73
615821,TIRAP OCP,INVALID CO. -) (-,615821,Ministry of Coal,Coal,Assam,2025-07,2026-07,26,289.46,105.66,5.0
612898,Construction of Permanent Campus of National Institute of Technology Arunachal Pradesh,"National Institute of Technology, Arunachal Pradesh -) (-",612898,Ministry of Mines,Education,Arunachal Pradesh,2025-07,2026-07,26,592.61,551.3,80.0
606112,Tezpur University Projects,Tezpur University -) (-,606112,Ministry of Mines,Education,Assam,2025-07,2026-07,26,153.71,266.14,97.98
612885,Construction and Developement of National Institute of Technology Meghalaya Permanent Campus at Sohra,"National Institute of Technology, Meghalaya -) (-",612885,,,Meghalaya,2025-07,2026-07,23,429.7,377.82,97.5
612876,"Construction of Permanent Campus for NIT Mizoram at Lengpui, Aizawl",NIT Mizoram -) (-,612876,,,Mizoram,2025-07,2026-07,25,474.23,167.55,4.0
613013,Establishment of NIT Nagaland,NIT Nagaland -) (-,613013,,,Nagaland,2025-07,2026-07,25,275.63,263.25,98.0
609736,"Construction of Sikkim University Campus Phase-I Package-II at Yangang, South Sikkim",Sikkim University -) (-,609736,,,Sikkim,2025-07,2026-07,25,340.55,292.0,96.5
612883,Establishment of Permanent Campus of NIT SIkkim at Khamdong-Gangtok District,NIT Sikkim -) (-,612883,,,Sikkim,2025-07,2026-07,25,610.76,283.56,38.0
400081,"National Sports University [NSU], Imphal [Manipur]",Department of Sports & Youth Affairs -) (-,400081,Department of Sports,Education,Manipur,2025-10,2026-07,21,611.74,577.32,97.5
602182,Dibang Multipurpose Project,National Hydroelectric Power Corporation Limited [NHPC] -) (-,602182,Electricity Generation,Electricity Generation,Arunachal Pradesh,2025-07,2026-07,26,31876.39,4921.36,17.93
611698,240MW Heo HE Project,North Eastern Electric Power Corporation Limited -) (-,611698,Electricity Generation,Electricity Generation,Arunachal Pradesh,2025-07,2026-07,26,1938.85,106.28,6.58
611699,186 MW Tato-I H E Project,North Eastern Electric Power Corporation Limited -) (-,611699,,,Arunachal Pradesh,2025-07,2026-07,26,1750.07,79.45,5.6
602096,Subansiri Lower HE Project [2000 MW],National Hydroelectric Power Corporation Limited [NHPC] -) (-,602096,,,"Multi-States (Arunachal Pradesh, Assam)",2025-07,2026-07,26,26075.54,26448.07,97.98
602181,"TEESTA-VI HE PROJECT, SIKKIM [500 MW], executed by LANCO TEESTA HYDRO POWER LIMITED [A wholly owned Subsidiary of NHPC LTD. acquired through NCLT]",National Hydroelectric Power Corporation Limited [NHPC] -) (-,602181,,,Sikkim,2025-07,2026-07,26,5748.04,4572.68,73.78
605156,Rangit-IV HE Project [120 MW] executed by Jal Power Corporation Ltd. [JPCL] - A wholly owned subsidiary of NHPC Ltd. acquired through NCLT,National Hydroelectric Power Corporation Limited [NHPC] -) (-,605156,,,Sikkim,2025-07,2026-07,26,1828.11,1718.16,97.56
617375,North Eastern Region Expansion Scheme-XXIII [NERES-XXIII],Power Grid Corporation of India Limited [POWERGRID] -) (-,617375,Transmission & Distribution,,Arunachal Pradesh,2025-09,2026-07,23,209.38,3.14,3.89
602223,Comprehensive Scheme for Strengthening of Transmission and Distribution [T&D] Systems [CSST&DS] in Arunachal Pradesh and Sikkim,Power Grid Corporation of India Limited [POWERGRID] -) (-,602223,,,"Multi-States (Arunachal Pradesh, Sikkim)",2025-07,2026-07,26,9129.32,8141.52,83.9
607709,NORTH EASTERN REGION POWER SYSTEM IMPROVEMENT PROJECT [NERPSIP],Power Grid Corporation of India Limited [POWERGRID] -) (-,607709,,,"Multi-States (Assam, Manipur, Meghalaya, Mizoram, Nagaland, Tripura)",2025-07,2026-07,26,6700.0,5577.75,99.2
709755,"Setting up of new rail fed POL facility at Kamardanga, Assam",Hindustan Petroleum Corporation Limited -) (-,709755,Department of Sports,Energy Storage,Assam,2025-07,2026-07,26,384.04,250.07,87.5
709754,"Construction of LPG Facilities at Kamardanga, Assam",Hindustan Petroleum Corporation Limited -) (-,709754,Department of Sports,Energy Storage,Assam,2025-07,2026-07,26,156.36,114.1,83.8
701349,Paradip-Numaligarh Crude Oil Pipeline [PNCPL] & Crude Oil Import Terminal [COIT] at Paradip,Numaligarh Refinery Limited -) (-,701349,,,West Bengal,2025-07,2026-07,25,12407.0,11168.49,93.2
617829,LPG Bottling Plant at Mualkhang,Indian Oil Corporation Limited [IOCL] -) (-,617829,Department of Sports,Energy Storage,Mizoram,2025-11,2026-07,19,225.71,32.45,34.0
400035,"Grass Root Rail-fed Depot at Sekerkote, Agartala as resitement of existing Dharmanagar Depot",Indian Oil Corporation Limited [IOCL] N16000495) (4373,400035,,,Tripura,2025-07,2026-05,22,656.0,541.81,97.7
709865,Power Recovery Turbine [PRT] in PFCCU unit as an Energy Conservation Scheme,Numaligarh Refinery Limited -) (-,709865,Oil & Gas,,Assam,2025-07,2026-07,25,293.5,81.84,99.0
709864,DCU Revamp Project,Numaligarh Refinery Limited -) (-,709864,Oil & Gas,,Assam,2025-07,2026-07,25,370.0,310.38,80.5
709850,Borholla GGS Life Extension Project [BLEP],Oil and Natural Gas Corporation Limited [ONGC] -) (-,709850,Oil & Gas,,Assam,2025-07,2026-07,25,198.7,110.99,63.5
709847,Pipeline Network Project Rudrasagar,Oil and Natural Gas Corporation Limited [ONGC] -) (-,709847,Oil & Gas,,Assam,2025-07,2026-07,25,481.03,238.83,55.4
604791,Numaligarh Refinery Expansion Project,Numaligarh Refinery Limited -) (-,604791,Oil & Gas,,Assam,2025-07,2026-07,26,25313.0,20411.19,87.0
604863,Development of Surface Facilities for production and evacuation of Crude Oil and Natural Gas from Nadua and East Khagorija,Oil India Limited -) (-,604863,Oil & Gas,,Assam,2025-07,2026-07,26,726.93,601.12,94.4
709779,Capacity Expansion of Digboi Refinery from 0.65 to 1.0 MMTPA,Indian Oil Corporation Limited [IOCL] -) (-,709779,Oil & Gas,,Assam,2025-07,2026-07,25,740.0,250.84,60.1
607701,"Guwahati Refinery Expansion [1.0 to 1.2 MMTPA] along with installation of CRU, Guwahati Refinery",Ministry of Petroleum & Natural Gas N16000414) (4908,607701,,,Assam,2025-07,2026-04,19,577.0,457.64,94.9
709776,Augmentation/Revamping of Facilities at existing Guwahati Terminal at Betkuchi,Indian Oil Corporation Limited [IOCL] -) (-,709776,Oil & Gas,,Assam,2025-07,2026-07,25,323.09,236.16,84.3
616858,"Construction of Field Gas Gathering Station at Baghjan area for collection, processing & transportation of natural Gas to be produced from Baghjan Field",Oil India Limited -) (-,616858,Oil & Gas,,Assam,2025-07,2026-07,25,430.76,348.65,95.9
617827,"Pipeline Rehabilitation Project, Phase-II",Oil India Limited -) (-,617827,Oil & Gas,,Assam,2025-11,2026-07,19,680.0,13.53,29.0
617836,Coke Drum Structure Package,Numaligarh Refinery Limited -) (-,617836,Oil & Gas,,Assam,2025-11,2026-07,18,635.28,464.46,72.0
701346,North East Gas Grid,Indradhanush Gas Grid Limited -) (-,701346,,,Tripura,2025-07,2026-07,26,9265.0,7008.0,88.2
709786,"Augmentation/ Revamping of Dimapur Depot, Dimapur",Indian Oil Corporation Limited [IOCL] -) (-,709786,,,Nagaland,2025-07,2026-07,25,227.62,28.03,43.0
709837,"Creation of Gas Dehydration Facilities, Tripura Asset",Oil and Natural Gas Corporation Limited [ONGC] -) (-,709837,,,Tripura,2025-07,2026-07,25,131.51,81.31,71.3
707039,Establishment of new GMC Gangtok,"Medical Education, Ministry of Health and Family Welfare -) (-",707039,,,Sikkim,2026-01,2026-07,15,635.21,667.21,92.0
612201,"Construction of 200 bedded ESIC Hospital with 62 Nos Staff quarters , Beltola",Employee's State Insurance Company [ESIC] -) (5630,612201,Ministry of Labour and Employment,Healthcare,Assam,2025-10,2026-04,15,154.75,130.08,98.0
705572,New Bongaigaon - Goalpara - Guwahati Kamakhya 176 km,CAO/C-III/NFR NFR mor -) (-,705572,,,Assam,2025-07,2026-07,26,4983.94,3821.96,91.0
706922,Guwahati-Dibrugarh via Tinsukia & Simaluguri-Dibrugarh,Central Organisation for Railway Electrification [CORE] -) (-,706922,,,Assam,2025-07,2026-06,24,889.36,391.73,89.0
706940,"Mariani-Jorhat, Tinsukia-Dangri and Makum -TirapTrack Electrification Project",GM/C/ NFR -) (-,706940,,,Assam,2025-08,2026-06,22,183.99,0.0,0.0
706942,Harmuty-Murkongselek Branch Line Electrification Project,GM/C/ NFR -) (-,706942,,,Assam,2025-08,2026-06,22,237.52,0.0,0.0
618986,Furkating-New Tinsukia[194 Km],Northeast Frontier Railway [NFR] -) (-,618986,,,Assam,2025-12,2026-06,15,3633.58,0.0,0.0
705391,Jiribam-Imphal 110 km,CAO/C-III/NFR NFR mor -) (-,705391,,,Manipur,2025-08,2026-07,24,21886.0,16931.5,78.0
705401,Murkongselek-Pasighat 26.15 km,CAO/C-II/NFR NFR mor -) (-,705401,,,"Multi-States (Arunachal Pradesh, Assam)",2025-07,2026-07,26,1334.45,1057.21,67.0
705392,Dimapur-Kohima 88 km,CAO/C-1/NFR NFR mor -) (-,705392,,,"Multi-States (Assam, Nagaland)",2025-07,2026-07,26,15310.23,6719.53,45.0
616701,Lumding-Furkating section 140 km Umbrella work PB57/2019-20/NR,CAO/C-1/NFR NFR mor -) (-,616701,,,Assam,2025-07,2026-07,26,2123.7,200.23,1.0
705432,Sivok-Rangpo New Rail Line,Indian Railway Construction International Limited [IRCON] -) (-,705432,,,"Multi-States (Sikkim, West Bengal)",2025-07,2026-07,26,11775.05,11090.47,80.0
617892,Construction of 2-lane road of Potin to Pangin section of NH-13 from Km 163.59 to Km 206.66 Package-5 on EPC Mode in the State of Arunachal Pradesh under Arunachal Pradesh Package of Roads and Highways of SARDP-NE [Job No SARDP-NE/P- P/Pkg-A/NH-13/Ar.Pr./PWD/2018-19/116],MoRTH -) (-,617892,,,Arunachal Pradesh,2025-12,2026-07,15,450.65,345.01,96.61
618033,4-Laning of Itanagar to Bandardewa section of NH-415from km 40430 to km 51735 Package-Bon EPC Mode in the state of Arunachal Pradesh Job NO. 415/Ar. P/2020-21/031,MoRTH,618033,Ministry of Railways,Roads & Highways,Arunachal Pradesh,2025-12,2026-06,13,496.47,171.91,51.37
618445,Construction of 2-Laning with hard shoulders of Demwe-Brahmakund section of NH- 13 from Ch.0.00 km to 18.464 km on EPC under SARDP-NE NHO-NE -Balance Work,NHIDCL -) (-,618445,,,Arunachal Pradesh,2026-02,2026-07,13,353.9,26.82,19.57
618401,"Construction of Intermediate Lane with Hard Shoulder of Hunli to Hayuliang Package- III from design Km 60.000 to Km 121.500 Design Length 61.500 km, Greenfield Section of Frontier Highway NH-913 in the State of Arunachal Pradesh on EPC Mode Pkg-3",NHIDCL -) (-,618401,,,Arunachal Pradesh,2026-01,2026-07,14,1418.67,93.19,1.7
618402,"Construction of Intermediate Lane with Hard Shoulder of Hunli to Hayuliang from Design Km 0.000 to Km 53.000 Design Length 53.000 km, Greenfield Section of Frontier Highway NH-913 in the State of Arunachal Pradesh on EPC Mode Package-I",NHIDCL -) (-,618402,,,Arunachal Pradesh,2026-01,2026-07,13,1262.43,255.45,19.13
618403,Construction of Intermediate Lane Road with hard shoulder from design Km 0.000 to Km 17.387 Total length 17.387 km of Hunli to Ithun Bridge section on NH-913 Frontier Highway in State of Arunachal Pradesh on EPC mode under NHO-NE,NHIDCL -) (-,618403,,,Arunachal Pradesh,2026-01,2026-07,14,275.5,163.15,56.18
618404,Construction of lntermediate Lane Road with hard shoulder from design chainage Km 0.000 to Km 53.040 Existing Length68.500 Km & Total Design length 53.04 km of Tato to Monigong section of NH-913 Frontier Highway on Nafra Bomdila to Vijaynagar along China border in state of Arunachal pradesh on EPC mode,NHIDCL -) (-,618404,,,Arunachal Pradesh,2026-02,2026-07,13,625.61,269.64,22.81
618405,"Construction of Intermediate Lane of Pango to Jorging Road from 0000 to Design Km Design Km 40000 Design Length 40.00 Km, Pkg-l, Greenfield Alignment in the State of Arunachal Pradesh on EPC mode Pkg-1",NHIDCL -) (-,618405,,,Arunachal Pradesh,2026-01,2026-07,14,898.19,255.52,39.86
618434,Roing-Hunli Road Greenfield Alignment Project,NHIDCL -) (-,618434,,,Arunachal Pradesh,2025-12,2026-07,16,1718.59,1123.4,82.45
618433,Construction of Balance work of 2-Lane with PS of Joram Koloriang Road from existing Km122.600 to km138.00 [Design Km108.724 to Km123.714] in Arunachal Pradesh on EPC Mode under SARDP-NE Pkg-7,NHIDCL -) (-,618433,,,Arunachal Pradesh,2025-12,2026-07,16,184.89,156.42,99.69
618432,Construction of Balance work of 2-Lane with PS of Joram-Koloriang Road NH-713 on EPC basis from Design Km 44.989 to Km 61.547 Existing Km 50.050 to Km 70.000 in the state of Arunachal Pradesh under SARDP-NE Pkg-3,NHIDCL N24001390) (-,618432,,,Arunachal Pradesh,2025-12,2026-05,12,228.72,0.0,99.52
617896,"Construction of 4 lane Gauripur Bypass Starting bfrom Km 852.56 of NH- 31Dumardoha Pt-II and Terminating at Km 862.17 Baladmara via. Khudimari Pt.- II, Fulkumari, Charaldanga, Sajuakuti,Geramari Pt.-III and finally meeting at km 862.17 of NH-17New/ NH-31Old in the State of Assam under EPC Mode Job no. 31/AS/ 2023- 24/265",MoRTH -) (-,617896,,,Assam,2026-01,2026-07,14,421.15,0.0,34.0
617895,Construction of Mangaldoi Bypass NH-15 starting at Ch 26400 and terminating at Ch 41505 under Rangia NH Division L 15.105 Km in the State of Assam. Job No. 15/AS/2021-22/234,MoRTH -) (-,617895,,,Assam,2025-12,2026-07,16,535.03,209.27,76.32
618034,Construction of 2 lane Barpeta Bypass from Km 77900Baradi to Km 86150 Deurikuchi Length8.25Km on NH-427 in the state of Assam under EPC ModeJob No.427/AS/2022-23/245,MoRTH -) (-,618034,,,Assam,2026-01,2026-07,14,173.65,11.38,20.0
618159,"Construction of new 2 Lane with paved shoulders of NH Standards from km 0.080 to km 11.690 L11.610 km in Majuli and from km 19.715 to km 27.484 L 7.769 km in Jorhat on the newly declared NH 715K and construction of 1.10 km flyover on NH-715 with its approaches and service roads L1.10 km, Total Length 20.479 km in the State of Assam Job No. 715K/AS/2023-24/256",MoRTH -) (-,618159,,,Assam,2026-01,2026-07,15,382.1,28.96,6.7
618160,"Construction of 2 lane Major Bridge including approaches over Brahmaputra between Majuli on North Bank and Jorhat on South Bank from km. 11.690 to km. 19.715 length of bridge 6,812.5m Package - II on NH-715K in the state of Assam Job no. 715/AS/2020-21/213",MoRTH -) (-,618160,,,Assam,2026-01,2026-07,15,1019.17,0.0,3.25
618282,4-L Bilasipara-Guwahati Package-10,NHIDCL -) (-,618282,,,Assam,2025-12,2026-07,16,1264.9,632.99,64.48
618283,4-L Bilasipara-Guwahati Package-9,NHIDCL -) (-,618283,,,Assam,2025-12,2026-07,16,1000.27,505.47,59.78
618284,Widening/Improvement to 4-Lane with paved shoulder from Km 99930 to Km 143680 Design Chainage 96000 to 139750 of Paikan to Dhupdhara Sahar of Bilasipura- Guwahati Road on NH-17 in the state of Assam on EPC mode under Bharatmala Pariyojana in Economic Corridors Project Length 43.750km under NHO-NE Package- 8,NHIDCL -) (-,618284,,,Assam,2025-12,2026-07,16,1457.59,962.73,85.87
618285,Widening/Improvement to 4 -Lane with Paved Shoulder from Ch. 88.000km to Ch.99.930 km Design Ch.84.100km to Ch.96.000 km of Sagunbashi forest near Nichinta to starting of Krishnai Bypass Section of Bilasipura Guwahati road NH 17 on EPC Package-7,NHIDCL N24001368) (-,618285,,,Assam,2025-12,2026-05,12,286.72,186.64,100.0
618286,Construction of New 2-Lane Bridge with its approaches from km 0000 to Km 4385 across River Brahmaputra on NH-17 at Jogighopa in Assam on EPC mode,NHIDCL -) (-,618286,,,Assam,2025-12,2026-07,16,746.76,435.79,81.07
618287,"Widening/Improvement to 4-Lane with paved Shoulder from Ch. 25.633 Km to Ch. 52.470 Km Design Ch. 21.850 Km to Ch.48.670 Km for Package-2 of Bilasipura- Guwahati road NH-17 Section Near Mowatari, before Chapar Bypass to Tulungia junction with NH-17 in the state of Assam on HAM mode under NHO-NE Package-2",NHIDCL -) (-,618287,,,Assam,2026-01,2026-07,14,1338.61,199.15,12.45
618288,"Widening/lmprovement to 4-Lane with Paved Shoulder from Ch.5.580 Km to Ch.25.633 Km Design Ch.0.000 Km to Ch.17.737km Km 901.100 to Km 921.145 of old NH-31 of Bilasipara- Guwahati road NH-17 Section Near Chirakuta to near Mowatari, before Chapar Bypass in the state ol Assam on HAM mode Package-1",NHIDCL -) (-,618288,,,Assam,2026-01,2026-07,14,1081.15,163.12,35.0
618289,Construction and up gradation to 4-Lane of existing two lane with paved shoulder from Hapachara to Tulungia road of NH-117 of existing Km 0.00 to km 14.050 and Design Km 0.000 to km 14.660 under BMP on EPC mode,NHIDCL -) (-,618289,,,Assam,2025-12,2026-07,16,224.85,209.95,97.76
618308,Construction of 4-Lane Panchgram Bypass from Design Chainage km 15500 on NH- 37 Old NH-53 at Kalinagar Pt.-I Village to Design Chainage km 27300 at crossing with NH-6 Old NH-44 Near Siddeswar Pt.-I Village on Silchar - Churaibari stretch in the State of Assam on EPC Mode under Bharatmala Pariyojana in Economic Corridors Silchar- Churaibari Package-2,NHIDCL -) (-,618308,,,Assam,2025-12,2026-07,16,728.97,339.78,57.17
618309,Widening/lmprovement to 4-Laning and Greenfield alignment with Paved shoulder of Silchar-Badarpur Churaibari section of NH-37 & NH-8 from Design chainage 38.600 End point of proposed Badarpur Bypass to Km. 62.800 Start point of proposed Nilambazar/Cheragi Bypass in the state of Assam on HAM Mode Package-4,NHIDCL -) (-,618309,,,Assam,2026-01,2026-07,15,1319.55,185.17,23.07
618310,Widening/lmprovement to 4-L of Karimgani - sutarkandi section of NH 37 from design Ch 0020 Start of proposed Karimganj Bypass from NH -8 to design Chainage Km 14380 near Sutarkandi Spur Connectivity to Indo/Bangladesh Border on Silchar- Churaibari in the State of Assam on HAM Mode Package-7,NHIDCL -) (-,618310,,,Assam,2026-02,2026-07,12,791.79,135.54,41.88
618311,Widening/lmprovement to 4-Lane with Paved shoulder for existing as well as Greenfield alignment of Badarpur Churaibari section of NH-8 from Design chainage 87.700 Chandkhira to Km. 106.500 Churaibari section Assam-Tripura border in the state of Assam on HAM Mode Package-6,NHIDCL -) (-,618311,,,Assam,2026-02,2026-07,12,870.0,158.08,40.99
618312,Widening/lmprovement to 4-Lane with Paved Shoulder from existing road and Greenfield alignment form Design Ch. 62.800 start of proposed Nilambazar/Cheragi Bypass to Design Ch. 87.700 near Chandkhira Village of NH-8 on Silchar-Churaibari in the state of Assam on HAM Mode Package-5,NHIDCL -) (-,618312,,,Assam,2026-01,2026-07,14,1258.13,186.86,14.04
618313,Widening/lmprovement of Existing 2 lane to 4-Laning of Karimganj-Silchar section of NH-37 from Design Ch 0.000 near Silchar ISBT to Design Ch 15.970 near Kalinagar Pt I on NH-37 in Assam on HAM Mode Pkg-1,NHIDCL -) (-,618313,,,Assam,2026-01,2026-07,15,1181.55,178.62,41.26
618314,4-Laning of Dhanehari Lailapur / Vairengte section from Existing Chainage km 12920 to km 43000 of NH 306 Design Chainage km 20000 to km 49360 on Silchar - Vairengte Sairang road in the State of Assam under Bharatmala Pariyojna on EPC mode. Project Length 29.360 km under NHO-NE Package-2,NHIDCL -) (-,618314,,,Assam,2025-12,2026-07,16,1716.21,1057.72,81.65
618315,4-Laning of Silchar - Dhanehari section from Existing Chainage km 263800 of NH 37 to km 12920 of NH 306 Design Chainage km 0000 to km 20000 on Silchar - Vairengte - Sairang road in the State of Assam under Bharatmala Pariyojna on EPC mode Package-1,NHIDCL -) (-,618315,,,Assam,2025-12,2026-07,16,1256.9,632.2,59.65
618325,Dillai to Lahorijan Package-7,NHIDCL,618325,,,Assam,2025-12,2026-06,14,204.1,142.21,0.0
618326,Widening/Improvement to 4-Lane with Paved Shoulder from KM 38500 to Km 51246 Design Chainage 38500 to 50959 with proposed Daboka Bypass of Daboka- Parokhaowa of NH 29 on EPC under NHO-NE Package-1,NHIDCL -) (-,618326,,,Assam,2025-12,2026-07,16,516.88,322.98,99.7
618327,Widening/Improvement to 4-Lane with Paved Shoulder from KM 113300 to Km 146230 Design Chainage 113830 to 145712 of Kwaram Taro Village - Dillai Section in Assam on EPC Package-6,NHIDCL N24001450) (10262,618327,,,Assam,2025-12,2026-05,12,625.64,0.0,0.0
618330,Construction of 4/6 Laning from existing Km 159.400 of NH-36 to existing Km 102.500 of NH-39 and upto end point of Assam portion [Design Km 118.050 to design Km 132.375] Total New Alignment length of 14.325 Km of Daboka -Dimapur Section Dimapur Bypass in the state of Assam under SARDP-NE 'Phase-A' on EPC mode Assam Portion,NHIDCL N24001263) (10265,618330,,,Assam,2025-12,2026-05,12,511.02,647.21,100.0
618331,lmprovement to 4-Lane with Paved Shoulder from existing km 260000 Design Ch.4560 km to existing km Ch.233000 D. Ch.24560 of Silchar near Nutan Dayapur village - Budha Nagar Section Length-20.00 Km of NH-37 under Package Silchar- Jiribam Pkg-1 in the state of Assam on HAM Mode,NHIDCL -) (-,618331,,,Assam,2026-01,2026-07,14,957.95,214.64,47.27
612786,"Construction of New Domestic Terminal Building Building and miscellaneous works including maintenance, operations and AICMC at Kadapa Airport",Airport Authority of India [AAI] -) (-,612786,Ministry of Civil Aviation,Aviation & Aviation Infrastructure,Andhra Pradesh,2025-07,2026-07,13,265.91,176.38,80.0
701107,Construction of New Integrated Terminal Building and associated works including apron to park 3 code E type of aircraft or 6 code C type of aircraft at Vijayawada Airport.,Airport Authority of India [AAI] -) (-,701107,Ministry of Civil Aviation,Aviation & Aviation Infrastructure,Andhra Pradesh,2025-07,2026-07,13,824.28,572.99,89.7
701121,Construction of New Domestic Terminal Building at Rajahmundry Airport.,Airport Authority of India [AAI] -) (-,701121,Ministry of Civil Aviation,Aviation & Aviation Infrastructure,Andhra Pradesh,2025-07,2026-07,13,347.15,189.48,96.0
612183,Development of New Civil Enclave at Bihta,Airport Authority of India [AAI] -) (-,612183,Ministry of Civil Aviation,Aviation & Aviation Infrastructure,Bihar,2025-07,2026-07,13,1413.0,15.53,4.15
612194,Development of New Civil Enclave and associated works at Darbhanga Airport,Airport Authority of India [AAI] -) (-,612194,Ministry of Civil Aviation,Aviation & Aviation Infrastructure,Bihar,2025-07,2026-07,13,911.66,426.22,71.1
701101,"Construction of New Domestic Terminal Building [Phase-I and II] and other allied structures at JPNI Airport, Patna",Airport Authority of India [AAI] -) (-,701101,Ministry of Civil Aviation,Aviation & Aviation Infrastructure,Bihar,2025-07,2026-07,13,1216.9,1203.48,99.26
701105,Goa Airport Terminal Building Extension Project,Airport Authority of India [AAI] N04000095) (4831,701105,Ministry of Civil Aviation,Aviation & Aviation Infrastructure,Goa,2025-07,2026-05,11,255.69,158.78,100.0
619054,Development of Keshod Airport.,Airport Authority of India [AAI] -) (-,619054,Ministry of Civil Aviation,Aviation & Aviation Infrastructure,Gujarat,2026-01,2026-07,8,363.1,108.64,46.69
701126,"Development of Dholera International Greenfield Airport , Gujarat",Airport Authority of India [AAI] -) (-,701126,Ministry of Civil Aviation,Aviation & Aviation Infrastructure,Gujarat,2025-07,2026-07,13,1551.0,966.36,88.0
611047,"Construction of NTB complex including apron, taxi track and other associated civil works and electrical & mechanical installations towards Tawi River side at CA Jammu.",Airport Authority of India [AAI] -) (-,611047,Ministry of Civil Aviation,Aviation & Aviation Infrastructure,Jammu and Kashmir,2025-07,2026-07,13,861.37,370.44,58.35
612787,Construction of New Domestic Terminal Building and Miscellaneous works at Hubli Airport,Airport Authority of India [AAI] -) (-,612787,Ministry of Civil Aviation,Aviation & Aviation Infrastructure,Karnataka,2025-07,2026-07,13,320.47,169.11,88.5
612788,Construction of New Domestic Terminal Building and Miscellaneous Works at Belagavi Airport.,Airport Authority of India [AAI] -) (-,612788,Ministry of Civil Aviation,Aviation & Aviation Infrastructure,Karnataka,2025-07,2026-07,13,322.45,240.99,97.0
612789,"Development of additional RESA on either end on Runway 10-28 at Calicut Airport. Construction of embankment with slope protection, drainage system and associated works for additional RESA on either end on Runway 10-28",Airport Authority of India [AAI] -) (-,612789,Ministry of Civil Aviation,Aviation & Aviation Infrastructure,Kerala,2025-07,2026-07,13,484.57,242.51,65.8
400010,"Construction of Terminal Building & Associated works at Leh Airport, Ladakh",Airport Authority of India [AAI] -) (-,400010,Ministry of Civil Aviation,Aviation & Aviation Infrastructure,Ladakh,2025-07,2026-07,13,640.0,512.55,88.0
611570,"SITC of ATM Automation System and ASMGCS [Including SMR & MLAT] for Mumbai, Navi Mumbai, Jewar [earlier MOPA, without ASMGCS], HIAL & BIAL",Airport Authority of India [AAI] -) (-,611570,Ministry of Civil Aviation,Aviation & Aviation Infrastructure,"Multi-States (Karnataka, Maharashtra, Telangana, Uttar Pradesh)",2025-07,2026-07,13,500.48,399.77,80.0
618977,"Development of New Greenfield Airport at Bundi, Kota Rajasthan.",Airport Authority of India [AAI] -) (-,618977,Ministry of Civil Aviation,Aviation & Aviation Infrastructure,Rajasthan,2025-12,2026-07,9,1507.0,81.41,13.6
701127,Construction of New Passenger Terminal Building for Domestic Operations at Jodhpur Airport.,Airport Authority of India [AAI] -) (-,701127,Ministry of Civil Aviation,Aviation & Aviation Infrastructure,Rajasthan,2025-07,2026-07,13,480.0,348.2,100.0
701128,Construction of New Integrated Passenger Terminal Building at Udaipur Airport,Airport Authority of India [AAI] -) (-,701128,Ministry of Civil Aviation,Aviation & Aviation Infrastructure,Rajasthan,2025-07,2026-07,13,887.0,587.22,78.71
611602,"Modernization of Chennai Airport, Phase II, Part 2",Airport Authority of India [AAI] -) (-,611602,,,Tamil Nadu,2025-07,2026-07,13,1207.0,331.85,46.0
701113,"Development of Lal Bahadur Shastri International airport, Varanasi including C/o New Terminal Building, Apron Extension, Runway Extension, PTT and allied works.",Airport Authority of India [AAI] -) (-,701113,,,Uttar Pradesh,2025-07,2026-07,13,2869.65,746.93,33.0
701122,Development of New Integrated Civil Enclave at Agra Airport,Airport Authority of India [AAI] -) (-,701122,,,Uttar Pradesh,2025-07,2026-07,13,579.0,224.58,44.94
611495,Development of New Civil Enclave at Bagdogra Airport,Airport Authority of India [AAI] -) (-,611495,,,West Bengal,2025-07,2026-07,13,1549.0,548.3,27.9
612791,"Re-Construction of Rigid portions of Secondary Runway, K and A Taxiway and Strengthening of C Taxiway at NSCBI Airport Kolkata.",Airport Authority of India [AAI] -) (-,612791,,,West Bengal,2025-07,2026-07,13,328.3,153.52,73.5
400144,PORDA CHIMTAPANI OCP [10 MTY],SECL - CIL -) (-,400144,Ministry of Coal,Coal,Chhattisgarh,2025-07,2026-07,13,2310.12,118.97,11.81
400149,BAROUD OC EXPANSION [3.0-10.0M,SECL - CIL -) (-,400149,Ministry of Coal,Coal,Chhattisgarh,2025-07,2026-07,13,2309.8,1039.65,55.95
400354,DIPKA EXPANSION OCP [40 MTY],SECL - CIL -) (-,400354,Ministry of Coal,Coal,Chhattisgarh,2025-07,2026-07,13,5241.4,2941.23,39.34
400424,GEVRA OC [70 MTY],SECL - CIL -) (-,400424,Ministry of Coal,Coal,Chhattisgarh,2025-07,2026-07,13,11816.4,7825.46,78.48
613798,AMERA OC RCE [1.0 MTY],SECL - CIL -) (-,613798,Ministry of Coal,Coal,Chhattisgarh,2025-07,2026-07,13,335.97,91.91,42.47
613799,AMGAON OC RCE [1.0 MTY],SECL - CIL -) (-,613799,Ministry of Coal,Coal,Chhattisgarh,2025-07,2026-07,13,316.11,193.0,78.86
613800,JAGANNATHPUR OC RCE PROJECT,SECL - CIL -) (-,613800,Ministry of Coal,Coal,Chhattisgarh,2025-07,2026-07,13,459.49,290.4,96.15
613801,MAHAMAYA OCP [1.50 MTY],SECL - CIL -) (-,613801,Ministry of Coal,Coal,Chhattisgarh,2025-07,2026-07,13,410.26,188.72,54.6
615191,KATKONA RO UG MINE,SECL - CIL -) (-,615191,Ministry of Coal,Coal,Chhattisgarh,2025-07,2026-07,13,329.21,62.01,2.01
616234,PELMA OC MDO,SECL - CIL -) (-,616234,Ministry of Coal,Coal,Chhattisgarh,2025-07,2026-07,13,1725.04,16.71,23.75
617287,KUSMUNDA OC EXPANSION PROJECT,SECL - CIL -) (-,617287,Ministry of Coal,Coal,Chhattisgarh,2025-07,2026-07,13,4516.88,847.19,23.75
617288,MANIKPUR OC EXPANSION PROJECT,SECL - CIL -) (-,617288,Ministry of Coal,Coal,Chhattisgarh,2025-07,2026-07,13,382.61,138.87,21.29
619171,RPR FOR DURGAPUR OCP 10 MTY,SECL - CIL -) (-,619171,Ministry of Coal,Coal,Chhattisgarh,2026-02,2026-07,7,2415.91,2.99,0.01
619172,MADANNAGAR OCP 12 MTY - MDO,SECL - CIL -) (-,619172,,,Chhattisgarh,2026-02,2026-07,7,1859.19,0.45,0.0
400018,HURA C OCP,Eastern Coal Fields Limited [ECL] -) (-,400018,,,Jharkhand,2025-07,2026-07,13,859.41,455.95,63.3
400073,KONAR EXPANSION OCP,CCL - CIL -) (-,400073,,,Jharkhand,2025-07,2026-07,13,674.65,175.59,50.78
400074,KARO EXPANSION OCP,CCL - CIL -) (-,400074,,,Jharkhand,2025-07,2026-07,13,849.31,237.61,23.28
400136,SANGHMITRA OC,CCL - CIL -) (-,400136,,,Jharkhand,2025-07,2026-07,13,2660.0,17.03,16.77
400138,CHANDRAGUPT OCP,CCL - CIL -) (-,400138,,,Jharkhand,2025-07,2026-07,13,973.5,772.12,25.11
400139,KOTRE BASANTPUR PACHMO OCP,Ministry of Coal -) (-,400139,,,Jharkhand,2025-07,2026-07,13,625.4,456.48,45.78
400142,Pachwara South Coal Block,NLC India Limited -) (-,400142,,,Jharkhand,2025-07,2026-07,13,2242.9,1432.45,87.0
400150,RPR MAGADH EXP OCP,Ministry of Coal -) (-,400150,,,Jharkhand,2025-07,2026-07,13,6964.33,2299.77,39.42
400151,NORTH URIMARI EXPANSION OCP,Ministry of Coal -) (-,400151,,,Jharkhand,2025-07,2026-07,13,634.3,598.34,68.9
400153,EPR ROHINI - KARKETTA OCP,Ministry of Coal -) (-,400153,,,Jharkhand,2025-07,2026-07,13,995.57,85.34,24.02
400154,EPR PUNDI OCP,Ministry of Coal -) (-,400154,,,Jharkhand,2025-07,2026-07,13,639.6,14.78,11.24
400155,EPR ASHOK OC,Ministry of Coal -) (-,400155,,,Jharkhand,2025-07,2026-07,13,2821.07,186.02,27.74
400156,EPR AMRAPALI OCP,CCL - CIL -) (-,400156,,,Jharkhand,2025-07,2026-07,13,4983.57,1838.82,43.69
400160,RAJRAPPA RCE OCP,CCL - CIL -) (-,400160,,,Jharkhand,2025-07,2026-07,13,510.85,488.71,75.61
400172,CHITRA EAST OC,ECL - CIL -) (-,400172,,,Jharkhand,2025-07,2026-07,13,513.99,276.0,53.03
400352,JHARKHAND-LAIYO OCP,Ministry of Coal -) (-,400352,,,Jharkhand,2025-07,2026-07,13,654.87,1.97,32.45
400425,MOONIDIH XV SEAM UG,BCCL - CIL -) (-,400425,,,Jharkhand,2025-07,2026-07,13,1230.27,800.25,84.02
611017,2.5 MTPA PATHERDIH NLW WASHERY,Ministry of Coal N06000194) (4836,611017,,,Jharkhand,2025-07,2026-04,10,334.27,162.75,51.81
611864,AMALAGAMATED NTST KUJAMA OCP 8.5MTY,Bharat Coking Coal Limited (BCCL -) (-,611864,,,Jharkhand,2025-07,2026-07,13,4011.85,414.97,31.16
613808,MURAIDIH UG PROJECT,BCCL - CIL -) (-,613808,,,Jharkhand,2025-07,2026-07,13,339.87,191.14,70.47
615349,TAPIN SOUTH EXPN,CCL - CIL -) (-,615349,,,Jharkhand,2025-07,2026-07,13,230.41,22.02,23.67
615822,SIRKA OC,CCL - CIL -) (-,615822,,,Jharkhand,2025-07,2026-07,13,183.18,89.92,56.47
615843,TETARIAKHAR OC,CCL - CIL -) (-,615843,,,Jharkhand,2025-07,2026-07,13,232.64,50.82,30.06
616225,CHUPERBHITA SIMLONG OCP MDO 6,ECL - CIL -) (-,616225,,,Jharkhand,2025-07,2026-07,13,979.08,0.0,0.05
616236,JARANGDIH EXPN. OCP 1.5 MTY,CCL - CIL -) (-,616236,,,Jharkhand,2025-07,2026-07,13,372.06,85.6,32.99
616253,BLOCK E OCP,BCCL - CIL -) (-,616253,,,Jharkhand,2025-07,2026-07,13,5850.83,20.32,4.18
617416,"Revised Jharia Master Plan for Dealing with Fire, Subsidence & Rehabilitation of affected families in Jharia Coalfield- Reg.",Bharat Coking Coal Limited [BCCL] -) (-,617416,,,Jharkhand,2025-09,2026-07,12,5940.47,520.75,34.0
400148,AMADAND OCP[4.0MTY],SECL - CIL -) (-,400148,,,Madhya Pradesh,2025-07,2026-07,13,869.44,325.09,75.15
400162,BLOCK B EXPANSION [3.5 TO 8.0,NCL - CIL -) (-,400162,,,Madhya Pradesh,2025-07,2026-07,13,998.71,545.34,51.31
400321,NIGAHI EXPANSION [15 TO 25 MTP,NCL - CIL -) (-,400321,,,Madhya Pradesh,2025-07,2026-07,13,1729.68,985.35,53.73
613802,KANCHAN OC EXP,SECL - CIL -) (-,613802,,,Madhya Pradesh,2025-07,2026-07,13,371.04,157.9,58.2
613803,JHIRIA WEST OCP [1.5 MTY],SECL - CIL -) (-,613803,,,Madhya Pradesh,2025-07,2026-07,13,366.94,37.19,41.29
613804,RPR TAWA-III UG 0.84 MTY,WCL - CIL -) (-,613804,,,Madhya Pradesh,2025-07,2026-07,13,314.09,17.9,17.78
615185,AMALGAMATED DHANKASA & JAMUNIA,WCL - CIL -) (-,615185,,,Madhya Pradesh,2025-07,2026-07,13,399.2,117.2,67.13
615187,RPR OF VISHNUPURI UG TO OC,WCL - CIL -) (-,615187,,,Madhya Pradesh,2025-07,2026-07,13,220.62,0.0,11.2
615194,URDHAN EXPANSION OC COST PLUS,WCL - CIL -) (-,615194,,,Madhya Pradesh,2025-07,2026-07,13,206.88,50.69,2.02
615195,SHARDA UG MINE,WCL - CIL -) (-,615195,,,Madhya Pradesh,2025-07,2026-07,13,166.25,5.93,9.39
615206,GANDHIGRAM UG MINE,WCL - CIL -) (-,615206,,,Madhya Pradesh,2025-07,2026-07,13,414.15,28.54,56.88
619032,JAYANT EXPN. [20 TO 38 MTPA],NCL - CIL -) (-,619032,,,Madhya Pradesh,2026-01,2026-07,8,25560.48,333.3,2.1
619053,RPR FOR RAMPUR BATURA OCP,SECL - CIL -) (-,619053,,,Madhya Pradesh,2026-01,2026-07,8,1604.69,75.28,0.3
400033,BHATADI EXPANSION OC,WCL - CIL -) (-,400033,,,Maharashtra,2025-07,2026-07,13,580.61,112.17,34.25
400177,AMALGAMATED YEKONA I & YEKONA,WCL - CIL -) (-,400177,,,Maharashtra,2025-07,2026-07,13,727.28,564.25,80.77
400178,DINESH[MAKARDHOKRA-III] OC,WCL - CIL -) (-,400178,,,Maharashtra,2025-07,2026-07,13,822.88,792.0,40.63
400353,DHUPTALA OC [SASTI UG TO OC ],WCL - CIL -) (-,400353,,,Maharashtra,2025-07,2026-07,13,711.01,174.66,19.02
615184,SAONER UG MINE -1 EXPANSION 1.,WCL - CIL -) (-,615184,,,Maharashtra,2025-07,2026-07,13,228.64,157.01,69.33
615186,SASTI EXPANSION OPENCAST,WCL - CIL -) (-,615186,,,Maharashtra,2025-07,2026-07,13,319.04,155.37,32.21
615188,NEW MAJRI UG TO OC 3 MTY COST,WCL - CIL -) (-,615188,,,Maharashtra,2025-07,2026-07,13,402.27,67.81,24.17
615189,MAKARDHOKRA EXPN OC 4.9 MTY,WCL - CIL -) (-,615189,,,Maharashtra,2025-07,2026-07,13,361.87,104.17,12.2
615190,SINGHORI DEEP OC MIN 2.0 MTY,WCL - CIL -) (-,615190,,,Maharashtra,2025-07,2026-07,13,335.75,53.94,9.64
615192,GOKUL EXTENSION OC MINE,WCL - CIL -) (-,615192,,,Maharashtra,2025-07,2026-07,13,309.58,62.31,8.44
615199,KOLGAON EXPANSION DEEP OC MINE,WCL - CIL -) (-,615199,,,Maharashtra,2025-07,2026-07,13,198.71,25.08,3.93
615330,BALLARPUR NORTH WEST OC MINE,WCL - CIL -) (-,615330,,,Maharashtra,2025-07,2026-07,13,360.81,26.97,5.35
615331,GADEGAON OC 3 MTY,WCL - CIL -) (-,615331,,,Maharashtra,2025-07,2026-07,13,497.41,95.69,2.19
615914,GHONSA EXPANSION DEEP OC MINE,WCL - CIL -) (-,615914,,,Maharashtra,2025-07,2026-07,13,184.71,15.72,12.98
615916,AMLG GAURI PAUNI EXPANSION OC,WCL - CIL -) (-,615916,,,Maharashtra,2025-07,2026-07,13,1225.21,92.02,4.21
615917,GAURIDEEP/GAURI CENTRAL OCP 7.,WCL - CIL -) (-,615917,,,Maharashtra,2025-07,2026-07,13,973.07,1.55,2.31
615918,RPR OF BHANEGAON OC,WCL - CIL -) (-,615918,,,Maharashtra,2025-07,2026-07,13,405.2,43.16,16.06
615919,N. EXTN. MUNGOLI NIRGUDA D OCP,WCL - CIL -) (-,615919,,,Maharashtra,2025-07,2026-07,13,1024.91,218.26,27.92
615982,NILJAI EXPANSION DEEP OCP,WCL - CIL -) (-,615982,,,Maharashtra,2025-07,2026-07,13,319.75,196.82,79.83
616044,UKNI DEEP OC MINE -COST PLUS,WCL - CIL -) (-,616044,,,Maharashtra,2025-07,2026-07,13,237.06,168.91,94.57
616050,AMALGAMATED INDER-KAMPTEE DEEP,WCL - CIL -) (-,616050,,,Maharashtra,2025-07,2026-07,13,235.9,128.49,98.97
616223,ADASA UG TO OC MINE,WCL - CIL -) (-,616223,,,Maharashtra,2025-07,2026-07,13,316.0,209.29,86.49
616229,AMAL GONDEGAON GHATROHANA EXPN,WCL - CIL -) (-,616229,,,Maharashtra,2025-07,2026-07,13,668.54,2.95,2.55
617233,WAGHODA UG MINE [1.02 MTY],WCL - CIL -) (-,617233,,,Maharashtra,2025-07,2026-07,13,379.3,0.0,0.11
617278,KOLARPIMPRI EXPANSION OC [2.5,WCL - CIL -) (-,617278,,,Maharashtra,2025-07,2026-07,13,630.37,0.61,0.4
619055,SAONER-III EXPN UG MINE 1.54,WCL - CIL -) (-,619055,,,Maharashtra,2026-01,2026-07,8,444.42,0.0,0.0
400369,BINA KAKRI AMALGAMATION EXPANS,NCL - CIL -) (-,400369,,,"Multi-States (Madhya Pradesh, Uttar Pradesh)",2025-07,2026-07,13,836.42,917.1,92.05
615183,KHADIA EXPANSION [10 TO 16 MTP,NCL - CIL -) (-,615183,,,"Multi-States (Madhya Pradesh, Uttar Pradesh)",2025-07,2026-07,13,491.67,379.69,57.12
400165,SUBHADRA OCP,MCL - CIL -) (-,400165,,,Odisha,2025-07,2026-07,13,1693.81,1332.87,46.57
400166,SIARMAL OCP,Mahanadi Coalfields Limited [MCL] -) (-,400166,,,Odisha,2025-07,2026-07,13,5194.95,3543.45,61.04
400183,BALARAM EXPANSION OCP,Mahanadi Coalfields Limited [MCL] -) (-,400183,,,Odisha,2025-07,2026-07,13,3504.21,963.81,62.06
400185,GOPALJI KANIHA OCP [10 TO 30 M,MCL - CIL -) (-,400185,,,Odisha,2025-07,2026-07,13,6107.87,1777.54,35.8
400187,INTEGRATED LAKHANPUR-BELPAHAR-,MCL - CIL -) (-,400187,,,Odisha,2025-07,2026-07,13,2434.75,2133.7,82.9
400392,BHARATPUR RE-ORGANIZATION OCP,MCL - CIL -) (-,400392,,,Odisha,2025-07,2026-07,13,2838.86,1716.58,53.54
615193,BASUNDHARA WEST EXTENSION OPEN,MCL - CIL N06000112) (7760,615193,,,Odisha,2025-07,2026-04,10,479.15,281.57,67.58
615857,Naini Coal Mine,Singareni Collieries Company Limited [SCCL] -) (-,615857,,,Odisha,2025-07,2026-07,13,494.3,491.33,80.0
616226,INTEGRATED KULDA GARJANBAHAL O,MCL - CIL -) (-,616226,,,Odisha,2025-07,2026-07,13,3563.5,692.76,10.43
616231,BHUBANESWARI EXPN OCP 50 MTY,MCL - CIL -) (-,616231,,,Odisha,2025-07,2026-07,13,5366.27,477.73,34.03
616232,HINGULA II OC EXPN PH III 15 M,MCL - CIL -) (-,616232,,,Odisha,2025-07,2026-07,13,1561.85,284.22,33.55
616233,BALABHADRA OCP,MCL - CIL -) (-,616233,,,Odisha,2025-07,2026-07,13,978.44,461.54,18.93
618982,Talabira II & III OCP - FMC,NLC India Limited [NLCIL] -) (-,618982,,,Odisha,2025-12,2026-07,9,522.45,334.44,74.8
615818,Jawahar Khani Open Cast Mine,Singareni Collieries Company Limited [SCCL] -) (-,615818,,,Telangana,2025-07,2026-07,13,297.88,50.39,20.0
615858,Kalyanikhani Opencast Project,Singareni Collieries Company Limited [SCCL] -) (-,615858,,,Telangana,2025-07,2026-07,13,384.32,304.39,77.0
615860,Godavarikhani Coal Mine - 5,Singareni Collieries Company Limited [SCCL] -) (-,615860,,,Telangana,2025-07,2026-07,13,607.04,201.0,71.0
615861,Indaram Opencast Project,Singareni Collieries Company Limited [SCCL] -) (-,615861,,,Telangana,2025-07,2026-07,13,424.81,408.69,81.0
615862,Goleti Opencast Mine,Singareni Collieries Company Limited [SCCL] -) (-,615862,,,Telangana,2025-07,2026-07,13,345.6,111.94,33.0
615863,Venkatesh Khani Coal Mine,Singareni Collieries Company Limited [SCCL] -) (-,615863,,,Telangana,2025-07,2026-07,13,484.5,477.14,97.0
615865,Kakatiyakhani OC - 2 Project,Singareni Collieries Company Limited [SCCL] -) (-,615865,,,Telangana,2025-07,2026-07,13,442.42,253.41,64.0
400173,MOHANPUR EXPANSION OC -PHASE I,Eastern Coal Fields Limited [ECL] -) (-,400173,,,West Bengal,2025-07,2026-07,13,888.99,153.96,31.52
400180,BONJEMEHARI EXPANSION OCP,Eastern Coal Fields Limited [ECL] -) (-,400180,,,West Bengal,2025-07,2026-07,13,570.11,98.58,17.13
400181,NAKRAKONDA KUMARDIH- B OCP,ECL - CIL -) (-,400181,,,West Bengal,2025-07,2026-07,13,502.67,88.9,28.58
400182,SIDULI [OC & UG],ECL - CIL N06000165) (2998,400182,,,West Bengal,2025-07,2026-04,10,535.17,5.74,14.61
400186,TILABONI UG,ECL - CIL -) (-,400186,,,West Bengal,2025-07,2026-07,13,749.07,53.97,12.14
400312,JHANJRA EXPANSION UG,Eastern Coal Fields Limited [ECL] -) (-,400312,,,West Bengal,2025-07,2026-07,13,1210.12,633.57,52.04
400315,SONEPUR BAZARI EXPANSION OCP [,Eastern Coal Fields Limited [ECL] -) (-,400315,,,West Bengal,2025-07,2026-07,13,5365.88,697.64,18.5
611016,2.0 MTPA BHOJUDIH NLW WASHERY,Ministry of Coal N06000195) (4835,611016,,,West Bengal,2025-07,2026-04,10,384.57,363.14,97.6
612816,ITAPARA OCP,Eastern Coal Fields Limited [ECL] -) (-,612816,,,West Bengal,2025-07,2026-07,13,929.1,132.43,8.41
613793,SHYAMSUNDARPUR UG INCLUDING SA,ECL - CIL -) (-,613793,,,West Bengal,2025-07,2026-07,13,483.65,96.8,16.79
613794,PARASEA-BELBAID UG PROJECT,ECL - CIL -) (-,613794,,,West Bengal,2025-07,2026-07,13,389.1,132.48,22.26
616230,PARASCOLE JAMBAD OCP,ECL - CIL -) (-,616230,,,West Bengal,2025-07,2026-07,13,1193.55,11.81,0.23
617299,50 MW Wind Power Project,NLC India Limited -) (-,617299,Electricity Generation,,Gujarat,2025-07,2026-07,13,383.84,333.34,52.0
617730,600 MW Khavda Solar Power Project,NLC India Limited [NLCIL] -) (-,617730,Electricity Generation,,Gujarat,2025-10,2026-07,11,3335.85,2122.95,62.0
618991,200 MW SPP part of 510 MW CPSU scheme,NLC India Limited [NLCIL] -) (-,618991,Electricity Generation,,Gujarat,2025-12,2026-07,9,1221.41,71.51,0.0
618992,100 MW SPP part of SECI 150 MW Hybrid,NLC India Limited [NLCIL] -) (-,618992,Electricity Generation,,Gujarat,2025-12,2026-07,9,480.68,2.75,1.2
400231,NLC Talabira Thermal Power Project,NLC India Limited -) (-,400231,Electricity Generation,,Odisha,2025-07,2026-07,13,27212.96,3574.21,4.1
612819,300 MW SPP part of 510 MW CPSU scheme,NLC India Limited [NLCIL] N06000269) (5525,612819,Electricity Generation,,Rajasthan,2025-07,2026-04,10,1813.0,1753.07,100.0
615327,50 MW Solar PP Minedout Area,NLC India Limited [NLCIL] N06000279) (-,615327,Electricity Generation,,Tamil Nadu,2025-07,2026-04,10,218.03,169.95,100.0
400259,Ghatampur Thermal Power Plant 3 X 660 MW,NLC India Limited [NLCIL] N06000152) (1665,400259,Electricity Generation,,Uttar Pradesh,2025-07,2026-04,10,21780.9,21237.52,95.68
400203,Dharamjaigarh-Korba,Railway -) (-,400203,Electricity Generation,Railways,Chhattisgarh,2025-07,2026-07,13,2438.53,792.73,43.7
400416,Shivpur-Kathautia New Rail [BG] Line [49 km] [Package II of Tori-Shivpur-Kathautia line],Ministry of Coal -) (-,400416,Electricity Generation,Railways,Jharkhand,2025-07,2026-07,13,2564.34,1784.77,72.0
400192,Tubed Coal Mine,Damodar Valley Corporation -) (-,400192,Electricity Generation,Coal,Jharkhand,2025-07,2026-07,13,1581.0,624.86,37.0
603293,Badam Coal Mining project of NTPC,National Thermal Power Corporation [NTPC] -) (-,603293,Electricity Generation,Coal,Jharkhand,2025-07,2026-07,13,784.0,438.57,67.86
602579,Buxar Thermal Power Project [1320 MW],Satluj Jal Vidyut Nigam [SJVN] Thermal Limited -) (-,602579,,,Bihar,2025-07,2026-07,13,13756.56,13731.77,95.01
619051,"Nabinagar Super Thermal Power Project, Stage-II [3x800 MW]",National Thermal Power Corporation [NTPC] -) (-,619051,,,Bihar,2026-01,2026-07,8,29948.0,3422.25,15.0
611930,Lara Super Thermal Power Project Stage-II [2 x 800 MW],National Thermal Power Corporation [NTPC] -) (-,611930,,,Chhattisgarh,2025-07,2026-07,13,16106.0,5472.13,33.5
617188,"Sipat Super Thermal Power Project, Stage-III [1x800 MW]",National Thermal Power Corporation [NTPC] -) (-,617188,,,Chhattisgarh,2025-07,2026-07,13,9791.0,1910.55,22.31
709747,Bagodara Solar Power Project,Satluj Jal Vidyut Nigam [SJVN] Thermal Limited -) (-,709747,,,Gujarat,2025-07,2026-07,13,339.35,370.0,51.86
602582,Dhaulasidh Hydro Electric Project [66 MW],Satluj Jal Vidyut Nigam [SJVN] Thermal Limited -) (-,602582,,,Himachal Pradesh,2025-07,2026-07,13,1763.31,1275.68,80.69
602593,Luhri Stage-I Hydro Electric Project [210 MW],Satluj Jal Vidyut Nigam [SJVN] Thermal Limited -) (-,602593,,,Himachal Pradesh,2025-07,2026-07,13,4345.31,1980.59,52.13
611586,Sunni Dam Hydro Electric Project [382 MW],Satluj Jal Vidyut Nigam [SJVN] Thermal Limited -) (-,611586,,,Himachal Pradesh,2025-07,2026-07,13,4555.49,1152.21,34.66
602525,"Pakal Dul [Drangdhuran] Hydroelectric Project, 1000 MW",National Hydroelectric Power Corporation Limited [NHPC] -) (-,602525,,,Jammu and Kashmir,2025-07,2026-07,13,12728.0,9313.54,82.05
602532,Kiru HE Project,National Hydroelectric Power Corporation Limited [NHPC] -) (-,602532,,,Jammu and Kashmir,2025-07,2026-07,13,5409.0,3948.67,87.0
602535,"Ratle HE Project - 850 MW, Ratle Hydroelectric Power Corporation Limited.",National Hydroelectric Power Corporation Limited [NHPC] -) (-,602535,,,Jammu and Kashmir,2025-07,2026-07,13,5281.94,1645.11,31.53
605155,Kwar HE Project,National Hydroelectric Power Corporation Limited [NHPC] -) (-,605155,,,Jammu and Kashmir,2025-07,2026-07,13,4526.12,1701.47,36.52
400261,Patratu Thermal Power Station Expansion Project Phase-I [3x800 MW],National Thermal Power Corporation [NTPC] -) (-,400261,,,Jharkhand,2025-07,2026-07,13,20302.0,19735.72,92.0
611509,"Koderma Thermal Power Station Phase II [2X800 MW] At Koderma, Jharkhand",Damodar Valley Corporation -) (-,611509,,,Jharkhand,2025-07,2026-07,13,14358.0,2229.31,14.3
618976,"Gadarwara Super Thermal Power Project, Stage-II [2x800 MW]",National Thermal Power Corporation [NTPC] -) (-,618976,,,Madhya Pradesh,2025-12,2026-07,9,20446.0,2329.76,11.5
602961,Talcher Thermal Power Station Stage III [2 x 660 MW] Expansion,National Thermal Power Corporation [NTPC] -) (-,602961,,,Odisha,2025-07,2026-07,13,12543.0,7031.31,55.0
612142,"Singrauli Super Thermal Power Project, Stage-III [2x800 MW]",National Thermal Power Corporation [NTPC] -) (-,612142,,,Uttar Pradesh,2025-07,2026-07,13,17195.0,3840.48,25.0
602185,Tapovan-Vishnugad HEP [4x130 MW],National Thermal Power Corporation [NTPC] -) (-,602185,,,Uttarakhand,2025-07,2026-07,13,10907.3,7827.81,76.07
602195,Vishnugad Pipalkoti Hydro Electric Project [444 MW],THDC India Limited -) (-,602195,,,Uttarakhand,2025-07,2026-07,13,6405.08,5832.69,81.5
400062,"Raghunathpur Thermal Power Station Phase II [2X660 MW] at Raghunathpur, Purulia, West Bengal",Damodar Valley Corporation -) (-,400062,,,West Bengal,2025-07,2026-07,13,17673.0,2268.62,13.0
602184,Rammam-III HEPP [3x40 MW],National Thermal Power Corporation [NTPC] -) (-,602184,,,West Bengal,2025-07,2026-07,13,2865.56,1690.73,57.86
602538,Installation of FGD for 4x210 & 2x250 MW MTPS U 1-6,Damodar Valley Corporation -) (-,602538,,,West Bengal,2025-07,2026-07,13,1106.0,1143.06,97.0
611967,Transmission Scheme for Solar Energy Zone in Ananthpuram 2500MW and Kurnool 1000MW,Power Grid Corporation of India Limited [POWERGRID] N18000380) (5451,611967,Transmission & Distribution,,Andhra Pradesh,2025-07,2026-05,11,823.0,798.31,98.57
617183,Transmission system strengthening at Kurnool- III PS for integration of additional RE generation projects [POWERGRID Kurnool III PS RE Transmission Limited],Power Grid Corporation of India Limited [POWERGRID] -) (-,617183,Transmission & Distribution,,Andhra Pradesh,2025-07,2026-07,13,2886.0,894.66,43.89
612139,Transmission system for Evacuation of Additional 7 GW RE power from Khavda RE park under Phase-III Part B [Vataman Transmission Limited],Power Grid Corporation of India Limited [POWERGRID] -) (-,612139,Transmission & Distribution,,Gujarat,2025-07,2026-07,13,4231.0,3175.79,72.12
612855,Transmission System for Evacuation of Power from Potential Energy Renewable Zone in Khavda Area of Gujarat under Ph-IV [7GW] Part E2,Power Grid Corporation of India Limited [POWERGRID] -) (-,612855,Transmission & Distribution,,Gujarat,2025-07,2026-07,13,697.0,592.45,82.0
615342,Augmentation of Transformation Capacity at jam Khambhaliya PS [GIS] [SPV Name POWERGRID Jam Khambhaliya Transmission Limited],Power Grid Corporation of India Limited [POWERGRID] -) (-,615342,Transmission & Distribution,,Gujarat,2025-07,2026-07,13,329.0,72.38,33.0
615343,Provision of Dynamic Reactive Compensation at Khavda pooling Station 1 [KPS1] and Khavda Pooling station 3 [KPS3],Power Grid Corporation of India Limited [POWERGRID] -) (-,615343,Transmission & Distribution,,Gujarat,2025-07,2026-07,13,501.0,26.45,8.67
615345,Transmission System for Evacuation of Power from Potential Renewable Energy Zone in Khavda area of Gujarat under Phase-IV [7GW] Part B [SPV Name POWERGRID South Olpad Transmission Limited],Power Grid Corporation of India Limited [POWERGRID] -) (-,615345,Transmission & Distribution,,Gujarat,2025-07,2026-07,13,4766.0,2144.7,38.26
617069,Augmentation of Transformation Capacity at KPS1 [GIS] and KPS2 [GIS] [Phase-V Part B1 and Part B2 Scheme] [SPV Name- POWERGRID KPS1 and 2 Augmentation Transmission Limited],Power Grid Corporation of India Limited [POWERGRID] -) (-,617069,Transmission & Distribution,,Gujarat,2025-07,2026-07,13,466.0,154.9,37.0
617182,Augmentation of Banaskantha [Raghanesda] PS [GIS] [POWERGRID Banaskantha Transco Limited],Power Grid Corporation of India Limited [POWERGRID] -) (-,617182,Transmission & Distribution,,Gujarat,2025-07,2026-07,13,172.0,61.92,42.0
617391,Augmentation of Transformation Capacity at Bhuj-II PS [GIS],Power Grid Corporation of India Limited [POWERGRID] -) (-,617391,,,Gujarat,2025-09,2026-07,12,488.29,14.64,7.2
617405,Jamnagar Transmission Limited,Adani Transmission Limited -) (-,617405,,,Gujarat,2025-09,2026-07,12,4000.0,698.0,24.0
617801,Provision of ICT Augmentation & Bus Reactor at Bhuj-II PS,Power Grid Corporation of India Limited [POWERGRID] -) (-,617801,,,Gujarat,2025-10,2026-07,11,581.74,17.45,7.2
619026,KPSIII HVDC Transmission Limited,Adani Transmission Limited -) (-,619026,,,Gujarat,2026-01,2026-07,8,19000.0,20.0,1.0
619029,Transmission System for Reliable Power Supply to Dholera,Power Grid Corporation of India Limited [POWERGRID] -) (-,619029,,,Gujarat,2026-01,2026-07,8,319.42,70.27,35.2
619049,Khavda IVA Power Transmission Limited,Adani Transmission Limited -) (-,619049,,,Gujarat,2026-01,2026-07,8,4500.0,2772.7,70.0
617179,Transmission Scheme for evacuation of Power from Ratle HEP [850 MW] & kiru [624 MW] Part B,Power Grid Corporation of India Limited [POWERGRID] -) (-,617179,,,Jammu and Kashmir,2025-07,2026-07,13,218.6,3.72,1.7
617326,Implementation of Transmission Systems in the State of Jharkhand consisting of 400/220/132/33 kV transmission lines and substations under Jharkhand Consultancy Project,Power Grid Corporation of India Limited [POWERGRID] -) (-,617326,,,Jharkhand,2025-09,2026-07,12,1842.25,1648.05,96.4
612140,Transmission Scheme for Integration of Renewable Energy Zone [Phase II] in Koppal II [Phase A&B] and gadag II[Phase A] in Karnataka [POWERGRID KOPPAL GADAG TRANSMISSION LIMITED],Power Grid Corporation of India Limited [POWERGRID] -) (-,612140,,,Karnataka,2025-07,2026-07,13,4445.0,4089.4,95.95
616672,System Strengthening at Koppal-II and GadagII for integration of RE generation projects [SPV Name POWERGRID Koppal Gadag Augmentation Transmission Limited],Power Grid Corporation of India Limited [POWERGRID] -) (-,616672,,,Karnataka,2025-07,2026-07,13,1354.0,338.5,38.07
617068,"Augmentation of Transformation Capacity by 3x500 MVA, 400/220 KV ICTS [6th-8th] and 1x1500 MVA, 765/400 KV ICT [4th] at Bidar PS [SPV Name- POWERGRID Bidar Augmentation Transmission Limited]",Power Grid Corporation of India Limited [POWERGRID] -) (-,617068,,,Karnataka,2025-07,2026-07,13,288.0,28.8,18.75
617184,Transmission Scheme for integration of Davanagere/ Chitradurga and Bellary REZ in Karnataka [POWERGRID Chitradurga Bellary REZ Transmission Limited],Power Grid Corporation of India Limited [POWERGRID] -) (-,617184,,,Karnataka,2025-07,2026-07,13,3453.0,552.48,23.01
617803,Transmission System Strengthening at Davanagere for Integration of RE Generation [SPV Name - POWERGRID Davanagere Power Transmission Limited],Power Grid Corporation of India Limited [POWERGRID] -) (-,617803,,,Karnataka,2025-10,2026-07,11,379.0,17.06,2.5
619028,Augmentation of 1x500 MVA 400/220kV ICT [3rd] at Thrissur VSC HVDC Station in Kerala,Power Grid Corporation of India Limited [POWERGRID] -) (-,619028,,,Kerala,2026-01,2026-07,8,173.14,2.08,1.5
615344,Transmission System for Evacuation of Power from Rajasthan REZ Ph-IV [Part-2 5.5GW] [Jaisalmer/Barmer Complex] Part H1 [POWERGRID KURAWAR TRANSMISSION LIMITED],Power Grid Corporation of India Limited [POWERGRID] -) (-,615344,,,Madhya Pradesh,2025-07,2026-07,13,3674.0,1673.14,47.9
615346,Transmission System for Evacuation of Power from Rajasthan REZ Ph-IV [Part-2 5.5 GW] [Jaisalmer/Barmer Complex] Part C [SPV Name POWERGRID Mandsaur Transmission Limited],Power Grid Corporation of India Limited [POWERGRID] -) (-,615346,,,Madhya Pradesh,2025-07,2026-07,13,2708.0,1624.8,72.39
617272,Implementation of LILO of both circuits of 400KV vindhyachal PS-Sasan D/C Line at Hindalco Switchyard,Power Grid Corporation of India Limited [POWERGRID] -) (-,617272,,,Madhya Pradesh,2025-07,2026-07,13,370.0,148.0,55.26
617279,Transmission System for evacuation of power from Mahan Energen Limited Generating Station in Madhya Pradesh [SPV Name - POWERGRID MEL Power Transmission Limited],Power Grid Corporation of India Limited [POWERGRID] -) (-,617279,,,Madhya Pradesh,2025-07,2026-07,13,558.0,180.9,18.47
617802,Augmentation of Transformation Capacity and Implementation of Line Bays at Mandsaur S/S for RE Interconnection [SPV Name- POWERGRID Mandsaur I RE Transmission Limited],Power Grid Corporation of India Limited [POWERGRID] -) (-,617802,,,Madhya Pradesh,2025-10,2026-07,11,319.0,17.23,4.8
619024,Mahan Transmission Limited,Adani Transmission Limited -) (-,619024,,,Madhya Pradesh,2026-01,2026-07,8,3125.32,542.79,30.0
611966,Transmission System for Evacuation of power from Potential RE Zone in Khavda Area of Gujarat under phase IV 7GW-Part E4,Power Grid Corporation of India Limited [POWERGRID] -) (-,611966,,,Maharashtra,2025-07,2026-06,12,224.41,224.41,100.0
619027,WRNES Talegaon Power Transmission Limited,Adani Transmission Limited -) (-,619027,,,Maharashtra,2026-01,2026-07,8,2000.0,25.0,5.0
617185,Transmission System for Integration of Kurnool-IV REZ Phase-I [for 4.5 GW] [POWERGRID Kurnool-IV Transmission Limited],Power Grid Corporation of India Limited [POWERGRID] -) (-,617185,,,"Multi-States (Andhra Pradesh, Karnataka)",2025-07,2026-07,13,5550.0,1776.0,28.77
617806,Transmission System for Integration of Ananthapur 2 REZ Phase 1 for 4.5 GW. SPV Name Anantapuram 2 REZ Transmission Ltd,Sterlite Power -) (-,617806,,,"Multi-States (Andhra Pradesh, Karnataka)",2025-11,2026-07,10,4535.99,1207.57,64.0
619030,Inter-Regional Strengthening between SR Grid and ER Grid,Power Grid Corporation of India Limited [POWERGRID] -) (-,619030,,,"Multi-States (Andhra Pradesh, Odisha)",2026-01,2026-07,8,2722.5,190.57,3.0
900808,Transmission System for Kurnool Wind Energy Zone/ Solar Energy Zone Part-A and Part-B,Power Grid Corporation of India Limited [POWERGRID] N18000352) (5224,900808,,,"Multi-States (Andhra Pradesh, Telangana)",2025-07,2026-05,11,3546.94,3532.75,99.69
617271,Eastern Region Expansion Scheme-43 [ERES-43],Power Grid Corporation of India Limited [POWERGRID] -) (-,617271,,,"Multi-States (Bihar, Odisha, West Bengal)",2025-07,2026-07,13,342.69,143.93,29.75
617807,Inter-regional [NR-WR] Transmission System strengthening to relieve the loading of 765 kV Vindhyachal-Varanasi D/c line,Power Grid Corporation of India Limited [POWERGRID] -) (-,617807,,,"Multi-States (Bihar, Uttar Pradesh)",2025-11,2026-07,10,2368.0,157.94,6.38
617270,Eastern Region Expansion Scheme-44 [ERES-44],Power Grid Corporation of India Limited [POWERGRID] -) (-,617270,,,"Multi-States (Bihar, West Bengal)",2025-07,2026-07,13,408.94,6.13,1.5
400005,Transmission Network Expansion in Gujarat to increase its ATC from ISTS Part B,Power Grid Corporation of India Limited [POWERGRID] N18000337) (4690,400005,,,"Multi-States (Dadra & Nagar Haveli and Daman & Diu, Gujarat, Maharashtra)",2025-07,2026-04,10,4546.26,4528.07,99.9
611735,Transmission system for evacuation of power from REZ in Rajasthan 20GW under Phase-III Part J,Power Grid Corporation of India Limited [POWERGRID] -) (-,611735,,,"Multi-States (Delhi, Rajasthan)",2025-07,2026-07,13,331.0,235.01,68.9
612132,Transmission Scheme for Evacuation of power from REZ in Rajasthan [20 GW] under Phase-III Part D Phase I [Sikar Khetri Transmission Ltd],Power Grid Corporation of India Limited [POWERGRID] -) (-,612132,,,"Multi-States (Delhi, Haryana, Rajasthan)",2025-07,2026-07,13,2423.0,2229.16,92.47
615347,TRANSMISSION SYSTEM FOR EVACUATION OF POWER FROM POTENTIAL RENEWABLE ENERGY ZONE IN KHAVDA AREA OF GUJARAT UNDER PHASE-V [8 GW] PART A [SPV Name POWERGRID West Central Transmission Limited],Power Grid Corporation of India Limited [POWERGRID] -) (-,615347,,,"Multi-States (Gujarat, Maharashtra)",2025-07,2026-07,13,24819.0,2978.28,18.56
615339,Transmission system for evacuation of power from Rajasthan REZ Ph-IV [Part- 3/6GW] [Bikaner complex] Part A [SPV Name POWERGRID Bikaner IV Transmission Limited],Power Grid Corporation of India Limited [POWERGRID] -) (-,615339,,,"Multi-States (Haryana, Punjab, Rajasthan)",2025-07,2026-07,13,5969.0,1969.77,33.3
615340,TRANSMISSION SYSTEM FOR EVACUATION OF POWER FROM RAJASTHAN REZ PH-IV [PART-3/ 6 GW] [BIKANER COMPLEX] PART B [SPV Name POWERGRID Siwani Transmission Limited],Power Grid Corporation of India Limited [POWERGRID] -) (-,615340,,,"Multi-States (Haryana, Rajasthan)",2025-07,2026-07,13,5357.0,1921.02,36.53
617808,Inter-Regional Strengthening between SR Grid and WR Grid,Power Grid Corporation of India Limited [POWERGRID] -) (-,617808,,,"Multi-States (Karnataka, Maharashtra)",2025-11,2026-07,10,1007.0,50.35,3.0
612138,"Transmission Scheme for Solar Energy Zone in Bidar [2500 MW], Karnataka [Bidar Transmission Ltd]",Power Grid Corporation of India Limited [POWERGRID] -) (-,612138,,,"Multi-States (Karnataka, Telangana)",2025-07,2026-07,13,1368.0,1258.56,96.84
615333,Transmission System for Evacuation of Power from Rajasthan REZ Ph-IV [Part-2 5.5 GW] [Jaisalmer/Barmer Complex] Part D [SPV Name POWERGRID Beawar Mandsaur Transmission Limited],Power Grid Corporation of India Limited [POWERGRID] -) (-,615333,,,"Multi-States (Madhya Pradesh, Rajasthan)",2025-07,2026-07,13,2227.0,1113.5,49.31
615334,Transmission System for Evacuation of Power from Rajasthan REZ Ph-IV [Part-2 5.5 GW] [Jaisalmer/Barmer Complex] Part E [SPV Name POWERGRID Mewar Transmission Limited],Power Grid Corporation of India Limited [POWERGRID] -) (-,615334,,,"Multi-States (Madhya Pradesh, Rajasthan)",2025-07,2026-07,13,3251.0,2048.13,46.87
617186,Rajasthan REZ Ph-V [Part-1- 4 GW] [Sirohi/Nagaur] Complex [Rajasthan V Power Transmission Limited],Power Grid Corporation of India Limited [POWERGRID] -) (-,617186,,,"Multi-States (Madhya Pradesh, Rajasthan)",2025-07,2026-07,13,5028.0,1508.4,34.03
619025,RAJASTHAN PART I POWER TRANSMISSION LIMITED,Adani Transmission Limited -) (-,619025,,,"Multi-States (Madhya Pradesh, Rajasthan, Uttar Pradesh)",2026-01,2026-07,8,25000.0,735.05,10.0
612133,Transmission System for Evacuation of power from Rajasthan REZ Ph-IV [Part-1] [Bikaner Complex] Part D [Neemrana Bareilly Transmission Ltd],Power Grid Corporation of India Limited [POWERGRID] -) (-,612133,,,"Multi-States (Rajasthan, Uttar Pradesh)",2025-07,2026-07,13,3271.0,2731.29,73.45
616670,Transmission System for evacuation of Power from Rajasthan REZ Ph-IV [Part-4 3.5 GW] Part A [SPV name POWERGRID Ghiror Transmission Limited],Power Grid Corporation of India Limited [POWERGRID] -) (-,616670,,,"Multi-States (Rajasthan, Uttar Pradesh)",2025-07,2026-07,13,5846.0,1953.73,40.71
611947,Transmission System for Evacuation of Power from REZ in Rajasthan 20GW under Phase III- Part E2,Power Grid Corporation of India Limited [POWERGRID] N18000379) (-,611947,,,Rajasthan,2025-07,2026-04,10,428.3,415.45,98.4
611948,Transmission system for evacuation of power from REZ in Rajasthan 20 GW under Phase-III part H,Power Grid Corporation of India Limited [POWERGRID] N18000374) (5434,611948,,,Rajasthan,2025-07,2026-05,11,1910.0,1852.7,99.46
611949,Transmission system for evacuation of power from REZ in Rajasthan 20 GW under Phase-III part C1,Power Grid Corporation of India Limited [POWERGRID] -) (-,611949,,,Rajasthan,2025-07,2026-07,13,1160.0,1148.4,99.87
612134,Transmission System for Evacuation of power from Rajasthan REZ Ph-IV [Part-1] [Bikaner Complex] Part A [Bikaner Neemrana Transmission Ltd],Power Grid Corporation of India Limited [POWERGRID] -) (-,612134,,,Rajasthan,2025-07,2026-07,13,4741.0,3887.62,79.39
615332,Transmission System for Evacuation of Power from Rajasthan REZ Ph-IV [Part-2 5.5 GW][Jaisalmer/Barmer Complex] Part B [SPV Name POWERGRID Sirohi Transmission Limited],Power Grid Corporation of India Limited [POWERGRID] -) (-,615332,,,Rajasthan,2025-07,2026-07,13,3279.0,1901.82,56.15
615335,Transmission System Strengthening for Interconnections of Bhadla-III & Bikaner III Complex [SPV Name POWERGRID BHADLA BIKANER TRANSMISSION LIMITED],Power Grid Corporation of India Limited [POWERGRID] -) (-,615335,,,Rajasthan,2025-07,2026-07,11,1382.0,628.81,57.31
615337,Additional Transmission System for evacuation of Power from Bhadla-III PS as part of Rajasthan REZ Phase III Scheme [20 GW] [SPV Name POWERGRID Bhadla-III Power Transmission Limited],Power Grid Corporation of India Limited [POWERGRID] -) (-,615337,,,Rajasthan,2025-07,2026-07,11,369.0,258.3,87.1
615338,TRANSMISSION SYSTEM FOR EVACUATION OF POWER FROM RAJASTHAN REZ PH -IV [PART-2 5.5 GW] [JAISALMER/BARMER COMPLEX] PART F [SPV Name POWERGRID BARMER I TRANSMISSION LIMITED],Power Grid Corporation of India Limited [POWERGRID] -) (-,615338,,,Rajasthan,2025-07,2026-07,11,2735.0,1121.35,47.28
617181,"Augmentation at Fatehgarh-II PS, Fatehgarh-IV PS [Section-II] and Barmer-I PS [POWERGRID Fatehgarh Barmer Augmentation Transmission Limited]",Power Grid Corporation of India Limited [POWERGRID] -) (-,617181,,,Rajasthan,2025-07,2026-07,11,404.0,32.32,17.2
616671,Transmission System under ISTS for evacuation of Power from Kudankulam Unit-3&4 [2x1000 MW] [SPV Name POWERGRID Kudankulam Tarnsmission Limited],Power Grid Corporation of India Limited [POWERGRID] -) (-,616671,,,Tamil Nadu,2025-07,2026-07,11,548.0,208.24,23.78
617269,Transmission System for Strengthening to facilitate evacuation of power from Bhadla/Bikaner Complex,Power Grid Corporation of India Limited [POWERGRID] -) (-,617269,,,Uttar Pradesh,2025-07,2026-07,11,212.81,12.76,12.07
617412,"Construction of One Tower of Office Complex and another Tower of Residential quarters i/c internal water supply, sanitary installation and all development and bulk services, Horticulture works on EPC Mode-I basis i/c comprehensive operation and maintenance of Civil, E&M services for 7 years after completion of original construction work for Ranga Reddy, Secunderabad, Medchal, AuditI, Audit-II Commissionerates of Central Tax at Khajaguda, Serilingampally, Hyderabad.",Central Public Works Department - CPWD -) (-,617412,Ministry of Housing & Urban Affairs,Construction,Telangana,2025-09,2026-07,10,644.0,188.69,26.0
707229,"Integrated Command control Center [ICCC] - Construction and Development of Integrated Command Control Center with Security, Surveillance, ITMS, Connecting Port, Ship Service, Smart Solid Waste Management, Smart Public Transport System",ministry of housing and urban affairs -) (-,707229,Ministry of Housing & Urban Affairs,Real Estate,Andaman & Nicobar,2025-07,2026-07,11,230.0,37.35,97.0
400188,Redevelopment of Seven General Pool Residential Accommodation [GPRA] Colonies in Delhi,National Buildings Construction Corporation [NBCC] -) (-,400188,Ministry of Housing & Urban Affairs,Real Estate,Delhi,2025-07,2026-07,11,32841.0,14370.45,46.7
701719,Rehablitation in Junavadaj Area Smart City Project,ministry of housing and urban affairs -) (-,701719,Ministry of Housing & Urban Affairs,Real Estate,Gujarat,2025-07,2026-07,11,539.0,623.44,98.5
701766,Green Building Development Project,ministry of housing and urban affairs -) (-,701766,Ministry of Housing & Urban Affairs,Real Estate,Uttarakhand,2025-07,2026-07,11,206.0,59.51,40.3
702627,Patna Metro Rail Project,Patna Metro Rail Corporation Ltd. [PMRCL] -) (-,702627,Ministry of Housing & Urban Affairs,Urban Public Transport,Bihar,2025-07,2026-07,11,13365.77,5198.09,50.05
617207,Delhi Metro Rail Phase-IV [2 Corridors],Delhi Metro Rail Corporation Limited [DMRC] -) (-,617207,Ministry of Housing & Urban Affairs,Urban Public Transport,Delhi,2025-07,2026-07,11,8399.81,183.23,4.31
619031,Delhi Metro Rail Phase V A,Delhi Metro Rail Corporation Limited [DMRC] -) (-,619031,Ministry of Housing & Urban Affairs,Urban Public Transport,Delhi,2026-01,2026-07,8,12014.91,264.98,5.65
702632,DMRTS Phase - IV [3 Priority Corridors],Delhi Metro Rail Corporation Limited [DMRC] -) (-,702632,Ministry of Housing & Urban Affairs,Urban Public Transport,Delhi,2025-07,2026-07,11,24948.65,21420.76,83.46
702630,Surat Metro Rail Project,Gujarat Metro Rail Corporation Limited [GMRCL] -) (-,702630,Ministry of Housing & Urban Affairs,Urban Public Transport,Gujarat,2025-07,2026-07,11,12020.32,9332.21,81.9
702639,Ahmedabad Metro Rail Project [Phase-I],Gujarat Metro Rail Corporation Limited [GMRCL] N28000122) (1749,702639,,,Gujarat,2025-07,2026-04,8,12924.5,12520.65,99.99
619022,"Metro connectivity from Millennium City Centre to Cyber City with Spur to Dwarka Expressway, Gurugram.",Gurugram Metro Rail Limited [GMRL] -) (-,619022,Ministry of Housing & Urban Affairs,Urban Public Transport,Haryana,2026-01,2026-07,8,5452.72,193.32,10.05
702635,Construction of Bangalore Metro Rail Project Phase 2.,Bengaluru Metro Rail -) (-,702635,Ministry of Housing & Urban Affairs,Urban Public Transport,Karnataka,2025-07,2026-07,11,30695.12,29834.97,95.8
702665,Construction Bangalore Metro Rail Project Phase-2A & 2B,Bengaluru Metro Rail -) (-,702665,Ministry of Housing & Urban Affairs,Urban Public Transport,Karnataka,2025-07,2026-07,11,14788.1,10878.48,67.5
702664,Kochi Metro Rail Phase 2 Development Project,CSPCC Projects -) (-,702664,Ministry of Housing & Urban Affairs,Urban Public Transport,Kerala,2025-07,2026-07,11,1957.05,816.8,41.2
702625,Bhopal Metro Rail Project,Madhya Pradesh Metro Rail Co Limited [MPMRCL] -) (-,702625,Ministry of Housing & Urban Affairs,Urban Public Transport,Madhya Pradesh,2025-07,2026-07,13,6941.4,4498.76,62.7
702626,Indore Metro Rail Project,Madhya Pradesh Metro Rail Co Limited [MPMRCL] -) (-,702626,Ministry of Housing & Urban Affairs,Urban Public Transport,Madhya Pradesh,2025-07,2026-07,13,7500.8,5093.95,65.48
617225,PCMC To Nigdi- Extension Of North South Corridor Of Phase-1,Maharashtra Metro Rail Corporation Limited [MMRCL] -) (-,617225,Ministry of Housing & Urban Affairs,Urban Public Transport,Maharashtra,2025-07,2026-07,13,960.18,322.59,49.12
617226,Pune Metro Phase-1 Extension line towards south from Swargate to Katraj,Maharashtra Metro Rail Corporation Limited [MMRCL] -) (-,617226,Ministry of Housing & Urban Affairs,Urban Public Transport,Maharashtra,2025-07,2026-07,13,2954.53,190.07,9.04
617327,Thane Integral Ring Metro Rail Project,Maharashtra Metro Rail Corporation Limited [MMRCL] -) (-,617327,,,Maharashtra,2025-09,2026-07,12,12200.1,101.17,10.04
618971,Pune Metro Rail Project Phase-2 Corridor 2A Vanaz to Chandani Chowk and Corridor 2B Ramwadi to Wagholi/Vitthalwadi,Maharashtra Metro Rail Corporation Limited [MMRCL] -) (-,618971,,,Maharashtra,2025-11,2026-07,10,3626.24,16.17,2.4
618985,Pune Metro Rail Project Phase-2 Line-4 Kharadi to Khadakwasla with Spur Line 4A Nal Stop - Warje - Manikbaug,Maharashtra Metro Rail Corporation Limited [MMRCL] -) (-,618985,,,Maharashtra,2025-12,2026-07,9,9857.85,8.62,1.51
701745,New Suburba Station Development Project,ministry of housing and urban affairs -) (-,701745,,,Maharashtra,2025-07,2026-07,13,262.76,163.21,48.0
701991,Kalyan Station Precinct Imporvement Project,ministry of housing and urban affairs -) (-,701991,,,Maharashtra,2025-07,2026-07,13,723.7,530.04,85.0
702637,Mumbai Metro Line 3,Mumbai Metro Rail Corporation Limited [MMRC] -) (-,702637,,,Maharashtra,2025-07,2026-07,13,37276.0,35959.97,99.21
702658,Nagpur Metro Rail Phase II Development Project,Maharashtra Metro Rail Corporation Limited [MMRCL] -) (-,702658,,,Maharashtra,2025-07,2026-07,13,6708.0,2161.73,42.11
617206,Delhi Metro Rail Phase-IV [Rithala - Kundli Corridor],Delhi Metro Rail Corporation Limited [DMRC] -) (-,617206,,,"Multi-States (Delhi, Haryana)",2025-07,2026-07,13,6230.99,800.48,5.36
702668,Chennai Metro Rail Phase-II Development Project,Chennai Metro Rail Limited [CMRL] -) (-,702668,,,Tamil Nadu,2025-07,2026-07,11,63246.0,34698.0,55.73
619052,LUCKNOW METRO RAIL PROJECT PHASE-1B EAST WEST CORRIDOR,Uttar Pradesh metro rail corporation [UPMRC] -) (-,619052,,,Uttar Pradesh,2026-01,2026-07,8,5801.05,0.05,2.0
702628,Kanpur Metro Rail Project,Uttar Pradesh metro rail corporation [UPMRC] -) (-,702628,,,Uttar Pradesh,2025-07,2026-07,13,11076.48,9463.15,83.0
702629,Agra Metro Rail Project,Uttar Pradesh metro rail corporation [UPMRC] -) (-,702629,,,Uttar Pradesh,2025-07,2026-07,13,8379.62,6368.28,73.0
702674,"ESR - 8 nos., distribution system - 216 Km, new house service connections - 38760 nos. upgrading of feeder mains, pumping station etc. - Phase II",Ministry of Housing & Urban Affairs -) (-,702674,Waste & Water,,Andhra Pradesh,2025-08,2026-07,12,172.22,88.86,82.0
702699,Muzaffarpur Storm Water Drainage Phase-I Project,Ministry of Housing & Urban Affairs -) (-,702699,Waste & Water,,Bihar,2025-08,2026-07,12,158.78,135.72,85.0
702355,Storm water drainag Development Project,ministry of housing and urban affairs -) (-,702355,Waste & Water,,Dadra & Nagar Haveli and Daman & Diu,2025-07,2026-04,10,210.0,0.0,20.0
702734,Sewerage Management Scheme Part-3 Implementation,Ministry of Housing & Urban Affairs -) (-,702734,Waste & Water,,Haryana,2025-08,2026-07,12,278.01,228.49,88.0
702741,Dhanbad Water Supply Infrastructure Project,Ministry of Housing & Urban Affairs -) (-,702741,Waste & Water,,Jharkhand,2025-08,2026-07,12,216.55,129.16,76.0
702742,SAAP-3 Water Supply Infrastructure SAAP-3 Project,Ministry of Housing & Urban Affairs -) (-,702742,Waste & Water,,Jharkhand,2025-08,2026-07,12,159.31,87.5,67.0
702746,Augmentation and Strenghthning of Urban Water Supply Phase 1 - SAAP 3,Ministry of Housing & Urban Affairs -) (-,702746,,,Jharkhand,2025-08,2026-07,12,278.28,186.5,81.0
702760,Belgavi Improvement in Sewerage System Project,Ministry of Housing & Urban Affairs -) (-,702760,,,Karnataka,2025-08,2026-07,12,162.73,79.5,80.0
702793,Indore Water Supply Infrastructure Project,Ministry of Housing & Urban Affairs -) (-,702793,,,Madhya Pradesh,2025-08,2026-07,12,287.17,252.5,99.0
702808,Satna Sewerage Management and Treatment Infrastructure Project,Ministry of Housing & Urban Affairs -) (-,702808,,,Madhya Pradesh,2025-08,2026-07,12,215.89,200.32,96.0
702810,Singrauli Sewerage Management and Treatment Infrastructure Project,Ministry of Housing & Urban Affairs -) (-,702810,,,Madhya Pradesh,2025-08,2026-07,12,438.1,371.17,90.0
702833,Kalyan-Dombivali Water Supply Infrastructure Project,Ministry of Housing & Urban Affairs -) (-,702833,,,Maharashtra,2025-08,2026-07,12,194.2,136.56,75.0
702840,Mira-Bhayandar Water Supply Infrastructure Project,Ministry of Housing & Urban Affairs -) (-,702840,Waste & Water,,Maharashtra,2025-08,2026-04,9,204.55,186.13,99.0
702851,Pune Water Supply Infrastructure Project,Ministry of Housing & Urban Affairs -) (-,702851,,,Maharashtra,2025-08,2026-06,11,235.95,220.77,96.0
702854,Solapur Sewerage Management Infrastructure Project,Ministry of Housing & Urban Affairs -) (-,702854,Waste & Water,,Maharashtra,2025-08,2026-04,9,180.24,172.22,98.0
703021,Jalandhar Water Supply Infrastructure Project,Ministry of Housing & Urban Affairs -) (-,703021,,,Punjab,2025-08,2026-07,12,266.64,161.02,90.0
703057,Patiala Water Supply Infrastructure Part-2 Project,Ministry of Housing & Urban Affairs -) (-,703057,,,Punjab,2025-08,2026-07,12,287.0,213.64,99.0
702949,Jhansi Water Supply Infrastructure Phase-II Project,Ministry of Housing & Urban Affairs -) (-,702949,,,Uttar Pradesh,2025-08,2026-07,12,561.74,506.52,95.0
617280,"Construction of Basement + Ground Floor+ 10 Storeyed building for State of the Art Director General, GSI Building at plot No.GN-40, Sector-V, Salt Lake, Kolkata",Central Public Works Department [CPWD] -) (-,617280,Ministry of Mines,Construction,West Bengal,2025-07,2026-07,13,255.37,98.94,64.0
400426,Expansion of Malanjkhand Copper Project,Hindustan Copper Limited [HCL] -) (-,400426,Ministry of Mines,Metals & Mining,Madhya Pradesh,2025-07,2026-07,13,3800.0,1018.09,28.0
400141,Expansion of Alumina Refinery Plant with addition of 5th Stream having capacity enhancement of 1.0 Million Tonee Per Annum,National Aluminium Company Limited [NALCO] -) (-,400141,Ministry of Mines,Metals & Mining,Odisha,2025-07,2026-07,13,5677.4,5023.49,95.64
400299,Pottangi Bauxite Mines Project,National Aluminium Company Limited [NALCO] -) (-,400299,Ministry of Mines,Metals & Mining,Odisha,2025-07,2026-07,13,1960.77,770.37,52.4
709831,SOURCING OF BAUXITE ARRANGEMENT FOR 5TH STREAM ALUMINA REFINERY FROM SOUTH BLOCK MINING LEASE OF PANCHPATMAILI MINES,National Aluminium Company Limited [NALCO] -) (-,709831,Ministry of Mines,Metals & Mining,Odisha,2025-07,2026-07,13,483.0,453.89,93.18
709832,25.5 MW WIND POWER PROJECT AT KAYATHAR IN TAMILNADU,National Aluminium Company Limited [NALCO] -) (-,709832,Ministry of Mines,Metals & Mining,Tamil Nadu,2025-07,2026-07,13,166.0,135.0,70.0
613008,Construction of Permanent Campus of Central Tribal University of Andhra Pradesh Phase-1,Central Tribal University of Andhra Pradesh -) (-,613008,Ministry of Mines,Education,Andhra Pradesh,2025-07,2026-07,13,305.0,67.73,44.5
606013,Additional Campus of NITPatna,NIT Patna -) (-,606013,,,Bihar,2025-07,2026-07,13,499.21,449.96,98.6
617877,Phase B Construction of Permanent Campus of IIT Bhilai,"Indian Institute of Technology, Bhilai -) (-",617877,,,Chhattisgarh,2025-11,2026-07,10,1188.97,1.92,0.0
612851,"Phase 1B - Construction of Academic Block, Hostel, Residential Tower, Directors Residence and External Development works at National Institute of Technology, Delhi Campus on Engineering, Procurement and Construction basis",National Institute of Technology Delhi -) (-,612851,,,Delhi,2025-07,2026-07,12,336.42,336.42,100.0
616886,Delhi University Eastern Campus at Surajmal Vihar,Delhi University -) (-,616886,,,Delhi,2025-07,2026-07,12,373.0,31.53,14.0
612916,"Construction of permanent campus of Central University of Gujarat at Village kundhela, Dist. Vadodara, Gujarat.",Central University of Gujarat -) (-,612916,,,Gujarat,2025-07,2026-07,12,490.63,342.26,86.0
602099,Establishment of Permanent campus Phase 1 of IIM Sirmaur,"Indian Institute of Management, Sirmaur -) (-",602099,,,Himachal Pradesh,2025-07,2026-07,12,454.78,339.65,98.6
612128,Hostel blocks & dining hall block,"Indian Institute of Technology, Mandi -) (-",612128,,,Himachal Pradesh,2025-07,2026-07,12,166.66,138.26,93.0
612894,"Construction of Permanent Campus of Central University of Himachal Pradesh at Dehra, District - Kangra, [H.P.] on Engineering. Procurement and Construction [EPC Mode 1] Basis.","Central University, Himachal Pradesh -) (-",612894,,,Himachal Pradesh,2025-07,2026-07,12,300.45,223.6,86.0
602098,"Construction of Permanent Campus for IIM Jammu Phase-1 at Jagti, Nagrota, Jammu, J&K","Indian Institute of Management, Jammu -) (-",602098,,,Jammu and Kashmir,2025-07,2026-07,12,500.91,484.52,96.0
606431,CONSTRUCTION OF PERMANENT CAMPUS FOR IIT PALAKKAD UNDER PHASE 1A,INDIAN INSTITUTE OF TECHNOLOGY PALAKKAD -) (-,606431,,,Kerala,2025-07,2026-07,12,1217.4,686.2,86.5
617878,Phase B of Construction of Permanent Campus of IIT Palakkad,INDIAN INSTITUTE OF TECHNOLOGY PALAKKAD -) (-,617878,,,Kerala,2025-11,2026-07,9,1527.0,9.8,0.0
611957,"Phase III A works at IIT Indore [03 Hostels, 01 Studio Apartment, 01 Housing, Heavy & Sophisticated lab complex, Academic POD and Infrastructure for center of excellence]","Indian Institute of Technology, Indore -) (-",611957,,,Madhya Pradesh,2025-07,2026-07,12,496.28,97.35,67.5
610315,IISER BERHAMPUR,"Indian Institutes of Science Education and Research, Behrampur -) (-",610315,,,Odisha,2025-07,2026-07,12,843.09,874.09,98.5
619033,"1000 seater Boys hostel, 500 seater Girls hostel, 1.5 MLD Sewage Treatment Plant and Faculty Residence - 72 nos. Flats",NIT Rourkela -) (-,619033,,,Odisha,2026-01,2026-07,7,198.97,53.01,50.0
612877,Establishment of NIT Puducherry Permanent Campus [Phase-I and Phase-II],"National Institute of Technology, Puducherry -) (-",612877,,,Puducherry,2025-07,2026-07,12,544.34,543.74,99.5
605292,"Construction of Permanent Campus of Indian Institute of Management [IIM] Amritsar, Punjab, Phase-I","Indian intitue of Management, Amritsar -) (-",605292,,,Punjab,2025-07,2026-07,12,386.86,293.24,91.7
617221,"Construction of Girls Hostel 400 seater, Boys Hostel 600 seater, Academic Block, International Hostel 100 seater, VC Residence and Purchase of Equipment",Central University of Punjab -) (-,617221,,,Punjab,2025-07,2026-07,12,210.99,99.02,58.0
609996,Construction of Precast housing and hostels at IIT Hyderabad,"Indian Institute of Technology, Hyderabad -) (-",609996,,,Telangana,2025-07,2026-07,12,262.0,223.65,90.39
606479,Banaras Hindu University [ Kayakalp of Institute of Medical Sciences],Banaras Hindu University -) (-,606479,,,Uttar Pradesh,2025-07,2026-07,13,246.0,212.35,99.1
611963,"Construction & Development of Infrastructural Facilities in the main campus of NIT Uttarakhand at Sumari, Pauri Garhwal",National Institute of Technology Uttarakhand -) (-,611963,,,Uttarakhand,2025-07,2026-07,13,650.85,401.56,63.0
609019,"HEFA projects on development of student hostels, playgrounds, departmental buildings, class room complex and other campus facilities in IIT Kharagpur","Indian Institute of Technology, Kharagpur -) (-",609019,,,West Bengal,2025-07,2026-07,13,442.0,418.86,97.0
617839,Capacity Augmentation of Kandla LPG Import Terminal [KLIT] from 0.6 MMTPA to 2.5 MMTPA,Indian Oil Corporation Limited [IOCL] -) (-,617839,Department of Sports,Energy Storage,Gujarat,2025-11,2026-07,10,304.4,168.04,68.0
604833,"Andheri Residential Towers, Mumbai",Indian Oil Corporation Limited [IOCL] -) (-,604833,Department of Sports,Energy Storage,Maharashtra,2025-07,2026-07,13,389.67,281.24,86.0
701343,Srikakulam Angul Gas Pipeline Project,Ministry of Petroleum & Natural Gas -) (-,701343,Department of Sports,Energy Storage,"Multi-States (Andhra Pradesh, Odisha)",2025-07,2026-06,12,2810.0,2315.2,98.1
400078,New Mundra Panipat Crude Oil Pipeline,Ministry of Petroleum & Natural Gas -) (-,400078,Department of Sports,Energy Storage,"Multi-States (Gujarat, Haryana, Rajasthan)",2025-07,2026-06,12,9028.0,7482.71,94.1
400012,Kandla Gorakhpur LPG Pipeline,Indian Oil Corporation Limited [IOCL] -) (-,400012,Department of Sports,Energy Storage,Uttar Pradesh,2025-07,2026-07,13,10088.0,8504.21,96.0
400301,Multi Product Pipeline from Irugur to Devangonthi,MinistryofPetroleumNaturalGas -) (-,400301,Department of Sports,Energy Storage,Tamil Nadu,2025-07,2026-07,13,1732.0,1206.36,86.4
701263,Rajasthan Refinery Project,MinistryofPetroleumNaturalGas N16000513) (5468,701263,,,Rajasthan,2025-07,2026-05,16,79459.0,69996.68,92.1
709759,"Petrochemical evacuation marketing terminal at Barmer, Rajasthan",Hindustan Petroleum Corporation Limited -) (-,709759,Department of Sports,Energy Storage,Rajasthan,2025-07,2026-07,13,461.05,252.18,97.5
400043,Laying of POL Pipelines in Common Corridor for proposed grass root terminal at Vallur [Chennai],MinistryofPetroleumNaturalGas -) (-,400043,Department of Sports,Energy Storage,Tamil Nadu,2025-07,2026-07,13,829.0,382.47,81.0
604852,"Grass-root Terminal at Mirzapur, Uttar Pradesh",Indian Oil Corporation Limited [IOCL] -) (-,604852,Department of Sports,Energy Storage,Uttar Pradesh,2025-07,2026-07,13,980.45,308.35,77.2
400120,KG-DWN-98/2 Cluster - II Development Project - NELP Block,Oil and Natural Gas Corporation Limited [ONGC] -) (-,400120,Oil & Gas,,Andhra Pradesh,2025-07,2026-07,13,34012.0,33192.0,96.9
619226,Provision of four bitumen tanks with capacity of 5 TMT each at Visakh Refinery,Hindustan Petroleum Corporation Limited -) (-,619226,Oil & Gas,,Andhra Pradesh,2026-02,2026-07,7,258.34,8.67,20.2
709752,HP-COAT [Crude to Olefins and Aromatics Technology] demo unit at Visakh Refinery,Hindustan Petroleum Corporation Limited -) (-,709752,Oil & Gas,,Andhra Pradesh,2025-07,2026-07,13,220.0,158.94,94.0
617304,"Setting up of LPG Plant with Rail Unloading Facility at Hathua, Dist. Gopalganj, Bihar",Bharat Petroleum Corporation Limited [BPCL] -) (-,617304,Oil & Gas,,Bihar,2025-07,2026-07,12,340.15,186.21,56.0
701324,Barauni Refinery Capacity Expansion from 6.0 to 9.0 MMTPA,Indian Oil Corporation Limited [IOCL] -) (-,701324,Oil & Gas,,Bihar,2025-07,2026-07,12,16724.0,13089.84,91.8
709777,Installation of Bitumen Manufacturing Unit along with allied facilities at Barauni Refinery,Indian Oil Corporation Limited [IOCL] -) (-,709777,Oil & Gas,,Bihar,2025-07,2026-07,12,410.3,124.57,66.3
709792,"City Gas Distribution Projects at Darbhanga, Madhubani, Supaul, Sitamarhi and Sheohar districts",Bharat Petroleum Corporation Limited [BPCL] -) (-,709792,Oil & Gas,,Bihar,2025-07,2026-07,12,3638.0,493.91,33.6
709793,"City Gas Distribution Projects at Gopalganj, Siwan, West Champaran, East Champaran and Deoria districts",Bharat Petroleum Corporation Limited [BPCL] -) (-,709793,,,Bihar,2025-07,2026-07,12,3919.0,527.15,30.3
617819,"City Gas Distribution [CGD] Project in Kondagaon, Bastar, Sukma, Narayanpur, Bijapur & Dantewada GA",GAIL Gas -) (-,617819,,,Chhattisgarh,2025-11,2026-07,9,557.04,11.63,2.2
400087,Redevelopment of Sobhasan Complex,Oil and Natural Gas Corporation Limited [ONGC] -) (-,400087,,,Gujarat,2025-07,2026-07,12,1347.61,1062.32,95.6
400167,Redevelopment of Santhal Field [Onshore-Mehsana Asset],Oil and Natural Gas Corporation Limited [ONGC] -) (-,400167,,,Gujarat,2025-07,2026-07,12,1162.56,1127.73,96.8
400169,Redevelopment of Linch Field,Oil and Natural Gas Corporation Limited [ONGC] -) (-,400169,,,Gujarat,2025-07,2026-07,12,845.42,622.24,93.7
701329,Petrochemical and Lube Integration Project at Gujarat Refinery,Indian Oil Corporation Limited [IOCL] -) (-,701329,,,Gujarat,2025-07,2026-07,12,17825.0,13901.13,89.6
709778,Installation of new Biturox Unit along with allied facilities at Gujarat Refinery,Indian Oil Corporation Limited [IOCL] -) (-,709778,,,Gujarat,2025-07,2026-07,12,344.36,218.17,87.7
709838,Commercial Polymer Flooding Project in Bechraji field,Oil and Natural Gas Corporation Limited [ONGC] -) (-,709838,,,Gujarat,2025-07,2026-07,12,739.02,280.45,50.0
709840,"Restoration of Gas Terminal, Phase-I [Part-A], Hazira",Oil and Natural Gas Corporation Limited [ONGC] -) (-,709840,,,Gujarat,2025-07,2026-07,12,249.43,219.56,97.6
709841,Old Pipe Line Replacement [OPRP] Group-A,Oil and Natural Gas Corporation Limited [ONGC] -) (-,709841,,,Gujarat,2025-07,2026-07,12,169.84,168.22,94.6
709842,"Kalol Redevelopment Project, Ahmedabad Asset",Oil and Natural Gas Corporation Limited [ONGC] -) (-,709842,,,Gujarat,2025-07,2026-07,12,1487.41,946.45,66.0
709845,"Revamping of SV Stations, Gas Terminal & Kribhco Terminal",Oil and Natural Gas Corporation Limited [ONGC] -) (-,709845,,,Gujarat,2025-07,2026-07,12,1119.86,469.99,70.9
604853,"Indian Oil Technology Development and Deployment Centre at R&D Campus-II, Faridabad",Indian Oil Corporation Limited [IOCL] -) (-,604853,,,Haryana,2025-07,2026-07,12,3200.0,1922.03,65.4
611917,Poly Butadiene Rubber plant at Panipat,Indian Oil Corporation Limited [IOCL] -) (-,611917,,,Haryana,2025-07,2026-07,12,2531.44,1560.24,90.1
619196,Change of service of existing Mundra-Panipat Pipeline [Panipat - Churwa section] from Crude oil to Product,Indian Oil Corporation Limited [IOCL] -) (-,619196,,,"Multi-States (Gujarat, Haryana, Rajasthan)",2026-02,2026-07,7,359.0,52.55,43.3
701289,Capacity Expansion of Panipat Refinery from 15 to 25 MMTPA,Indian Oil Corporation Limited [IOCL] -) (-,701289,,,Haryana,2025-07,2026-07,12,36225.0,28007.35,94.3
709783,"Installation of Multiple Effect Evaporator [MEE] for ETP-1, 2 & 4 of Panipat Refinery and Petrochemical Complex.",Indian Oil Corporation Limited [IOCL] -) (-,709783,,,Haryana,2025-07,2026-07,12,247.69,193.38,92.5
709773,"City Gas Distribution Project at Jammu, Udhampur, Reasi, Samba and Kathua Districts",Indian Oil Corporation Limited [IOCL] -) (-,709773,,,Jammu and Kashmir,2025-07,2026-07,13,538.0,4.45,0.6
610984,Development of Jharia CBM Block [Phase-1],Oil and Natural Gas Corporation Limited [ONGC] -) (-,610984,,,Jharkhand,2025-07,2026-07,13,431.0,267.74,66.2
709785,Laying of Natural Gas Pipeline from Hazaribagh to Ranchi [HRPL],Indian Oil Corporation Limited [IOCL] -) (-,709785,,,Jharkhand,2025-07,2026-07,13,202.07,65.98,58.4
612790,Power System Upgradation Project,Mangalore Refinery and Petrochemicals Limited -) (-,612790,,,Karnataka,2025-07,2026-07,13,385.0,271.36,90.4
616879,Demo Bio-ATF Project,Mangalore Refinery and Petrochemicals Limited -) (-,616879,,,Karnataka,2025-07,2026-07,13,364.0,91.39,54.8
709774,Revamping/ Augmentation of facilities at existing port terminal at Mangalore,Indian Oil Corporation Limited [IOCL] -) (-,709774,,,Karnataka,2025-07,2026-07,13,500.62,327.65,85.6
617838,Augmentation of CCKPL and IDPL Pipelines capacity along with setting up of Palakkad TOP,Bharat Petroleum Corporation Limited [BPCL] -) (-,617838,,,Kerala,2025-11,2026-07,10,1130.0,324.61,48.8
709799,Setting up Polypropylene Unit at Kochi Refinery,Bharat Petroleum Corporation Limited [BPCL] -) (-,709799,,,Kerala,2025-07,2026-07,13,4850.0,1026.0,45.2
617830,C2/C3 Vijaipur Pata Pipeline,Gas Authority of India Limited [GAIL] -) (-,617830,,,Madhya Pradesh,2025-11,2026-07,10,1792.0,541.2,73.0
709798,Ethylene Cracker Project at Bina Refinery including downstream Petrochemical Plants and expansion of Refinery,Bharat Petroleum Corporation Limited [BPCL] -) (-,709798,,,Madhya Pradesh,2025-07,2026-07,13,43367.0,6104.0,33.5
400168,"500 KTA PDHPP Project, Usar",Gas Authority of India Limited [GAIL] -) (-,400168,,,Maharashtra,2025-07,2026-07,13,11256.0,8861.88,91.9
616933,Lube Modernization & Bottom Upgradation Project at Mumbai Refinery,Hindustan Petroleum Corporation Limited -) (-,616933,,,Maharashtra,2025-07,2026-07,13,6008.0,314.9,14.1
619223,Petro Resid Fluidized Catalytic Cracking [PRFCC] Unit and its associated facilities at Mumbai Refinery,Bharat Petroleum Corporation Limited [BPCL] -) (-,619223,,,Maharashtra,2026-02,2026-07,7,13626.0,93.6,7.2
619224,Augmentation of DUPL-DPPL Pipeline,Gas Authority of India Limited [GAIL] -) (-,619224,,,Maharashtra,2026-02,2026-07,7,844.0,1.2,8.2
619225,Installation of Compression facility at GAIL Usar,Gas Authority of India Limited [GAIL] -) (-,619225,,,Maharashtra,2026-02,2026-07,7,260.2,0.0,0.0
709760,HP TDAE Unit in Mumbai Refinery,Hindustan Petroleum Corporation Limited N16000534) (-,709760,,,Maharashtra,2025-07,2026-05,11,240.0,152.75,92.0
709771,"City Gas Distribution Project at Beed, Jalgaon and Jalna Districts",Indian Oil Corporation Limited [IOCL] -) (-,709771,,,Maharashtra,2025-07,2026-07,13,865.0,89.23,3.4
709780,Construction of Additional Tankages and Allied Facilities at JNPT Terminal,Indian Oil Corporation Limited [IOCL] -) (-,709780,,,Maharashtra,2025-07,2026-07,13,436.14,305.01,72.9
709782,ATF Pipeline from Jawaharlal Nehru Port Trust to Navi Mumbai International Airport,Indian Oil Corporation Limited [IOCL] N16000456) (-,709782,,,Maharashtra,2025-07,2026-05,11,165.0,102.79,98.8
709797,POL & LOBS Installations with Receipt Pipelines at Rasayani,Bharat Petroleum Corporation Limited [BPCL] -) (-,709797,,,Maharashtra,2025-07,2026-07,13,2585.0,1507.62,87.3
616254,Visakh Raipur Pipeline Project,Hindustan Petroleum Corporation Limited -) (-,616254,,,"Multi-States (Chhattisgarh, Odisha)",2025-07,2026-07,13,2212.0,570.0,38.4
709757,"CGD Project in Banka, Dumka, Godda, Jamtara, Pakur, Sahibganj GA ID 11A.02",Hindustan Petroleum Corporation Limited N16000497) (-,709757,,,"Multi-States (Bihar, Jharkhand)",2025-07,2026-04,10,1377.0,375.17,37.0
701354,Mumbai Nagpur Jharsuguda Pipeline Project,Ministry of Petroleum & Natural Gas N16000398) (2523,701354,,,"Multi-States (Chhattisgarh, Madhya Pradesh, Maharashtra, Odisha)",2025-08,2026-04,9,8255.0,7070.1,98.9
701330,Mehsana-Bhatinda & Bhatinda-Jammu Natural Gas Pipeline,Indian Oil Corporation Limited [IOCL] -) (-,701330,,,Rajasthan,2025-08,2026-07,12,7392.0,6360.86,90.2
612853,Gurdaspur Jammu Pipeline,Gas Authority of India Limited [GAIL] -) (-,612853,,,Punjab,2025-08,2026-07,12,521.9,326.4,91.1
701228,Kochi - Koottanad - Bangalore - Mangalore Pipeline Phase-II,Gas Authority of India Limited [GAIL] -) (-,701228,,,Tamil Nadu,2025-08,2026-07,12,5909.0,4881.8,97.4
701338,City Gas Distribution Maharashtra Natural Gas Limited,Gas Authority of India Limited [GAIL] -) (-,701338,,,Karnataka,2025-08,2026-07,12,5535.0,4481.93,47.0
701344,Dhamra Haldia Pipeline Project,Gas Authority of India Limited [GAIL] -) (-,701344,,,West Bengal,2025-08,2026-07,12,1125.0,927.4,94.4
709794,"City Gas Distribution Projects at Fazilka [except area already authorized], Ganganagar and Hanumangarh districts",Bharat Petroleum Corporation Limited [BPCL] -) (-,709794,,,Rajasthan,2025-08,2026-07,12,3207.0,429.3,31.1
604859,Integrated Para Xylene [PX] and Purified Terephthalic Acid [PTA] Project at Paradip Refinery,Indian Oil Corporation Limited [IOCL] -) (-,604859,,,Odisha,2025-08,2026-07,12,11783.0,8870.29,94.9
617818,"City Gas Distribution [CGD] Project in Gajapati, Kandhamal, Boudh, & Sonepur GA",GAIL Gas -) (-,617818,,,Odisha,2025-11,2026-07,10,514.91,25.77,5.8
709800,"CUF POL Depot at Sadashibpur [Meramundali], Odisha",Bharat Petroleum Corporation Limited [BPCL] -) (-,709800,,,Odisha,2025-08,2026-07,12,393.54,233.3,86.0
400119,Life Extension of 48 well platforms of Mumbai High & Heera Fields,Oil and Natural Gas Corporation Limited [ONGC] -) (-,400119,,,Offshore,2025-08,2026-07,12,3375.9,3123.2,90.0
616950,PRP-VIII [Group-A],Oil and Natural Gas Corporation Limited [ONGC] -) (-,616950,,,Offshore,2025-08,2026-07,12,1486.4,629.46,60.2
709839,Daman Upside Development Project,Oil and Natural Gas Corporation Limited [ONGC] -) (-,709839,,,Offshore,2025-08,2026-07,12,6406.9,6302.5,92.9
709848,MHN TCPP PGC BGC Project [MTPBP],Oil and Natural Gas Corporation Limited [ONGC] -) (-,709848,,,Offshore,2025-08,2026-07,12,2354.23,1930.25,95.6
709849,PRP-VIII Group B [NH & BS Asset],Oil and Natural Gas Corporation Limited [ONGC] -) (-,709849,,,Offshore,2025-08,2026-07,12,3348.6,3003.9,98.7
709851,Integrated Development of 4 Contract Areas under DSF-II,Oil and Natural Gas Corporation Limited [ONGC] -) (-,709851,,,Offshore,2025-08,2026-07,12,6183.79,2053.0,47.4
400171,2G Ethanol Biorefinery at Bathinda,Hindustan Petroleum Corporation Limited -) (-,400171,,,Punjab,2025-08,2026-07,12,1421.46,1291.35,95.9
709770,City Gas Distribution Project at Pathankot District,Indian Oil Corporation Limited [IOCL] -) (-,709770,,,Punjab,2025-08,2026-07,12,151.0,9.02,2.0
604795,CBR 9 MMTPA Project,Chennai Petroleum Corporation Limited [CPCL] -) (-,604795,,,Tamil Nadu,2025-08,2026-07,12,36354.0,1615.38,10.2
709750,Laying of new 28 inch Desal Water Pipeline and 10 inch Reject Water Pipeline between CPCL Manali Refinery and CPCL Desalination plant at Ennore,Chennai Petroleum Corporation Limited [CPCL] -) (-,709750,,,Tamil Nadu,2025-08,2026-07,12,205.0,117.88,76.9
709796,City Gas Distribution Projects at the Nilgiris and Erode districts,Bharat Petroleum Corporation Limited [BPCL] -) (-,709796,,,Tamil Nadu,2025-08,2026-07,12,3685.0,303.1,25.5
617822,ATF Pipeline from BPCLs Malkapur POL Installation to Hyderabad International airport,Bharat Petroleum Corporation Limited [BPCL] -) (-,617822,,,Telangana,2025-11,2026-07,10,215.0,46.87,29.1
619191,Kanpur LPG Bottling Plant,Bharat Petroleum Corporation Limited [BPCL] -) (-,619191,,,Uttar Pradesh,2026-02,2026-07,7,202.0,132.75,62.5
709781,Revamping / Augmentation of Facilities at Mathura Bitumen Plant,Indian Oil Corporation Limited [IOCL] -) (-,709781,,,Uttar Pradesh,2025-08,2026-07,12,260.12,23.58,57.3
709795,"City Gas Distribution Projects at Lakhimpur Kheri , Sitapur, Bahraich, Shravasti,Balrampur, Siddharth Nagar & Maharajganj districts",Bharat Petroleum Corporation Limited [BPCL] -) (-,709795,,,Uttar Pradesh,2025-08,2026-07,12,16654.0,754.7,19.8
617302,Durgapur - Haldia Pipeline [Section-3B of JHBDPL Project],Gas Authority of India Limited [GAIL] -) (-,617302,,,West Bengal,2025-08,2026-07,12,2583.0,2380.8,95.7
617828,Siliguri-Jhapa Pipeline Project,Indian Oil Corporation Limited [IOCL] -) (-,617828,,,West Bengal,2025-11,2026-07,10,267.0,3.19,16.5
617837,Siliguri Marketing Terminal [SMT] Capacity Augmentation Project,Numaligarh Refinery Limited -) (-,617837,,,West Bengal,2025-11,2026-07,10,484.0,319.32,89.0
709753,Haldia Panagarh Pipeline Project,Hindustan Petroleum Corporation Limited -) (-,709753,,,West Bengal,2025-08,2026-07,12,1107.0,884.2,98.3
709758,"CGD Project in Malda, Birbhum, Murshidabad, Dakshin Dinajpur GA ID 11A.03",Hindustan Petroleum Corporation Limited N16000498) (-,709758,,,West Bengal,2025-08,2026-04,9,2628.0,388.06,36.3
709772,"City Gas Distribution Project at East Mednipore, West Mednipore & Jhargram Districts",Indian Oil Corporation Limited [IOCL] -) (-,709772,,,West Bengal,2025-08,2026-07,12,609.0,64.44,3.0
709791,City Gas Distribution Projects at Alipurduar and Cooch Behar,Bharat Petroleum Corporation Limited [BPCL] -) (-,709791,,,West Bengal,2025-08,2026-07,12,1017.0,238.41,43.8
701172,AIIMS Darbhanga,PMSSY AND Institute of NATIONAL Importance -) (-,701172,Ministry of Health & Family Welfare,Healthcare,Bihar,2025-12,2026-07,9,2006.07,40.33,1.12
707020,Establishment of new GMC Jamui,"Medical Education, Ministry of Health and Family Welfare -) (-",707020,Ministry of Health & Family Welfare,Healthcare,Bihar,2026-01,2026-07,8,500.0,103.21,50.0
707044,Establishment of new GMC Korba,"Medical Education, Ministry of Health and Family Welfare -) (-",707044,Ministry of Health & Family Welfare,Healthcare,Chhattisgarh,2026-01,2026-07,8,322.85,179.49,55.0
707045,Establishment of new GMC Mahasamund,"Medical Education, Ministry of Health and Family Welfare -) (-",707045,Ministry of Health & Family Welfare,Healthcare,Chhattisgarh,2026-01,2026-07,8,325.0,321.7,84.0
707046,Establishment of new GMC Kanker,"Medical Education, Ministry of Health and Family Welfare -) (-",707046,Ministry of Health & Family Welfare,Healthcare,Chhattisgarh,2026-01,2026-07,8,325.0,37.0,45.0
617882,"Setting up IT Infrastructure including Network Security and Hosting at AIIMS, New Delhi",PMSSY AND Institute of NATIONAL Importance -) (-,617882,Ministry of Health & Family Welfare,Healthcare,Delhi,2025-11,2026-07,10,358.19,53.73,40.0
617883,"Redevelopment of Residential colonies at Ayur Vigyan Nagar and West Ansari Nagar campuses of AIIMS, New Delhi",PMSSY AND Institute of NATIONAL Importance -) (-,617883,Ministry of Health & Family Welfare,Healthcare,Delhi,2025-11,2026-07,10,4441.0,44.44,57.0
701170,AIIMS Rajkot,PMSSY AND Institute of NATIONAL Importance -) (-,701170,Ministry of Health & Family Welfare,Healthcare,Gujarat,2025-12,2026-07,9,1195.0,805.48,94.0
707049,Establishment of new GMC Panchmahal,"Medical Education, Ministry of Health and Family Welfare -) (-",707049,Ministry of Health & Family Welfare,Healthcare,Gujarat,2026-01,2026-07,8,663.5,467.34,88.0
707050,Establishment of new GMC Porbandar,"Medical Education, Ministry of Health and Family Welfare -) (-",707050,,,Gujarat,2026-01,2026-07,8,618.98,936.64,81.0
701173,AIIMS Majra Rewari Haryana,Ministry of Health and Family Welfare -) (-,701173,,,Haryana,2025-08,2026-07,12,1646.43,747.62,67.45
701167,AIIMS Kashmir at Awantipora Jammu & Kashmir,PMSSY AND Institute of NATIONAL Importance -) (-,701167,,,Jammu and Kashmir,2025-08,2026-07,12,2570.19,1602.61,79.0
707021,Establishment of new GMC Koderma,"Medical Education, Ministry of Health and Family Welfare -) (-",707021,,,Jharkhand,2026-01,2026-07,8,504.8,271.0,40.0
707022,Establishment of new GMC Chaibasa [Singhbhum],"Medical Education, Ministry of Health and Family Welfare -) (-",707022,,,Jharkhand,2026-01,2026-07,8,454.1,65.0,57.0
707058,Establishment of new GMC Rajgarh,"Medical Education, Ministry of Health and Family Welfare -) (-",707058,,,Madhya Pradesh,2026-01,2026-07,8,325.0,179.5,86.0
707059,Establishment of new GMC Mandla,"Medical Education, Ministry of Health and Family Welfare -) (-",707059,,,Madhya Pradesh,2026-01,2026-07,8,325.0,89.41,45.0
707069,Establishment of new GMC Kapurthala,"Medical Education, Ministry of Health and Family Welfare -) (-",707069,,,Punjab,2026-01,2026-07,8,550.0,50.0,0.0
707070,Establishment of new GMC Hoshiarpur,"Medical Education, Ministry of Health and Family Welfare -) (-",707070,,,Punjab,2026-01,2026-07,8,374.75,2.04,5.0
701168,ALL India Institute of Medical Sciences-AIIMS Madurai,PMSSY AND Institute of NATIONAL Importance -) (-,701168,,,Tamil Nadu,2025-12,2026-07,9,2021.51,540.92,54.0
701171,AIIMS Bibinagar,PMSSY AND Institute of NATIONAL Importance -) (-,701171,,,Telangana,2025-08,2026-07,12,1365.95,1028.94,87.58
707086,Establishment of new GMC Rudrapur,"Medical Education, Ministry of Health and Family Welfare -) (-",707086,,,Uttarakhand,2026-01,2026-07,8,325.0,353.01,95.0
707087,Establishment of new GMC Pithoragarh,"Medical Education, Ministry of Health and Family Welfare -) (-",707087,,,Uttarakhand,2026-01,2026-07,8,768.89,470.08,78.0
612167,"Construction of 350 beds + 50 Super Specialty beds ESIC Hospital Sheelanagar, Visakhapatnam, Andhra Pradesh",Employee's State Insurance Company [ESIC] -) (-,612167,Ministry of Labour and Employment,Healthcare,Andhra Pradesh,2025-10,2026-07,11,384.27,286.38,95.0
612186,350 Bedded [Upgradable to 500 beds] ESI Hospital at Sanand,Employee's State Insurance Company [ESIC] -) (-,612186,,,Gujarat,2025-10,2026-07,11,558.12,55.81,28.0
612211,"Demolition, Construction and upgradation of ESI Hospital, Kalol, Gujarat from 50 beds to 150 beds.",Employee's State Insurance Company [ESIC] -) (-,612211,,,Gujarat,2025-10,2026-07,11,205.87,51.74,58.0
612745,"Construction of 200 bed ESI Hospital at Bommasandra, Karnataka",Employee's State Insurance Company [ESIC] -) (-,612745,,,Karnataka,2025-10,2026-07,11,278.0,80.52,35.0
612748,"Construction of 100 bed ESI Hospital and Staff Quarters [32 Nos.] at Harohalli, Karnataka",Employee's State Insurance Company [ESIC] -) (-,612748,,,Karnataka,2025-10,2026-07,11,150.92,31.05,28.1
612188,"Construction of 200 Bedded [Upgradable to 500 Bedded including 50 beds of SST] ESIC Hospital at Bibewadi, Pune",Employee's State Insurance Company [ESIC] -) (5505,612188,Ministry of Labour and Employment,Healthcare,Maharashtra,2025-10,2026-04,8,429.25,341.9,78.0
612213,"Construction of 200 Bedded ESIC Hospital at Butibori, Nagpur, Maharashtra.",Employee's State Insurance Company [ESIC] -) (-,612213,,,Maharashtra,2025-10,2026-07,11,196.7,116.22,67.0
616691,"Upgradation & Extension of ESIC Hospital and Construction of PG Hostel / Staff Housing for ESIC Hospital at Andheri, Mumbai",Employee's State Insurance Company [ESIC] -) (-,616691,,,Maharashtra,2025-10,2026-07,11,260.13,216.46,89.0
612513,"Construction of 100 Bedded ESI Hospital at Duburi, Odisha.",Employee's State Insurance Company [ESIC] -) (-,612513,,,Odisha,2025-10,2026-07,11,164.6,16.44,7.2
612259,CONSTRUCTION OF 300 BEDDED HOSPITAL AT HARIDWAR,Employee's State Insurance Company [ESIC] -) (-,612259,,,Uttarakhand,2025-10,2026-07,11,297.63,340.3,90.5
701565,Jal Marg Vikas Project,Inland Waterways Authority of India [IWAI] -) (-,701565,"Ministry of Ports, Shipping and Waterways",Inland Waterways,"Multi-States (Bihar, Jharkhand, Uttar Pradesh, West Bengal)",2025-08,2026-07,12,5061.15,4187.19,85.1
609424,"Development of Container Terminal at Tuna-Tekra, Deendayal Port on BOT Basis Under PPP Mode",Deendayal Port Trust -) (-,609424,"Ministry of Ports, Shipping and Waterways",Shipping,Gujarat,2025-08,2026-07,12,4243.64,2737.7,60.0
701570,"Replacement and revamping of pipeline projects in oil jetty area, Kandla",Deendayal Port Trust [DPT] -) (-,701570,"Ministry of Ports, Shipping and Waterways",Shipping,Gujarat,2025-09,2026-07,12,211.61,149.5,92.0
617804,Mechanization of Berth No.14 for handling Containers and other cargo on DBFOT basis - Phase II,New Mangalore Port Authority -) (-,617804,"Ministry of Ports, Shipping and Waterways",Shipping,Karnataka,2025-10,2026-07,11,153.23,97.45,95.0
400382,Rewas Port Project,Reliance Industries Ltd -) (-,400382,Ministry of Labour and Employment,Shipping,Maharashtra,2025-09,2026-06,11,6000.0,5999.89,88.0
701574,Deepening and Optimization of Inner Harbour facilities including development of Western Dock on BOT basis to handle Cape size vessels,Paradip Port Trust [PPT] -) (-,701574,"Ministry of Ports, Shipping and Waterways",Shipping,Odisha,2025-08,2026-07,12,3004.63,2261.12,76.0
707215,National Maritime Heritage Complex [NMHC] Phase-I,Indian Port Rail & Ropeway Corporation Ltd. [IPRCL] -) (-,707215,"Ministry of Ports, Shipping and Waterways","Tourism, Hospitality & Wellness",Gujarat,2025-08,2026-07,12,1238.05,656.38,79.87
707410,Integrated Multi Modal Logistics Hub at Nangal Chaudhary in Haryana - Other Trunk Infrastructure Development Phase 1,NICDC -) (-,707410,"Ministry of Ports, Shipping and Waterways",Logistics Infrastructure,Haryana,2026-01,2026-07,8,763.0,430.0,60.0
701658,Krishnapatnam Node - Phase 1 - Roads and Services Development,National Industrial Corridor Development Corporation -) (-,701658,,,Andhra Pradesh,2025-07,2026-07,13,2139.44,984.13,47.77
701657,Tumakuru Node - Phase 1 - Roads and Services Development,NICDC -) (-,701657,,,Karnataka,2025-07,2026-07,13,1701.81,337.56,27.12
615202,Capacity expansion of Deposit-14 and 14 NMZ at Kirandul,National Mineral Development Corporation Limited [NMDC] -) (-,615202,Ministry of Steel,Metals & Mining,Chhattisgarh,2025-07,2026-07,13,1756.2,292.01,23.09
617243,Replacement of Hot Leveller No.1 of Plate Mill at Bhilai Steel Plant,Steel Authority of India Limited [SAIL] -) (-,617243,Ministry of Steel,Steel,Chhattisgarh,2025-07,2026-07,13,198.62,129.25,82.79
617255,"Replacement of Converter Vessels, Trunnion Rings, Support System & Installation of Secondary Emission at Bhilai Steel Plant",Steel Authority of India Limited [SAIL] -) (-,617255,Ministry of Steel,Steel,Chhattisgarh,2025-07,2026-07,13,471.83,266.11,74.3
617256,Rebuilding of Coke Oven Battery No.7 & 8 at Bhilai Steel Plant,Steel Authority of India Limited [SAIL] -) (-,617256,Ministry of Steel,Steel,Chhattisgarh,2025-07,2026-07,13,884.1,693.83,94.73
706811,NMDC Slurry Pipeline Project Phase-1,National Mineral Development Corporation Limited [NMDC] -) (-,706811,Ministry of Steel,Steel,Chhattisgarh,2025-07,2026-07,13,5427.0,3649.08,95.8
709826,SCREENING PLANT-III AT KIRANDUL,National Mineral Development Corporation Limited [NMDC] -) (-,709826,Ministry of Steel,Steel,Chhattisgarh,2025-07,2026-07,13,3062.39,1754.7,83.42
400174,"New Sinter Plant at BSL, SAIL",Steel Authority of India Limited [SAIL] -) (-,400174,Ministry of Steel,Steel,Jharkhand,2025-07,2026-07,13,1752.3,1028.11,64.26
617249,Replacement of existing Grinders in CRM-I & II at Bokaro Steel Plant,Steel Authority of India Limited [SAIL] -) (-,617249,Ministry of Steel,Steel,Jharkhand,2025-07,2026-07,13,211.94,60.6,62.05
617250,Secondary Emission Control in Converters of SMS-II at Bokaro Steel Plant,Steel Authority of India Limited [SAIL] -) (-,617250,Ministry of Steel,Steel,Jharkhand,2025-07,2026-07,13,207.13,103.47,55.91
617253,Revamping of old sub-systems of Blast Furnace 3 at Bokaro Steel Plant,Steel Authority of India Limited [SAIL] N12000129) (9899,617253,Ministry of Steel,Steel,Jharkhand,2025-07,2026-05,11,513.82,412.95,98.72
617254,Replacement of remaining 04 sets of Battery Cyclones with 04 Nos. of ESPs in Sinter Plant-1 at Bokaro Steel Plant,Steel Authority of India Limited [SAIL] -) (-,617254,,,Jharkhand,2025-07,2026-07,13,260.37,127.53,53.15
617257,Rebuilding of Coke Oven Battery No.6 at Bokaro Steel Plant,Steel Authority of India Limited [SAIL] -) (-,617257,,,Jharkhand,2025-07,2026-07,13,627.31,347.42,68.07
400121,"Construction of Screening Plant-II for Donimalai and Kumaraswamy Iron Ore Mining Complex of NMDC Limited at Ballari Dt, Karnataka.",National Mineral Development Corporation Limited [NMDC] -) (-,400121,,,Karnataka,2025-07,2026-07,13,1043.63,649.52,70.33
612781,Rebuilding of COB 4 at Durgapur Steel Plant,Steel Authority of India Limited [SAIL] -) (-,612781,,,West Bengal,2025-07,2026-07,13,916.78,244.78,37.19
617242,Installation of New Bar Mill at Durgapur Steel Plant,Steel Authority of India Limited [SAIL] -) (-,617242,,,West Bengal,2025-07,2026-07,13,2115.44,935.57,67.5
617246,Up-gradation of Blast Furnace No. 3 at Durgapur Steel Plant,Steel Authority of India Limited [SAIL] -) (-,617246,,,West Bengal,2025-07,2026-07,13,758.09,316.01,62.17
617248,Third Ladle Furnace in Secondary Refinery Unit at IISCO Steel Plant,Steel Authority of India Limited [SAIL] -) (-,617248,,,West Bengal,2025-07,2026-07,13,227.96,111.44,74.55
617251,Revamping of Air Pollution Control Systems of SP-1 at Durgapur Steel Plant,Steel Authority of India Limited [SAIL] -) (-,617251,,,West Bengal,2025-07,2026-07,13,196.4,65.74,34.58
617338,Stamp Charge Battery No.12 Battery Proper at IISCO Steel Plant,Steel Authority of India Limited [SAIL] -) (-,617338,,,West Bengal,2025-09,2026-07,12,2518.39,472.41,27.66
400298,Nadikude-Srikalahasti 308.7 km,CAO/C/SCoR SCoR mor -) (-,400298,Ministry of Railways,Railways,Andhra Pradesh,2025-08,2026-07,12,5906.03,2535.68,2.0
611752,Doubling between Gooty-Pendakallu 29.225 km PB73/2023-24/NR,CAO/C/SCoR SCoR mor -) (-,611752,Ministry of Railways,Railways,Andhra Pradesh,2025-07,2026-07,12,351.83,149.34,0.0
611754,South Central Railway - Rail road over double line between Guntakal West-Mallapa Gate 9.64 km PB34/CR/2023-24,CAO/C/SCoR SCoR mor -) (-,611754,Ministry of Railways,Railways,Andhra Pradesh,2025-07,2026-07,13,293.3,91.42,0.0
611927,Kurnool - Setting up facilities for coach midlife rehabilitation workshop,WPO/Patna -) (-,611927,Ministry of Railways,Railways,Andhra Pradesh,2025-07,2026-07,13,560.72,276.66,65.0
612827,Flyover between Pendurthi-Simhachalam North to avoid surface crossing at Simhachalam 7.135 km PB73/2023-24/NR,CAO/C/SCoR SCoR mor -) (-,612827,Ministry of Railways,Railways,Andhra Pradesh,2025-07,2026-07,13,183.65,25.44,21.0
616697,3rd & 4 th line Vadlapudi-Gate Jn. incl. tie line between Gangavaram Port- Visakhapatnam Steel Plant12.04 km PB73/2023-24/NR,CAO/C/SCoR SCoR mor -) (-,616697,,,Andhra Pradesh,2025-07,2026-07,13,154.28,89.67,87.0
617210,Tirupati-Pakala-Katpadi Doubling 104.39 Km Item83/NR/2024-25,CAO/C/SCoR SCoR mor -) (-,617210,,,"Multi-States (Andhra Pradesh, Tamil Nadu)",2025-07,2026-07,13,1215.56,0.0,0.0
617216,South Central Railway- 3rd line between Gudur-Renigunta stations 83.17 km PB34/CR/2023-24,CAO/C/SCoR SCoR mor -) (-,617216,,,Andhra Pradesh,2025-07,2026-07,13,877.34,53.46,0.0
705253,Kurnool Coach Midlife Rehabilitation Project,South Central Railway [SCR] - II -) (-,705253,,,Andhra Pradesh,2025-08,2026-07,12,560.72,959.27,75.01
705436,Kotapalli - Narasapur New Line,South Central Railway [SCR] - II -) (-,705436,Ministry of Railways,Railways,Andhra Pradesh,2025-07,2026-06,12,2501.0,1417.7,30.02
705633,Guntur-Guntakal Doubling Project,South Central Railway [SCR] - II -) (-,705633,Ministry of Railways,Railways,Andhra Pradesh,2025-07,2026-06,12,4295.0,5552.65,94.05
705648,Vijaywada-Gudur 3rd Line,RVNL - II -) (-,705648,,,Andhra Pradesh,2025-07,2026-06,12,6654.0,6213.64,96.0
400254,Sakri-Hasanpur 79 km,CAO/Con/North/MHX ECR mor -) (-,400254,,,Bihar,2025-07,2026-07,13,802.45,615.69,80.0
617231,East Central Railway - Construction of Bulb line at Nabinagar Ankorah 17.49Km PB45/ECoR/2024-25.,CAO/Con/South/MHX ECR mor -) (-,617231,,,Bihar,2025-07,2026-07,12,611.74,0.0,0.0
705364,Khagaria-Kusheshwar Asthan [42Km] new line project,East Central Railway [ECR] - I -) (-,705364,,,Bihar,2025-07,2026-06,12,1384.16,491.56,55.7
705366,Hajipur-Sagauli via Vaishali 148.3 km,CAO/Con/North/MHX ECR mor -) (-,705366,,,Bihar,2025-07,2026-07,13,3991.33,2843.39,74.0
705368,Araria-Supaul 92 km,CAO/Con/North/MHX ECR mor -) (-,705368,,,Bihar,2025-07,2026-07,13,2621.05,2140.8,40.0
705373,Fatuah-Islampur incl. material modification for extension of new line from Neora to Daniawan Daniawan to Biharsharif Biharsharif to Barbigha Barbigha to Sheikhpura,CAO/Con/South/MHX ECR mor -) (-,705373,,,Bihar,2025-07,2026-07,13,3259.35,3041.78,95.0
705450,Jogbani-Biratnagar New Rail Line project,Indian Railway Construction International Limited [IRCON] -) (-,705450,,,Bihar,2025-07,2026-07,13,486.0,369.48,86.5
705526,Samastipur-Darbhanga 38 km,CAO/Con/North/MHX ECR mor -) (-,705526,,,Bihar,2025-07,2026-07,13,973.56,746.81,92.0
705527,Sagauli - Valmikinagar 109.7 km,CAO/Con/North/MHX ECR mor -) (-,705527,,,Bihar,2025-07,2026-07,13,1558.77,1460.42,91.0
705528,Muzaffarpur - Sagauli 100.6 km,CAO/Con/North/MHX ECR mor -) (-,705528,,,Bihar,2025-07,2026-07,13,1744.84,1554.88,99.0
706759,Rampur Dumra-Tal-Rajendrapul - Addl bridge and doubling 14 km,CGM/CIVIL ECR mor -) (-,706759,,,Bihar,2025-07,2026-07,13,2535.13,2028.18,95.0
706860,Barauni-Bachwara 16 km - 3rd & 4th line incl Barauni yard remodelling 32 km Umbrella work PB57/2019-20/NR,CAO/Con/North/MHX ECR mor -) (-,706860,,,Bihar,2025-08,2026-07,12,485.58,228.43,38.0
900874,Jhajha - Batia 20 km Umbrella work PB23/2018-19/NR,CAO/Con/South/MHX ECR mor -) (-,900874,,,Bihar,2025-09,2026-07,12,588.18,26.52,0.0
400220,Kharsia-Dharamjaygarh with Spur line [East Corridor-Phase 1],Indian Railway Construction International Limited [IRCON] -) (-,400220,,,Chhattisgarh,2025-07,2026-07,13,3798.06,2790.19,95.15
400291,Kirandul-Jagdalpur 150 km,CAO/C/ECOR ECoR mor -) (-,400291,,,Chhattisgarh,2025-07,2026-07,13,1798.0,1369.01,89.0
602792,Gauge Conversion of Kendri-Dhamtari including Abhanpur - Rajim Branch line 67.20 Kms - 2nd Material Modification to Raipur Titlagarh doubling.,SECR -) (-,602792,,,Chhattisgarh,2025-07,2026-07,13,1171.0,448.77,100.0
612815,Nipania-Bhatapra 14.4 km 4th line PB72/NR/2022-23,CAOC/SECR SECR mor -) (-,612815,,,Chhattisgarh,2025-07,2026-07,13,170.49,12.12,3.0
617200,KHARSIA- NAYA RAIPUR-PARMALKASA 5th and 6th Line [278KM],CAO/C/SECR -) (-,617200,,,Chhattisgarh,2025-07,2026-06,12,7853.84,0.64,0.0
617374,"Dallirajhara - Rowghat New Rail Line Project, Phase-I",Rail Vikas Nigam Limited -) (-,617374,,,Chhattisgarh,2025-09,2026-06,11,1881.26,2154.73,98.0
705433,Dallirajhra- Rowghat New Railway Line - Phase I [95 km],Rail Vikas Nigam Limited -) (-,705433,,,Chhattisgarh,2025-07,2026-07,13,1628.0,1440.85,82.0
705444,Gevra Road-Pendra Road New Railway Line [135 km],Indian Railway Construction International Limited [IRCON] -) (-,705444,,,Chhattisgarh,2025-07,2026-07,13,7448.52,5327.55,83.36
706854,Boridand-Ambikapur 118.81 km Umbrella work PB57/2019-20/NR,CAOC/SECR SECR mor -) (-,706854,,,Chhattisgarh,2025-07,2026-07,13,1576.72,499.37,38.0
709815,4th line - Bhatapara-Hathband 8.8 km PB72/NR/2022-23,CAOC/SECR SECR mor -) (-,709815,,,"Multi-States (Chhattisgarh, Maharashtra)",2025-07,2026-07,13,177.03,21.08,3.0
709816,4th line - Bhilai-Bhilai nagar 8.8 km PB72/NR/2022-23,CAOC/SECR SECR mor -) (-,709816,,,"Multi-States (Chhattisgarh, Maharashtra)",2025-07,2026-07,13,177.34,35.21,3.0
709817,4th line - Dadhapara-Belha 9.2 km PB72/NR/2022-23,CAOC/SECR SECR mor -) (-,709817,,,"Multi-States (Chhattisgarh, Maharashtra)",2025-07,2026-07,12,169.06,65.43,10.0
709818,4th line - Rajnandgaon-Dongarhgarh 31.2 km PB72/NR/2022-23,CAOC/SECR SECR mor -) (-,709818,,,Chhattisgarh,2025-07,2026-07,13,328.34,98.21,5.0
709819,3rd & 4th line - Saragbundia & Madwarani 12.2 km PB72/NR/2022-23,CAOC/SECR SECR mor -) (-,709819,,,Chhattisgarh,2025-07,2026-07,13,167.64,28.44,10.0
613785,Redevelopment of New Delhi Railway Station and construction of associated infrastructure,Rail Land Development Authority -) (-,613785,,,Delhi,2025-07,2026-06,12,4744.0,355.8,6.0
617379,Development of New Bijwasan Railway Terminal,Northern Railways -) (-,617379,,,Delhi,2025-09,2026-06,11,446.21,565.7,80.0
705583,Anand Vihar-Tilak Bridge - 3rd & 4th line 9.77 km,CAOC/NR NR mor -) (-,705583,,,Delhi,2025-08,2026-07,12,701.88,393.68,23.0
611918,Kosamba- Umarpada 69.70 Km PB32/WR/2023-24,CAOCWR WR mor -) (-,611918,,,Gujarat,2025-07,2026-07,13,468.0,146.38,31.0
611943,New BG line between Naliya - Jakhau Port 24.88 Km,CAOCWR WR mor -) (-,611943,,,Gujarat,2025-07,2026-07,13,410.26,11.86,5.0
611945,Petlad-Bhadran 22.5 km,CAOCWR WR mor -) (-,611945,,,Gujarat,2025-07,2026-07,13,307.12,114.73,32.0
611970,Samlaya-Timba Road 53.53 km,CAOCWR WR mor -) (-,611970,,,Gujarat,2025-07,2026-07,13,670.17,195.1,25.0
611971,Samni-Jambusar 24.08 km,CAOCWR WR mor -) (-,611971,,,Gujarat,2025-07,2026-07,13,349.93,188.23,40.0
611974,Western Railway- Samakhiali-Gandhidham Quadrupiling 53 km PB34/CR/2023-24,CAOCWR WR mor -) (-,611974,,,Gujarat,2025-07,2026-07,13,1430.0,748.46,50.0
611977,Dahod Creation of Infrastructure facilities for 9000 HP Electric locomotives Manufacturing at,PCE/WR -) (-,611977,,,Gujarat,2025-07,2026-06,12,487.0,222.88,53.0
611978,Dahod Rolling Stock Workshop Provision of Infrastructure for CBS at,PCE/WR -) (-,611978,,,Gujarat,2025-07,2026-06,12,158.0,51.87,10.0
611979,Sabarmati Setting up of Maintenance Facilities for Train Sets Phase ii,Western Railway [WR] - II -) (-,611979,,,Gujarat,2025-07,2026-06,12,250.0,185.02,88.0
612072,Barejadi Nandej Geratpur - Sanand - 4th line 38.20 km,CAOCWR WR mor -) (-,612072,,,Gujarat,2025-07,2026-07,13,961.67,548.14,23.0
613786,"Redevelopment of Ahmedabad railway station and associated infrastructure on engineering, procurement and construction mode",Rail Land Development Authority -) (-,613786,,,Gujarat,2025-07,2026-06,12,2379.0,984.21,32.5
618972,Devbhumi Dwarka [Okha] - Kanalus Doubling,Western Railway [WR] - II -) (-,618972,,,Gujarat,2025-12,2026-06,8,1456.77,0.28,0.0
705458,Miyagam-Karjan-Dabhoi-Samlaya 96.46 km- Gauge conversion with electrification,CAOCWR WR mor -) (-,705458,,,Gujarat,2025-07,2026-07,13,1015.07,816.25,34.0
706757,Modasa-Shamlaji Road Railway Line Project,Western Railway WR - II -) (-,706757,,,Gujarat,2025-07,2026-06,12,262.0,387.82,64.0
706763,Rajkot-Kanalus 111.20 km,CAOCWR WR mor -) (-,706763,,,Gujarat,2025-07,2026-07,13,1205.18,1107.75,90.0
709812,Nadiad-Petlad 37.26 km,CAOCWR WR mor -) (-,709812,,,Gujarat,2025-07,2026-07,13,461.91,142.21,30.0
709813,New BG line intersection 5 nos between Geratpur-Sanand & Botad-Ahmedabad 16.51 km PB29/NR/2022-23,CAOCWR WR mor -) (-,709813,,,Gujarat,2025-07,2026-07,13,463.95,463.96,22.0
611884,Doubling between Bhiwani - Dobh Bahali PB73/2023-24/NR,CAOC/NWR NWR mor -) (-,611884,,,Haryana,2025-07,2026-07,13,471.0,342.36,77.0
617372,Pradhankhunta Jn-Patherdih Bazar-Bhojudih 17.1 km Umbrella work PB57/2019- 20/NR,CAO/Con/South/MHX ECR mor -) (-,617372,,,Jharkhand,2025-09,2026-07,11,349.22,162.92,60.0
617832,Koderma-Barkakana Arigada 133 Km,CAO/Con/South/MHX ECR mor -) (-,617832,,,Jharkhand,2025-11,2026-07,10,2887.11,0.85,0.0
705765,Gomoh - Flyover for down trains 20 km,CAO/Con/South/MHX ECR mor -) (-,705765,,,Jharkhand,2025-07,2026-07,13,686.03,531.63,65.0
705785,Lodhma-Piska - Link line bypassing Hatia / Ranchi with Y connection 17.2 km,CAO/C/SER SER mor -) (-,705785,,,Jharkhand,2025-07,2026-07,13,472.5,344.5,14.0
706837,Pradhan Kuntha Jn Line Doubling Project,East Central Railway [ECR] - I -) (-,706837,,,Jharkhand,2025-08,2026-07,12,349.22,145.57,72.0
400023,Construction of New BG line between Hassan to Belur [27 Km],South Western Railway [SWR] - II -) (-,400023,,,Karnataka,2025-07,2026-07,13,749.0,3.43,0.5
703585,Yeshvanthpur - Channasandra Doubling Project [21.70 Km],Karnataka Rail Infrastructure Development Company Limited [K-RIDE] -) (-,703585,,,Karnataka,2025-07,2026-06,12,683.57,173.5,56.8
705434,New Railway Line between Ginigera and Raichur [165.57 km],South Western Railway [SWR] - II -) (-,705434,,,Karnataka,2025-07,2026-06,12,3034.98,2412.11,71.0
705490,Gadag - Wadi 252 km,CAOC/SWR SWR mor -) (-,705490,,,Karnataka,2025-07,2026-07,13,3668.17,2252.04,35.0
705492,Kadur-Chickmagalur-Sakleshpur 93 km,CAOC/SWR SWR mor -) (-,705492,,,Karnataka,2025-07,2026-07,13,1043.15,790.72,83.0
705495,Bagalkot-Kudachi 142 km,CAOC/SWR SWR mor -) (-,705495,,,Karnataka,2025-07,2026-07,13,1710.44,797.37,35.0
705496,Tumkur-Chitradurg-Davangere 199.7 km,CAOC/SWR SWR mor -) (-,705496,,,Karnataka,2025-07,2026-07,13,1801.01,676.71,22.0
705663,Bangalore-Whitefield-Bangalore City-Krishnarajapuram 23.08 km - Quadrupling,CPM/GS/SBC SWR mor -) (-,705663,,,Karnataka,2025-07,2026-07,13,717.54,459.94,70.0
705761,Shimoga-Shikaripura-Ranebennur 103 km umbrella work PB23/2018-19/NR,CAOC/SWR SWR mor -) (-,705761,,,Karnataka,2025-07,2026-07,13,455.86,106.18,14.0
705941,Bangalore Suburban Railway Project,Karnataka Rail Infrastructure Development Company Limited [K-RIDE] -) (-,705941,,,Karnataka,2025-12,2026-07,9,15767.0,3277.99,20.02
706835,Belgaum-Dharwad via Kittur [73.10Km],South Western Railway [SWR] - II -) (-,706835,,,Karnataka,2025-07,2026-06,12,1591.0,0.38,0.0
705638,Kumbalam-Turavur - Patch doubling 15.59 km,CAO/CN/ERS SR mor -) (-,705638,,,Kerala,2025-07,2026-07,13,1171.46,395.03,30.0
705639,Ernakulam-Kumbalam - Patch doubling 7.71 km,CAO/CN/ERS SR mor -) (-,705639,,,Kerala,2025-07,2026-07,13,827.5,312.63,25.0
705480,"Lalitpur-Satna, Rewa-Singrauli & Mahoba-Khajuraho 541 km",CE/C-4/WCR WCR mor -) (-,705480,,,"Multi-States (Madhya Pradesh, Uttar Pradesh)",2025-07,2026-07,13,8913.94,6622.82,73.0
705659,Satna - Rewa 50 km,CE/C-4/WCR WCR mor -) (-,705659,,,Madhya Pradesh,2025-07,2026-07,13,646.1,618.19,88.0
705660,Doubling of Katni - Singrauli Railway Line [261 km],Indian Railway Construction International Limited [IRCON] -) (-,705660,,,Madhya Pradesh,2025-07,2026-06,12,4377.0,3368.46,81.25
705661,Katni - Grade separator / bypass 21.50 km,GM IRCON KATNI WCR mor -) (-,705661,,,Madhya Pradesh,2025-07,2026-07,13,2300.0,1839.46,84.0
705763,Indore - Budni New Railway Line [198 kms],RVNL - II -) (-,705763,,,Madhya Pradesh,2025-07,2026-06,12,7474.0,2879.62,41.0
705933,Nimach-Ratlam 133 km,CAOCWR WR mor -) (-,705933,,,Madhya Pradesh,2025-07,2026-07,13,1770.58,1488.18,100.0
400019,DHULE [BORVIHIR] - NARDANA NEW LINE [50.60 KMS],Central Railway -) (-,400019,,,Maharashtra,2025-07,2026-06,12,1170.83,560.32,38.0
400271,Wardha-Nanded Via Yavatmal New BG Line,Central Railway [CR] - II -) (-,400271,,,Maharashtra,2025-07,2026-06,12,3445.0,3002.93,50.0
611751,Aurangabad-Ankai 98.25 km,CAOCON/SCR SCR mor -) (-,611751,,,Maharashtra,2025-07,2026-07,13,960.64,381.13,0.0
613015,Redevelopment of Chhatrapati Shivaji Maharaj Terminus [CSMT] and construction of associated infrastructure,Rail Land Development Authority -) (-,613015,,,Maharashtra,2025-07,2026-07,13,1813.0,873.99,25.0
617201,Gondia-Balharshah [Chanda Fort] Doubling [240 Km],South East Central Railway -) (-,617201,,,Maharashtra,2025-07,2026-06,12,4373.04,1.79,2.0
617215,Doubling between Parbhani-Parli Vaijnath stations 64.71 km PB34/CR/2023-24,CAOCON/SCR SCR mor -) (-,617215,,,Maharashtra,2025-07,2026-07,13,769.93,174.3,1.0
617361,Babupeth - Sasti New Rail Line [13.114 KMs],CentralRailway -) (-,617361,,,Maharashtra,2025-09,2026-06,11,362.81,0.48,0.0
617364,Central Railway - Double chord line between Nilaje and Kopar 4.495 km PB34/CR/2023-24,CAOC/CR CR mor -) (-,617364,,,Maharashtra,2025-09,2026-07,12,205.0,57.54,15.0
705356,Ahmednagar - Beed - Parli - Vaijnath New Broad Gauge Line Railway Project [261.3 km],CAOC/CR CR mor -) (-,705356,,,Maharashtra,2025-07,2026-07,13,5942.48,5054.69,93.0
705357,Baramati - Lonand 54 km,CAOC/CR CR mor -) (-,705357,,,Maharashtra,2025-07,2026-07,13,1790.5,1132.25,60.0
705479,Wadsa-Gadchiroli 49.5 km,CAOC/SECR SECR mor -) (-,705479,,,Maharashtra,2025-07,2026-07,13,1880.61,1015.46,69.0
705498,Kalyan-Kasara - 3rd line 67.62 km,CAOC/CR CR mor -) (-,705498,,,Maharashtra,2025-07,2026-07,13,1395.5,1159.82,73.0
705500,Wardha Sevagram-Nagpur - 3rd line 76.3 km,CAOC/CR CR mor -) (-,705500,,,Maharashtra,2025-07,2026-07,13,899.52,836.27,88.0
705502,Wardha-Balharshah - 3rd line 132 km,CAOC/CR CR mor -) (-,705502,,,Maharashtra,2025-07,2026-07,13,2603.11,1894.7,86.0
705504,Daund - Manmad 247.50 km,CAOC/CR CR mor -) (-,705504,,,Maharashtra,2025-07,2026-07,13,3554.74,3191.56,95.0
705505,Wardha-Nagpur - 4th line 78.70 km,CAOC/CR CR mor -) (-,705505,,,Maharashtra,2025-07,2026-07,13,1194.59,1090.49,88.0
705506,3rd Line Manmad - Jalgaon [160 Kilometres],Central Railway [CR] - II -) (-,705506,,,Maharashtra,2025-07,2026-07,13,1870.0,1843.54,100.0
705735,Solapur-Osmanabad - New line via Tuljapur 84.44 km umbrella work PB23/2018- 19/NR,CAOC/CR CR mor -) (-,705735,,,Maharashtra,2025-07,2026-07,13,1647.87,1202.73,22.0
705799,Nagpur- Nagbhir Railway Line Gauge Conversion Project,MRIDC -) (-,705799,,,Maharashtra,2025-07,2026-06,12,1400.0,1472.0,80.0
706779,Mumbai Urban Transport Project [MUTP] - PHASE II,Mumbai Rail Vikas Corporation Ltd.[MRVC] -) (-,706779,,,Maharashtra,2025-07,2026-06,12,8087.0,7559.14,90.0
706780,Mumbai Urban Transport Project [MUTP] Phase-IIIA,Mumbai Rail Vikas Corporation Ltd.[MRVC] -) (-,706780,,,Maharashtra,2025-07,2026-06,12,33690.0,3854.46,25.0
706781,Mumbai Urban Transport Project Phase-III,Mumbai Rail Vikas Corporation Ltd.[MRVC] -) (-,706781,,,Maharashtra,2025-07,2026-06,12,10947.0,6880.48,75.0
705491,Marikuppam-Kuppam 23.7 km,CAOC/SWR SWR mor -) (-,705491,,,"Multi-States (Andhra Pradesh, Karnataka)",2025-07,2026-07,13,502.13,145.72,20.0
705494,Rayadurg-Tumkur via Kalyandurg 213 km,CAOC/SWR SWR mor -) (-,705494,,,"Multi-States (Andhra Pradesh, Karnataka)",2025-07,2026-07,13,4612.0,1906.63,65.0
705610,"Renigunta 9.60 km, Wadi 7.60 km & Gooty 3.8 km - Bypass",CAO/C/SCoR SCoR mor -) (-,705610,,,"Multi-States (Andhra Pradesh, Tamil Nadu)",2025-07,2026-07,13,850.74,421.36,50.0
617212,Doubling between Mudkhed Medchal & Mahbubnagar Dhone section 417.88 Km,South Central Railway [SCR] - II -) (-,617212,,,"Multi-States (Andhra Pradesh, Maharashtra, Telangana)",2025-07,2026-06,12,4686.09,640.06,21.0
400253,Vizianagaram - Titlagarh 3rd line [272 Km including By - pass line of 7.68 KM],RVNL - II -) (-,400253,,,"Multi-States (Andhra Pradesh, Odisha)",2025-07,2026-06,12,6669.91,6260.17,99.0
705512,Kottavalasa-Koraput 189.278 km,CAO/C/ECOR ECoR mor -) (-,705512,,,"Multi-States (Andhra Pradesh, Odisha)",2025-07,2026-07,13,3580.41,2300.04,74.0
400275,Tindivanam-Nagari 179.2 km,CAOC/SR SR mor -) (-,400275,,,"Multi-States (Andhra Pradesh, Tamil Nadu)",2025-07,2026-07,13,3631.34,1175.82,16.0
616857,Doubling between Motumari Vishnupuram 88.81 km and Rail over Rail RoR at Motumari 10.877 Km,CAO/C/SCoR SCoR mor -) (-,616857,,,"Multi-States (Andhra Pradesh, Telangana)",2025-07,2026-07,13,1595.55,327.62,22.0
617211,Doubling of Guntur Bibinagar 239 Km,South Central Railway [SCR] - II -) (-,617211,,,"Multi-States (Andhra Pradesh, Telangana)",2025-07,2026-06,12,2853.23,357.74,2.6
617214,"South Central Railway- Rail connectivity to Amaravati, Capital of Andhra Pradesh Errupalem- Amaravati- Namburu New line 57 km PB7/WR/2023-24",CAO/C/SCoR SCoR mor -) (-,617214,,,"Multi-States (Andhra Pradesh, Telangana)",2025-07,2026-07,13,2047.4,155.0,0.0
705612,Kazipet-Vijayawada 3rd line with electrification [220 km],South Central Railway [SCR] - II -) (-,705612,,,"Multi-States (Andhra Pradesh, Telangana)",2025-07,2026-06,12,3363.0,5192.51,95.02
705632,Vijayawada19.50 km & Kazipet10.65 km -Byepass line,CAO/C/SCoR SCoR mor -) (-,705632,,,"Multi-States (Andhra Pradesh, Telangana)",2025-07,2026-07,13,827.46,705.66,90.0
705794,New Delhi- Howrah Speed Booster[160Kmph] Project,PCE/NCR -) (-,705794,,,"Multi-States (Bihar, Delhi, Jharkhand, Uttar Pradesh, West Bengal)",2025-07,2026-06,12,6684.81,127.03,0.0
616699,Multi tracking of Son Nagar-Andal 374.53 rkm & 814.38 tkm PB34/ECOR/2023-24,CAO/Con/South/MHX ECR mor -) (-,616699,,,"Multi-States (Bihar, Jharkhand, Uttar Pradesh, West Bengal)",2025-07,2026-07,13,12333.57,1152.79,3.0
705375,Koderma-Tilaiya 68 km,CAO/Con/South/MHX ECR mor -) (-,705375,,,"Multi-States (Bihar, Jharkhand)",2025-07,2026-07,13,2433.13,2269.03,90.0
705385,Pirpainti - Jasidih 97 km,CAOC/ER ER mor -) (-,705385,,,"Multi-States (Bihar, Jharkhand)",2025-07,2026-07,13,2700.43,1775.66,40.0
611669,NER Provision of Automatic Block Signalling on Gorakhpur Cantt[Excl] Chhapra Gramin & Burhwal Jn [Excl] Sitapur Jn section of high density routes,North Eastern Railway [NER] -) (-,611669,,,"Multi-States (Bihar, Uttar Pradesh)",2025-07,2026-07,13,380.47,258.65,25.0
617224,Gorakhpur-Valmikinagar Doubling project,NER -) (-,617224,,,"Multi-States (Bihar, Uttar Pradesh)",2025-07,2026-07,13,1120.0,442.7,32.0
705562,Chhapra-Ballia - Patch doubling 65 km,CAOC/NER NER mor -) (-,705562,,,"Multi-States (Bihar, Uttar Pradesh)",2025-07,2026-07,13,1010.84,1000.05,95.0
617245,Katihar-Kumedpur & Katihar-Mukuria 64.5 km Umbrella work PB57/2019-20/NR,CAO/C-II/NFR NFR mor -) (-,617245,,,"Multi-States (Bihar, West Bengal)",2025-12,2026-07,9,1961.0,952.95,65.0
618978,Gondia - Dongargarh 4th line [84 Km],South Eastern Central Railway -) (-,618978,,,"Multi-States (Chhattisgarh, Maharashtra)",2025-12,2026-06,8,2222.53,0.35,1.0
705617,Rajnandgaon-Nagpur - 3rd line 228 km,CAOC/SECR SECR mor -) (-,705617,,,"Multi-States (Chhattisgarh, Maharashtra)",2025-07,2026-07,13,3544.92,3143.54,95.0
617390,Sardega -Bhalumuda New Double line [37.24 Km],SECR -) (-,617390,,,"Multi-States (Chhattisgarh, Odisha)",2025-09,2026-06,11,1281.81,130.14,5.0
705511,Jagdalpur-Koraput 110.22 km,CAO/C/ECOR ECoR mor -) (-,705511,,,"Multi-States (Chhattisgarh, Odisha)",2025-07,2026-07,13,1547.38,1382.17,90.0
705616,Jharsuguda - Bilaspur - 4th line 206 km,CAOC/SECR SECR mor -) (-,705616,,,"Multi-States (Chhattisgarh, Odisha)",2025-07,2026-07,13,2978.55,2540.98,88.0
705728,Mumbai-Ahmedabad High Speed Rail Project- 508 km,National High Speed Rail Corporation [NHSRC] -) (-,705728,,,"Multi-States (Dadra & Nagar Haveli and Daman & Diu, Gujarat, Maharashtra)",2025-07,2026-07,13,108000.0,90966.89,62.16
705793,Raising of speed to 160 kmph/200 kmph on existing New Delhi-Mumbai route incl. Vadodara-Ahmedabad,PCE/WR -) (-,705793,,,"Multi-States (Delhi, Gujarat, Madhya Pradesh, Maharashtra, Rajasthan)",2025-07,2026-07,13,8095.12,9480.86,66.32
705650,Hospet - Tinaighat - Vasco Rail Doubling Project,RVNL - II -) (-,705650,,,"Multi-States (Goa, Karnataka)",2025-07,2026-06,12,5060.0,5511.03,86.14
706950,Hospet-Hubli-Vasco da Gama Line Electrification Project,RVNL -) (-,706950,,,"Multi-States (Goa, Karnataka)",2025-07,2026-06,12,1122.62,1163.32,99.7
705237,Western Dedicated Freight Corridor,DFCCIL -) (-,705237,,,"Multi-States (Gujarat, Haryana, Maharashtra, Rajasthan, Uttar Pradesh)",2025-07,2026-07,13,124005.0,124623.0,96.0
705453,"Dahod-Indore via Sardarpur, Jhabua & Dhar 200.97 km incl. material modification for change in alignment via Amjhera 4.82 km",CAOCWR WR mor -) (-,705453,,,"Multi-States (Gujarat, Madhya Pradesh)",2025-07,2026-07,13,9217.23,4509.3,57.0
705454,Chhota Udepur-Dhar 157 km,CAOCWR WR mor -) (-,705454,,,"Multi-States (Gujarat, Madhya Pradesh)",2025-07,2026-07,13,1993.65,1855.01,58.0
611452,MUMBAI CENTRAL VIRAR VADODARA AHMEDABAAD TRAIN PROTECTION SYSTEM 500 RKM,Western Railway -) (-,611452,,,"Multi-States (Gujarat, Maharashtra)",2025-07,2026-06,12,311.0,263.42,93.0
400022,Taranga Hill-Abu Road via Ambaji 116.65 km,CAOC/NWR NWR mor -) (-,400022,,,"Multi-States (Gujarat, Rajasthan)",2025-07,2026-07,13,3198.16,1953.58,48.0
616842,LUNI- SAMDARI- BHILDI DOUBLING,North Western Railway [NWR] -) (-,616842,,,"Multi-States (Gujarat, Rajasthan)",2025-07,2026-07,13,3085.59,962.77,36.0
705424,Chandigarh-Baddi 33.23 km,CAOC/NR NR mor -) (-,705424,,,"Multi-States (Haryana, Himachal Pradesh)",2025-07,2026-07,13,1942.17,1101.73,47.0
611861,Rewari - Kathuwas Doubling Project [27.72 Km],North Western Railway [NWR] -) (-,611861,,,"Multi-States (Haryana, Rajasthan)",2025-07,2026-06,12,352.0,342.83,80.0
705410,Nangal Dam-Talwara 83.74 km - New broad gauge line & taking over siding Mukerian- Talwara 29.16 km,CAOC/NR NR mor -) (-,705410,,,"Multi-States (Himachal Pradesh, Punjab)",2025-07,2026-07,11,4076.15,2934.27,84.0
705428,Bhanupalli-Bilaspur-Beri New Railway Line Project,RVNL - II -) (-,705428,,,"Multi-States (Himachal Pradesh, Punjab)",2025-07,2026-06,12,13447.0,7781.89,64.0
705628,Bondamunda - Ranchi 158.50 km,CAO/C/SER SER mor -) (-,705628,,,"Multi-States (Jharkhand, Odisha)",2025-07,2026-07,13,3029.04,2696.32,95.0
616588,Buramara - Chakulia 59.96 km PB9/SECR/2023-24,CAO/C/SER SER mor -) (-,616588,,,"Multi-States (Jharkhand, Odisha, West Bengal)",2025-07,2026-07,13,1459.13,11.7,2.0
616227,3rd line between Chandil - Anara- Damodar section 121.26 km,CAO/C/SER SER mor -) (-,616227,,,"Multi-States (Jharkhand, West Bengal)",2025-07,2026-07,11,1932.01,9.07,0.0
705668,Kharagpur-Adityapur - 3rd line 132 km,CMD / RVNL RVNL mor -) (-,705668,,,"Multi-States (Jharkhand, West Bengal)",2025-07,2026-07,13,3450.0,3297.43,98.0
703586,Baiyyappanahalli-Hosur 48 km,M.D/KRIDE SWR mor -) (-,703586,,,"Multi-States (Karnataka, Tamil Nadu)",2025-07,2026-07,13,1160.0,700.64,85.0
705635,Trivandrum- Kanyakumari,CAO/CN/ERS SR mor -) (-,705635,,,"Multi-States (Kerala, Tamil Nadu)",2025-07,2026-07,12,3785.45,3258.97,59.0
705457,Ratlam-Mhow-Khandwa-Akola 472.64 km including material modification for Fatehabad-Chandrawati Ganj-Ujjain 22.96 km and Rau-DADN doubling 9.40 km,CAOCWR WR mor -) (-,705457,,,"Multi-States (Madhya Pradesh, Maharashtra)",2025-07,2026-07,13,13314.47,5045.54,75.0
705507,Itarsi-Nagpur bal. 280 km,CAOC/CR CR mor -) (-,705507,,,"Multi-States (Madhya Pradesh, Maharashtra)",2025-07,2026-07,13,2509.24,2290.12,55.0
617406,RATLAM- DUNGARPUR VIA BANSWARA NEW LINE PROJECT,North Western Railway [NWR] -) (-,617406,,,"Multi-States (Madhya Pradesh, Rajasthan)",2025-09,2026-06,11,2417.24,7.7,8.0
705419,Gwalior-Sheorpurkalan with extension to Kota 284 km,CAO/C/NCR NCR mor -) (-,705419,,,Madhya Pradesh,2025-07,2026-07,13,3947.0,3068.75,91.0
705481,Ramganj Mandi-Bhopal 262 km,CPM/Kota WCR mor -) (-,705481,,,"Multi-States (Madhya Pradesh, Rajasthan)",2025-07,2026-07,12,5074.76,4498.51,86.0
705764,Nimach-Badi Sadri NL Project 48 km,CAOC/NWR NWR mor -) (-,705764,,,"Multi-States (Madhya Pradesh, Rajasthan)",2025-07,2026-07,13,895.67,577.16,60.0
705667,Mathura-Jhansi - 3rd line 273.80 km,CMD / RVNL RVNL mor -) (-,705667,,,"Multi-States (Madhya Pradesh, Rajasthan, Uttar Pradesh)",2025-07,2026-07,13,5960.76,5725.22,94.0
705598,Jhansi-Bina - 3rd line 152.57 km,CAO/C/NCR NCR mor -) (-,705598,,,"Multi-States (Madhya Pradesh, Uttar Pradesh)",2025-07,2026-07,13,2001.63,1943.61,98.0
705608,Jhansi-Khairar-Manikpur & Khirar-Bhimsen,North Central Railway -) (-,705608,,,"Multi-States (Madhya Pradesh, Uttar Pradesh)",2025-07,2026-07,13,4330.0,3102.72,73.0
705613,Third Line [new] between Kazipet - Balharshah with electrification [201.04 Km],South Central Railway [SCR] - II -) (-,705613,,,"Multi-States (Maharashtra, Telangana)",2025-07,2026-06,12,3071.0,4154.83,94.8
705629,Narayangarh - Bhadrak - 3rd line 155 km,CAO/C/SER SER mor -) (-,705629,,,"Multi-States (Odisha, West Bengal)",2025-07,2026-07,13,3425.32,2886.02,84.0
400223,Tiruchchirappalli-Nagore-Karaikal with extension of Nagapattinam-Velankani- Tiruthiraipundi incl. new material modification of Karaikal - Peralam 23 km new line,CAOC/SR SR mor -) (-,400223,,,"Multi-States (Puducherry, Tamil Nadu)",2025-07,2026-07,13,1748.55,1267.74,80.0
602797,"Sainthia, Sitarampur, Mughalsarai, Allahabad & Etawah - Bypass 35 km",CAOC/ER ER mor -) (-,602797,,,"Multi-States (Uttar Pradesh, West Bengal)",2025-07,2026-07,13,797.94,185.23,15.0
400006,Jharsuguda-Barpali-Sardega Ph II Works- Rail Connectivity for Coal Loading Bulb at Barpali.,South Eastern Railway [SER] - I -) (-,400006,,,Odisha,2025-12,2026-07,9,808.99,743.46,44.0
400045,Proposed 6 nos Road Over Bridge [ROB] at different locations under MCL Talcher Under Deposit Scheme.,East Coast Railway [ECoR] - II -) (-,400045,,,Odisha,2025-07,2026-07,13,168.32,69.85,82.0
400047,Doubling of Lingaraj SILO connectivity of NTPC line and augmentation of NTPC exchange yard and NTPC Block Cabin.,East Coast Railway [ECoR] - II -) (-,400047,,,Odisha,2025-12,2026-07,9,210.0,41.17,53.0
400048,Doubling of lines connecting the loading spurs in Talcher Yard.,East Coast Railway [ECoR] - II -) (-,400048,,,Odisha,2025-12,2026-07,9,186.21,105.07,88.0
400232,Brundamal - Jharsuguda - Fly-over connection for joining down line 6.6 km,CAO/C/ECOR ECoR mor -) (-,400232,,,Odisha,2025-07,2026-07,13,296.51,46.39,55.0
612834,3rd & 4th line between Sarla - Sason 8 km PB73/2023-24/NR,CAO/C/ECOR ECoR mor -) (-,612834,,,Odisha,2025-07,2026-07,13,252.0,169.6,88.0
616586,Bangriposi - Gorumahisani 85.60 km PB9/SECR/2023-24,CAO/C/SER SER mor -) (-,616586,,,"Multi-States (Odisha, West Bengal)",2025-07,2026-07,13,2269.49,7.31,2.0
616587,Badampahar-Kendujhargarh new line [82.06 km],CAO/C/SER -) (-,616587,,,Odisha,2025-07,2026-06,12,1875.72,2.35,0.0
616694,Flyover between Siju & Paradeep coaching yard 7 km PB73/2023-24/NR,CAO/C/ECOR ECoR mor -) (-,616694,,,Odisha,2025-07,2026-07,11,200.77,55.91,0.0
616695,Construction of Paradeep- Badabandha 3rd & 4th line 18.51 km PB34/ECOR/2023-24,CAO/C/ECOR ECoR mor -) (-,616695,,,Odisha,2025-07,2026-07,13,300.15,21.5,7.0
618995,New Line between Junagarh - Nabarangpur [116.21 Km],Indian Railway -) (-,618995,,,Odisha,2025-12,2026-06,8,2864.51,1.06,0.0
705358,Khurda Road-Bolangir 301 km,CAO/C/ECOR ECoR mor -) (-,705358,,,Odisha,2025-07,2026-07,13,6221.98,4825.28,93.0
705359,Talcher-Bimlagarh 154 km,CAO/C/ECOR ECoR mor -) (-,705359,,,Odisha,2025-07,2026-07,13,4546.84,2164.01,56.0
705510,Bhadrak-Nergundi - 3rd line 80 km,CAO/C/ECOR ECoR mor -) (-,705510,,,Odisha,2025-07,2026-07,13,1600.0,1395.78,87.0
705513,Koraput-Singapur Road 164.56 km,CAO/C/ECOR ECoR mor -) (-,705513,,,Odisha,2025-07,2026-07,13,2462.17,2093.47,56.0
705514,Jarapaada-Budhapank with flyover at Talcher Road - 3rd & 4th line 47 44 km,CAO/C/ECOR ECoR mor -) (-,705514,,,Odisha,2025-07,2026-07,13,928.54,758.57,25.0
705515,Budhapank-Salegaon via Rajatgarh - 3rd & 4th line 85 85 km,CAO/C/ECOR ECoR mor -) (-,705515,,,Odisha,2025-08,2026-07,12,3034.8,2213.72,86.0
705741,Jeypore - Navarangpur 38 km,CAO/C/ECOR ECoR mor -) (-,705741,,,Odisha,2025-08,2026-07,12,747.91,15.93,1.0
705742,Jeypore - Malkangiri 130 km,CAO/C/ECOR ECoR mor -) (-,705742,,,Odisha,2025-08,2026-07,11,2343.64,736.58,6.0
706898,Khurda Road - Balangir Electrification of Railway Track Project,Ministry of Railways -) (-,706898,,,Odisha,2025-08,2026-06,11,267.61,0.0,0.0
709811,GANDHAMARDAN IRON ORE MINES TO GOALDIH STATION/12.76kms,East Coast Railway [ECoR] - II -) (-,709811,,,Odisha,2025-07,2026-06,10,189.93,3.4,5.0
705362,"Jaynagar-Bijalpura, incl. extn. Bet, Bijalpura-Bardibas [Nepal]",East Central Railway [ECR] - I -) (-,705362,,,Offshore,2025-07,2026-06,12,819.0,580.51,75.0
705298,North Region Video Surveillance Project,RCIL -) (-,705298,,,PAN India,2025-07,2026-07,13,274.39,0.0,48.0
705783,Ludhiana-Kila Raipur 19 km with freight line at Gill station,CAOC/NR NR mor -) (-,705783,,,Punjab,2025-07,2026-07,13,260.33,108.49,70.0
611855,Nathdwara Mavli - Devgarh Madariya 82.542 km,CAOC/NWR NWR mor -) (-,611855,,,Rajasthan,2026-01,2026-07,8,1100.0,816.16,75.0
611929,Maintenance cum workshop depot for Vande Bharat Sleeper Trains as per conditions under WTA 527,WPO/Patna -) (-,611929,,,Rajasthan,2025-07,2026-07,13,166.86,0.0,0.0
616841,Pushkar - Merta Katyasani 51.346 km,CAOC/NWR NWR mor -) (-,616841,,,Rajasthan,2025-07,2026-07,13,799.64,242.08,7.0
616843,Ajmer-Chanderiya section 178.28 km Umbrella work PB57/2019-20/NR,CAOC/NWR NWR mor -) (-,616843,,,Rajasthan,2025-07,2026-07,13,1634.79,560.17,23.0
617403,SADULPUR - CHURU DOUBLING PROJECT,North Western Railway [NWR] -) (-,617403,,,Rajasthan,2025-09,2026-07,12,468.64,197.84,95.0
617404,North Western Railway - New line between Ramdevra and Pokhran via Bhairav Gufa - Kailash Tekri 13.38 Km PB30/NR/2025-26,CAOC/NWR NWR mor -) (-,617404,,,Rajasthan,2025-09,2026-07,12,189.21,57.31,3.0
617408,NATHDWARA- NATHDWARA TOWN NL,North Western Railway [NWR] -) (-,617408,,,Rajasthan,2025-09,2026-06,11,166.33,112.55,15.0
705482,Dholpur - Sirmuttra Gauge Conversion,North Central Railway -) (-,705482,,,Rajasthan,2025-07,2026-06,12,747.0,509.8,49.7
705752,Gudha-Thathana Mithri - Construction of dedicated test track for testing and trial of rolling stocks and infrastructure components umbrella work PB23/2018-19/NR,CAOC/NWR NWR mor -) (-,705752,,,Rajasthan,2025-07,2026-07,13,540.0,326.2,95.0
705912,Sawai Madhopur-Jaipur Railway Line Project,North Western Railway [NWR] -) (-,705912,,,Rajasthan,2025-07,2026-06,12,1203.89,240.33,19.0
705919,Agra Fort-Bandikui Doubling Line Project,CAO/C/NCR -) (-,705919,,,Rajasthan,2025-07,2026-07,13,1390.0,529.92,56.0
706866,Sawaimadhopur - Bypass line 6.98 km Umbrella work PB57/2019-20/NR,CAOC/NWR NWR mor -) (-,706866,,,Rajasthan,2025-07,2026-07,13,239.0,188.07,72.0
400280,Phase II extension of MRTS from Velachery to St Thomas Mount,Ministry of Railways -) (-,400280,,,Tamil Nadu,2025-07,2026-07,13,734.01,486.53,99.9
613002,Redevelopment of Chennai Egmore Station,Ministry of Railways -) (-,613002,,,Tamil Nadu,2025-07,2026-07,13,842.0,340.0,0.0
705244,Coach Production Factory Upgradation Project,CPM/ICF -) (-,705244,,,Tamil Nadu,2025-07,2026-07,13,520.0,192.25,0.0
616856,Doubling between Bhadrachalam Road and Dornakal,South Central Railway [SCR] - II -) (-,616856,,,Telangana,2025-07,2026-06,12,770.12,87.94,0.06
617409,Railway Manufacturing Unit,RVNL - II -) (-,617409,,,Telangana,2025-09,2026-07,12,521.36,492.12,91.0
705252,Kazipet Wagon Overhauling Project,RVNL -) (-,705252,,,Telangana,2025-08,2026-06,11,385.0,0.0,0.0
705437,Manoharabad-Kothapalli New Rail Line [151 km],South Central Railway [SCR] - II -) (-,705437,,,Telangana,2025-07,2026-06,12,2781.0,3073.41,72.02
400204,"Bahraich - Khalilabad via Bhinga, Shravasti, Balrampur, Utraula, Domriyaganj, Mehdawal, Bansi 240.26 km",CAOC/NER NER mor -) (-,400204,,,Uttar Pradesh,2025-07,2026-07,13,4939.78,1671.24,15.0
400205,Sahjanwa - Dohrighat 81.17 km,CAOC/NER NER mor -) (-,400205,,,Uttar Pradesh,2025-07,2026-07,13,1319.75,728.08,1.0
617213,"Varanasi- Pt. Deen Dayal Upadhyaya - Multitracking 15 km, including construction of a new Rail- cum- Road Bridge across Ganga River",CAO/C-II/NR NR mor -) (-,617213,,,Uttar Pradesh,2025-12,2026-07,9,2464.46,109.93,5.0
617252,Anand Nagar - Ghughuli via Maharajganj 53.37 km,CAOC/NER NER mor -) (-,617252,,,Uttar Pradesh,2025-07,2026-07,13,1501.1,888.5,12.0
617284,Chunar-Chopan doubling project,North Central Railway -) (-,617284,,,Uttar Pradesh,2025-07,2026-06,12,1423.96,151.57,18.5
617333,Construction of surface traingle between Bhadaura and new crossing station Karma Dildarnagar-Taraghat line 11.1 km PB72/NR/2022-23,CAO/Con/South/MHX ECR mor -) (-,617333,,,"Multi-States (Bihar, Uttar Pradesh)",2025-09,2026-07,12,199.96,64.04,0.0
617370,Doubling between Jaunpur Jn - Zaffarabad 6.28 km PB73/2023-24/NR,CAOC/NR NR mor -) (-,617370,,,Uttar Pradesh,2025-09,2026-07,12,237.38,78.47,22.0
705567,Burhwal - Gonda - 3rd line 61.72 km,CAOC/NER NER mor -) (-,705567,,,Uttar Pradesh,2025-07,2026-07,13,1307.62,777.21,100.0
705588,Janghai - Pratapgarh - Amethi 87 km,CAO/C-II/NR NR mor -) (-,705588,,,Uttar Pradesh,2025-07,2026-07,13,1528.83,1216.52,80.0
705766,Lalitpur - Birari with flyover at Lalitpur 15.80 km,CAO/C/NCR NCR mor -) (-,705766,,,Uttar Pradesh,2025-07,2026-07,13,356.1,287.11,85.0
705771,Allahabad-Bamhrauli Flyover Construction & 4th Railway Line Project,North Central Railway -) (-,705771,,,Uttar Pradesh,2025-08,2026-06,11,494.0,410.3,80.0
705772,Mughalsarai - Allahabad - 3rd line 150 km,CAO/C/NCR NCR mor -) (-,705772,,,Uttar Pradesh,2025-07,2026-07,13,2649.44,2027.64,77.0
705774,Aligarh-Daud Khan - 3rd line 6.9 km & construction of flyover at Daud Khan,CAO/C/NCR NCR mor -) (-,705774,,,Uttar Pradesh,2025-07,2026-07,13,779.49,395.24,87.0
705777,Bhandai - Flyover for Etawah bound down trains 10 km,CAO/C/NCR NCR mor -) (-,705777,,,Uttar Pradesh,2025-07,2026-07,13,250.18,146.85,11.0
705780,Bhatni - Aunrihar with electrification 125 km excl Indara - Mau 116.95 km,CMD / RVNL RVNL mor -) (-,705780,,,Uttar Pradesh,2025-07,2026-07,13,2529.46,2295.3,94.0
705782,Barabanki-Malhaur - 3rd & 4th Line 32.84 km,CAO/C-II/NR NR mor -) (-,705782,,,Uttar Pradesh,2025-07,2026-07,13,480.13,444.11,77.0
705918,Allahabad division - Aligarh - Harduaganj Flyover,North Central Railway -) (-,705918,,,Uttar Pradesh,2025-07,2026-06,8,1457.0,400.19,36.0
705429,Rishikesh-Karnaprayag New Rail Line- 125 km,RVNL - II -) (-,705429,,,Uttarakhand,2025-07,2026-06,12,38953.0,28828.18,77.5
400247,"Kalinarayanpur-Krishnanagar with Krishnanagar-Shantipur-Nabadwipghat - GC, Krishnanagar-Chartala, MM for Krishnanagar-Chapra-NL, Naihati-Ranaghat-3rd line, Nabadwipghat-Nabadwipdham upto BB loop 9.58 km, Ranaghat-Lalgola- strengthening bridge No.2",CAOC/ER ER mor -) (-,400247,,,West Bengal,2025-07,2026-07,13,2153.91,925.7,49.0
400273,"Tarakeswar-Bishnupur with extension upto Dhaniakhali, Arambagh-Irphala, Irphala- Ghatal 11.2 km, Arambagh-Champadanga 23.3 km & Bishnupur-Uparsol 31.8 km and new material modification for Mynapur-Kamarpukur via Birsha 19 km",CAOC/ER ER mor -) (-,400273,,,West Bengal,2025-07,2026-07,13,1878.82,1607.64,75.0
400277,Dum Dum Airport-New Garia via Rajarhat-Construction of Metro Railway,RVNL - II -) (-,400277,,,West Bengal,2025-07,2026-06,12,8964.0,8984.66,87.0
612096,Construction of Balurghat-Hilli new BG Line,Northeast Frontier Railway [NFR] -) (-,612096,,,West Bengal,2025-07,2026-07,13,1181.57,518.15,18.0
617345,SER Upgradation of maintenance infrastructure at Shalimar into Vande Bharat Chair Car maintenance cum workshop depot.,South Eastern Railway - JH -) (-,617345,,,West Bengal,2025-09,2026-06,11,226.87,86.69,50.0
705730,Joka-BBD Bag new metro project,RVNL - II -) (-,705730,,,West Bengal,2025-07,2026-06,12,10362.0,5098.73,51.0
706776,Noapara-Barasat via Bimanbandar - Construction of Metro railway [18 km],"Metro Railway, Kolkata -) (-",706776,,,West Bengal,2025-07,2026-06,12,4830.0,3350.62,32.2
706777,Baranagar-Barrackpore and Dakshineshwar- Construction of Metro Railway,RVNL - II -) (-,706777,,,West Bengal,2025-07,2026-06,12,2734.0,429.56,17.0
619184,"Rehabilitation and up-gradation and completion of balance works of the section from Km 107.760 km to 129.445 km After Middle strait to Humphrey, Km 130.600 to 138.300 After Humphrey to Kadamtala of NH-4 Intermediate/2-Lane with hard shoulder in the Union Territory of Andaman & Nicobar Islands on EPC basis Package- IIIA",NHIDCL -) (-,619184,Ministry of Road Transport & Highways,Roads & Highways,Andaman & Nicobar,2026-02,2026-07,7,376.48,0.0,81.95
619185,Rehabilitation and up-gradation and completion of balance work of section from Km 155.00 to Km 181.00 End of Jarwa to Rangat of NH -4 Total length 26 Km to Intermediate Lane/2-lane with hard shoulders in the UT of A&N Islands on EPC basis - Package-III.B Balance work,NHIDCL -) (-,619185,Ministry of Road Transport & Highways,Roads & Highways,Andaman & Nicobar,2026-02,2026-07,7,333.12,163.63,50.15
619186,Construction of Balance works of Major Bridge over Middle Strait Creek between Km.106.590 to km108.553 of NH-04 connecting South Andaman & Baratang Island in the Union Territory of Andaman & Nicobar Islands on EPC basis,NHIDCL -) (-,619186,Ministry of Road Transport & Highways,Roads & Highways,Andaman & Nicobar,2026-02,2026-07,7,371.88,112.15,12.98
617907,Rehabilitation and Up-gradation from Km 170700 Bhadrachalam to Km 234567 Konta on NH-30 to Two lane with Paved Shoulder in the State of Andra Pradesh on EPC mode.,MoRTH N24001953) (-,617907,,,Andhra Pradesh,2025-12,2026-05,6,436.09,221.22,100.0
617949,Tadipatri Bypass Km 0000 to Km 6285 of 4-Lane on NH-67 in Anantapuramu district of AP state under NHO on EPC Mode under Annual Plan 2022-23,MoRTH -) (-,617949,Ministry of Road Transport & Highways,Roads & Highways,Andhra Pradesh,2025-12,2026-06,7,159.66,75.64,100.0
617984,"Gudivada Town 2 RoB, and Road improvement NH-165",MoRTH -) (-,617984,Ministry of Road Transport & Highways,Roads & Highways,Andhra Pradesh,2025-12,2026-07,8,317.22,158.64,75.2
617985,Widening to two lane with paved shoulders from Km 0/0 to 64/020 Pamarru to Akiveedu,MoRTH -) (-,617985,Ministry of Road Transport & Highways,Roads & Highways,Andhra Pradesh,2025-12,2026-07,8,588.65,248.31,74.41
617986,Kurnool/Kadapa Border-Jammalamadugu section of NH-167K i.e. Design Ch. Km 248010 to km 269900 to 2,MoRTH -) (-,617986,Ministry of Road Transport & Highways,Roads & Highways,Andhra Pradesh,2025-12,2026-07,8,292.63,0.0,95.77
617987,Nandyala-Kurnool/Kadapa Border section of NH-167K i.e. Km 186/000 to Km 250/000Design Ch.186000 to 248010 to 2LPS,MoRTH -) (-,617987,Ministry of Road Transport & Highways,Roads & Highways,Andhra Pradesh,2026-01,2026-07,8,691.81,0.0,49.71
617988,Sangameswaram - Atmakuru section from Km 96 to Km 124 & Velegodu- Nandyal section including Nandyal Bypass from Km 143/6 to 185/9 NH-167K,MoRTH -) (-,617988,,,Andhra Pradesh,2026-01,2026-07,8,644.14,0.0,41.98
617990,Construction of bypass road to Adoni town connecting NH-167 Hagari - Jadcharla road from km.62/700 to 71/400 in Kurnool District in the State of Andhra Pradesh.,MoRTH N24002025) (-,617990,,,Andhra Pradesh,2025-12,2026-05,6,242.0,78.49,95.94
617991,"Rehabilitation and up-gradation of NH-167 from Km 14/900 to Km70/000 Design Ch. 14/900 to 69/700 Chintakunta to Adoni section to two lane with paved shoulders in the State of Andhra Pradesh under Corridor Approach through Engineering, Procurement",MoRTH -) (-,617991,,,Andhra Pradesh,2025-12,2026-07,8,290.15,141.83,91.9
618013,4-laning of Puttaparthi-Koduru Section of NH-342,MoRTH -) (-,618013,,,Andhra Pradesh,2026-02,2026-07,7,909.19,464.06,90.19
618037,Rehabilitation and Up-gradation of existin of road from 2-lane to 2-lane with paved shoulders from km. 0.00 to km 53.590 total length-53.590 km of Raychoti to Vempalli section of NH-440 in the State of Andhra Pradesh on EPC mode.,MoRTH -) (-,618037,,,Andhra Pradesh,2025-12,2026-07,8,359.52,213.12,90.2
618052,Gorantla - Hindupur section from Km 120/300 to 165/000 of NH716G in the State of Andhra Pradesh,MoRTH -) (-,618052,,,Andhra Pradesh,2026-01,2026-07,8,808.7,0.0,37.7
618053,Muddanur to B. Kothapalli section of NH-716G from Km. 0/000 to Km. 56/500 56.500 Km in the State of Andhra Pradesh on EPC mode Job no. 741,MoRTH -) (-,618053,,,Andhra Pradesh,2026-01,2026-07,8,1019.97,0.0,33.55
618062,Dornala to Kunta Junction from Design Chainage Km 244000 to 267990 section of NH-765 Package-2,MoRTH N24002147) (-,618062,,,Andhra Pradesh,2025-12,2026-05,6,244.83,0.0,99.64
618101,Kondamodu to Perecherla Section Design Ch. Km 000 to Km 49917 of NH-167AG to to 4LPS,MoRTH -) (-,618101,,,Andhra Pradesh,2026-02,2026-07,7,881.61,0.0,37.95
618103,Rehabilitation and upgradation from Km 22300 to 58635 of MudireddyPalle to Kadapa/Nellore Border via porumamilla Section of NH 167 Two Lane with paved Shoulder in,MoRTH -) (-,618103,,,Andhra Pradesh,2026-02,2026-07,7,279.29,168.7,90.33
618125,Rehabilitation and upgradation of NH 326A from km 0/0 to 41/979 excluding km 2/255 to 3/372 and km 36/820 to 38/275 Odisha border to Narasamapeta to two lane with paved Shoulders in the State of Andhra Pradesh under NHO on EPC Mode,MoRTH -) (-,618125,,,Andhra Pradesh,2026-01,2026-07,8,228.32,44.94,100.0
618145,Widening to two lane with paved shoulder of Rampachodavaram - Koyyuru section of NH 516E from Km 43700 to Km 113820 in the State of Andhra Pradesh on EPC mode Job No. 737,MoRTH N24001263) (10190,618145,,,Andhra Pradesh,2025-12,2026-05,6,568.12,303.13,98.63
618161,Widening and Reconstruction of existing road to four lane from Km.56400 to Km 120300 i.e. from B.Kothapalli Junction to Gorantla excluding Kadiri Bypass from Km 70200 to Km 77105 of NH 716G in the State of Andhra Pradesh on EPC mode Job no. 742,MoRTH N24001416) (10194,618161,,,Andhra Pradesh,2025-12,2026-05,6,839.98,355.56,99.45
618191,"Rehabilitation and upgradation of NH-167AD from Macherla to Dachepalli via Paluvai Junction, Rentachinthala, Gurazala from Km.0.000 to 43.659 to two lane with paved shoulders in the state of Andhra Pradesh job-729",MoRTH N24001951) (-,618191,,,Andhra Pradesh,2025-12,2026-05,6,403.22,227.13,99.06
618192,Duttalur at NH-565 Junction to Kavali Joining on NH-16 Chainage Km. 36/400 to Km. 107/224 excluding the stretch from Km 101.880 to 105.300 67.404 Km of NH-167BG from in the State of Andhra Pradesh on EPC mode,MoRTH N24001942) (-,618192,,,Andhra Pradesh,2025-12,2026-05,6,423.67,0.0,94.65
618193,Widening of Existing Road to Two Lane with Paved Shoulder Configuration from Km 0.00 to 26.000 & Km 45.200 To 59.622 Of NH 365BB in the State of Andhra Pradesh Under Annual Plan 2023-24 through EPC Mode,MoRTH -) (-,618193,,,Andhra Pradesh,2026-02,2026-07,7,368.63,76.12,45.62
618194,Rehabilitation and upgradation of New NH 544DD from design Chainage Km. 56/000 to 102/20 of Kalyandrg - Molakalmuru Section,MoRTH -) (-,618194,,,Andhra Pradesh,2025-12,2026-07,8,285.29,312.4,98.52
618236,Rehabilitation and Up-gradation of Dhindi - Digamarru section from Km 126/510 to Km 135/740 of NH -214 New NH -216 and digamarru -Losari section from Km 0/000 tp Km 34/230 of NH-214 A New Nh-216 to two lane with paved shoulder in the state of AP-NH,MoRTH -) (-,618236,,,Andhra Pradesh,2026-02,2026-07,7,288.76,222.43,100.0
618237,Rehabilitation and Up-gradation of Pasarlapudi to Dhindi section from Km 105/170 to Km 126/510 of NH -214 New NH -216 to two lane with paved shoulder in the state of Andhra Pradesh under NHDP-IV,MoRTH N24000969) (-,618237,,,Andhra Pradesh,2025-12,2026-05,6,263.45,151.56,98.4
618238,Rehabilitation and Up-gradation of Thimmapuram to Gurajanapalli section from Km 26/150 to Km 41/161 of NH - 214 New NH - 216 to two lane with paved shoulder in the state of Andhra Pradesh under NHDP-IV,MoRTH -) (-,618238,,,Andhra Pradesh,2025-12,2026-07,8,432.91,233.93,98.2
618239,"Rehabilitation & Upgradation of NH214 New NH-216 from Km 34/230 to Km 84/550 Losari to Machavaram Section to two lane with paved shoulder in the state of Andhrapradesh under NHDP-IV through Engineering, Procurement& Construction EPC mode.",MoRTH -) (-,618239,,,Andhra Pradesh,2026-02,2026-07,7,459.37,512.79,98.6
618254,Construction of Paderu bypass Km 0000 to Km 13000 of 2- lane with paved shoulder on NH-516E,MoRTH -) (-,618254,,,Andhra Pradesh,2025-12,2026-07,8,244.43,21.96,13.0
618255,Two laning with paved shoulders of Lambasingi to Paderusection of NH 516E,MoRTH -) (-,618255,,,Andhra Pradesh,2025-12,2026-07,8,358.05,145.94,56.69
618256,"Rehabilitation and Upgradation to 2-lane with paved should ders Sir, configuration of Chaprathipalem to Lambasingi section Km 165500 to Km 205000 of NH-516E in the State of Andhra Pradesh under Green National Highways Corridor Project GNHCP with the loan assistance of World Bank on EPC mode",MoRTH -) (-,618256,,,Andhra Pradesh,2025-12,2026-07,8,311.22,211.05,93.01
618257,Rehabilitation and Upgradation to 2-lane with paved shoulders configuration of Koyyuru to Chaprathipalem section Km 120000 to Km 165500 of NH-516E in the State of Andhra Pradesh under Green National Highways Corridor Project GNHCP with the loan assistance of World Bank on EPC mode,MoRTH -) (-,618257,,,Andhra Pradesh,2025-12,2026-07,8,349.29,264.86,98.09
618258,Two laning with paved shoulders of Gondiguda to Araku uptoBhallaguda section of NH 516E,MoRTH N24001956) (-,618258,,,Andhra Pradesh,2025-12,2026-05,6,289.11,237.52,91.5
618259,Two laning with paved shoulders of Paderu to GundigudaSection of NH 516E,MoRTH N24001386) (-,618259,,,Andhra Pradesh,2025-12,2026-05,6,222.61,122.52,100.0
618412,Construction of i Connecting Road from Z-Morh Tunnel to Zojila Tunnel Road Length 18.475km and ii 14.150 Km long 2-L Bi-directional single tube Zoji-la Tunnel across Zojila Pass on Sonamarg - Kargil section from Km 82 to Km 118 of NH-01 under PMDP,NHIDCL -) (-,618412,,,Andhra Pradesh,2025-12,2026-07,7,6808.69,3574.5,68.8
618475,Bangalore Chennai Expressway Phase-II Pkg-II from km.96.000 to Km 127.000 Baireddypalle to Bangarupalem section,NHAI -) (-,618475,,,Andhra Pradesh,2025-12,2026-07,8,2548.04,1332.41,94.24
618476,Bangalore Chennai Expressway Phase-II Pkg-III from km.127.000 to Km 156.000 Bangarupalem to Gudipala section,NHAI -) (-,618476,,,Andhra Pradesh,2025-12,2026-07,8,1407.33,868.62,99.46
618524,Construction of 6 lane elevated corridor including its approaches from Km. 629880 to Km. 634470 Design Chainage of NH-16 in Ranasthalam Town portion in the state of Andhra Pradesh on EPC Mode under NHO.,NHAI -) (-,618524,,,Andhra Pradesh,2026-02,2026-07,7,192.85,55.83,39.1
618525,Construction of flyover at Gammon Junction at Km.903.265 on NH16 including vent at Diwancheruvu junction at Km.902.308 Blackspot ID No.AP03299 in Andhra Pradesh on EPC mode under NHO,NHAI -) (-,618525,,,Andhra Pradesh,2026-01,2026-07,8,223.29,43.82,18.9
618526,6L of Gundugolanu Design km 1023.280 to Kalaparru Design km 1050.680 of NH-5 New NH-16,NHAI -) (-,618526,,,Andhra Pradesh,2026-02,2026-07,7,665.59,643.95,95.73
618527,Six Laning of Vijayawada Bypass from Gollapudi to Chinnakakani in Vijayawada - Gundugolanu Section from km. 30.00 to km. 47.881 Pkg-IV,National Highways Authority of India [NHAI] N24001301) (10378,618527,,,Andhra Pradesh,2025-12,2026-05,6,1757.82,862.59,99.92
618579,6L of Anandapuram Pendurthi Anakapalli Section from km. 681.000 to km. 731.780 of NH-16,NHAI -) (-,618579,,,Andhra Pradesh,2026-01,2026-07,8,2957.25,2376.11,100.0
618629,Nandigama Bypass and Kanchikacherla bypass,NHAI -) (-,618629,,,Andhra Pradesh,2026-02,2026-07,7,444.58,387.77,98.47
618682,6L Korlam-Kantakapalle Section of NH-130CD Road from Km 421.100 to Km 445.100 Pkg-3,NHAI -) (-,618682,,,Andhra Pradesh,2026-02,2026-07,7,1127.63,849.98,99.5
618700,Renigunta - Poyya - Naidupeta km 124.60 to km 183.4 of NH 71,NHAI -) (-,618700,,,Andhra Pradesh,2025-12,2026-07,8,2510.14,1677.19,98.6
618712,6L Access Controlled Greenfield Highway from Kodur Ch. 0000 to Vanavolu Ch. 24300 of [NH-544G] Package-1,NHAI -) (-,618712,,,Andhra Pradesh,2025-12,2026-07,8,798.25,357.89,87.65
618713,6L Access Controlled Greenfield Highway from Yerragudipadu Ch. 129000 to Audireddipalle Ch. 160000 of [NH 544G] Package-6,NHAI -) (-,618713,,,Andhra Pradesh,2025-12,2026-07,8,1019.69,282.16,47.2
618714,6L Access Controlled Greenfield Highway from Nallacheruvu palli Ch. 96300 to Yerragudipadu Ch. 129000 of [NH-544G] Package-5,NHAI -) (-,618714,,,Andhra Pradesh,2025-12,2026-07,8,1095.78,389.19,67.05
618715,6L Access Controlled Greenfield Highway from Odulapalle Ch. 72000 to Nallacheruvu- palli Ch. 96300 of [NH-544G]Package-4,NHAI -) (-,618715,,,Andhra Pradesh,2025-12,2026-07,8,946.1,403.17,76.97
618716,6L Access Controlled Greenfield Highway from Vankarakunta Ch. 45700 to Odulapalle Ch. 72000 of [NH-544G]Package-3,NHAI -) (-,618716,,,Andhra Pradesh,2025-12,2026-07,8,888.07,351.23,77.21
618717,6L Access Controlled Greenfield Highway from Vanavolu Ch. 24300 to Vankarakunta Ch. 45700 of [NH-544G] Package-2,NHAI -) (-,618717,,,Andhra Pradesh,2025-12,2026-07,8,626.91,261.4,87.24
618718,6L Access Controlled Greenfield Highway from Kavulakuntla Ch. 196000 to Narayanmpet Ch. 203500Package-09,NHAI -) (-,618718,,,Andhra Pradesh,2026-01,2026-07,8,956.4,242.13,54.56
618719,6L Access Controlled Greenfield Highway from Mallapalle Ch. 176000 to Kavulakuntla Ch. 196000 Package-08,NHAI -) (-,618719,,,Andhra Pradesh,2025-12,2026-07,8,751.81,290.04,65.92
618720,6L Access Controlled Greenfield Highway from Audireddipalle Ch. 160000 to Mallapalle Ch. 176000Package-07,NHAI -) (-,618720,,,Andhra Pradesh,2025-12,2026-07,8,848.06,338.45,73.78
618721,6L Access Controlled Greenfield Highway from Chandrasekharapuram Ch. 228000 to Polavaram Ch. 260000of [NH-544G] Package-11,NHAI -) (-,618721,,,Andhra Pradesh,2025-12,2026-07,8,1110.33,358.41,64.2
618748,Khammam-Devarapalle Pkg IV [4L Access Controlled Greenfield from Recherla village to Gurvaygudem village Design Chainage 105236 to 132664],National Highways Authority of India [NHAI] N24001476) (10535,618748,,,Andhra Pradesh,2025-12,2026-05,6,752.02,355.88,100.0
618749,Khammam-Devarapalle Pkg V [4L Access Controlled Greenfield from Gurvaygudem village to Devarapalle village Design Chainage 132664 to 162126,NHAI -) (-,618749,,,Andhra Pradesh,2025-12,2026-06,7,926.48,566.96,100.0
618759,4L PS Mydukur - Badvel from Km 585.820 to Km 630.960 of NH-67,NHAI -) (-,618759,,,Andhra Pradesh,2026-01,2026-07,7,1103.87,585.79,90.4
618777,4L of Pileru to Kalur Section from Km 55.900 to Km 92.800 & Km 94.500 to Km 95.717 of NH-71Package-II,NHAI -) (-,618777,,,Andhra Pradesh,2025-12,2026-07,8,592.85,246.42,98.84
618778,4L of Madanapalle to Pileru Section from Km 0.000 to Km 55.900 of NH-71Package-I,NHAI -) (-,618778,,,Andhra Pradesh,2025-12,2026-07,8,1994.1,1182.65,94.9
618803,Development of 4L Road from Samarlakota to Achampeta Junction as part of Kakinada Port Connectivity to NH-16 Rajanagaram Junction in East Godavari District,NHAI -) (-,618803,,,Andhra Pradesh,2025-12,2026-07,8,750.2,680.09,93.0
618804,Dedicated Port road to Krishnapatnam Port Package-I from Km. 0.000 to Km. 18.000,NHAI -) (-,618804,,,Andhra Pradesh,2025-12,2026-07,8,341.36,310.54,80.19
618805,6L Connectivity to Port Road from Sabbavaram Sheelanagar-NH516C,NHAI -) (-,618805,,,Andhra Pradesh,2026-02,2026-07,7,977.33,155.51,7.2
618806,Improvement of 4L road to 6L road and 4L dedicated Port Roads for the Port connectivity road from Convent junction to Sheelanagar Junction,NHAI -) (-,618806,,,Andhra Pradesh,2026-02,2026-07,7,680.21,493.92,79.0
618807,"4L Greenfield Road connecting North and South industrial cluster of Khandaleru Creek near Krishnapatnam port at Thamminapatnam to Mollur from Km 0.0 to Km 16.046, Part I & 6L extension of dedicated port road of NH-67 Km 18.0 to Km 19.3, Part II",NHAI -) (-,618807,,,Andhra Pradesh,2025-12,2026-07,8,559.98,579.22,84.03
618826,4 Laning of NH-544D from Km 0.000 to km 37.000 of Anantapur- Muchukota section Pkg-1,NHAI -) (-,618826,,,Andhra Pradesh,2025-12,2026-07,7,905.98,468.12,92.34
618827,4 Laning of NH-544D from Km 37.000 to km 69.000 of Muchukota- Bugga section Pkg-2,NHAI -) (-,618827,,,Andhra Pradesh,2025-12,2026-07,7,1055.23,466.9,84.92
618919,4L PS from Mandlem Existing Km. 38.000/Design Km.30.600 to Atmakur Existing Km.73.000/Design Km 66.115 of NH340C Package2,National Highways Authority of India [NHAI] N24001984) (10665,618919,,,Andhra Pradesh,2025-12,2026-05,5,913.03,374.39,99.94
618920,Access Controlled Highway of 4 Lane with Paved Shoulders from TN/AP Border Design Chainage Km 6151 to Puttur Design Chainage Km 81540 of NH-716 & 6 Lane with Paved Shoulders from Mallavaram to Renigunta,NHAI -) (-,618920,,,Andhra Pradesh,2026-02,2026-07,6,1260.37,188.68,42.48
619076,Six Laning of Vijayawada Bypass from Chinna Avutapalli to Gollapudi in Vijayawada - Gundugolanu Section from km. 0.00 to km. 30.00 Pkg-III,NHAI -) (-,619076,,,Andhra Pradesh,2026-01,2026-07,7,1883.71,1024.51,98.2
619111,6L Jakkuva Korlam Section of NH-130CD Road from km 396.800 to km 421.100 Pkg 2,NHAI -) (-,619111,,,Andhra Pradesh,2026-01,2026-07,6,840.51,573.9,99.83
619112,6L Kantakapalle Sabbavaram Section of NH-130CD Road from Km 445.100 to Km 464.662 Pkg-4,NHAI -) (-,619112,,,Andhra Pradesh,2026-01,2026-07,6,1012.57,702.4,84.6
619123,6L Access Controlled Greenfield Highway from Narayanmpet Ch. 203500 to Chandrasekharpuram Ch. 228000Package-10,NHAI -) (-,619123,,,Andhra Pradesh,2026-01,2026-07,6,678.21,223.35,66.12
619124,6L Access Controlled Greenfield Highway from Polavaram Ch. 260000 to Marripudi Ch. 285500 of [NH-544G]Package-12,NHAI -) (-,619124,,,Andhra Pradesh,2026-01,2026-07,6,626.83,250.93,70.2
619125,6L Access Controlled Greenfield Highway from Somavarappadu Ch.314.600 to Muppavaram Ch.343240 of [NH-544G] Package-14,NHAI -) (-,619125,,,Andhra Pradesh,2026-01,2026-07,6,943.66,267.61,44.56
619126,6L Access Controlled Greenfield Highway from Marripudi Ch. 285500 to Somavarappadu Ch. 314600 of [NH-544G] Package-13,NHAI -) (-,619126,,,Andhra Pradesh,2026-01,2026-07,6,798.71,370.82,73.0
619140,6L of Naidupeta Junction - Turpukanupur Section from km 57.046 to km 91.927,NHAI -) (-,619140,,,Andhra Pradesh,2026-01,2026-07,6,965.58,388.87,53.7
619141,Construction of four lane access controlled highway from Chillakuru cross road to Turpu KanupurPart 1 of Package - II km 0.000 131.500 of NH - 16 to km 23.770 on New NH-516W including six lane flyover and approaches on NH-16 length km 1.050 and six lane access controlled from Turpu Kanupur to Port South Gate Part 2 of Package - II km 23.770 to km 35.015 on New NH-516W in the state of Andhra Pradesh on HAM Mode under Bharatmala Pariyojana Phase I,NHAI -) (-,619141,,,Andhra Pradesh,2026-01,2026-07,6,844.39,358.97,55.53
619160,Balance works in AP Portion and punch list items in TN & AP portion of NH-205,NHAI -) (-,619160,,,Andhra Pradesh,2026-01,2026-07,7,113.46,98.52,100.0
604792,"Assam Bio Refinery, ABRPL",Ministry of Petroleum & Natural Gas,604792,Oil & Gas,,Assam,2025-07,2025-08,4,4930.0,4710.0,99.0
701350,Upgradation of Facilities of Numaligarh-Siliguri Product Pipeline [NSPL] for transportation of additional products from existing 1.72 MMTPA to 5.5 MMTPA,Ministry of Petroleum & Natural Gas N16000449,701350,,,"Multi-States (Assam, West Bengal)",2025-07,2026-02,16,860.0,636.92,99.0
702682,Dibrugarh Water Supply Infrastructure Project,Ministry of Housing & Urban Affairs,702682,Waste & Water,,Assam,2025-08,2025-10,6,186.8,1664.41,100.0
612063,"Construction of New Terminal Building, Second Link Taxi Track, Apron Expansion, and associated works at Prayagraj Airport- On Design & Build Basis.",Airport Authority of India [AAI],612063,Ministry of Civil Aviation,Aviation & Aviation Infrastructure,Uttar Pradesh,2025-07,2025-11,5,274.38,215.51,100.0
701091,Lucknow Airport-Terminal 3- Phase 1 & Other Associated Works,Adani Airport Holdings Limited,701091,Ministry of Civil Aviation,Aviation & Aviation Infrastructure,Uttar Pradesh,2025-07,2025-10,4,3100.0,16024.42,100.0
400145,CHHAL OC SEAM III [6 MTY],South Eastern Coalfields Limited [SECL],400145,Ministry of Coal,Coal,Chhattisgarh,2025-07,2025-11,5,610.63,580.56,85.0
400147,KUSMUNDA OC EXPANSION [15 TO 50 MTY],South Eastern Coalfields Limited [SECL],400147,Ministry of Coal,Coal,Chhattisgarh,2025-07,2025-09,3,7612.33,4697.95,81.0
613795,JAMPALI OC RCE [2.0 MTY],South Eastern Coalfields Limited [SECL],613795,Ministry of Coal,Coal,Chhattisgarh,2025-07,2025-10,4,278.64,210.07,82.0
612838,DIPKA OC,SECL - CIL,612838,Ministry of Coal,Coal,Gujarat,2025-07,2025-09,3,7580.0,3091.0,65.0
400152,RAMPUR BATURA OCP [4.0MTY],South Eastern Coalfields Limited [SECL] N06000233,400152,,,Madhya Pradesh,2025-07,2026-02,8,1248.93,498.6,44.0
400313,Master Plan for Jharia and Raniganj Coalfields,Bharat Coking Coal Limited [BCCL] N06000163,400313,,,"Multi-States (Jharkhand, West Bengal)",2025-07,2026-03,9,2661.73,799.12,43.6
615859,Kakathiya Khani Opencast - III Project Phase - I,Singareni Collieries Company Limited [SCCL],615859,,,Telangana,2025-07,2025-11,5,413.84,397.55,79.0
615864,Ramagundam OC-II Extension Project,Singareni Collieries Company Limited [SCCL],615864,,,Telangana,2025-07,2025-11,5,489.62,405.54,77.0
602633,382 MW Sunni Dam HEP,Satluj Jal Vidyut Nigam [SJVN] Thermal Limited -,602633,Electricity Generation,,Himachal Pradesh,2025-07,2026-02,8,2615.0,495.57,0.5
709748,BIKANER SOLAR POWER PROJECT,Satluj Jal Vidyut Nigam [SJVN] Thermal Limited,709748,Railways,Electricity Generation,Rajasthan,2025-07,2025-11,5,5491.89,5376.34,92.0
602194,Khurja super Thermal Power Plant [2X660 MW],THDC India Limited,602194,Railways,Electricity Generation,Uttar Pradesh,2025-07,2025-11,5,13276.2,12951.99,100.0
602193,Tehri Pumped Storage Plant Project [4x250 MW],THDC India Limited N18000010,602193,,,Uttarakhand,2025-07,2026-02,8,8339.0,8213.03,99.0
612856,Augmentation of 1x1500 MVA 3rd 765/400 kV transformation capacity at Kurnool New Substation,Power Grid Corporation of India Limited [POWERGRID] N18000395,612856,Transmission & Distribution,,Andhra Pradesh,2025-07,2026-02,8,163.61,145.61,91.0
611737,Western Region Expansion Scheme-XXV,Power Grid Corporation of India Limited [POWERGRID],611737,Transmission & Distribution,,Chhattisgarh,2025-07,2025-10,4,385.84,382.4,100.0
608301,Transmission system strengthening scheme for evacuation of power from solar energy zones in Rajasthan 8.1 GW under Phase II- Part- G1,Power Grid Corporation of India Limited [POWERGRID],608301,Transmission & Distribution,,Delhi,2025-07,2025-10,4,359.47,341.49,97.0
611656,Transmission scheme for evacuation of 4.5GW RE injection at Khavda PS under Phase II- Part B,Power Grid Corporation of India Limited [POWERGRID],611656,Transmission & Distribution,,Gujarat,2025-07,2025-10,4,1167.0,1147.74,97.0
611657,Transmission scheme for evacuation of 4.5GW RE injection at Khavda PS under Phase II- Part C,Power Grid Corporation of India Limited [POWERGRID],611657,Transmission & Distribution,,Gujarat,2025-07,2025-12,6,2820.99,2783.19,98.0
611660,Establishment of Khavda Pooling Station-2 KPS2 in Khavda RE Park KPS2 TRANSMISSION SYSTEM LIMITED,Power Grid Corporation of India Limited [POWERGRID],611660,Transmission & Distribution,,Gujarat,2025-07,2025-10,4,966.79,936.24,97.0
612151,Transmission System for Evacuation of Power from potential Renewable Energy zone in Khavda Area of Gujarat under Phase IV [7 GW] Part E3,Power Grid Corporation of India Limited [POWERGRID] N18000383,612151,Transmission & Distribution,,Gujarat,2025-07,2026-03,9,334.0,327.32,99.6
608302,Transmission system for evacuation of Power from Pakaldul HEP in Chenab Valley HEPs - LTA System,Power Grid Corporation of India Limited [POWERGRID],608302,,,Jammu and Kashmir,2025-07,2025-10,4,318.12,317.12,100.0
608922,Transmission System Strengthening Scheme for evacuation of power from SEZ in Rajasthan 8.1 GW under Phase II Part G,Power Grid Corporation of India Limited [POWERGRID],608922,,,"Multi-States (Delhi, Haryana, Rajasthan)",2025-07,2025-10,4,2218.0,2129.28,96.0
606781,Transmission System for Strengthening of Srinagar-Leh Tr. System,Power Grid Corporation of India Limited [POWERGRID],606781,,,"Multi-States (Jammu and Kashmir, Ladakh)",2025-07,2025-10,4,288.71,280.02,99.0
611659,Transmission system strengthening scheme for evacuation of power from solar energy zones in Rajasthan[8.1 GW] under phase-II- Part E,Power Grid Corporation of India Limited [POWERGRID],611659,,,Rajasthan,2025-07,2025-11,5,1433.0,1418.67,98.0
611950,Transmission system for evacuation of power from REZ in Rajasthan 20 GW under Phase-III part B1,Power Grid Corporation of India Limited [POWERGRID],611950,,,Rajasthan,2025-07,2026-01,7,2190.54,2139.44,99.0
611951,Transmission system for evacuation of power from REZ in Rajasthan 20GW under Phase-III Part E1,Power Grid Corporation of India Limited [POWERGRID] N18000373,611951,,,Rajasthan,2025-07,2026-03,9,688.74,686.67,99.7
617282,"C/o 184 MS Flats for Hon'ble MPs at BKS Marg, New Delhi",Central Public Works Department [CPWD],617282,Ministry of Housing & Urban Affairs,Construction,Delhi,2025-07,2025-08,2,646.52,533.12,99.0
702631,"Ahmedabad Metro Rail Project, Phase-II",Gujarat Metro Rail Corporation Limited [GMRCL] N28000137,702631,Ministry of Housing & Urban Affairs,Urban Public Transport,Gujarat,2025-07,2026-02,6,5384.17,5019.61,100.0
702633,Delhi-Ghaziabad-Meerut Regional Rapid Transit System [RRTS] corridor,National Capital Region Transport Corporation [NCRTC] N28000134,702633,,,"Multi-States (Delhi, Uttar Pradesh)",2025-07,2026-02,8,30274.0,27720.41,96.0
707267,Upgradation of Sewerage system in Gandhinagar City,ministry of housing and urban affairs -,707267,Waste & Water,,Gujarat,2025-07,2026-03,9,200.0,100.0,10.0
702735,Sewerage Management Scheme Part-3 Implementation,Ministry of Housing & Urban Affairs -,702735,Waste & Water,,Haryana,2025-08,2026-03,8,213.19,180.32,100.0
702764,24/7 water supply under AMRUT for Davanagere,Ministry of Housing & Urban Affairs -,702764,Waste & Water,,Karnataka,2025-08,2026-03,8,174.96,103.73,65.0
702798,Jabalpur Sewerage Management and Treatment Infrastructure Project,Ministry of Housing & Urban Affairs -,702798,Waste & Water,,Madhya Pradesh,2025-08,2026-03,8,362.31,332.05,100.0
702842,Nagpur Water Supply Infrastructure Project,Ministry of Housing & Urban Affairs,702842,Waste & Water,,Maharashtra,2025-08,2025-11,4,273.78,266.11,99.0
702948,Jaunpur Sewerage Management Infrastructure Project,Ministry of Housing & Urban Affairs,702948,,,Uttar Pradesh,2025-08,2026-01,6,235.73,221.27,100.0
611798,Rakha Underground Mining Project,Hindustan Copper Limited [HCL],611798,Ministry of Mines,Metals & Mining,Jharkhand,2025-07,2025-10,4,2705.0,0.0,0.0
611800,Surda Underground Copper Mining Project,Hindustan Copper Limited [HCL],611800,Ministry of Mines,Metals & Mining,Jharkhand,2025-07,2025-10,4,665.02,23.43,1.0
709829,UTKAL D AND E COAL BLOCK,National Aluminium Company Limited [NALCO],709829,Ministry of Mines,Metals & Mining,Odisha,2025-07,2025-10,4,1021.97,0.0,0.0
709830,CONVERSION OF FLAT BOTTOM SETTLERS AND WASHERS WITH A SINGLE TRAIN OF HRDS AND DCWS IN STREAMS 1 AND,Ministry of Mines N10000012,709830,Ministry of Mines,Metals & Mining,Odisha,2025-07,2026-02,8,581.0,163.55,12.0
610940,"Additional Infrastructure at IISc Bangalore-RCC Monolithic for Men Hostel S14, Women Hostel S11 , Postdoctoral Hostel S12 2 Block , International Hostel S 12 , D&E Block S 12 2 Block FR.",IISC Bangalore,610940,Ministry of Mines,Education,Karnataka,2025-07,2025-11,5,420.41,367.76,99.0
612135,Hostel 4 -Earlier Known as Hostel 20,"Indian Institute of Technology, Bombay",612135,,,Maharashtra,2025-07,2025-11,5,182.33,158.23,99.0
612203,Academic Block 1 & 2,"Indian Institute of Technology, Bombay",612203,,,Maharashtra,2025-07,2025-10,4,263.93,27.4,20.0
609041,"IoE Projects [Civil Works], IIT Kharagpur","Indian Institute of Technology, Kharagpur",609041,,,West Bengal,2025-07,2025-08,2,287.2,310.0,86.0
616235,Construction of Aviation Fuel farm Facilities at Bhogapuram Airport,Ministry of Petroleum & Natural Gas N16000538,616235,Department of Sports,Energy Storage,Andhra Pradesh,2025-07,2026-02,8,240.0,147.75,95.0
400235,"Setting up a common user Petroleum Terminal at Jammu, J&K for resitement of existing PSU OMC's Depots from Jammu City",Bharat Petroleum Corporation Limited [BPCL],400235,Department of Sports,Energy Storage,Jammu and Kashmir,2025-07,2025-12,6,715.89,576.69,91.0
400077,"Grass root POL Terminal at Vallur, Chennai",Indian Oil Corporation Limited [IOCL] N16000438,400077,,,Tamil Nadu,2025-07,2026-02,8,887.71,647.01,93.0
709761,HP Trijet Unit in Visakh Refinery,Hindustan Petroleum Corporation Limited,709761,Oil & Gas,,Andhra Pradesh,2025-07,2025-09,3,193.0,0.43,23.0
709766,"City Gas Distribution Project at Kurnool, Guntur & Prakasam Districts",MinistryofPetroleumNaturalGas N16000485,709766,Oil & Gas,,Andhra Pradesh,2025-07,2026-02,8,1420.0,170.54,6.0
617303,"City Gas Distribution Project at Khagaria, Saharsa and Madhepura",Ministry of Petroleum & Natural Gas,617303,Oil & Gas,,Bihar,2025-07,2025-08,2,163.0,96.07,40.0
709790,Replacement and Extension of Jetty Pipelines [REJP] at KR,Bharat Petroleum Corporation Limited [BPCL],709790,,,Kerala,2025-07,2026-01,7,621.87,220.0,95.0
400158,Debottlenecking and Augmentation of Cryogenic facilities at Uran LPG Import Terminal,"Department of Water Resources, River Development & GR",400158,,,Maharashtra,2025-07,2025-11,5,1629.86,1012.27,90.0
610985,Construction of lube oil blending plant at Rasayani,Ministry of Petroleum & Natural Gas,610985,,,Maharashtra,2025-07,2025-11,5,526.26,326.5,88.0
709789,Installation of Independent De- Aromatized Solvents [DAS] production facilities at MR,Bharat Petroleum Corporation Limited [BPCL],709789,,,Maharashtra,2025-07,2026-01,7,343.0,250.41,98.0
709846,Part Replacement Pipeline Project [PRPP],Oil and Natural Gas Corporation Limited [ONGC] N16000515,709846,,,Maharashtra,2025-07,2026-02,8,1145.1,820.4,97.0
612998,Bathinda Sangrur Pipeline,Ministry of Petroleum and Natural Gas,612998,,,Punjab,2025-08,2025-09,2,397.0,347.0,94.0
400161,"PP Project, Pata",Gas Authority of India Limited [GAIL],400161,,,Uttar Pradesh,2025-08,2026-01,6,1299.02,1073.0,99.0
708662,Establishment of 600 bed super specialty hospital with optional development of Medical college and further expansion on PPP basis.,Mumbai Port Trust [MPT] -,708662,Ministry of Labour and Employment,Healthcare,Maharashtra,2025-08,2026-03,8,693.0,58.0,11.0
701586,Setting up of a Floating Storage and Regasification Unit [FSRU] - Mumbai,Mumbai Port Trust [MPT] -,701586,Shipping,,Maharashtra,2025-08,2026-03,8,900.0,65.0,0.0
708655,Operationalization of Coastal Berth & Shallow Water Berth through PPP,Jawaharlal Nehru Port Authority [JNPA],708655,Ministry of Health & Family Welfare,Shipping,Maharashtra,2025-08,2025-08,1,366.8,376.86,25.0
701576,Berth No. 2 [previously Berth 3] of HDC Mechanization Project,"Haldia Dock Complex, Syama Prasad Mookerjee Port Authority -",701576,"Ministry of Ports, Shipping and Waterways",Shipping,West Bengal,2025-08,2026-02,7,298.26,480.0,100.0
701577,Shalukkhali Liquid Cargo Handling Facility Development Project,"Haldia Dock Complex, Syama Prasad Mookerjee Port Authority -",701577,Shipping,,West Bengal,2025-08,2026-03,8,253.65,9.28,0.3
709827,CONSTRUCTION OF RESIDENTIAL TOWERS AT BIOM KIRANDUL COMPLEX,National Mineral Development Corporation Limited [NMDC] N12000130,709827,"Tourism, Hospitality & Wellness",Steel,Chhattisgarh,2025-07,2026-02,8,349.75,326.85,100.0
400065,Installation of 4th Slab Caster along with its Auxiliaries and a New Ladle Furnace in SMS-II at Rourkela Steel Plant,Steel Authority of India Limited [SAIL],400065,"Tourism, Hospitality & Wellness",Steel,Odisha,2025-07,2025-11,5,1105.23,790.11,100.0
611615,Malugur- Palasamudram New Line Project [17.975 Km],South Western Railway [SWR] - II,611615,Ministry of Railways,Railways,Andhra Pradesh,2025-08,2025-11,4,342.0,0.0,0.0
705789,Penukonda - Dharmavaram Doubling Project [41.5 Km],South Western Railway [SWR] - II,705789,Ministry of Railways,Railways,Andhra Pradesh,2025-07,2026-01,7,307.66,296.58,89.0
613003,Dharamjaigarh-Korba 63 km,CERL,613003,,,Chhattisgarh,2025-07,2025-12,6,1686.26,288.83,18.5
705756,Chirimiri-Nagpur Halt New Railway Line Project,South East Central Railway [SECR] - II,705756,,,Chhattisgarh,2025-07,2025-08,2,656.52,71.0,0.0
709814,NIPANIA-BHATAPRA [14.4 KM] 4TH LINE [PB-72/NR/2022-23],SECR,709814,,,Chhattisgarh,2025-07,2025-09,3,184.0,0.0,2.0
705694,Provision of Work-site Tampers [WST] Railway Project,EDTK[MC]/RB,705694,,,Delhi,2025-07,2025-11,5,187.72,141.91,100.0
705708,WST Machine Procurement Project,EDTK[MC]/RB,705708,,,Delhi,2025-07,2025-11,5,176.0,0.0,0.0
705710,PCT Machine Procurement Project,EDTK[MC]/RB,705710,,,Delhi,2025-07,2025-11,5,336.0,74.32,85.0
705712,RBMV Machine Procurement Project,EDTK[MC]/RB,705712,,,Delhi,2025-07,2025-11,5,480.0,20.65,27.0
705717,SRGM Machine Procurement Project,EDTK[MC]/RB,705717,,,Delhi,2025-07,2025-11,5,440.0,390.03,90.0
705720,WST Machine Procurement Project,EDTK[MC]/RB,705720,,,Delhi,2025-07,2025-11,5,384.0,0.0,0.0
705721,DTS Machine Procurement Project,EDTK[MC]/RB,705721,,,Delhi,2025-07,2025-11,5,447.6,0.0,0.0
705722,BRM Machine Procurement Project,EDTK[MC]/RB,705722,,,Delhi,2025-07,2025-11,5,210.0,0.02,0.0
705726,Track Machine Procurement Project,EDTK[MC]/RB,705726,,,Delhi,2025-07,2025-11,5,6339.0,4201.26,62.0
611937,Adraj Moti Vijapur 40 Kms,Western Railway (WR) - II,611937,,,Gujarat,2025-07,2025-11,5,417.53,502.23,90.0
611938,Vijapur Ambliyasan 42 km,PCE/WR,611938,,,Gujarat,2025-07,2025-09,3,415.38,364.0,96.0
611939,Himatnagar Khedbrahma 55 km,Railway,611939,,,Gujarat,2025-07,2025-09,3,482.42,461.0,96.0
611944,Quadrupling between Gandhidham Adipur with Y connection at Adipur for providing direct entry towards Mundra Port and Bhuj and high level platform at Gopalpur 11Kms,Western Railway (WR) - II,611944,,,Gujarat,2025-07,2026-01,7,152.44,120.36,95.0
611969,Choranda Motikoral 18 Kms,PCE/WR,611969,,,Gujarat,2025-07,2025-08,2,246.0,0.0,0.0
611972,Jambusar Kavi 26 Kms,PCE/WR,611972,,,Gujarat,2025-07,2025-08,2,318.0,0.0,0.0
611973,miyagam karjan Choranda maalsar 37 kms,PCE/WR,611973,,,Gujarat,2025-07,2025-08,2,450.0,0.0,0.0
705651,Katni - Bina Third Railway Line [279 km],West Central Railway WCR I -,705651,,,Madhya Pradesh,2025-07,2026-02,8,4127.23,3368.11,100.0
611975,Western Railway Vasai bypass double line between Naigaon Juchandra 6 km,PCE/WR,611975,,,Maharashtra,2025-07,2025-08,2,176.0,0.0,0.0
611976,Jogeshwari AT Development of JOS-AT as Trainset Maintenance Depot for energy efficient Vande Bharat Sleeper Trains,PCE/WR,611976,,,Maharashtra,2025-07,2025-08,2,221.0,0.0,0.0
705300,Western Region Video Surveillance Project,RCIL,705300,,,Maharashtra,2025-07,2025-11,5,227.59,0.0,0.0
705503,Pune - Miraj-Londa [467 Kilometres],Central Railway N22000359,705503,,,Maharashtra,2025-07,2026-03,9,4872.52,5248.72,100.0
709808,PACHORA-JAMNER WITH EXTENSION UPTO MALKAPUR NG TO BG,CR,709808,,,Maharashtra,2025-07,2025-11,5,2093.82,130.42,11.0
709809,KALYAN-MURBAD VIA ULHASNAGAR [UMBRELLA WORK],Central Railway [CR] - II,709809,,,Maharashtra,2025-07,2025-08,2,836.12,9.29,0.0
705520,Vizianagaram-Sambhalpur 3rd Line Project,RVNL,705520,,,"Multi-States (Andhra Pradesh, Odisha)",2025-08,2025-11,4,4803.16,2979.23,0.0
616702,Malkangiri Pandurangapuram new railway line project,Indian Railways,616702,,,"Multi-States (Andhra Pradesh, Odisha, Telangana)",2025-07,2025-08,2,3591.76,0.0,0.0
400234,Third Railway Line between Patratu-Sonnagar [291 kms],RVNL - II,400234,,,"Multi-States (Bihar, Jharkhand)",2025-07,2025-12,6,8975.0,4798.96,90.0
706844,Katihar - Kumedpur Doubling Line Project,GM/C/ NFR,706844,,,"Multi-States (Bihar, West Bengal)",2025-08,2025-11,4,942.0,356.0,45.0
705662,Hotgi-Kudgi-Gadag Doubling Project,South Western Railway [SWR] - II N22000333,705662,,,"Multi-States (Karnataka, Maharashtra)",2025-07,2026-02,8,2459.0,2763.97,93.0
705743,Talcher-Angul New Line with Y-Connection at Talcher,CAO/C/ECoR,705743,,,Odisha,2025-07,2025-08,2,495.0,29.5,1.0
705767,Baghuapal Flyover Construction Project,CAO/C/ECoR,705767,,,Odisha,2025-07,2025-08,2,258.0,0.83,0.0
709810,KODINGAMALI BAUXITE MINES TO SINGARAM RAILWAY STATION,Indian Railway,709810,,,Odisha,2025-07,2025-08,2,190.9,0.0,0.0
611980,Junagarh Visavadar 42 Kms,Railway,611980,,,Offshore,2025-07,2025-08,2,492.83,3.0,1.0
611614,Dedicated Test Track for RDSO Phase II,North Western Railway [NWR],611614,,,Rajasthan,2025-07,2025-11,5,967.06,471.0,86.0
611849,Devgarh Madariya - Nathdwara Gauge Conversion [82.54 Km] part of Marwar - Mavli Gauge Conversion [152 Km],North Western Railway [NWR] N22000608,611849,,,Rajasthan,2025-07,2026-03,9,968.92,275.74,56.0
616696,RINGUS KHATUSHYAMJI NEW LINE,North Western Railway [NWR],616696,,,Rajasthan,2025-07,2025-08,2,254.06,2.94,0.0
616840,RAS- MERTA CITY NEW LINE INCL BYPASS AT MERTA ROAD,North Western Railway [NWR],616840,,,Rajasthan,2025-07,2025-08,2,947.0,1.36,0.0
705755,Morappur - Dharmpuri New Railway Line Project,Southern Railway [SR] - I,705755,,,Tamil Nadu,2025-07,2025-08,2,359.0,40.0,1.0
705566,Domingarh-Gorakhpur-Gorakhpur Cantt.-Kusumhi - 3rd Railway Line Project,North Eastern Railway [NER],705566,,,Uttar Pradesh,2025-07,2025-09,3,521.47,499.64,98.0
705779,"Phephna-Indara, Mau-Shahganj doubling excluding Indara-Mau",RVNL - I,705779,,,Uttar Pradesh,2025-07,2025-11,5,1777.0,1489.5,85.0
705784,Janghai-Phaphamau Doubling Rail Line Project,RVNL,705784,,,Uttar Pradesh,2025-07,2025-11,5,978.77,579.0,95.0
705863,Bahraich - Nanpara - Nepalganj Road Gauge Conversion,North Eastern Railway [NER],705863,,,Uttar Pradesh,2025-07,2025-09,3,550.0,507.02,100.0
900872,DOUBLING BETWEEN JAUNPUR JN-ZAFFARABAD [6.28 KM],Northen Railway [NR],900872,,,Uttar Pradesh,2025-08,2025-08,1,177.0,41.0,10.0
617322,Kalipahari Bakhtarnagar 5th line,Eastern Railway [ER] - I,617322,,,West Bengal,2025-07,2025-08,2,350.46,0.0,0.0
701600,354 Uncovered Villages Scheme,Department of Telecommunications [DoT] -,701600,Department of Telecommunications,Telecommunication,"Multi-States (Bihar, Gujarat, Himachal Pradesh, Jammu and Kashmir, Ladakh, Rajasthan, Uttar Pradesh)",2025-07,2026-02,8,301.13,241.23,100.0
709749,PHASE-I OF CONSOLIDATION OF EXISTING CDR DATA CENTERS AND NIB-P3 DATA CENTERS WITH STATE OF THE ART,BSNL N26000114,709749,Department of Telecommunications,Telecommunication,"Multi-States (Maharashtra, Telangana)",2025-07,2026-02,8,461.42,166.02,81.0
709858,OPTICAL TRANSPORT NETWORK [OTN] PH-4 IN BSNL,BSNL,709858,,,PAN India,2025-08,2025-11,4,810.99,786.86,100.0
400104,Punpun Barrage Project,Water Resources-BR -,400104,Water Resources,,Bihar,2025-08,2026-03,8,658.12,447.68,44.5
701371,Durgawati Reservoir Project,Irrigation and CAD-TG,701371,Water Resources,,Bihar,2025-08,2025-08,1,971.96,978.51,87.0
400117,Arjun Sahayak Project,Irrigation & Water Resources-UP,400117,,,Uttar Pradesh,2025-07,2025-08,2,2465.68,3218.3,100.0
618307,Rehabilitation and up-gradation of road from km 16.077 to km 43.935 total length 27.858 km of Lalchara-Kanchanpur section via Shivbari on NH-44A to 2 lane with paved shoulder in the state of Tripura on EPC Mode Pkg-2 under BharatMala Pariyojana Manu-Simlung -2,NHIDCL,618307,,,Tripura,2025-12,2026-07,8,456.88,205.69,54.56
618689,4L Rampur Bypass from Km. 181.000 to Km. 189.500,National Highways Authority of India [NHAI] N24001746,618689,,,Uttar Pradesh,2025-12,2026-02,3,307.95,272.05,99.0
618424,Construction of 2-Laning with hard shoulders of Hayuliang Hawai bypass Road on EPC basis from design Km. 51.825 to Km. 63.131 Existing Km 45.050 of HayuliangHawai road to Hawai Town under SARDP-NE -Balance work Pkg - IV,NHIDCL,618424,,,Arunachal Pradesh,2025-12,2026-01,4,216.76,0.0,93.0
618575,"6L Standalone Flyovers at Bongaigaon, Chapaguri, Pathsala, Simlaguri chowk and Baihata Bypass Junctions on stretches of NH-31 and NH-27",National Highways Authority of India [NHAI],618575,,,Assam,2025-12,2026-02,6,412.15,371.63,100.0
612185,C/o Construction of 200 bedded [Up-gradable to 300 bedded] ESI Hospital at Surat Gujarat.,Employee's State Insurance Company [ESIC] -,612185,Ministry of Labour and Employment,Healthcare,Gujarat,2025-10,2026-02,6,209.36,202.62,100.0
612178,"Construction of 100 Bedded ESIC Hospital building and 32 Nos Residential Quarters at Vallam Vadangal, SIPCOT, Sriperumbudur",Employee's State Insurance Company [ESIC] -,612178,Ministry of Labour and Employment,Healthcare,Tamil Nadu,2025-10,2026-03,7,177.01,127.22,100.0
611142,Fairway Development in West Bengal Farakka - Kahelgaon,Inland Waterways Authority of India [IWAI] -,611142,,,Offshore,2025-09,2026-03,8,197.0,383.41,100.0
701568,Construction of oil jetty No.8 at old kandla through internal resources,Deendayal Port Trust [DPT] -,701568,"Ministry of Ports, Shipping and Waterways",Shipping,Gujarat,2025-09,2026-02,7,225.85,186.47,90.0
618461,Delhi-Vadodara Greenfield Alignment NH-148N Pkg-30 Ch 803420 to Ch.824920 [Baletiya Village - Junction near Pratap Nagar Village],National Highways Authority of India [NHAI] N24001518,618461,,,Gujarat,2025-12,2026-02,3,1800.73,1090.06,99.0
618051,Rehabilitation and Upgrading of NH-707 OLD 72-B Package - 2 Hewna to Ashyari,MoRTH -) (-,618051,,,Himachal Pradesh,2025-12,2026-06,3,220.95,145.49,98.38
618546,Construction of Tunnels/Viaducts at identified sliding/slip zones at Km 130.550 to Km.130.750 Km. 131.170 to Km. 131.763 Km. 132.560 to Km. 133.168 Km. 133.590 to Km. 133.743 and Km. 147.877 to Km. 148.715 of Udhampur-Ramban section of NH-44,National Highways Authority of India [NHAI] N24001620,618546,,,Jammu and Kashmir,2025-12,2026-02,3,533.11,324.74,36.0
618548,Stand-alone Ring road/bypass around Jammu City from Raya Morh km. -0.687 to Jagti km. 57.568,National Highways Authority of India [NHAI] N24000717,618548,,,Jammu and Kashmir,2025-12,2026-02,3,2117.63,54.24,99.0
618555,"Flyover at Km.544.650 including ROB, Service Roads ,Footpath for RCC drains on urban link to Nagpur -Raipur road Pardi octroi Naka to Itwari",National Highways Authority of India [NHAI] N24000442,618555,,,Maharashtra,2025-12,2026-03,4,758.4,308.61,97.77
618789,6L of IT City Chowk to Kurali Chandigarh Road,National Highways Authority of India [NHAI] N24001631,618789,,,Punjab,2025-12,2026-02,2,1936.54,1689.83,98.0
619115,4L of Byrapura to Challakere Section from km 308.550 to km 358.500 of NH-150 A,National Highways Authority of India [NHAI] -,619115,,,Karnataka,2026-01,2026-02,2,1195.54,201.53,100.0
618696,Bellary to Byrapura Section km 253.600 to km 308.550 of NH-150A,National Highways Authority of India [NHAI],618696,,,"Multi-States (Andhra Pradesh, Karnataka)",2026-02,2026-02,2,1689.6,,
618876,4L of Nagina-Kashipur section from km. 73.00 to km. 175.00 of NH-74,National Highways Authority of India [NHAI],618876,,,"Multi-States (Uttar Pradesh, Uttarakhand)",2026-02,2026-02,2,2531.19,,
618816,4L Access Controlled Greenfield Highway section on NH-163G Warangal-Khammam from Thallasenkesa village at Design Ch. 189.650 km to V.Vekatayapalem village in Khammam District at Design Ch. 220.480 KmPackage-III,NHAI -) (-,618816,,,Telangana,2026-01,2026-07,7,1098.05,168.28,10.11
619113,4L of Padalur - Trichy section from km. 285.00 to km. 325.00 of NH - 45 Pkg VI-C,NHAI -) (-,619113,,,Tamil Nadu,2026-01,2026-06,3,235.8,235.51,100.0
619065,4L Expressway from Km 26.400 to km 53.500 of Malur to Bangarpet section of Bangalore-Chennai Expressway Phase-I Package-II,NHAI -) (-,619065,,,Karnataka,2026-01,2026-07,3,1729.63,1103.49,99.8
613788,AGTHORI KAMAKHYA SECTION WITH CONSTRUCTION OF NEW RAIL CUM- ROAD BRIDGE AT SARAIGHAT - 7.062KM,Northeast Frontier Railway [NFR],613788,,,Assam,2025-07,2025-07,2,1473.77,0.0,0.0
611440,Procurment of 30 Nos ACFTs of WT Capacity 10KL at Various Airports,Airport Authority of India [AAI],611440,Ministry of Civil Aviation,Aviation & Aviation Infrastructure,"Multi-States (Andhra Pradesh, Bihar, Delhi, Gujarat, Jharkhand, Karnataka, Kerala, Madhya Pradesh, Odisha, Tamil Nadu, Telangana, Uttar Pradesh, West Bengal)",2025-07,2025-07,1,215.17,104.92,53.0
400179,BHUBANESWARI EXPANSION OCP,Mahanadi Coalfields Limited (MCL,400179,,,Odisha,2025-07,2025-07,1,6321.73,1250.66,21.0
709820,OMKARESHWAR FLOATING SOLAR POWER PROJECT [90 MW],Satluj Jal Vidyut Nigam [SJVN] Thermal Limited,709820,,,Madhya Pradesh,2025-07,2025-07,1,646.17,0.0,0.0
702522,In-Situ Slum Redevelopment Project in Bihar,"PMAY, Ministry of Housing and Urban Affairs",702522,Ministry of Housing & Urban Affairs,Real Estate,Bihar,2025-07,2025-07,1,454.65,204.64,0.0
702544,In-Situ Slum Redevelopment Project in Haryana,"PMAY, Ministry of Housing and Urban Affairs",702544,Ministry of Housing & Urban Affairs,Real Estate,Chandigarh,2025-07,2025-07,1,285.85,127.58,0.0
702524,Affordable Housing Construction Project in Chhattisgarh,"PMAY, Ministry of Housing and Urban Affairs",702524,Ministry of Housing & Urban Affairs,Real Estate,Chhattisgarh,2025-07,2025-07,1,3797.69,2694.0,0.0
702540,In-Situ Slum Redevelopment Project in Gujarat,"PMAY, Ministry of Housing and Urban Affairs",702540,Ministry of Housing & Urban Affairs,Real Estate,Gujarat,2025-07,2025-07,1,5477.4,3035.81,0.0
702555,In-Situ Slum Redevelopment Project in Jharkhand,"PMAY, Ministry of Housing and Urban Affairs",702555,Ministry of Housing & Urban Affairs,Real Estate,Jharkhand,2025-07,2025-07,1,212.74,41.0,0.0
702612,In-Situ Slum Redevelopment Project in Uttar Pradesh,"PMAY, Ministry of Housing and Urban Affairs",702612,Ministry of Housing & Urban Affairs,Real Estate,Uttar Pradesh,2025-07,2025-07,1,576.99,141.94,0.0
701269,"Construction of 80,000 MT LPG Cavern at Mangalore",Ministry of Petroleum & Natural Gas,701269,Ministry of Petroleum & Natural Gas,Energy Storage,Karnataka,2025-07,2025-07,1,854.0,712.3,99.0
701341,Multi-product Pipeline from Krishnapatnam Coastal Installation to the proposed Installation at Hyderabad [Malkapur],Ministry of Petroleum & Natural Gas,701341,,,"Multi-States (Andhra Pradesh, Telangana)",2025-07,2025-07,1,2208.0,1552.37,98.0
705363,Sakri-Hasanpur Road New Rail Line Project,East Central Railway [ECR] - I,705363,,,Bihar,2025-07,2025-07,1,735.0,605.0,78.0
705400,New B.G. Railway Line- Araria to Galgalia [Thakurgunj],Northeast Frontier Railway [NFR],705400,,,Bihar,2025-07,2025-07,1,4412.0,4152.4,96.0
617240,Murarai - Barharwa 3rd line,Eastern Railway [ER] - II ,617240,,,"Multi-States (Jharkhand, West Bengal)",2025-07,2025-07,1,935.19,0.0,0.0
706856,Rourkela - Bondamunda 5th Line Doubling Project,South Eastern Railway [SER] - I,706856,,,Odisha,2025-07,2025-07,1,245.0,82.0,35.0
400429,Exhibition cum Convention Centre Dwarka [Phase I],India International Convention & Expo Centre,400429,Department for Promotion of Industry & Internal Trade,"Tourism, Hospitality & Wellness",Delhi,2025-07,2025-07,1,5401.0,4470.0,97.4
701384,Tillari Irrigation Project,Department of water resources-MH - II,701384,,,Maharashtra,2025-07,2025-07,1,649.6,724.36,99.0
701388,Bembla Irrigation Project,Department of water resources-MH - II,701388,,,Maharashtra,2025-07,2025-07,1,2685.41,2689.7,98.0
701390,Arjuna Medium Irrigation project,Department of water resources-MH - II,701390,,,Maharashtra,2025-07,2025-07,1,611.0,803.89,100.0
701392,Krishna Koyana Lift Irrigation Project,Department of water resources-MH - II,701392,,,Maharashtra,2025-07,2025-07,1,2774.9,1069.82,90.0
400094,J. ChokhaRao LIS CADWM Project,Irrigation and CAD-TG,400094,,,Telangana,2025-07,2025-07,1,13445.4,0.0,0.0
618646,4L of Pathalgaon-Kunkuri-CG/JH Border section of NH-43 from Km. 00.000 to Km.104.250,NHAI -) (-,618646,,,Chhattisgarh,2026-05,2026-07,4,3147.07,0.03,0.0
619039,"Balance Works of Rehabilitation and Up gradation of NH-43 New NH-30 from Krn 162120 to Krn 173500 Length 11.380 Km. Keshkal Bypass 4-Lane with Paved shoulder in the State Of Chhattisgarh under NHDP-IV through Engineering, Procurement & Construction EPC Basis",MoRTH -) (-,619039,,,Chhattisgarh,2026-06,2026-07,3,307.96,0.0,0.0
619347,Balance Work Estimate of Rehabilitation and Up-gradation of NH- 43 from Km. 468.600 to Km. 531.250 Pathalgaon to kunkuri Section to two-lane with paved shoulder in the State of Chhattisgarh on SBD mode under NHO under Annual plan 2025-26,MoRTH -) (-,619347,,,Chhattisgarh,2026-06,2026-07,3,201.16,0.0,0.0
617943,4-laning of Navelim to Cuncolim Section of NH-66 from Km 554.245 to Km 561.480 on HAM Mode,MoRTH -) (-,617943,,,Goa,2026-05,2026-07,4,746.75,0.0,0.0
619061,Construction of 4 lane with PS Idar-Badoli bypass section from design km 81/300 to km 95/500 of NH 168G in the State of Gujarat,MoRTH -) (-,619061,,,Gujarat,2026-05,2026-07,4,705.09,0.0,7.0
619297,Upgradation of Existing Two Lane Carriageway to Two Lane Carriageway with Paved Shoulder from Ch. 665686 Existing Km. 665.686 in Khanpur Village in Vansda Taluka to Ch. 710470 Existing Km. 710.483 in Karvad Village in Vapi Taluka Length 44.784 Km Section of NH-56 in the State of Gujarat on EPC Mode,NHAI,619297,Department for Promotion of Industry & Internal Trade,Roads & Highways,Gujarat,2026-07,2026-07,2,647.2,,
618892,"4 Lane with Paved Shoulder from Dareota Village to Kalar Bala NH 205, Design Chainage -Km 33185 to Km 41000, Design Length-7.815 Km Package-IIB",NHAI -) (-,618892,,,Himachal Pradesh,2026-06,2026-07,3,992.85,5.27,0.68
618542,4L of existing Wayul Ganderbal Pandach Soura section of old NH-1 as a part of Srinagar Ring Road Phase IIA,NHAI -) (-,618542,,,Jammu and Kashmir,2026-05,2026-07,4,827.98,265.02,0.02
618534,Construction of Six lane elevated flyover including reconstruction/rehabilitation of existing pavement from Km 426230 to Km 430500 Length 4.27 Km at Nirsa in the Barwa Adda Panagarh section of NH-19 from Km.398.240 to Km.521.120 including Panagarh Bypass in the State of Jharkhand on EPC Mode.,NHAI -) (-,618534,,,Jharkhand,2026-05,2026-07,4,470.75,0.93,0.0
618729,6 Lane Greenfield Varanasi- Ranchi- Kolkata Highway from Donoreshan village to junction with NH-20 in Bongabar village from km 288.600 to km 325.500 Pkg -11,NHAI -) (-,618729,,,Jharkhand,2026-06,2026-07,3,1856.12,261.78,0.0
618730,6 Lane Greenfield Varanasi- Ranchi- Kolkata Highway from Deoria village to Donoreshan village from km 253.000 to km 288.600 Pkg -10,NHAI -) (-,618730,,,Jharkhand,2026-05,2026-07,4,1546.27,183.44,5.65
618731,6 Lane Greenfield Varanasi- Ranchi- Kolkata Highway from Chatra to junction with NH- 100 in Deoria village from km 222.000 to km 253.000 Pkg -9,NHAI,618731,Department for Promotion of Industry & Internal Trade,Roads & Highways,Jharkhand,2026-07,2026-07,2,1418.16,,
618733,6L Greenfield Varanasi- Ranchi- Kolkata Highway from junction with NH-20 in Bongabar village to junction with NH-30 in Lepo village from km 325.500 to km 358.500 Pkg -12,NHAI -) (-,618733,,,Jharkhand,2026-06,2026-07,3,1525.52,218.28,0.1
617997,Widening of existing 2 lane to 4 lane with paved shoulder from Designed km 25.15 to km 56.70 Except Km 52.70 to 53.50 of NH-169 Nellisara Camp to Thirthahalli of NH- 169 on Shimoga-Mangalore section in the state of Karnataka on EPC mode under Annual plan 2022-23 NH-169-KNT-2022-23-978 dated 08.03.2023,MoRTH -) (-,617997,,,Karnataka,2026-05,2026-07,4,538.71,20.63,6.0
618148,Widening to 4LPS of NH-548B from Km 80.000 Near Murgundi to Km 140.200 Near Chikkodi excluding length from Km 118.450 to Km 128.450 in the State of Karnataka under NH O on EPC Mode under Annual Plan 2022-23 - Package 1 NH-548B-KNT- 2022-23-979 dated 09.03.2023,MoRTH -) (-,618148,,,Karnataka,2026-05,2026-07,4,785.79,6.15,0.0
618151,Widening to 4LPS of NH-548B from Km 118.450 Near Shirguppi to Km 128.450 Near Ankali in the State of Karnataka under NH O on EPC Mode Under Annual Plan 2022- 23 NH-548B-KNT-2022-23-982,MoRTH -) (-,618151,,,Karnataka,2026-05,2026-07,4,1084.29,1.71,0.0
619043,Capacity Augmentation in the stretch of DhulePimpalgaon section of NH60 Km. 261.720 to Km. 380.000 by Construction of Slip/Service Road on either side at various locations total length 30.30 Km LHSRHS and Flyover 2 x 30m at Sawadgaon Phata Km. 310.415,NHAI,619043,,,Maharashtra,2026-07,2026-07,2,341.63,,
619204,"Capacity Augmentation in the stretch of Pimpri Sado Vadape section of NH848 Km. 460900 to Km. 537000 by Construction of Slip/Service Road on either side at various locations total length 25.140 Km LHSRHS, Flyover 2 x 25m at Borivali Junction Km. 528550 & LVUP 1 x 15m at Sherekarpada Km. 528800",NHAI -) (-,619204,,,Maharashtra,2026-06,2026-07,3,372.03,1.5,1.0
619298,Construction of 6 Lane Elevated corridor from KM 612582 to KM 617540 including construction of Service Roads in Kolhapur City on NH -48 in the State of Maharashtra on EPC mode under NHO,NHAI -) (-,619298,,,Maharashtra,2026-06,2026-07,3,1039.0,0.06,0.0
619299,Construction of a 6-Lane Elevated Corridor from Km 593766 to Km 596620 Including Construction of Service Roads in Kagal City on NH-48 in the State of Maharashtra on EPC Mode.,NHAI -) (-,619299,,,Maharashtra,2026-06,2026-07,3,357.99,0.08,0.0
619300,Construction of Four Lane Nagpur-Katol section of NH-353J including Mitigation Structures from Design Ch. 37000 to Ch. 45990 Tiger Corridor-I Mitigation Structures from Design Ch. 37000 to Ch. 45990 Tiger Corridor-I in the State of Maharashtra on EPC Mode,NHAI -) (-,619300,,,Maharashtra,2026-06,2026-07,3,300.68,0.0,0.0
619321,Balance work of widening to two laning/re-alignment and geometric improvement from Km. 11000 to Km. 114618 with rectification of damaged stretches and provision of protection works in vulnerable location of NH-44 in the State of Mizoram.,MoRTH,619321,,,Mizoram,2026-05,2026-07,7,170.96,0.0,2.0
618732,6L Greenfield Varanasi- Ranchi- Kolkata Highway from Sonepurbigha village to junction with NH- 22 Chatra Bypass near Chatra from km 184.700 to km 222.000Pkg - 8,NHAI -) (-,618732,,,"Multi-States (Bihar, Jharkhand)",2026-05,2026-07,4,1728.17,200.25,3.94
617918,"Widening and Strengthening of existing S/L, I/L, & D/L to 2 Lane with PS from Km 256/455 to 256/503, 256/820 to 256/960, 265/760 to 266/010, 266/010 to 266/800, 270/975 to 271/055, 276/460 to 276/560, 276/560 to 276/700, 276/700 to 277/480, 285/780 to 288/290, 288/290 to 291/050 and construction of 3 Nos. of Bypass from Km 266/800 to 267/300, 270/025 to 270/975, & 284/700 to 285/780 on NH-53 under NHO in Annual Plan 2022-23 for the State of Odisha.",MoRTH,617918,,,Odisha,2026-07,2026-07,2,174.21,,
618648,"Development of 6-lane Greenfield Southern Ludhiana Bypass from intersection with NH-44 near Village Rajgarh to intersection with Delhi Katra Expressway NE-5 near Village Ballowal, km 0000 to km 25240",NHAI -) (-,618648,,,Punjab,2026-06,2026-07,3,1424.55,162.39,5.79
619270,"Upgradation of 6 laned Jaipur- Kishangarh section of NH-48 from km 274100 to 363885 involving construction of flyovers and Service road in Rajasthan On Engineering, Procurement & Construction EPC Mode",NHAI -) (-,619270,,,Rajasthan,2026-06,2026-07,3,910.91,0.0,0.0
619271,Construction of Elevated Corridor at Kherwara Town on Udaipur Ratanpur Shamlaji Section of NH-48 in Udaipur District in the State of Rajasthan on EPC mode,NHAI -) (-,619271,,,Rajasthan,2026-06,2026-07,3,363.89,0.38,0.0
619156,4 Laning of Paramakudi to Ramanathapuram Section of NH-87 Old NH-49,NHAI -) (-,619156,,,Tamil Nadu,2026-05,2026-07,4,1853.16,169.53,0.0
619265,Rehabilitation & Upgradation of Thorrur to Nehru Nagar section to Two Lane with Paved shoulders from Km 109/420 to Km 178/500 of NH 930P in the state of Telangana on EPC mode under Annual Plan 2022-2023,MoRTH,619265,,,Telangana,2026-07,2026-07,2,675.45,,
618267,Widening/Upgradation to four lane configuration of Shahjahanpur-Bisalpur section from km 0.00 to km 47.026 of NH-731K on Hybrid Annuity Mode in the state of Uttar Pradesh.,MoRTH -) (-,618267,,,Uttar Pradesh,2026-05,2026-07,4,1590.2,0.0,0.0
618842,"2L PS Greenfield bypass lalganj ajhara, mohanganj and Raniganj on Raebareli - Jaunpur Section Design km 0.00 to Km 53177 of NH-31",NHAI -) (-,618842,,,Uttar Pradesh,2026-06,2026-07,3,1280.68,199.56,0.0
619194,"Construction of Four Lane Gola Flyover at Km 99.850 of NH 730 Major Junction with State Highways -93 of Engineering, Procurement and Construction EPC mode in the State of Uttar Pradesh.",MoRTH -) (-,619194,,,Uttar Pradesh,2026-05,2026-07,4,168.05,0.0,12.0
619221,Realignment of Rudrapur-Kathgodam Section of NH-87 New NH-109 From Design Chainage 000 Existing Chainage Km.54050 To Design Chainage 7875 Existing Chainage Km.61550 Due To Proposed Expansion Of Pantnagar Airport in the state of Uttarakhand.,NHAI,619221,,,Uttarakhand,2026-07,2026-07,2,252.97,,
108841,"Amended BharatNet Program - KTK, GOA, PY",Department of Telecommunications -) (-,108841,Department of Telecommunications,Telecommunication,PAN India,2026-06,2026-07,3,3742.0,435.31,8.15
124199,Amended BharatNet Program - HR,Department of Telecommunications,124199,Department for Promotion of Industry & Internal Trade,Telecommunication,PAN India,2026-07,2026-07,2,837.0,,
171218,Amended BharatNet Program - PB,Department of Telecommunications,171218,Department for Promotion of Industry & Internal Trade,Telecommunication,PAN India,2026-07,2026-07,2,1245.0,,
175860,"Amended BharatNet Program - MP, DD and DNH",Department of Telecommunications,175860,Department for Promotion of Industry & Internal Trade,Telecommunication,PAN India,2026-07,2026-07,2,4943.0,,
210914,Amended BharatNet Program - WB & ANI,Department of Telecommunications,210914,Department for Promotion of Industry & Internal Trade,Telecommunication,PAN India,2026-07,2026-07,2,1674.0,,
240484,Amended BharatNet Program - AS,Department of Telecommunications,240484,Department of Telecommunications,Telecommunication,Assam,2026-07,2026-07,3,832.0,83.16,0.0
317725,Amended BharatNet Program - OD,Department of Telecommunications,317725,Department for Promotion of Industry & Internal Trade,Telecommunication,PAN India,2026-07,2026-07,2,1713.0,,
437130,"Amended BharatNet Program - J&K, LAD",Department of Telecommunications,437130,Department for Promotion of Industry & Internal Trade,Telecommunication,PAN India,2026-07,2026-07,2,1621.0,,
462136,"Amended BharatNet Program - MGH, MZM, TRP",Department of Telecommunications,462136,,,"Multi-States (Tripura, Mizoram, Meghalaya)",2026-07,2026-07,3,768.0,0.0,0.0
476006,Amended BharatNet Program - HP,Department of Telecommunications,476006,Department for Promotion of Industry & Internal Trade,Telecommunication,PAN India,2026-07,2026-07,2,1292.0,,
547243,BharatNet Phase-II,Department of Telecommunications,547243,Department of Telecommunications,Telecommunication,"Multi-States (Manipur, Meghalaya, Arunachal Pradesh, Nagaland, Sikkim, Assam, Mizoram, Tripura)",2026-07,2026-07,3,22174.6,20691.72,93.33
660056,Amended BharatNet Program - KL,Department of Telecommunications,660056,Department for Promotion of Industry & Internal Trade,Telecommunication,PAN India,2026-07,2026-07,2,765.0,,
665021,Amended BharatNet Program - UKD,Department of Telecommunications,665021,Department for Promotion of Industry & Internal Trade,Telecommunication,PAN India,2026-07,2026-07,2,1821.0,,
914467,Amended BharatNet Program - BR,Department of Telecommunications,914467,Department for Promotion of Industry & Internal Trade,Telecommunication,PAN India,2026-07,2026-07,2,1550.0,,
938832,Amended BharatNet Program - RJ,Department of Telecommunications,938832,Department for Promotion of Industry & Internal Trade,Telecommunication,PAN India,2026-07,2026-07,2,2839.0,,
946208,Amended BharatNet Program - SKM,Department of Telecommunications,946208,,,Sikkim,2026-07,2026-07,3,160.0,0.0,0.0
976009,"Amended BharatNet Program - ARP, NGL, MNP",Department of Telecommunications,976009,Department of Telecommunications,Telecommunication,"Multi-States (Arunachal Pradesh, Manipur, Nagaland)",2026-07,2026-07,3,1168.0,123.28,0.61
222253,Amended BharatNet Program - UP (East),Department of Telecommunications -) (-,222253,,,Uttar Pradesh,2026-06,2026-07,3,5008.0,502.0,7.65
708687,Amended BharatNet Program - UP (West),Department of Telecommunications -) (-,708687,,,Uttar Pradesh,2026-06,2026-07,3,1917.0,0.0,7.2
707420,Gaya Integrated Manufacturing Cluster IMC in Bihar,National Industrial Corridor Development Corporation -) (-,707420,,,Bihar,2026-07,2026-07,2,1339.02,0.0,5.0
701662,IMC Rajpura - Patiala Development Project,National Industrial Corridor Development Corporation -) (-,701662,,,Punjab,2026-07,2026-07,2,1367.72,0.0,3.4
701661,Development of IMC Khurpia Farms under AKIC Project,National Industrial Corridor Development Corporation -) (-,701661,,,Uttarakhand,2026-07,2026-07,2,1265.37,0.0,3.23
245986,Jaipur Metro Rail Project Phase 2 (Prahladpura to Todi Mod),Jaipur Metro Rail Corporation -) (-,245986,,,Rajasthan,2026-07,2026-07,2,13037.66,1.79,1.79
298178,"Meja Thermal Power Project, Stage-II , (3x800 MW)",National Thermal Power Corporation [NTPC] -) (-,298178,,,Uttar Pradesh,2026-07,2026-07,2,38358.0,1002.73,0.02
944288,Super accelerated cooling system (Uniform Cooling) for high strength plates in Plate Mill at BSP,Steel Authority of India Limited (SAIL -) (-,944288,Ministry of Steel,Steel,Chhattisgarh,2026-07,2026-07,2,192.21,63.8,48.01
505491,Installation of 140 TPH Walking Beam type Reheating Furnace in Plate Mill at BSP,Steel Authority of India Limited (SAIL -) (-,505491,Ministry of Steel,Steel,Chhattisgarh,2026-07,2026-07,2,268.36,0.0,0.0
738679,Stamp Charge Battery No.7 Battery Proper at RSP,Steel Authority of India Limited (SAIL -) (-,738679,,,Odisha,2026-07,2026-07,2,2584.41,1182.92,54.16
834015,Stamp Charge Battery No.12 By-product Plant at RSP,Steel Authority of India Limited (SAIL -) (-,834015,,,Odisha,2026-07,2026-07,2,1140.07,207.56,22.59
478482,Stamp Charge Battery No.7 Coke Dry Cooling Plant at RSP,Steel Authority of India Limited (SAIL -) (-,478482,,,Odisha,2026-07,2026-07,2,1064.55,73.91,0.0
635651,"New Product Testing Laboratory for NPM, SPP & NHSM at RSP",Steel Authority of India Limited (SAIL -) (-,635651,,,Odisha,2026-07,2026-07,2,155.26,56.24,71.75
589703,Implementation of Treatment System-2 Under ZLD at RSP,Steel Authority of India Limited (SAIL -) (-,589703,,,Odisha,2026-07,2026-07,2,216.02,134.29,89.83
364934,Stamp Charge Battery No.12 By-product Plant at IISCO Steel Plant,Steel Authority of India Limited (SAIL -) (-,364934,,,West Bengal,2026-07,2026-07,2,999.46,70.37,18.72
425828,Stamp Charge Battery No.12 Coke Dry Cooling Plant at IISCO Steel Plant,Steel Authority of India Limited (SAIL -) (-,425828,,,West Bengal,2026-07,2026-07,2,706.51,132.26,11.87
706989,Establishment of new GMC West Garo Hills [Tura],"Medical Education, Ministry of Health and Family Welfare -) (-",706989,,,Meghalaya,2026-05,2026-07,7,189.0,170.1,0.0
707067,Establishment of new GMC Mon,"Medical Education, Ministry of Health and Family Welfare -) (-",707067,,,Nagaland,2026-05,2026-07,7,325.0,155.0,0.0
619248,"lmprovement and Widening to 2-lane with Paved Shoulder of NH-13 & 15 Old NH-52 from Existing Km 745.60 Design Km 0.000 to Existing km 770.600 Design Km 24.819 Brahmakund T-junction to Kamlang T-Junction, Existing Length 25.00 Km, Design Length 24.819 Km in the state of Arunachal Pradesh on EPC mode Pkg-1",NHIDCL -) (-,619248,,,Arunachal Pradesh,2026-06,2026-07,5,441.41,25.88,14.69
619341,"Telangana Super Thermal Power Project , Stage-II [3 x 800 MW]",National Thermal Power Corporation [NTPC] -) (-,619341,,,Telangana,2026-05,2026-07,4,29344.85,732.96,0.97
612066,Rajasthan Metro Rail Project Phase 1C from Badi Chaupar to Transport Nagar via Galta Gate,Jaipur Metro Rail Corporation -) (-,612066,,,Rajasthan,2026-05,2026-07,4,980.08,103.03,0.0
612068,Jaipur Metro Phase 1D Project from Mansarovar to Ajmer Road Chauraha,Jaipur Metro Rail Corporation -) (-,612068,,,Rajasthan,2026-05,2026-07,4,204.81,23.34,12.48
616221,"Extension of Aqua Line Metro Corridor from Noida Sector-142 station to Botanical Garden, Noida of Noida Metro Rail Corporation",Noida Metro Rail Corporation Ltd. [NMRCL] -) (-,616221,,,Uttar Pradesh,2026-05,2026-07,4,2254.35,0.0,0.0
619328,ONGC-BP Redevelopment Phase-1 Scheme of Mumbai High Field,Oil and Natural Gas Corporation Limited [ONGC] -) (-,619328,,,Maharashtra,2026-05,2026-07,4,3908.0,2304.68,56.3
706965,Establishment of new GMC Saran [Chhapara],"Medical Education, Ministry of Health and Family Welfare -) (-",706965,Ministry of Health & Family Welfare,Healthcare,Bihar,2026-05,2026-07,4,189.0,113.4,0.0
706966,Establishment of new GMC Samastipur,"Medical Education, Ministry of Health and Family Welfare -) (-",706966,Ministry of Health & Family Welfare,Healthcare,Bihar,2026-05,2026-07,4,189.0,113.4,0.0
707016,Establishment of new GMC Sitamarhi,"Medical Education, Ministry of Health and Family Welfare -) (-",707016,Ministry of Health & Family Welfare,Healthcare,Bihar,2026-05,2026-07,4,250.0,150.0,0.0
707017,Establishment of new GMC Jhanjharpur,"Medical Education, Ministry of Health and Family Welfare -) (-",707017,Ministry of Health & Family Welfare,Healthcare,Bihar,2026-05,2026-07,4,250.0,150.0,0.0
707018,Establishment of new GMC Siwan,"Medical Education, Ministry of Health and Family Welfare -) (-",707018,Ministry of Health & Family Welfare,Healthcare,Bihar,2026-05,2026-07,4,250.0,150.0,0.0
707019,Establishment of new GMC Buxar,"Medical Education, Ministry of Health and Family Welfare -) (-",707019,Ministry of Health & Family Welfare,Healthcare,Bihar,2026-05,2026-07,4,250.0,150.0,0.0
707051,Establishment of new GMc Udhampur,"Medical Education, Ministry of Health and Family Welfare -) (-",707051,,,Jammu and Kashmir,2026-05,2026-07,4,325.0,222.0,75.0
707052,Establishment of new GMC Handwara [Distt. Kupwara],"Medical Education, Ministry of Health and Family Welfare -) (-",707052,,,Jammu and Kashmir,2026-05,2026-07,4,325.0,173.0,0.0
707057,Establishment of new GMC Leh,"Medical Education, Ministry of Health and Family Welfare -) (-",707057,,,Ladakh,2026-05,2026-07,4,325.0,127.0,0.0
706988,Establishment of new GMC Gondia,"Medical Education, Ministry of Health and Family Welfare -) (-",706988,,,Maharashtra,2026-05,2026-07,4,189.0,113.4,40.14
603210,Development of Jodhpur Pali Marwar Industrial Area JPMIA in Rajasthan,National Industrial Corridor Development Corporation -) (-,603210,,,Rajasthan,2026-05,2026-07,4,921.66,0.0,6.32
619229,"Integrated development of Outer Container Terminal and berth No. 1 though 5 NSD at KDS, SMPK on DBFOT basis through PPP mode",Syama Prasad Mookerjee Port Kolkata -) (-,619229,Ministry of Labour and Employment,Shipping,West Bengal,2026-05,2026-06,3,832.25,0.0,0.0
619326,Nidadavolu-Duvvada 3rd & 4th Lines,South Central Railway [SCR] - II -) (-,619326,Ministry of Railways,Railways,Andhra Pradesh,2026-05,2026-06,3,9889.24,0.0,0.01
707414,Multi Modal Transport Hub [MMTH] Project at Boraki in Greater Noida - Infrastructure Development - Phase 1,National Industrial Corridor Development Corporation -) (4804,707414,Shipping,Logistics Infrastructure,Uttar Pradesh,2026-05,2026-05,2,1480.0,0.0,0.0
617824,Bakhtiyarpur-Rajgir-Tilaiya [Single line section]104km,East Central Railway (ECR) - II,617824,Ministry of Railways,Railways,Bihar,2025-11,2025-11,2,2017.38,0.0,0.0
612239,Construction of 100 bedded ESIC Hospital & 32 nos. of Staff qtrs at OMPURA J&K.,Employee's State Insurance Company [ESIC],612239,Ministry of Labour and Employment,Healthcare,Jammu and Kashmir,2025-10,2025-11,3,164.93,162.05,99.0
617373,Jhajha-Batai New Line Project,East Central Railway [ECR] - I,617373,Ministry of Railways,Railways,Bihar,2025-09,2025-11,4,588.18,3.05,0.0
612688,"Construction of New OPD Block 200 Bed ward Basement + GF + 6 Floors at the location of old OPD block, at existing ESIC Hospital/ Medical college campus, Sanathnagar, Hyderabad",Employee's State Insurance Company [ESIC],612688,,,Telangana,2025-10,2025-10,2,211.13,198.95,100.0
701564,"Construction of new dry dock at exisitng Cochin Shipyard Limited premises at Perumanoor, Kochi 682 015",Cochin Shipyard,701564,"Ministry of Ports, Shipping and Waterways",Shipping,Kerala,2025-09,2025-10,3,1799.0,1558.39,96.0
617290,Jeypore - Malkangiri New BG Line Project,Indian Railways,617290,,,Odisha,2025-09,2025-10,3,2343.64,630.83,13.0
617320,New B.G Railway Line between Jeypore & Navarangpur [38 Km] with Electrification,Indian Railway and Govt of Odisha,617320,,,Odisha,2025-09,2025-10,3,747.91,7.21,0.0
617321,Godhani-Kalumna Chord 13.7 km,Ministry of Railways,617321,,,Offshore,2025-09,2025-10,3,150000.0,1940.0,11.0
709798|ethylene cracker project at bina refinery including downstream petrochemical plants and expansion of refinery,709798,,,PROJECT ID,,ETHYLENE CRACKER PROJECT AT BINA REFINERY INCLUDING DOWNSTREAM PETROCHEMICAL PLANTS AND EXPANSION OF REFINERY,2025-07,2026-07,26,6104.0,33.5,
701263|rajasthan refinery project,701263,,,PROJECT ID,,RAJASTHAN REFINERY PROJECT,2025-07,2026-05,22,69997.0,92.1,
701289|capacity expansion of panipat refinery from 15 to 25 mmtpa,701289,,,PROJECT ID,,CAPACITY EXPANSION OF PANIPAT REFINERY FROM 15 TO 25 MMTPA,2025-07,2026-07,26,28007.0,94.3,
400120|kg-dwn-98/2 cluster - ii development project - nelp block,400120,,,PROJECT ID,,KG-DWN-98/2 CLUSTER - II DEVELOPMENT PROJECT - NELP BLOCK,2025-07,2026-07,26,33192.0,96.9,
602182|dibang multipurpose project,602182,,,PROJECT ID,,DIBANG MULTIPURPOSE PROJECT,2025-07,2026-07,26,4921.0,17.93,
701530|ken-betwa linking development project,701530,,,PROJECT ID,,KEN-BETWA LINKING DEVELOPMENT PROJECT,2026-02,2026-07,6,8531.0,0.0,
701372|sardar sarovar project,701372,,,PROJECT ID,,SARDAR SAROVAR PROJECT,2025-07,2026-07,14,31969.0,93.7,
701415|polavaram irrigation project,701415,,,PROJECT ID,,POLAVARAM IRRIGATION PROJECT,2025-07,2026-07,14,27962.0,86.15,
701405|j. chokka rao devadula lift irrigation scheme,701405,,,PROJECT ID,,J. CHOKKA RAO DEVADULA LIFT IRRIGATION SCHEME,2025-07,2026-07,14,4841.0,87.7,
400112|jigaon irrigation project,400112,,,PROJECT ID,,JIGAON IRRIGATION PROJECT,2025-07,2026-04,11,10517.0,92.0,
706775|bharatnet,706775,,,PROJECT ID,,BHARATNET,2025-07,2026-07,13,48810.0,99.98,
701593|4g services by bsnl,701593,,,PROJECT ID,,4G SERVICES BY BSNL,2025-07,2026-07,13,9165.0,98.56,
400013|saturation 4g mobile coverage of uncovered villages through usof,400013,,,PROJECT ID,,SATURATION 4G MOBILE COVERAGE OF UNCOVERED VILLAGES THROUGH USOF,2025-07,2026-07,13,8723.0,87.7,
"709857|planning, engineering, supply, installation, testing, commissioning, integration & annual maintenance of 4g mobile network at 1 lakh sites on pan india basis including mumbai & delhi lsa on turnkey basis under phase ix.2 project.",709857,,,PROJECT ID,,"PLANNING, ENGINEERING, SUPPLY, INSTALLATION, TESTING, COMMISSIONING, INTEGRATION & ANNUAL MAINTENANCE OF 4G MOBILE NETWORK AT 1 LAKH SITES ON PAN INDIA BASIS INCLUDING MUMBAI & DELHI LSA ON TURNKEY BASIS UNDER PHASE IX.2 PROJECT.",2025-07,2026-07,13,9166.0,98.56,
"701602|provision of 4g based mobile services in 7,287 uncovered villages of 44 aspirational district across 5 states of andhra pradesh, chhattisgarh, jharkhand, maharashtra & odisha",701602,,,PROJECT ID,,"PROVISION OF 4G BASED MOBILE SERVICES IN 7,287 UNCOVERED VILLAGES OF 44 ASPIRATIONAL DISTRICT ACROSS 5 STATES OF ANDHRA PRADESH, CHHATTISGARH, JHARKHAND, MAHARASHTRA & ODISHA",2025-07,2026-05,11,1100.0,81.2,
400188|redevelopment of seven general pool residential accommodation [gpra] colonies in delhi,400188,,,PROJECT ID,,REDEVELOPMENT OF SEVEN GENERAL POOL RESIDENTIAL ACCOMMODATION [GPRA] COLONIES IN DELHI,2025-07,2026-07,17,14370.0,46.7,
"617883|redevelopment of residential colonies at ayur vigyan nagar and west ansari nagar campuses of aiims, new delhi",617883,,,PROJECT ID,,"REDEVELOPMENT OF RESIDENTIAL COLONIES AT AYUR VIGYAN NAGAR AND WEST ANSARI NAGAR CAMPUSES OF AIIMS, NEW DELHI",2025-11,2026-07,9,44.0,57.0,
701668|development of palakkad node under extension of cbic to kochi,701668,,,PROJECT ID,,DEVELOPMENT OF PALAKKAD NODE UNDER EXTENSION OF CBIC TO KOCHI,2026-04,2026-07,4,58.0,5.3,
617727|orvakal industrial area,617727,,,PROJECT ID,,ORVAKAL INDUSTRIAL AREA,2026-04,2026-07,4,356.0,16.22,
601812|development of zaheerabad node under hyderabad nagpur industrial corridor,601812,,,PROJECT ID,,DEVELOPMENT OF ZAHEERABAD NODE UNDER HYDERABAD NAGPUR INDUSTRIAL CORRIDOR,2026-04,2026-07,4,43.0,4.87,
619032|jayant expn. [20 to 38 mtpa],619032,,,PROJECT ID,,JAYANT EXPN. [20 TO 38 MTPA],2026-01,2026-07,14,333.0,2.1,
400424|gevra oc [70 mty],400424,,,PROJECT ID,,GEVRA OC [70 MTY],2025-07,2026-07,26,7825.0,78.48,
400185|gopalji kaniha ocp [10 to 30 m,400185,,,PROJECT ID,,GOPALJI KANIHA OCP [10 TO 30 M,2025-08,2026-07,24,1778.0,35.8,
400150|rpr magadh exp ocp,400150,,,PROJECT ID,,RPR MAGADH EXP OCP,2025-07,2026-07,19,2300.0,39.42,
"617416|revised jharia master plan for dealing with fire, subsidence & rehabilitation of affected families in jharia coalfield- reg.",617416,,,PROJECT ID,,"REVISED JHARIA MASTER PLAN FOR DEALING WITH FIRE, SUBSIDENCE & REHABILITATION OF AFFECTED FAMILIES IN JHARIA COALFIELD- REG.",2025-10,2026-07,10,521.0,34.0,
618412|construction of i connecting road from z-morh tunnel to zojila tunnel road length 18.475km and ii 14.150 km long 2-l bi-directional single tube zoji-la tunnel across zojila pass on sonamarg - kargil section from km 82 to km 118 of nh-01 under pmdp,618412,,,PROJECT ID,,CONSTRUCTION OF I CONNECTING ROAD FROM Z-MORH TUNNEL TO ZOJILA TUNNEL ROAD LENGTH 18.475KM AND II 14.150 KM LONG 2-L BI-DIRECTIONAL SINGLE TUBE ZOJI-LA TUNNEL ACROSS ZOJILA PASS ON SONAMARG - KARGIL SECTION FROM KM 82 TO KM 118 OF NH-01 UNDER PMDP,2025-12,2026-07,7,3575.0,68.8,
618738|6l bridge and its approaches across river ganga as part of patna ring road nh-131g starting from km 8.480 near sherpur to km 23.000 near dighwara,618738,,,PROJECT ID,,6L BRIDGE AND ITS APPROACHES ACROSS RIVER GANGA AS PART OF PATNA RING ROAD NH-131G STARTING FROM KM 8.480 NEAR SHERPUR TO KM 23.000 NEAR DIGHWARA,2025-12,2026-07,8,734.0,22.05,
618934|guwahati ring road in the state of assam,618934,,,PROJECT ID,,GUWAHATI RING ROAD IN THE STATE OF ASSAM,2026-01,2026-07,7,328.0,0.0,
"618373|construction of 4-lane bridge including approaches over river brahmaputra between dhubri on north bank,assam and phulbari on south bank,meghalaya on nh-127b under jica oda loan assistance phase-iii",618373,,,PROJECT ID,,"CONSTRUCTION OF 4-LANE BRIDGE INCLUDING APPROACHES OVER RIVER BRAHMAPUTRA BETWEEN DHUBRI ON NORTH BANK,ASSAM AND PHULBARI ON SOUTH BANK,MEGHALAYA ON NH-127B UNDER JICA ODA LOAN ASSISTANCE PHASE-III",2026-01,2026-07,7,3081.0,77.14,
618599|6l of ramanatukkara junction to start of valanchery bypass section of nh-66,618599,,,PROJECT ID,,6L OF RAMANATUKKARA JUNCTION TO START OF VALANCHERY BYPASS SECTION OF NH-66,2025-12,2026-07,8,3765.0,100.0,
705728|mumbai-ahmedabad high speed rail project- 508 km,705728,,,PROJECT ID,,MUMBAI-AHMEDABAD HIGH SPEED RAIL PROJECT- 508 KM,2025-07,2026-07,26,90967.0,62.16,
705237|western dedicated freight corridor,705237,,,PROJECT ID,,WESTERN DEDICATED FREIGHT CORRIDOR,2025-07,2026-07,26,124623.0,96.0,
705429|rishikesh-karnaprayag new rail line- 125 km,705429,,,PROJECT ID,,RISHIKESH-KARNAPRAYAG NEW RAIL LINE- 125 KM,2025-07,2026-06,24,28828.0,77.5,
706780|mumbai urban transport project [mutp] phase-iiia,706780,,,PROJECT ID,,MUMBAI URBAN TRANSPORT PROJECT [MUTP] PHASE-IIIA,2025-07,2026-06,22,3854.0,25.0,
705941|bangalore suburban railway project,705941,,,PROJECT ID,,BANGALORE SUBURBAN RAILWAY PROJECT,2025-12,2026-07,8,3278.0,20.02,
400231|nlc talabira thermal power project,400231,,,PROJECT ID,,NLC TALABIRA THERMAL POWER PROJECT,2025-07,2026-07,13,3574.0,4.1,
400259|ghatampur thermal power plant 3 x 660 mw,400259,,,PROJECT ID,,GHATAMPUR THERMAL POWER PLANT 3 X 660 MW,2025-07,2026-04,10,21238.0,95.68,
604795|cbr 9 mmtpa project,604795,,,PROJECT ID,,CBR 9 MMTPA PROJECT,2025-07,2026-07,14,1615.0,10.2,
"619051|nabinagar super thermal power project, stage-ii [3x800 mw]",619051,,,PROJECT ID,,"NABINAGAR SUPER THERMAL POWER PROJECT, STAGE-II [3X800 MW]",2026-01,2026-07,7,3422.0,15.0,
619025|rajasthan part i power transmission limited,619025,,,PROJECT ID,,RAJASTHAN PART I POWER TRANSMISSION LIMITED,2026-01,2026-07,7,735.0,10.0,
615347|transmission system for evacuation of power from potential renewable energy zone in khavda area of gujarat under phase-v [8 gw] part a [spv name powergrid west central transmission limited],615347,,,PROJECT ID,,TRANSMISSION SYSTEM FOR EVACUATION OF POWER FROM POTENTIAL RENEWABLE ENERGY ZONE IN KHAVDA AREA OF GUJARAT UNDER PHASE-V [8 GW] PART A [SPV NAME POWERGRID WEST CENTRAL TRANSMISSION LIMITED],2025-07,2026-06,12,2978.0,18.11,
"618976|gadarwara super thermal power project, stage-ii [2x800 mw]",618976,,,PROJECT ID,,"GADARWARA SUPER THERMAL POWER PROJECT, STAGE-II [2X800 MW]",2026-01,2026-04,4,1721.0,7.5,
department for promotion of industry & internal trade|logistics infrastructure,Department for Promotion of Industry & Internal Trade,,,,,Logistics Infrastructure,2026-01,2026-07,7,430.0,,
department of higher education|education,Department of Higher Education,,,,,Education,2025-07,2026-07,13,8632.49,,
department of sports|education,Department of Sports,,,,,Education,2025-10,2026-07,10,577.32,,
department of telecommunications|telecommunication,Department of Telecommunications,,,,,Telecommunication,2025-07,2026-07,13,102879.15,,
"department of water resources, river development & gr|waste & water","Department of Water Resources, River Development & GR",,,,,Waste & Water,2025-07,2026-07,13,1658.37,,
ministry of civil aviation|aviation & aviation infrastructure,Ministry of Civil Aviation,,,,,Aviation & Aviation Infrastructure,2025-07,2026-07,13,11586.47,,
ministry of coal|coal,Ministry of Coal,,,,,Coal,2025-07,2026-07,13,51305.23,,
ministry of health & family welfare|healthcare,Ministry of Health & Family Welfare,,,,,Healthcare,2025-07,2026-07,13,10844.0,,
ministry of housing & urban affairs|construction,Ministry of Housing & Urban Affairs,,,,,Construction,2025-07,2026-07,13,188.69,,
ministry of labour and employment|healthcare,Ministry of Labour and Employment,,,,,Healthcare,2025-10,2026-07,10,1194.92,,
ministry of mines|construction,Ministry of Mines,,,,,Construction,2025-07,2026-07,13,98.94,,
ministry of petroleum & natural gas|energy storage,Ministry of Petroleum & Natural Gas,,,,,Energy Storage,2025-07,2026-07,13,23048.58,,
"ministry of ports, shipping and waterways|inland waterways","Ministry of Ports, Shipping and Waterways",,,,,Inland Waterways,2026-04,2026-07,4,4187.19,,
ministry of power|coal,Ministry of Power,,,,,Coal,2025-07,2026-07,13,1063.43,,
ministry of railways|railways,Ministry of Railways,,,,,Railways,2025-08,2026-07,12,459390.96,,
ministry of road transport & highways|roads & highways,Ministry of Road Transport & Highways,,,,,Roads & Highways,2025-12,2026-07,8,460544.81,,
ministry of steel|metals & mining,Ministry of Steel,,,,,Metals & Mining,2025-07,2026-07,13,292.01,,
offshore|ministry of petroleum & natural gas,Offshore,,,,,Ministry of Petroleum & Natural Gas,2025-07,2026-07,8,29330.8,18021.78,
andaman & nicobar|ministry of housing & urban affairs,Andaman & Nicobar,,,PAN India,,Ministry of Housing & Urban Affairs,2025-07,2026-07,13,230.0,37.35,
andhra pradesh|department for promotion of industry & internal trade,Andhra Pradesh,,,PAN India,PAN India,Department for Promotion of Industry & Internal Trade,2025-07,2026-07,13,7061.44,1379.93,
arunachal pradesh|department of higher education,Arunachal Pradesh,,,PAN India,PAN India,Department of Higher Education,2025-07,2026-07,13,592.61,551.3,
assam|department of higher education,Assam,,,PAN India,PAN India,Department of Higher Education,2025-07,2026-07,13,153.71,266.14,
bihar|department of higher education,Bihar,,,PAN India,PAN India,Department of Higher Education,2025-07,2026-06,12,499.21,449.96,
bihar|ministry of civil aviation,Bihar,,,,,Ministry of Civil Aviation,2025-12,2026-04,2,3541.56,1582.8,
chhattisgarh|department of higher education,Chhattisgarh,,,PAN India,,Department of Higher Education,2025-11,2026-07,9,1188.97,1.92,
dadra & nagar haveli and daman & diu|ministry of housing & urban affairs,Dadra & Nagar Haveli and Daman & Diu,,,,,Ministry of Housing & Urban Affairs,2025-07,2026-04,10,210.0,0.0,
delhi|department of higher education,Delhi,,,PAN India,PAN India,Department of Higher Education,2025-08,2026-07,12,709.42,367.95,
goa|ministry of civil aviation,Goa,,,,,Ministry of Civil Aviation,2025-07,2026-05,11,255.69,158.78,
gujarat|department of higher education,Gujarat,,,,,Department of Higher Education,2025-07,2026-07,13,490.63,342.26,
gujarat|ministry of civil aviation,Gujarat,,,,,Ministry of Civil Aviation,2026-04,2026-04,1,1914.1,984.7,
haryana|department for promotion of industry & internal trade,Haryana,,,PAN India,,Department for Promotion of Industry & Internal Trade,2026-01,2026-07,7,763.0,430.0,
himachal pradesh|department of higher education,Himachal Pradesh,,,PAN India,PAN India,Department of Higher Education,2025-07,2026-07,13,921.89,701.51,
jammu and kashmir|department of higher education,Jammu and Kashmir,,,PAN India,PAN India,Department of Higher Education,2025-07,2026-07,13,500.91,484.52,
jharkhand|department of telecommunications,Jharkhand,,,PAN India,PAN India,Department of Telecommunications,2025-07,2026-07,13,3937.81,1977.02,
jharkhand|ministry of petroleum & natural gas,Jharkhand,,,,,Ministry of Petroleum & Natural Gas,2025-12,2026-04,2,2010.07,700.94,
karnataka|department for promotion of industry & internal trade,Karnataka,,,PAN India,,Department for Promotion of Industry & Internal Trade,2025-07,2026-07,13,1701.81,337.56,
kerala|department for promotion of industry & internal trade,Kerala,,,PAN India,PAN India,Department for Promotion of Industry & Internal Trade,2026-04,2026-07,4,3805.0,57.93,
ladakh|ministry of civil aviation,Ladakh,,,PAN India,PAN India,Ministry of Civil Aviation,2026-03,2026-07,5,640.0,512.55,
madhya pradesh|department of higher education,Madhya Pradesh,,,PAN India,PAN India,Department of Higher Education,2025-07,2026-07,13,496.28,97.35,
madhya pradesh|ministry of power,Madhya Pradesh,,,,,Ministry of Power,2026-04,2026-04,1,20446.0,1721.18,
maharashtra|department of telecommunications,Maharashtra,,,PAN India,,Department of Telecommunications,2025-12,2026-07,8,3937.81,1977.02,
manipur|department of sports,Manipur,,,PAN India,PAN India,Department of Sports,2025-10,2026-07,10,611.74,577.32,
meghalaya|department of higher education,Meghalaya,,,PAN India,PAN India,Department of Higher Education,2025-07,2026-07,11,429.7,377.82,
mizoram|department of higher education,Mizoram,,,PAN India,PAN India,Department of Higher Education,2025-07,2026-07,13,474.23,167.55,
nagaland|department of higher education,Nagaland,,,PAN India,,Department of Higher Education,2025-07,2026-07,13,275.63,263.25,
odisha|department of higher education,Odisha,,,PAN India,PAN India,Department of Higher Education,2025-07,2026-07,13,1496.33,1029.25,
puducherry|department of higher education,Puducherry,,,,,Department of Higher Education,2025-07,2026-05,11,544.34,543.74,
punjab|department of higher education,Punjab,,,,,Department of Higher Education,2025-07,2026-05,11,559.3,380.26,
rajasthan|department of telecommunications,Rajasthan,,,,,Department of Telecommunications,2025-07,2026-07,11,228.94,152.96,
sikkim|department of higher education,Sikkim,,,,,Department of Higher Education,2025-07,2026-05,11,924.82,575.56,
sikkim|ministry of road transport & highways,Sikkim,,,,,Ministry of Road Transport & Highways,2026-04,2026-04,1,3287.17,95.3,
tamil nadu|ministry of civil aviation,Tamil Nadu,,,,,Ministry of Civil Aviation,2025-07,2026-05,11,1207.0,310.98,
telangana|department for promotion of industry & internal trade,Telangana,,,,,Department for Promotion of Industry & Internal Trade,2026-04,2026-05,2,2360.0,0.0,
tripura|ministry of petroleum & natural gas,Tripura,,,,,Ministry of Petroleum & Natural Gas,2025-07,2026-05,11,656.0,541.81,
uttar pradesh|department for promotion of industry & internal trade,Uttar Pradesh,,,,,Department for Promotion of Industry & Internal Trade,2026-04,2026-05,2,1480.0,0.0,
uttar pradesh|ministry of power,Uttar Pradesh,,,,,Ministry of Power,2026-03,2026-04,2,36697.8,4640.11,
uttarakhand|department of higher education,Uttarakhand,,,,,Department of Higher Education,2025-07,2026-05,11,650.85,347.26,
west bengal|department of higher education,West Bengal,,,,,Department of Higher Education,2025-07,2026-05,11,442.0,416.2,
upgradation of sewerage system in gandhinagar city 707267|gujarat,Upgradation of Sewerage system in Gandhinagar City 707267,ministry of housing and urban affairs,,Ministry of Housing & Urban Affairs,Waste & Water,Gujarat,2026-04,2026-04,1,200.0,100.0,
sewerage management scheme part-3 implementation 702735|haryana,Sewerage Management Scheme Part-3 Implementation 702735,Ministry of Housing & Urban Affairs,,Ministry of Housing & Urban Affairs,Waste & Water,Haryana,2026-04,2026-04,1,213.19,180.32,
24/7 water supply under amrut for davanagere 702764|karnataka,24/7 water supply under AMRUT for Davanagere 702764,Ministry of Housing & Urban Affairs,,Ministry of Housing & Urban Affairs,Waste & Water,Karnataka,2026-04,2026-04,1,174.96,171.6,
jabalpur sewerage management and treatment infrastructure project 702798|madhya pradesh,Jabalpur Sewerage Management and Treatment Infrastructure Project 702798,Ministry of Housing & Urban Affairs,,Ministry of Housing & Urban Affairs,Waste & Water,Madhya Pradesh,2026-04,2026-04,1,362.31,332.05,
"construction of 100 bedded esic hospital building and 32 nos residential quarters at vallam vadangal, sipcot, sriperumbudur 612178|tamil nadu","Construction of 100 Bedded ESIC Hospital building and 32 Nos Residential Quarters at Vallam Vadangal, SIPCOT, Sriperumbudur 612178",Employee's State Insurance Company [ESIC],,Ministry of Housing & Urban Affairs,Healthcare,Tamil Nadu,2026-04,2026-04,1,177.01,130.22,
transmission system for evacuation of power from potential renewable energy zone in khavda area of gujarat under phase iv [7 gw] part e3 612151|gujarat,Transmission System for Evacuation of Power from potential Renewable Energy zone in Khavda Area of Gujarat under Phase IV [7 GW] Part E3 612151,Power Grid Corporation of India Limited [POWERGRID],,Ministry of Housing & Urban Affairs,Transmission & Distribution,Gujarat,2026-04,2026-04,1,334.0,334.0,
transmission system for evacuation of power from rez in rajasthan 20gw under phase-iii part e1 611951|rajasthan,Transmission system for evacuation of power from REZ in Rajasthan 20GW under Phase-III Part E1 611951,Power Grid Corporation of India Limited [POWERGRID],,Ministry of Housing & Urban Affairs,Transmission & Distribution,Rajasthan,2026-04,2026-04,1,688.74,688.74,
pune - miraj-londa [467 kilometres] 705503|maharashtra,Pune - Miraj-Londa [467 Kilometres] 705503,Central Railway,,Ministry of Housing & Urban Affairs,Railways,Maharashtra,2026-04,2026-04,1,4872.52,4924.05,
"flyover at km.544.650 including rob, service roads ,footpath for rcc drains on urban link to nagpur -raipur road pardi octroi naka to itwari 618555|maharashtra","Flyover at Km.544.650 including ROB, Service Roads ,Footpath for RCC drains on urban link to Nagpur -Raipur road Pardi octroi Naka to Itwari 618555",National Highways Authority of India [NHAI],,Ministry of Housing & Urban Affairs,Roads & Highways,Maharashtra,2026-04,2026-04,1,758.4,316.23,
702668|chennai metro rail phase-ii development project,702668,,,PROJECT ID,,CHENNAI METRO RAIL PHASE-II DEVELOPMENT PROJECT,2025-07,2026-07,17,34698.0,55.73,
701386|gosikhurd project,701386,,,PROJECT ID,,GOSIKHURD PROJECT,2025-07,2026-07,11,14439.0,72.65,
701658|krishnapatnam node - phase 1 - roads and services development,701658,,,PROJECT ID,,KRISHNAPATNAM NODE - PHASE 1 - ROADS AND SERVICES DEVELOPMENT,2025-07,2026-03,9,754.0,36.17,
701167|aiims kashmir at awantipora jammu & kashmir,701167,,,PROJECT ID,,AIIMS KASHMIR AT AWANTIPORA JAMMU & KASHMIR,2025-08,2026-03,8,1545.0,75.0,
701657|tumakuru node - phase 1 - roads and services development,701657,,,PROJECT ID,,TUMAKURU NODE - PHASE 1 - ROADS AND SERVICES DEVELOPMENT,2025-08,2026-03,8,278.0,21.84,
701173|aiims majra rewari haryana,701173,,,PROJECT ID,,AIIMS MAJRA REWARI HARYANA,2025-08,2025-10,3,349.0,28.0,
400147|kusmunda oc expansion [15 to 50 mty],400147,,,PROJECT ID,,KUSMUNDA OC EXPANSION [15 TO 50 MTY],2025-07,2025-09,6,4698.0,81.0,
612838|dipka oc,612838,,,PROJECT ID,,DIPKA OC,2025-07,2025-09,3,3091.0,65.0,
705391|jiribam-imphal new line project,705391,,,PROJECT ID,,JIRIBAM-IMPHAL NEW LINE PROJECT,2025-08,2025-11,2,15782.0,72.0,
"400062|raghunathpur thermal power station phase ii [2x660 mw] at raghunathpur, purulia, west bengal",400062,,,PROJECT ID,,"RAGHUNATHPUR THERMAL POWER STATION PHASE II [2X660 MW] AT RAGHUNATHPUR, PURULIA, WEST BENGAL",2025-07,2025-12,6,1480.0,4.0,
"612142|singrauli super thermal power project, stage-iii [2x800 mw]",612142,,,PROJECT ID,,"SINGRAULI SUPER THERMAL POWER PROJECT, STAGE-III [2X800 MW]",2025-07,2025-11,5,2212.0,13.0,
400261|patratu thermal power station expansion project phase-i [3x800 mw],400261,,,PROJECT ID,,PATRATU THERMAL POWER STATION EXPANSION PROJECT PHASE-I [3X800 MW],2025-07,2025-12,6,18166.0,86.0,
702633|delhi-ghaziabad-meerut regional rapid transit system [rrts] corridor,702633,,,PROJECT ID,,DELHI-GHAZIABAD-MEERUT REGIONAL RAPID TRANSIT SYSTEM [RRTS] CORRIDOR,2025-08,2025-11,4,27061.0,96.0,
702635|construction of bangalore metro rail project phase 2.,702635,,,PROJECT ID,,CONSTRUCTION OF BANGALORE METRO RAIL PROJECT PHASE 2.,2025-08,2026-07,5,29835.0,95.8,
702632|dmrts phase - iv [3 priority corridors],702632,,,PROJECT ID,,DMRTS PHASE - IV [3 PRIORITY CORRIDORS],2025-08,2026-07,5,21421.0,83.46,
department for promotion of industry & internal trade|real estate,Department for Promotion of Industry & Internal Trade,,,,,Real Estate,2025-07,2025-12,6,752.38,,
"ministry of ports, shipping and waterways|healthcare","Ministry of Ports, Shipping and Waterways",,,,,Healthcare,2025-07,2026-03,9,58.0,,
"bihar|ministry of ports, shipping and waterways",Bihar,,,,,"Ministry of Ports, Shipping and Waterways",2025-08,2025-08,1,5061.15,3510.72,
chhattisgarh|department of telecommunications,Chhattisgarh,,,,,Department of Telecommunications,2025-07,2025-10,4,7147.17,1835.88,
gujarat|ministry of railways,Gujarat,,,,,Ministry of Railways,2025-08,2025-08,1,262112.0,216423.66,
haryana|ministry of health & family welfare,Haryana,,,,,Ministry of Health & Family Welfare,2025-07,2025-12,6,1646.43,479.98,
karnataka|ministry of power,Karnataka,,,,,Ministry of Power,2025-08,2025-08,1,15682.0,2815.76,
kerala|department of higher education,Kerala,,,,,Department of Higher Education,2025-07,2026-03,9,2744.4,682.26,
ladakh|department of telecommunications,Ladakh,,,,,Department of Telecommunications,2025-07,2026-02,8,301.13,241.23,
maharashtra|department of higher education,Maharashtra,,,,,Department of Higher Education,2025-07,2025-11,5,182.33,158.23,
"manipur|department of water resources, river development & gr",Manipur,,,,,"Department of Water Resources, River Development & GR",2025-07,2025-09,3,1822.24,1837.91,
rajasthan|ministry of railways,Rajasthan,,,,,Ministry of Railways,2025-08,2025-08,1,162169.0,139520.05,
telangana|department of higher education,Telangana,,,,,Department of Higher Education,2025-07,2026-03,9,262.0,210.23,
uttar pradesh|department of higher education,Uttar Pradesh,,,,,Department of Higher Education,2025-07,2026-03,9,246.0,207.02,
uttar pradesh|ministry of railways,Uttar Pradesh,,,,,Ministry of Railways,2025-08,2025-08,1,169871.0,148169.27,
616253|block e ocp,616253,,,PROJECT ID,,BLOCK E OCP,2025-10,2025-12,3,20.0,3.0,
"618373|construction of 4-lane bridge including approaches over river brahmaputra between dhubri on north bank,assam and phulbari on south bank,meghalaya on nh-127b under jica oda loan assistance phase- iii",618373,,,PROJECT ID,,"CONSTRUCTION OF 4-LANE BRIDGE INCLUDING APPROACHES OVER RIVER BRAHMAPUTRA BETWEEN DHUBRI ON NORTH BANK,ASSAM AND PHULBARI ON SOUTH BANK,MEGHALAYA ON NH-127B UNDER JICA ODA LOAN ASSISTANCE PHASE- III",2025-12,2025-12,1,,67.0,
618602|6l of thalikulam to kodugallur section from km 369.015 to km 397.850 of nh - 66 old nh-17,618602,,,PROJECT ID,,6L OF THALIKULAM TO KODUGALLUR SECTION FROM KM 369.015 TO KM 397.850 OF NH - 66 OLD NH-17,2025-12,2025-12,1,618.0,80.0,
"618976|gadarwara super thermal power project, stage-ii [3x800 mw]",618976,,,PROJECT ID,,"GADARWARA SUPER THERMAL POWER PROJECT, STAGE-II [3X800 MW]",2025-12,2025-12,1,1146.0,4.0,
gujarat|ministry of health & family welfare,Gujarat,,,,,Ministry of Health & Family Welfare,2025-12,2025-12,1,1195.0,774.6,
madhya pradesh|ministry of railways,Madhya Pradesh,,,,,Ministry of Railways,2025-12,2026-05,2,69626.6,55645.1,
"odisha|department of water resources, river development & gr",Odisha,,,,,"Department of Water Resources, River Development & GR",2025-12,2025-12,1,5291.33,5427.87,
tamil nadu|ministry of housing & urban affairs,Tamil Nadu,,,,,Ministry of Housing & Urban Affairs,2025-12,2025-12,1,63246.0,30211.38,
uttarakhand|ministry of housing & urban affairs,Uttarakhand,,,,,Ministry of Housing & Urban Affairs,2025-12,2025-12,1,150.97,18.95,
"additional infrastructure at iisc bangalore-rcc monolithic for men hostel s14, women hostel s11 , postdoctoral hostel s12 2 block , international hostel s 12 , d&e block s 12 2 block fr. 610940|karnataka","Additional Infrastructure at IISc Bangalore-RCC Monolithic for Men Hostel S14, Women Hostel S11 , Postdoctoral Hostel S12 2 Block , International Hostel S 12 , D&E Block S 12 2 Block FR. 610940",IISC Bangalore,,Department of Higher Education,Education,Karnataka,2025-12,2025-12,1,420.41,367.92,
hostel 4 -earlier known as hostel 20 612135|maharashtra,Hostel 4 -Earlier Known as Hostel 20 612135,"Indian Institute of Technology, Bombay",,Department of Higher Education,Education,Maharashtra,2025-12,2025-12,1,182.33,178.17,
optical transport network [otn] ph-4 in bsnl 709858|pan india,OPTICAL TRANSPORT NETWORK [OTN] PH-4 IN BSNL 709858,BSNL,,Department of Higher Education,Telecommunication,PAN India,2025-12,2025-12,1,810.99,786.86,
"construction of new terminal building, second link taxi track, apron expansion, and associated works at prayagraj airport- on design & build basis. 612063|uttar pradesh","Construction of New Terminal Building, Second Link Taxi Track, Apron Expansion, and associated works at Prayagraj Airport- On Design & Build Basis. 612063",Airport Authority of India [AAI],,Department of Higher Education,Aviation & Aviation Infrastructure,Uttar Pradesh,2025-12,2025-12,1,274.38,215.51,
chhal oc seam iii [6 mty] 400145|chhattisgarh,CHHAL OC SEAM III [6 MTY] 400145,South Eastern Coalfields Limited [SECL],,Department of Higher Education,Coal,Chhattisgarh,2025-12,2025-12,1,610.63,583.26,
nagpur water supply infrastructure project 702842|maharashtra,Nagpur Water Supply Infrastructure Project 702842,Ministry of Housing & Urban Affairs,,Department of Higher Education,Waste & Water,Maharashtra,2025-12,2025-12,1,271.86,267.57,
construction of 100 bedded esic hospital & 32 nos. of staff qtrs at ompura j&k. 612239|jammu and kashmir,Construction of 100 bedded ESIC Hospital & 32 nos. of Staff qtrs at OMPURA J&K. 612239,Employee's State Insurance Company [ESIC],,Department of Higher Education,Healthcare,Jammu and Kashmir,2025-12,2025-12,1,164.93,162.05,
debottlenecking and augmentation of cryogenic facilities at uran lpg import terminal 400158|maharashtra,Debottlenecking and Augmentation of Cryogenic facilities at Uran LPG Import Terminal 400158,"Department of Water Resources, River Development & GR",,Department of Higher Education,Oil & Gas,Maharashtra,2025-12,2025-12,1,1629.86,1048.74,
construction of lube oil blending plant at rasayani 610985|maharashtra,Construction of lube oil blending plant at Rasayani 610985,Ministry of Petroleum & Natural Gas,,Department of Higher Education,Oil & Gas,Maharashtra,2025-12,2025-12,1,526.26,333.48,
bikaner solar power project 709748|rajasthan,BIKANER SOLAR POWER PROJECT 709748,Satluj Jal Vidyut Nigam [SJVN] Thermal Limited,,Department of Higher Education,Electricity Generation,Rajasthan,2025-12,2025-12,1,5491.89,5523.11,
khurja super thermal power plant [2x660 mw] 602194|uttar pradesh,Khurja super Thermal Power Plant [2X660 MW] 602194,THDC India Limited,,Department of Higher Education,Electricity Generation,Uttar Pradesh,2025-12,2025-12,1,13276.2,12888.23,
transmission system strengthening scheme for evacuation of power from solar energy zones in rajasthan[8.1 gw] under phase-ii- part e 611659|rajasthan,Transmission system strengthening scheme for evacuation of power from solar energy zones in Rajasthan[8.1 GW] under phase-II- Part E 611659,Power Grid Corporation of India Limited [POWERGRID],,Department of Higher Education,Transmission & Distribution,Rajasthan,2025-12,2025-12,1,1433.0,1433.0,
adraj moti vijapur 40 kms 611937|gujarat,Adraj Moti Vijapur 40 Kms 611937,Western Railway (WR) - II,,Department of Higher Education,Railways,Gujarat,2025-12,2025-12,1,417.53,513.61,
western region video surveillance project 705300|pan india,Western Region Video Surveillance Project 705300,RCIL,,Department of Higher Education,Railways,PAN India,2025-12,2025-12,1,227.59,0.0,
"phephna-indara, mau-shahganj doubling excluding indara-mau 705779|uttar pradesh","Phephna-Indara, Mau-Shahganj doubling excluding Indara-Mau 705779",RVNL - I,,Department of Higher Education,Railways,Uttar Pradesh,2025-12,2025-12,1,2215.0,2217.85,
janghai-phaphamau doubling rail line project 705784|uttar pradesh,Janghai-Phaphamau Doubling Rail Line Project 705784,RVNL,,,,Uttar Pradesh,2025-12,2025-12,1,978.77,844.84,
installation of 4th slab caster along with its auxiliaries and a new ladle furnace in sms-ii at rourkela steel plant 400065|odisha,Installation of 4th Slab Caster along with its Auxiliaries and a New Ladle Furnace in SMS-II at Rourkela Steel Plant 400065,Steel Authority of India Limited [SAIL],,Ministry of Steel,Steel,Odisha,2025-12,2025-12,1,1105.23,809.53,
"618914|4l elevated corridor and at-grade improvements from design ch0000 to design ch 19870 of danapur bihta section, design ch0000 to design ch0231 connecting the existing rob near danapur station ,1.35 km ramps and at- grade improvements to 4-lane section on danapur side and upgradation of existing two lane carriageway to four lane carriageway from design ch19870 to design ch23500 of bihta - koilwar section",618914,,,PROJECT ID,,"4L ELEVATED CORRIDOR AND AT-GRADE IMPROVEMENTS FROM DESIGN CH0000 TO DESIGN CH 19870 OF DANAPUR BIHTA SECTION, DESIGN CH0000 TO DESIGN CH0231 CONNECTING THE EXISTING ROB NEAR DANAPUR STATION ,1.35 KM RAMPS AND AT- GRADE IMPROVEMENTS TO 4-LANE SECTION ON DANAPUR SIDE AND UPGRADATION OF EXISTING TWO LANE CARRIAGEWAY TO FOUR LANE CARRIAGEWAY FROM DESIGN CH19870 TO DESIGN CH23500 OF BIHTA - KOILWAR SECTION",2026-02,2026-02,1,1227.0,49.0,
"bihar|department of water resources, river development & gr",Bihar,,,,,"Department of Water Resources, River Development & GR",2026-01,2026-07,4,2430.76,345.94,
"jharkhand|department of water resources, river development & gr",Jharkhand,,,,,"Department of Water Resources, River Development & GR",2026-02,2026-02,1,12010.3,6061.1,
madhya pradesh|ministry of health & family welfare,Madhya Pradesh,,,,,Ministry of Health & Family Welfare,2026-02,2026-02,1,650.0,233.41,
meghalaya|department of telecommunications,Meghalaya,,,,,Department of Telecommunications,2026-01,2026-02,2,971.96,224.6,
sikkim|ministry of civil aviation,Sikkim,,,,,Ministry of Civil Aviation,2026-02,2026-02,1,323.26,68.04,
uttar pradesh|ministry of housing & urban affairs,Uttar Pradesh,,,,,Ministry of Housing & Urban Affairs,2025-09,2026-02,2,561.74,485.91,
jaunpur sewerage management infrastructure project 702948|uttar pradesh,Jaunpur Sewerage Management Infrastructure Project 702948,Ministry of Housing & Urban Affairs,,Ministry of Housing & Urban Affairs,Waste & Water,Uttar Pradesh,2026-02,2026-02,1,231.62,231.62,
replacement and extension of jetty pipelines [rejp] at kr 709790|kerala,Replacement and Extension of Jetty Pipelines [REJP] at KR 709790,Bharat Petroleum Corporation Limited [BPCL],,Ministry of Housing & Urban Affairs,Oil & Gas,Kerala,2026-02,2026-02,1,372.0,220.0,
installation of independent de- aromatized solvents [das] production facilities at mr 709789|maharashtra,Installation of Independent De- Aromatized Solvents [DAS] production facilities at MR 709789,Bharat Petroleum Corporation Limited [BPCL],,Ministry of Housing & Urban Affairs,Oil & Gas,Maharashtra,2026-02,2026-02,1,343.0,254.56,
"pp project, pata 400161|uttar pradesh","PP Project, Pata 400161",Gas Authority of India Limited [GAIL],,Ministry of Housing & Urban Affairs,Oil & Gas,Uttar Pradesh,2026-02,2026-02,1,1299.02,1082.0,
transmission system for evacuation of power from rez in rajasthan 20 gw under phase-iii part b1 611950|rajasthan,Transmission system for evacuation of power from REZ in Rajasthan 20 GW under Phase-III part B1 611950,Power Grid Corporation of India Limited [POWERGRID],,Ministry of Housing & Urban Affairs,Transmission & Distribution,Rajasthan,2026-02,2026-02,1,2190.54,2190.54,
penukonda - dharmavaram doubling project [41.5 km] 705789|andhra pradesh,Penukonda - Dharmavaram Doubling Project [41.5 Km] 705789,South Western Railway [SWR] - II,,Ministry of Housing & Urban Affairs,Railways,Andhra Pradesh,2026-02,2026-02,1,307.66,311.28,
quadrupling between gandhidham adipur with y connection at adipur for providing direct entry towards mundra port and bhuj and high level platform at gopalpur 11kms 611944|gujarat,Quadrupling between Gandhidham Adipur with Y connection at Adipur for providing direct entry towards Mundra Port and Bhuj and high level platform at Gopalpur 11Kms 611944,Western Railway [WR] - II,,Ministry of Housing & Urban Affairs,Railways,Gujarat,2026-02,2026-02,1,152.44,120.36,
"trivandrum- kanyakumari 705635|multi-states (kerala, tamil nadu)",Trivandrum- Kanyakumari 705635,Southern Railway [SR] - I,,Ministry of Housing & Urban Affairs,Railways,"Multi-States (Kerala, Tamil Nadu)",2026-02,2026-02,1,3785.45,2882.55,
construction of 2-laning with hard shoulders of hayuliang hawai bypass road on epc basis from design km. 51.825 to km. 63.131 existing km 45.050 of hayulianghawai road to hawai town under sardp-ne -balance work pkg - iv 618424|arunachal pradesh,Construction of 2-Laning with hard shoulders of Hayuliang Hawai bypass Road on EPC basis from design Km. 51.825 to Km. 63.131 Existing Km 45.050 of HayuliangHawai road to Hawai Town under SARDP-NE -Balance work Pkg - IV 618424,NHIDCL,,Ministry of Housing & Urban Affairs,Roads & Highways,Arunachal Pradesh,2026-02,2026-02,1,216.76,0.0,
gujarat|department of telecommunications,Gujarat,,,,,Department of Telecommunications,2026-01,2026-01,1,301.13,241.21,
jharkhand|ministry of coal,Jharkhand,,,,,Ministry of Coal,2026-01,2026-07,2,2564.34,1784.77,
madhya pradesh|ministry of housing & urban affairs,Madhya Pradesh,,,,,Ministry of Housing & Urban Affairs,2026-01,2026-01,1,14442.2,8496.09,
nagaland|ministry of petroleum & natural gas,Nagaland,,,,,Ministry of Petroleum & Natural Gas,2026-01,2026-01,1,9492.62,6695.08,
sikkim|ministry of petroleum & natural gas,Sikkim,,,,,Ministry of Petroleum & Natural Gas,2026-01,2026-01,1,9265.0,6678.0,
uttar pradesh|ministry of petroleum & natural gas,Uttar Pradesh,,,,,Ministry of Petroleum & Natural Gas,2026-01,2026-05,2,17302.1,970.81,
"setting up a common user petroleum terminal at jammu, j&k for resitement of existing psu omc's depots from jammu city 400235|jammu and kashmir","Setting up a common user Petroleum Terminal at Jammu, J&K for resitement of existing PSU OMC's Depots from Jammu City 400235",Bharat Petroleum Corporation Limited [BPCL],,Ministry of Petroleum & Natural Gas,Energy Storage,Jammu and Kashmir,2026-01,2026-01,1,715.89,587.36,
transmission scheme for evacuation of 4.5gw re injection at khavda ps under phase ii- part c 611657|gujarat,Transmission scheme for evacuation of 4.5GW RE injection at Khavda PS under Phase II- Part C 611657,Power Grid Corporation of India Limited [POWERGRID],,Ministry of Petroleum & Natural Gas,Transmission & Distribution,Gujarat,2026-01,2026-01,1,2820.99,2820.99,
"third railway line between patratu-sonnagar [291 kms] 400234|multi-states (bihar, jharkhand)",Third Railway Line between Patratu-Sonnagar [291 kms] 400234,RVNL - II,,Ministry of Petroleum & Natural Gas,Railways,"Multi-States (Bihar, Jharkhand)",2026-01,2026-01,1,8975.0,5690.22,
702540|in-situ slum redevelopment project in gujarat,702540,,,PROJECT ID,,IN-SITU SLUM REDEVELOPMENT PROJECT IN GUJARAT,2025-07,2025-07,1,3036.0,0.0,
400429|exhibition cum convention centre dwarka [phase i],400429,,,PROJECT ID,,EXHIBITION CUM CONVENTION CENTRE DWARKA [PHASE I],2025-07,2025-07,1,4470.0,97.4,
702524|affordable housing construction project in chhattisgarh,702524,,,PROJECT ID,,AFFORDABLE HOUSING CONSTRUCTION PROJECT IN CHHATTISGARH,2025-07,2025-07,1,2694.0,0.0,
400185|gopalji kaniha ocp [10 to 30 mty],400185,,,PROJECT ID,,GOPALJI KANIHA OCP [10 TO 30 MTY],2025-07,2025-07,2,1694.0,17.0,
705428|bhanupalli-bilaspur-beri new railway line project,705428,,,PROJECT ID,,BHANUPALLI-BILASPUR-BERI NEW RAILWAY LINE PROJECT,2025-07,2025-07,1,6391.0,59.0,
ministry of railways|inland waterways,Ministry of Railways,,,,,Inland Waterways,2025-07,2025-07,1,2178.18,,
bihar|ministry of power,Bihar,,,,,Ministry of Power,2025-07,2025-07,1,751.63,0.4,
chandigarh|ministry of housing & urban affairs,Chandigarh,,,,,Ministry of Housing & Urban Affairs,2025-07,2025-07,1,285.85,127.58,
delhi|department for promotion of industry & internal trade,Delhi,,,,,Department for Promotion of Industry & Internal Trade,2025-07,2025-07,1,5401.0,4470.0,
"gujarat|ministry of ports, shipping and waterways",Gujarat,,,,,"Ministry of Ports, Shipping and Waterways",2025-07,2025-10,3,4681.1,1104.03,
karnataka|ministry of petroleum & natural gas,Karnataka,,,,,Ministry of Petroleum & Natural Gas,2025-07,2025-07,1,2586.0,1387.55,
manipur|ministry of power,Manipur,,,,,Ministry of Power,2025-07,2025-07,1,6700.0,5253.47,
rajasthan|ministry of petroleum & natural gas,Rajasthan,,,,,Ministry of Petroleum & Natural Gas,2025-07,2025-07,1,10599.0,6638.82,
"uttar pradesh|ministry of ports, shipping and waterways",Uttar Pradesh,,,,,"Ministry of Ports, Shipping and Waterways",2025-07,2025-07,1,5061.15,3432.34,
"298178|meja thermal power project, stage-ii , (3x800 mw)",298178,,,PROJECT ID,,"MEJA THERMAL POWER PROJECT, STAGE-II , (3X800 MW)",2026-07,2026-07,2,1003.0,0.02,
547243|bharatnet phase-ii,547243,,,PROJECT ID,,BHARATNET PHASE-II,2026-07,2026-07,1,20692.0,93.33,
705391|jiribam-imphal 110 km,705391,,,PROJECT ID,,JIRIBAM-IMPHAL 110 KM,2026-07,2026-07,1,16932.0,78.0,
616699|multi tracking of son nagar-andal 374.53 rkm & 814.38 tkm pb34/ecor/2023- 24,616699,,,PROJECT ID,,MULTI TRACKING OF SON NAGAR-ANDAL 374.53 RKM & 814.38 TKM PB34/ECOR/2023- 24,2026-07,2026-07,1,1153.0,3.0,
701329|petrochemical and lube integration project at gujarat refinery,701329,,,PROJECT ID,,PETROCHEMICAL AND LUBE INTEGRATION PROJECT AT GUJARAT REFINERY,2026-06,2026-07,2,13901.0,89.6,
"619341|telangana super thermal power project , stage-ii [3 x 800 mw]",619341,,,PROJECT ID,,"TELANGANA SUPER THERMAL POWER PROJECT , STAGE-II [3 X 800 MW]",2026-05,2026-07,3,733.0,0.97,
bihar|department for promotion of industry & internal trade,Bihar,,,PAN India,PAN India,Department for Promotion of Industry & Internal Trade,2026-07,2026-07,1,1339.02,0.0,
pan india|department of telecommunications,PAN India,,,Tripura,Uttarakhand,Department of Telecommunications,2026-06,2026-07,26,52595.5,78855.54,
dadra & nagar haveli and daman & diu|ministry of railways,Dadra & Nagar Haveli and Daman & Diu,,,PAN India,PAN India,Ministry of Railways,2026-05,2026-07,3,108000.0,90966.89,
goa|ministry of railways,Goa,,,PAN India,PAN India,Ministry of Railways,2026-06,2026-07,2,1892.0,0.0,
"madhya pradesh|department of water resources, river development & gr",Madhya Pradesh,,,,,"Department of Water Resources, River Development & GR",2026-07,2026-07,1,23323.0,11615.84,
mizoram|ministry of power,Mizoram,,,,,Ministry of Power,2026-07,2026-07,1,6700.0,5577.75,
west bengal|ministry of road transport & highways,West Bengal,,,,,Ministry of Road Transport & Highways,2026-07,2026-07,1,14244.7,8011.03,
rajiv bhima lift irrigation scheme 701406|telangana,Rajiv Bhima Lift Irrigation Scheme 701406,Irrigation and CAD-TG,,"Department of Water Resources, River Development & GR",Water Resources,Telangana,2026-07,2026-07,1,2509.66,1839.76,
pune water supply infrastructure project 702851|maharashtra,Pune Water Supply Infrastructure Project 702851,Ministry of Housing & Urban Affairs,,"Department of Water Resources, River Development & GR",Waste & Water,Maharashtra,2026-07,2026-07,1,235.95,220.77,
srikakulam angul gas pipeline project 701343|odisha,Srikakulam Angul Gas Pipeline Project 701343,Gas Authority of India Limited [GAIL],,"Department of Water Resources, River Development & GR",Energy Storage,Odisha,2026-07,2026-07,1,2810.0,2315.2,
new mundra panipat crude oil pipeline 400078|rajasthan,New Mundra Panipat Crude Oil Pipeline 400078,Indian Oil Corporation Limited [IOCL],,"Department of Water Resources, River Development & GR",Energy Storage,Rajasthan,2026-07,2026-07,1,9028.0,7554.56,
transmission system for evacuation of power from potential re zone in khavda area of gujarat under phase iv 7gw-part e4 611966|maharashtra,Transmission System for Evacuation of power from Potential RE Zone in Khavda Area of Gujarat under phase IV 7GW-Part E4 611966,Power Grid Corporation of India Limited [POWERGRID],,"Department of Water Resources, River Development & GR",Transmission & Distribution,Maharashtra,2026-07,2026-07,1,224.41,224.41,
tadipatri bypass km 0000 to km 6285 of 4-lane on nh-67 in anantapuramu district of ap state under nho on epc mode under annual plan 2022-23 617949|andhra pradesh,Tadipatri Bypass Km 0000 to Km 6285 of 4-Lane on NH-67 in Anantapuramu district of AP state under NHO on EPC Mode under Annual Plan 2022-23 617949,MoRTH,,"Department of Water Resources, River Development & GR",Roads & Highways,Andhra Pradesh,2026-07,2026-07,1,159.66,75.74,
rehabilitation and upgrading of nh-707 old 72-b package - 2 hewna to ashyari 618051|himachal pradesh,Rehabilitation and Upgrading of NH-707 OLD 72-B Package - 2 Hewna to Ashyari 618051,MoRTH,,"Department of Water Resources, River Development & GR",Roads & Highways,Himachal Pradesh,2026-07,2026-07,1,220.95,145.49,
upgradation of dindori-sagartola-kabichabutra mp-cg border section of nh -45 from km 000design to km 77.00 design to two lane with paved shoulder configration along with one time improvement in 04 nos. of bypaased built-up areas in a total length of 9.1 km in the state of madhya pradesh on epc mode. 617915|madhya pradesh,Upgradation of Dindori-Sagartola-kabichabutra MP-CG border section of NH -45 from km 000Design to km 77.00 Design to Two lane with paved shoulder configration along with one time improvement in 04 nos. of bypaased built-up areas in a total length of 9.1 km in the state of Madhya Pradesh on EPC mode. 617915,MoRTH,,"Department of Water Resources, River Development & GR",Roads & Highways,Madhya Pradesh,2026-07,2026-07,1,319.09,204.39,
upgradatiobn and rehabilitation of section of nh 361 f from parli 00/000 to gangakhed 30/400 to two lanes with paved shoulder / four lane configurations on epc mode in the state of maharashtra. 618136|maharashtra,Upgradatiobn and Rehabilitation of Section of NH 361 F from Parli 00/000 to Gangakhed 30/400 to Two Lanes with paved shoulder / Four lane configurations on EPC mode in the State of Maharashtra. 618136,MoRTH,,"Department of Water Resources, River Development & GR",Roads & Highways,Maharashtra,2026-07,2026-07,1,224.44,268.45,
rehabilitation and upgradation of satana to mangrul chandwad section of nh752 g design ch km 64.000 to ch km 101.140 two lane with paved shoulder/four lane configuration in the state of maharashtra on epc mode. 618175|maharashtra,Rehabilitation and Upgradation of Satana to Mangrul Chandwad Section of NH752 G Design Ch Km 64.000 to Ch Km 101.140 two lane with paved shoulder/four lane configuration in the state of Maharashtra on EPC mode. 618175,MoRTH,,"Department of Water Resources, River Development & GR",Roads & Highways,Maharashtra,2026-07,2026-07,1,428.8,184.63,
beawer gomti 4lps from km 58.245 to km 108.600 pkg-i 617887|rajasthan,Beawer Gomti 4LPS from km 58.245 to km 108.600 Pkg-I 617887,MoRTH,,"Department of Water Resources, River Development & GR",Roads & Highways,Rajasthan,2026-07,2026-07,1,379.23,206.48,
widening to two with paved shoulders from km 59.500 to km 132.033 of manneguda- ravunapally section of nh-163 erstwhile sh-4 in the state of telangana on epc mode under nh o annual plan 2016-17 617981|telangana,Widening to Two with Paved shoulders from Km 59.500 to Km 132.033 of Manneguda- Ravunapally section of NH-163 Erstwhile SH-4 in the State of Telangana on EPC mode under NH O Annual Plan 2016-17 617981,MoRTH,,"Department of Water Resources, River Development & GR",Roads & Highways,Telangana,2026-07,2026-07,1,359.0,724.23,
widening and strengthening of existing 2-lane to 2- lane with paved shoulders from km 159/0 to 165/4 and 186/0 to 215/0 of nh-163 on epc mode int the state of telangana 617982|telangana,Widening and strengthening of existing 2-lane to 2- lane with paved shoulders from km 159/0 to 165/4 and 186/0 to 215/0 of NH-163 on EPC mode int the state of Telangana 617982,MoRTH,,"Department of Water Resources, River Development & GR",Roads & Highways,Telangana,2026-07,2026-07,1,230.03,383.3,
rehabilitation and upgradation of nh-167 from design km 157.707 to 187.723 design length 30.016 km to two lane with paved shoulders of alinagar- miryalaguda sec on epc mode in the state of telangana 617993|telangana,Rehabilitation and upgradation of NH-167 from design km 157.707 to 187.723 design length 30.016 km to two lane with paved shoulders of Alinagar- Miryalaguda Sec on EPC mode in the state of Telangana 617993,MoRTH,,"Department of Water Resources, River Development & GR",Roads & Highways,Telangana,2026-07,2026-07,1,220.28,223.79,
khammam-devarapalle pkg v [4l access controlled greenfield from gurvaygudem village to devarapalle village design chainage 132664 to 162126 618749|andhra pradesh,Khammam-Devarapalle Pkg V [4L Access Controlled Greenfield from Gurvaygudem village to Devarapalle village Design Chainage 132664 to 162126 618749,NHAI,,"Department of Water Resources, River Development & GR",Roads & Highways,Andhra Pradesh,2026-07,2026-07,1,926.48,591.01,
delhi-vadodara greenfield alignment nh-148n pkg-28 ch.756052 to ch.781282 618460|gujarat,Delhi-Vadodara Greenfield Alignment NH-148N Pkg-28 Ch.756052 to Ch.781282 618460,NHAI,,"Department of Water Resources, River Development & GR",Roads & Highways,Gujarat,2026-07,2026-07,1,1266.98,935.5,
kodinar - veraval package vi from km. 221.610 to km. 263.00 of nh-8e & km. 120.900 to km. 121.150 of nh-8d 618833|gujarat,Kodinar - Veraval Package VI from km. 221.610 to km. 263.00 of NH-8E & km. 120.900 to km. 121.150 of NH-8D 618833,NHAI,,"Department of Water Resources, River Development & GR",Roads & Highways,Gujarat,2026-07,2026-07,1,1127.42,730.06,
kagvadar - una package-iv 619146|gujarat,Kagvadar - Una Package-IV 619146,NHAI,,"Department of Water Resources, River Development & GR",Roads & Highways,Gujarat,2026-07,2026-07,1,955.78,833.13,
"dwarka expressway pkg-iii delhi/hr border to start of rob gurugram 618577|multi-states (delhi, haryana)",Dwarka Expressway Pkg-III Delhi/HR Border to Start of RoB Gurugram 618577,NHAI,,"Department of Water Resources, River Development & GR",Roads & Highways,"Multi-States (Delhi, Haryana)",2026-07,2026-07,1,2298.37,1775.04,
"4l poanta sahebmednipur from km. 435.65 to km. 458.65 of nh-07pkg-1 619291|multi-states (uttarakhand, himachal pradesh)",4L Poanta SahebMednipur from Km. 435.65 to km. 458.65 of NH-07Pkg-1 619291,NHAI,,,,"Multi-States (Uttarakhand, Himachal Pradesh)",2026-07,2026-07,1,657.32,321.15,
4l of padalur - trichy section from km. 285.00 to km. 325.00 of nh - 45 pkg vi-c 619113|tamil nadu,4L of Padalur - Trichy section from km. 285.00 to km. 325.00 of NH - 45 Pkg VI-C 619113,NHAI,,,,Tamil Nadu,2026-07,2026-07,1,235.8,235.51,
aligarh-kanpur pkg i [aligarh-bhadwas] 618692|uttar pradesh,Aligarh-Kanpur Pkg I [Aligarh-Bhadwas] 618692,NHAI,,,,Uttar Pradesh,2026-07,2026-07,1,2069.6,1359.15,
construction of balance work of 2-lane with ps of joram-koloriang road nh- 713 on epc basis from design km 44.989 to km 61.547 existing km 50.050 to km 70.000 in the state of arunachal pradesh under sardp-ne pkg-3 618432|arunachal pradesh,Construction of Balance work of 2-Lane with PS of Joram-Koloriang Road NH- 713 on EPC basis from Design Km 44.989 to Km 61.547 Existing Km 50.050 to Km 70.000 in the state of Arunachal Pradesh under SARDP-NE Pkg-3 618432,NHIDCL,,,,Arunachal Pradesh,2026-07,2026-07,1,228.72,205.68,
rehabilitation and upgradation to 2 lane with paved shoulder of economic corridor of nh-6 from design chaiange km 0.000 to km 13.510 package-1 in the state of mizoram under bharatmala pariyojana on epc mode 618342|mizoram,Rehabilitation and upgradation to 2 Lane with Paved shoulder of Economic corridor of NH-6 from Design chaiange Km 0.000 to Km 13.510 Package-1 in the state of Mizoram under Bharatmala Pariyojana on EPC mode 618342,NHIDCL,,,,Mizoram,2026-07,2026-07,1,206.9,214.51,
"rehabilitation and up gradation to 2-lane with paved shoulder of keifang section economic corridor of nh-06 from existing chainage km 30050 keifang to km 50360 keifang, design chainage km 27400 to km 45040 pkgiii in the state of mizoram under bharatmala pariyojna on epc mode seling-dulte - iii 618343|mizoram","Rehabilitation and Up gradation to 2-lane with paved shoulder of Keifang Section Economic Corridor of NH-06 from Existing Chainage Km 30050 Keifang to Km 50360 Keifang, Design Chainage Km 27400 to Km 45040 PkgIII in the State of Mizoram under Bharatmala Pariyojna on EPC Mode Seling-Dulte - III 618343",NHIDCL,,,,Mizoram,2026-07,2026-07,1,292.23,298.93,
222253|amended bharatnet program - up (east),222253,,,PROJECT ID,,AMENDED BHARATNET PROGRAM - UP (EAST),2026-06,2026-06,1,502.0,0.0,
bihar|department of telecommunications,Bihar,,,,,Department of Telecommunications,2026-06,2026-06,1,2718.14,1010.67,
jammu and kashmir|ministry of power,Jammu and Kashmir,,,,,Ministry of Power,2026-06,2026-06,1,218.6,3.72,
puducherry|ministry of railways,Puducherry,,,,,Ministry of Railways,2026-06,2026-06,1,981.0,645.24,
uttarakhand|ministry of road transport & highways,Uttarakhand,,,,,Ministry of Road Transport & Highways,2026-06,2026-06,1,20991.8,7857.04,
goa airport terminal building extension project 701105|goa,Goa Airport Terminal Building Extension Project 701105,Airport Authority of India [AAI],,Ministry of Civil Aviation,Aviation & Aviation Infrastructure,Goa,2026-06,2026-06,1,255.69,161.06,
rajasthan refinery project 701263|rajasthan,Rajasthan Refinery Project 701263,MinistryofPetroleumNaturalGas,,Ministry of Civil Aviation,Energy Storage,Rajasthan,2026-06,2026-06,1,79459.0,70293.57,
"grass root rail-fed depot at sekerkote, agartala as resitement of existing dharmanagar depot 400035|tripura","Grass Root Rail-fed Depot at Sekerkote, Agartala as resitement of existing Dharmanagar Depot 400035",Indian Oil Corporation Limited [IOCL],,Ministry of Civil Aviation,Energy Storage,Tripura,2026-06,2026-06,1,656.0,546.57,
hp tdae unit in mumbai refinery 709760|maharashtra,HP TDAE Unit in Mumbai Refinery 709760,Hindustan Petroleum Corporation Limited,,Ministry of Civil Aviation,Oil & Gas,Maharashtra,2026-06,2026-06,1,240.0,160.8,
atf pipeline from jawaharlal nehru port trust to navi mumbai international airport 709782|maharashtra,ATF Pipeline from Jawaharlal Nehru Port Trust to Navi Mumbai International Airport 709782,Indian Oil Corporation Limited [IOCL],,Ministry of Civil Aviation,Oil & Gas,Maharashtra,2026-06,2026-06,1,165.0,103.36,
transmission scheme for solar energy zone in ananthpuram 2500mw and kurnool 1000mw 611967|andhra pradesh,Transmission Scheme for Solar Energy Zone in Ananthpuram 2500MW and Kurnool 1000MW 611967,Power Grid Corporation of India Limited [POWERGRID],,Ministry of Civil Aviation,Transmission & Distribution,Andhra Pradesh,2026-06,2026-06,1,823.0,798.31,
"transmission system for kurnool wind energy zone/ solar energy zone part-a and part-b 900808|multi-states (telangana, andhra pradesh)",Transmission System for Kurnool Wind Energy Zone/ Solar Energy Zone Part-A and Part-B 900808,Power Grid Corporation of India Limited [POWERGRID],,Ministry of Civil Aviation,Transmission & Distribution,"Multi-States (Telangana, Andhra Pradesh)",2026-06,2026-06,1,3546.94,3546.94,
transmission system for evacuation of power from rez in rajasthan 20 gw under phase-iii part h 611948|rajasthan,Transmission system for evacuation of power from REZ in Rajasthan 20 GW under Phase-III part H 611948,Power Grid Corporation of India Limited [POWERGRID],,Ministry of Civil Aviation,Transmission & Distribution,Rajasthan,2026-06,2026-06,1,1910.0,1910.0,
rehabilitation and up-gradation from km 170700 bhadrachalam to km 234567 konta on nh-30 to two lane with paved shoulder in the state of andra pradesh on epc mode. 617907|andhra pradesh,Rehabilitation and Up-gradation from Km 170700 Bhadrachalam to Km 234567 Konta on NH-30 to Two lane with Paved Shoulder in the State of Andra Pradesh on EPC mode. 617907,MoRTH,,Ministry of Civil Aviation,Roads & Highways,Andhra Pradesh,2026-06,2026-06,1,436.09,240.15,
construction of bypass road to adoni town connecting nh-167 hagari - jadcharla road from km.62/700 to 71/400 in kurnool district in the state of andhra pradesh. 617990|andhra pradesh,Construction of bypass road to Adoni town connecting NH-167 Hagari - Jadcharla road from km.62/700 to 71/400 in Kurnool District in the State of Andhra Pradesh. 617990,MoRTH,,Ministry of Civil Aviation,Roads & Highways,Andhra Pradesh,2026-06,2026-06,1,242.0,99.13,
widening to two lane with paved shoulder of rampachodavaram - koyyuru section of nh 516e from km 43700 to km 113820 in the state of andhra pradesh on epc mode job no. 737 618145|andhra pradesh,Widening to two lane with paved shoulder of Rampachodavaram - Koyyuru section of NH 516E from Km 43700 to Km 113820 in the State of Andhra Pradesh on EPC mode Job No. 737 618145,MoRTH,,Ministry of Civil Aviation,Roads & Highways,Andhra Pradesh,2026-06,2026-06,1,568.12,324.96,
widening and reconstruction of existing road to four lane from km.56400 to km 120300 i.e. from b.kothapalli junction to gorantla excluding kadiri bypass from km 70200 to km 77105 of nh 716g in the state of andhra pradesh on epc mode job no. 742 618161|andhra pradesh,Widening and Reconstruction of existing road to four lane from Km.56400 to Km 120300 i.e. from B.Kothapalli Junction to Gorantla excluding Kadiri Bypass from Km 70200 to Km 77105 of NH 716G in the State of Andhra Pradesh on EPC mode Job no. 742 618161,MoRTH,,Ministry of Civil Aviation,Roads & Highways,Andhra Pradesh,2026-06,2026-06,1,839.98,415.11,
"rehabilitation and upgradation of nh-167ad from macherla to dachepalli via paluvai junction, rentachinthala, gurazala from km.0.000 to 43.659 to two lane with paved shoulders in the state of andhra pradesh job-729 618191|andhra pradesh","Rehabilitation and upgradation of NH-167AD from Macherla to Dachepalli via Paluvai Junction, Rentachinthala, Gurazala from Km.0.000 to 43.659 to two lane with paved shoulders in the state of Andhra Pradesh job-729 618191",MoRTH,,Ministry of Civil Aviation,Roads & Highways,Andhra Pradesh,2026-06,2026-06,1,403.22,256.17,
rehabilitation and up-gradation of pasarlapudi to dhindi section from km 105/170 to km 126/510 of nh -214 new nh -216 to two lane with paved shoulder in the state of andhra pradesh under nhdp-iv 618237|andhra pradesh,Rehabilitation and Up-gradation of Pasarlapudi to Dhindi section from Km 105/170 to Km 126/510 of NH -214 New NH -216 to two lane with paved shoulder in the state of Andhra Pradesh under NHDP-IV 618237,MoRTH,,Ministry of Civil Aviation,Roads & Highways,Andhra Pradesh,2026-06,2026-06,1,263.45,158.8,
two laning with paved shoulders of gondiguda to araku uptobhallaguda section of nh 516e 618258|andhra pradesh,Two laning with paved shoulders of Gondiguda to Araku uptoBhallaguda section of NH 516E 618258,MoRTH,,Ministry of Civil Aviation,Roads & Highways,Andhra Pradesh,2026-06,2026-06,1,289.11,275.38,
two laning with paved shoulders of paderu to gundigudasection of nh 516e 618259|andhra pradesh,Two laning with paved shoulders of Paderu to GundigudaSection of NH 516E 618259,MoRTH,,Ministry of Civil Aviation,Roads & Highways,Andhra Pradesh,2026-06,2026-06,1,222.61,181.04,
six laning of vijayawada bypass from gollapudi to chinnakakani in vijayawada - gundugolanu section from km. 30.00 to km. 47.881 pkg-iv 618527|andhra pradesh,Six Laning of Vijayawada Bypass from Gollapudi to Chinnakakani in Vijayawada - Gundugolanu Section from km. 30.00 to km. 47.881 Pkg-IV 618527,NHAI,,Ministry of Civil Aviation,Roads & Highways,Andhra Pradesh,2026-06,2026-06,1,1757.82,862.83,
khammam-devarapalle pkg iv [4l access controlled greenfield from recherla village to gurvaygudem village design chainage 105236 to 132664] 618748|andhra pradesh,Khammam-Devarapalle Pkg IV [4L Access Controlled Greenfield from Recherla village to Gurvaygudem village Design Chainage 105236 to 132664] 618748,NHAI,,Ministry of Civil Aviation,Roads & Highways,Andhra Pradesh,2026-06,2026-06,1,752.02,499.99,
4l ps from mandlem existing km. 38.000/design km.30.600 to atmakur existing km.73.000/design km 66.115 of nh340c package2 618919|andhra pradesh,4L PS from Mandlem Existing Km. 38.000/Design Km.30.600 to Atmakur Existing Km.73.000/Design Km 66.115 of NH340C Package2 618919,NHAI,,,,Andhra Pradesh,2026-06,2026-06,1,913.03,550.42,
"6l standalone flyovers at raha, demow, borghat, kathiatali junctions and rob at jagiroad on stretches of nh 36 and nh 27 618576|assam","6L Standalone Flyovers at Raha, Demow, Borghat, Kathiatali junctions and ROB at Jagiroad on stretches of NH 36 and NH 27 618576",NHAI,,,,Assam,2026-06,2026-06,1,255.53,212.27,
widening/improvement to 4 -lane with paved shoulder from ch. 88.000km to ch.99.930 km design ch.84.100km to ch.96.000 km of sagunbashi forest near nichinta to starting of krishnai bypass section of bilasipura guwahati road nh 17 on epc package-7 618285|assam,Widening/Improvement to 4 -Lane with Paved Shoulder from Ch. 88.000km to Ch.99.930 km Design Ch.84.100km to Ch.96.000 km of Sagunbashi forest near Nichinta to starting of Krishnai Bypass Section of Bilasipura Guwahati road NH 17 on EPC Package-7 618285,NHIDCL,,,,Assam,2026-06,2026-06,1,286.72,220.81,
widening/improvement to 4-lane with paved shoulder from km 113300 to km 146230 design chainage 113830 to 145712 of kwaram taro village - dillai section in assam on epc package-6 618327|assam,Widening/Improvement to 4-Lane with Paved Shoulder from KM 113300 to Km 146230 Design Chainage 113830 to 145712 of Kwaram Taro Village - Dillai Section in Assam on EPC Package-6 618327,NHIDCL,,,,Assam,2026-06,2026-06,1,625.64,578.19,
construction of 4/6 laning from existing km 159.400 of nh-36 to existing km 102.500 of nh-39 and upto end point of assam portion [design km 118.050 to design km 132.375] total new alignment length of 14.325 km of daboka - dimapur section dimapur bypass in the state of assam under sardp-ne 'phase-a' on epc mode assam portion 618330|assam,Construction of 4/6 Laning from existing Km 159.400 of NH-36 to existing Km 102.500 of NH-39 and upto end point of Assam portion [Design Km 118.050 to design Km 132.375] Total New Alignment length of 14.325 Km of Daboka - Dimapur Section Dimapur Bypass in the state of Assam under SARDP-NE 'Phase-A' on EPC mode Assam Portion 618330,NHIDCL,,,,Assam,2026-06,2026-06,1,511.02,671.35,
"widening / improvement to 4-lane with paved shoulder configuration of existing single lane road from kachukhana harichara paglagaunj to dhubri - phulbari bridge approach package-ii of srirampur - dhubri section of nh-127b from existing km 28.050 to km 55.060 design km 27.650 to km 54.154, design length26.504 km under jica oda loan assistance phase-v [srirampur - dhubri pkg-2] 618372|assam","Widening / Improvement to 4-Lane with Paved Shoulder configuration of existing single lane road from Kachukhana Harichara Paglagaunj to Dhubri - Phulbari Bridge approach Package-II of Srirampur - Dhubri Section of NH-127B from existing Km 28.050 to Km 55.060 Design Km 27.650 to Km 54.154, Design Length26.504 Km under JICA ODA Loan assistance Phase-V [Srirampur - Dhubri Pkg-2] 618372",NHIDCL,,,,Assam,2026-06,2026-06,1,909.02,683.81,
rehabilitation & widening work for 2 lane with paved shoulder of existing nh-80 from km 70.15 to km 121.025 of munger-suttanganj -bhagatpurmirzachowki section on epc mode in the state of bihar. 617959|bihar,Rehabilitation & Widening work for 2 Lane with Paved Shoulder of Existing NH-80 from km 70.15 to Km 121.025 of Munger-Suttanganj -BhagatpurMirzachowki section on EPC Mode in the State of Bihar. 617959,MoRTH,,,,Bihar,2026-06,2026-06,1,477.54,343.05,
4l elevated highway and at grade improvements at gopalganj town from km. 384.000 to km. 386.750 on nh-27 618570|bihar,4L Elevated Highway and at grade improvements at Gopalganj Town from Km. 384.000 to Km. 386.750 on NH-27 618570,NHAI,,,,Bihar,2026-06,2026-06,1,248.92,241.89,
4l of galgalia - bahadurganj section from km 0.000 to km 49.000 package-i of nh327e 618582|bihar,4L of Galgalia - Bahadurganj section from Km 0.000 to Km 49.000 Package-I of NH327E 618582,NHAI,,,,Bihar,2026-06,2026-06,1,1282.97,816.12,
4l of bahadurganj araria section from km 49.000 to km 94.000 package-ii of nh-327e 618583|bihar,4L of Bahadurganj Araria section from Km 49.000 to Km 94.000 Package-II of NH-327E 618583,NHAI,,,,Bihar,2026-06,2026-06,1,1358.77,812.28,
ara - mohania pkg-ii 618774|bihar,Ara - Mohania Pkg-II 618774,NHAI,,,,Bihar,2026-06,2026-06,1,827.51,798.25,
4l of aurangabad-paithan 618779|bihar,4L of Aurangabad-Paithan 618779,NHAI,,,,Bihar,2026-06,2026-06,1,349.96,328.32,
aunta - simaria including ganga bridge 618839|bihar,Aunta - Simaria including Ganga Bridge 618839,NHAI,,,,Bihar,2026-06,2026-06,1,2107.68,1209.46,
4l of bal. works of patna - gaya -dobhi pkg-ii from km. 39.00 to km. 83.00 of old nh-83 618915|bihar,4L of Bal. works of Patna - Gaya -Dobhi Pkg-II from km. 39.00 to km. 83.00 of Old NH-83 618915,NHAI,,,,Bihar,2026-06,2026-06,1,777.2,764.68,
4l of bal. works of patna - gaya -dobhi pkg-iii from km. 83.00 to km. 127.217 of old nh-83 618916|bihar,4L of Bal. works of Patna - Gaya -Dobhi Pkg-III from km. 83.00 to km. 127.217 of Old NH-83 618916,NHAI,,,,Bihar,2026-06,2026-06,1,799.7,803.33,
muzaffarpur - sonbarsa section of nh-77 from km 2.800 to km 89.000 619320|bihar,Muzaffarpur - Sonbarsa Section of NH-77 from km 2.800 to km 89.000 619320,NHAI,,,,Bihar,2026-06,2026-06,1,2311.1,2308.19,
strengthening and widening of existing 2 lane road to two lane paved shoulder from km 7.750 to 26.542 & km. 32.093 to 45.786 of nh-130 on epc mode in the state of chhattisgarh.job no. 130-cg-2017-18-348 617973|chhattisgarh,Strengthening and widening of existing 2 lane road to two lane paved shoulder from km 7.750 to 26.542 & km. 32.093 to 45.786 of NH-130 on EPC mode in the state of chhattisgarh.job No. 130-CG-2017-18-348 617973,MoRTH,,,,Chhattisgarh,2026-06,2026-06,1,188.8,107.79,
up-gradation of nh-930 sherpar to kohka from km.67880 to km.114860 to 2lps in chhattisgarh under epc mode 618064|chhattisgarh,Up-gradation of NH-930 Sherpar to Kohka from Km.67880 to Km.114860 to 2LPS in Chhattisgarh under EPC mode 618064,MoRTH,,,,Chhattisgarh,2026-06,2026-06,1,278.97,210.82,
up-gradation of nh-130c abhanpur to paund from nh km. 0000 to km 40380 to two lane with paved shoulders in the state of chhattisgarh on epc mode. 618078|chhattisgarh,Up-gradation of NH-130C Abhanpur to Paund from NH Km. 0000 to KM 40380 to two lane with paved shoulders in the State of Chhattisgarh on EPC mode. 618078,MoRTH,,,,Chhattisgarh,2026-06,2026-06,1,193.16,116.5,
conversion of partially excavated escape tunnel to uni-directional 2l tunnelincluding construction of cross passages and approach roads on either side of the tunnel from km 12.732 to km 14.568 of kiratpur to nerchowk section of nh-21 618849|chhattisgarh,Conversion of Partially Excavated Escape Tunnel to Uni-Directional 2L Tunnelincluding construction of cross passages and approach roads on either side of the tunnel from Km 12.732 to Km 14.568 of Kiratpur to Nerchowk Section of NH-21 618849,NHAI,,,,Chhattisgarh,2026-06,2026-06,1,412.88,394.73,
6l access controlled highway from dnd maharani bagh - jn. with jaitpur - pushta road of nh-148na from km. 0.00 to km. 9.00 in ncr 618578|delhi,6L Access Controlled Highway from DND Maharani Bagh - Jn. with Jaitpur - Pushta Road of NH-148NA from km. 0.00 to km. 9.00 in NCR 618578,NHAI,,,,Delhi,2026-06,2026-06,1,2510.34,1652.29,
vadodara mumbai expressway ena -kim phase ib - pkg vi [km 217.500 to km 254.430] 618464|gujarat,Vadodara Mumbai Expressway Ena -Kim Phase IB - Pkg VI [Km 217.500 to Km 254.430] 618464,NHAI,,,,Gujarat,2026-06,2026-06,1,4297.28,2991.42,
vadodara mumbai expressway gandeva to ena phase ib - pkg vii [km 190.00 to km 217.500] 618465|gujarat,Vadodara Mumbai Expressway Gandeva to Ena Phase IB - Pkg VII [Km 190.00 to Km 217.500] 618465,NHAI,,,,Gujarat,2026-06,2026-06,1,3392.21,2451.01,
ahmedabad - dholera pkg i from km. 0.00 to km. 22.00 [sardar patel ring road - sindhrej village] 618501|gujarat,Ahmedabad - Dholera Pkg I from km. 0.00 to km. 22.00 [Sardar Patel Ring Road - Sindhrej Village] 618501,NHAI,,,,Gujarat,2026-06,2026-06,1,1421.05,1385.83,
ahmedabad - dholera pkg ii from km. 22.00 to km. 48.52 [sindhrej village - vejallka village] 618502|gujarat,Ahmedabad - Dholera Pkg II from km. 22.00 to km. 48.52 [Sindhrej Village - Vejallka Village] 618502,NHAI,,,,Gujarat,2026-06,2026-06,1,1729.69,1785.68,
sanchore - santalpur from km 67.000 - km 99.000 of nh-754k aj-rgbs- package-3 618614|gujarat,Sanchore - Santalpur from km 67.000 - km 99.000 of NH-754K AJ-RGBS- Package-3 618614,NHAI,,,,Gujarat,2026-06,2026-06,1,765.25,601.6,
pipli bhavnagar-package 1 from km 136.025 to km 169.328 618699|gujarat,Pipli Bhavnagar-Package 1 from km 136.025 to km 169.328 618699,NHAI,,,,Gujarat,2026-06,2026-06,1,1297.38,975.85,
4l kodinar - veraval package vi from km. 222.400 to km. 230.00 kodinar bypass of nh-8e nh 51 new 618834|gujarat,4L Kodinar - Veraval Package VI from km. 222.400 to km. 230.00 Kodinar Bypass of NH-8E NH 51 new 618834,NHAI,,,,Gujarat,2026-06,2026-06,1,192.01,189.95,
4l of bal works of talaja - mahuva from 54.990 km. to 100.450 km. of old nh- 8e package-ii 618835|gujarat,4L of Bal Works of Talaja - Mahuva from 54.990 km. to 100.450 km. of Old NH- 8E Package-II 618835,NHAI,,,,Gujarat,2026-06,2026-06,1,735.51,726.01,
6l of chiloda-naroda section from km. 540.595 to km. 555.595 of nh- 8package-vii 619067|gujarat,6L of Chiloda-Naroda section from Km. 540.595 to Km. 555.595 of NH- 8Package-VII 619067,NHAI,,,,Gujarat,2026-06,2026-06,1,463.03,443.07,
4l of bal works of mahuva to kagvadar from 100.450 km. to 140.470 km. of nh-8e pkg- iii 619147|gujarat,4L of Bal Works of Mahuva to Kagvadar from 100.450 Km. to 140.470 Km. of NH-8E Pkg- III 619147,NHAI,,,,Gujarat,2026-06,2026-06,1,628.49,624.43,
4l of bhavnagar - talaja package-i from km. 6.945 to km. 54.990 of old nh-8e 619148|gujarat,4L of Bhavnagar - Talaja Package-I from Km. 6.945 to Km. 54.990 of Old NH-8E 619148,NHAI,,,,Gujarat,2026-06,2026-06,1,1343.16,1316.53,
delhi-amritsar-katra expressway phase-i pkg-iii from junction with jind-panipat road nh-352a near gangana village to junction with jind-karnal road nh-709a near alewa village km 60800 to km 91400 618484|haryana,Delhi-Amritsar-Katra Expressway Phase-I Pkg-III from Junction with Jind-Panipat road NH-352A near Gangana village to Junction with Jind-Karnal road NH-709A near Alewa village Km 60800 to Km 91400 618484,NHAI,,,,Haryana,2026-06,2026-06,1,1813.91,1322.85,
delhi-amritsar-katra expressway phase-i pkg-iv from junction with jind-karnal road nh-709a near alewa village to junction with ambala-kaithal-hissar road nh-152 near kharak pandwa village km 91400 to km 120250 618485|haryana,Delhi-Amritsar-Katra Expressway Phase-I Pkg-IV from Junction with Jind-Karnal road NH-709A near Alewa village to Junction with Ambala-Kaithal-Hissar road NH-152 near Kharak Pandwa village Km 91400 to Km 120250 618485,NHAI,,,,Haryana,2026-06,2026-06,1,1578.66,1098.84,
rehabilitation and upgradation to 2-lane/intermediate lane configuration of ashyari-shri kyari section km 50.000 to km 75.000 of nh-707 in the state of himachal pradesh under green national highways corridor project gnhcp with the loan assistance of world bank on epc mode. 618050|himachal pradesh,Rehabilitation and Upgradation to 2-lane/Intermediate lane configuration of Ashyari-Shri Kyari Section km 50.000 to km 75.000 of NH-707 in the state of Himachal Pradesh under Green National Highways Corridor Project GNHCP with the loan assistance of World Bank on EPC mode. 618050,MoRTH,,,,Himachal Pradesh,2026-06,2026-06,1,359.56,232.82,
construction & upgradation to 2 lane with paved shoulder from design km. 31.449 khellani ex. km 44.946 to km 51.700 prem nagar ex. km 68617 of 20.251 km length on khellani - kishtwar - chattroo section of nh-244 in the ut of j&k on epc mode under nho-gen pkg- 1 618396|jammu and kashmir,Construction & Upgradation to 2 lane with paved shoulder from Design Km. 31.449 Khellani Ex. Km 44.946 to Km 51.700 Prem Nagar Ex. Km 68617 of 20.251 Km length on Khellani - Kishtwar - Chattroo section of NH-244 in the UT of J&K on EPC Mode under NHO-Gen PKG- 1 618396,NHIDCL,,,,Jammu and Kashmir,2026-06,2026-06,1,486.45,300.52,
4l from km 196.87 sankha to km 219.6 khajuri on nh-75 [rehla / garhwa bypass] 618829|jharkhand,4L from km 196.87 Sankha to km 219.6 Khajuri on NH-75 [Rehla / Garhwa Bypass] 618829,NHAI,,,,Jharkhand,2026-06,2026-06,1,1129.48,790.59,
4l of mehgama - hansdiha from km. 41.900 to km. 93.000 of nh -133a pkg-ii 618946|jharkhand,4L of Mehgama - Hansdiha from km. 41.900 to km. 93.000 of NH -133A Pkg-II 618946,NHAI,,,,Jharkhand,2026-06,2026-06,1,1568.18,1034.52,
balance work of rehabilitation and upgrading to 2lane/2lane with paved shoulder configuration and strengthening from from km 343.80 to 400.33 of gowribidanur- chik ballapur section in the state of karnataka under annual plan 2021-22 under epc mode.-952 617954|karnataka,Balance work of Rehabilitation and upgrading to 2lane/2lane with paved shoulder configuration and strengthening from from Km 343.80 to 400.33 of Gowribidanur- Chik Ballapur section in the state of Karnataka Under Annual Plan 2021-22 under EPC Mode.-952 617954,MoRTH,,,,Karnataka,2026-06,2026-06,1,398.48,242.02,
challakere to hariyur section from km 358.500 to km 414.205 of nh-150 a 618698|karnataka,Challakere to Hariyur section from km 358.500 to km 414.205 of NH-150 A 618698,NHAI,,,,Karnataka,2026-06,2026-06,1,1873.58,1243.48,
4l of hubli - hospet section of nh-63 from km 128.850 to km 272.571 619121|karnataka,4L of Hubli - Hospet Section of NH-63 from Km 128.850 to Km 272.571 619121,NHAI,,,,Karnataka,2026-06,2026-06,1,3619.32,3522.85,
hospet - chitradurga from km. 299.00 to km. 418.750 619144|karnataka,Hospet - Chitradurga from km. 299.00 to km. 418.750 619144,NHAI,,,,Karnataka,2026-06,2026-06,1,387.48,331.26,
"construction of mihona bypass, lahar bypass, daboh bypass & bhander bypass total length 20.60 km to 2-lane with paved shoulder from on mihona-bhander- mp/up border section of nh 552e in the state of madhya pradesh on epc mode 618045|madhya pradesh","Construction of Mihona bypass, Lahar bypass, Daboh bypass & Bhander Bypass total length 20.60 km to 2-lane with paved shoulder from on Mihona-Bhander- MP/UP border section of NH 552E in the State of Madhya Pradesh on EPC mode 618045",MoRTH,,,,Madhya Pradesh,2026-06,2026-06,1,179.18,74.89,
indore - gujarat / mp border from km. km 9.500 to km 171.000 of nh-59 in mp 618625|madhya pradesh,Indore - Gujarat / MP Border from km. Km 9.500 to Km 171.000 of NH-59 in MP 618625,NHAI,,,,Madhya Pradesh,2026-06,2026-06,1,217.22,191.43,
4l of sagar - mohari from km.8 to km.50 pkg-i 618665|madhya pradesh,4L of Sagar - Mohari from Km.8 to Km.50 Pkg-I 618665,NHAI,,,,Madhya Pradesh,2026-06,2026-06,1,660.38,555.28,
indore - harda pkg-iii [nanasa to pidgaon section from km 95.000 to km 142.445] 618695|madhya pradesh,Indore - Harda Pkg-III [Nanasa to Pidgaon Section from km 95.000 to km 142.445] 618695,NHAI,,,,Madhya Pradesh,2026-06,2026-06,1,1240.64,758.23,
balance work of 4l of nauradehi sanctuary de-scoped stretch of hiran river to sindoor river from km. 66.00 to 130.00 nh-12 new nh-45 618701|madhya pradesh,Balance work of 4L of Nauradehi Sanctuary de-scoped stretch of Hiran River to Sindoor River from Km. 66.00 to 130.00 NH-12 New NH-45 618701,NHAI,,,,Madhya Pradesh,2026-06,2026-06,1,153.15,143.37,
"rehabilitation & up-gradation for talere gaganbawada - kolhapur road nh 166g stretch start from km. 0/00 to km. 06/00 and km. 13/00 to km 19/440 of nh-166g, length 12.440 km in the state of maharashtra. 618099|maharashtra","Rehabilitation & up-gradation for Talere Gaganbawada - kolhapur Road NH 166G stretch start from km. 0/00 to Km. 06/00 and km. 13/00 to km 19/440 of NH-166G, length 12.440 km in the State of Maharashtra. 618099",MoRTH,,,,Maharashtra,2026-06,2026-06,1,164.13,115.51,
vadodara mumbai expressway phase ii - pkg xi [km. 77.000 to km. 103.400] ganjad - talsari 618468|maharashtra,Vadodara Mumbai Expressway Phase II - Pkg XI [Km. 77.000 to Km. 103.400] Ganjad - Talsari 618468,NHAI,,,,Maharashtra,2026-06,2026-06,1,1913.95,901.76,
tarsod - fagne section of nh-6 618638|maharashtra,Tarsod - Fagne section of NH-6 618638,NHAI,,,,Maharashtra,2026-06,2026-06,1,2560.5,2213.75,
chakur loha section of nh-361 from km 114.600 to km 187.80 618652|maharashtra,Chakur Loha Section of NH-361 from km 114.600 to km 187.80 618652,NHAI,,,,Maharashtra,2026-06,2026-06,1,3342.11,1717.21,
4l of existing 2/4l stretch from lonand to dive ghat km 166.400 to km 220.900 of mohol alandi section of nh-965 pkg - v 619209|maharashtra,4L of existing 2/4L stretch from Lonand to Dive Ghat Km 166.400 to Km 220.900 of Mohol Alandi section of NH-965 Pkg - V 619209,NHAI,,,,Maharashtra,2026-06,2026-06,1,2049.51,1295.04,
up-gradation to 2-lane with paved shoulders of ngopa - pawlrang section of nh 102b of aizawl - imphal economic corridor from existing chainage km 32.796 to km 72.030 [design chainage km 31.280 to km 68.170] in the state of mizoram under bharatmala pariyojna on epc mode under nho-ne package-2 keifang- tuivai pkg-2 618341|mizoram,Up-gradation to 2-lane with paved shoulders of Ngopa - Pawlrang section of NH 102B of Aizawl - Imphal Economic Corridor from Existing Chainage km 32.796 to km 72.030 [Design Chainage km 31.280 to km 68.170] in the State of Mizoram under Bharatmala Pariyojna on EPC mode under NHO-NE Package-2 Keifang- Tuivai Pkg-2 618341,NHIDCL,,,,Mizoram,2026-06,2026-06,1,523.78,426.69,
widening and up-gradation to 2-lane with paved shoulder configuration and geometric improvements from km 250.00 lunglei to km 298.00 on aizawl- tuipang section under jica oda loan assistance phase-i package-6 618381|mizoram,Widening and up-gradation to 2-lane with paved shoulder configuration and geometric improvements from km 250.00 Lunglei to km 298.00 on Aizawl- Tuipang section under JICA ODA Loan assistance Phase-I Package-6 618381,NHIDCL,,,,Mizoram,2026-06,2026-06,1,768.76,168.78,
widening and up-gradation to 2-lane with paved shoulder configuration and geometric improvements from km 298.00 to km 339.00 on aizawl-tuipang section under jica oda loan assistance phase-i package-7 618382|mizoram,Widening and up-gradation to 2-lane with paved shoulder configuration and geometric improvements from km 298.00 to km 339.00 on Aizawl-Tuipang section under JICA ODA Loan assistance Phase-I Package-7 618382,NHIDCL,,,,Mizoram,2026-06,2026-06,1,750.32,132.33,
widening and up-gradation to 2- lane with paved shoulder configuration and geometric improvement from km. 166. 000 to km 208.000 package-4 on aizawl tuipang section of nh-54 in the state of mizoram package-4 618384|mizoram,Widening and Up-gradation to 2- Lane with Paved Shoulder Configuration and geometric improvement from Km. 166. 000 to Km 208.000 Package-4 on Aizawl Tuipang Section of NH-54 in the State of Mizoram Package-4 618384,NHIDCL,,,,Mizoram,2026-06,2026-06,1,899.45,191.68,
"6l of varadharajula to kumarajapet from km 0.000 to km 43.800 of nh-716b pkg-i 618771|multi-states (andhra pradesh, tamil nadu)",6L of Varadharajula to Kumarajapet from km 0.000 to km 43.800 of NH-716B Pkg-I 618771,NHAI,,,,"Multi-States (Andhra Pradesh, Tamil Nadu)",2026-06,2026-06,1,1887.38,1120.2,
"6l of aurangabad to bihar-jharkhand border chordaha section from km. 209.827 to km. 249.525 of nh-19 pkg-02 618532|multi-states (bihar, jharkhand)",6L of Aurangabad to Bihar-Jharkhand border Chordaha section from km. 209.827 to Km. 249.525 of NH-19 PKG-02 618532,NHAI,,,,"Multi-States (Bihar, Jharkhand)",2026-06,2026-06,1,738.11,611.43,
"6l of dhanara - hatibena section from km 124.611 to km 146.50 of nh-130-cd package od-1 618676|multi-states (chhattisgarh, odisha)",6L of Dhanara - Hatibena Section from Km 124.611 to km 146.50 of NH-130-CD Package OD-1 618676,NHAI,,,,"Multi-States (Chhattisgarh, Odisha)",2026-06,2026-06,1,638.32,359.28,
"6l from belgaum to sankeshwar bypass from km. 515.000 to km. 555.017 of nh-48 pkg-i 618515|multi-states (maharashtra, karnataka)",6L from Belgaum to Sankeshwar Bypass from Km. 515.000 to Km. 555.017 of NH-48 Pkg-I 618515,NHAI,,,,"Multi-States (Maharashtra, Karnataka)",2026-06,2026-06,1,1237.04,1199.4,
"mangloor to telangana maharashtra border 618624|multi-states (maharashtra, telangana)",Mangloor to Telangana Maharashtra Border 618624,NHAI,,,,"Multi-States (Maharashtra, Telangana)",2026-06,2026-06,1,1323.12,1011.7,
"4l of rajura-korpana-adilabad road upto m.s. border from km 32.910 to km 89.090 of nh-353b 618938|multi-states (maharashtra, telangana)",4L of Rajura-Korpana-Adilabad Road upto M.S. Border from km 32.910 to km 89.090 of NH-353B 618938,NHAI,,,,"Multi-States (Maharashtra, Telangana)",2026-06,2026-06,1,1274.63,699.33,
"4l greenfield a malout bypass from ch. km 44.500 to ch. km 35.500 on nh-07 and ch. km 0.000 to km 6.984 on nh-09 bmandi dabwali bypass from ch. 38.450 km to km 27.910 pkg-02 618760|multi-states (punjab, haryana)",4L Greenfield a Malout bypass from ch. Km 44.500 to ch. Km 35.500 on NH-07 and Ch. Km 0.000 to Km 6.984 on NH-09 bMandi Dabwali Bypass from Ch. 38.450 Km to Km 27.910 Pkg-02 618760,NHAI,,,,"Multi-States (Punjab, Haryana)",2026-06,2026-06,1,556.09,571.11,
"4l ambala - kalaamb from km. -0.800 to km. 33.015 of old nh-72 618935|multi-states (punjab, haryana)",4L Ambala - Kalaamb from Km. -0.800 to Km. 33.015 of old NH-72 618935,NHAI,,,,"Multi-States (Punjab, Haryana)",2026-06,2026-06,1,1190.34,706.54,
"4l of left out existing road section from lalgopalganj km 161.450 to nawabganj km 180.200 in prayagraj 618755|multi-states (rajasthan, uttar pradesh)",4L of left out existing road section from Lalgopalganj Km 161.450 to Nawabganj Km 180.200 in Prayagraj 618755,NHAI,,,,"Multi-States (Rajasthan, Uttar Pradesh)",2026-06,2026-06,1,100.74,93.24,
"akshardham - dl/up border pkg-01 619122|multi-states (uttar pradesh, delhi)",Akshardham - DL/UP Border Pkg-01 619122,NHAI,,,,"Multi-States (Uttar Pradesh, Delhi)",2026-06,2026-06,1,1476.75,1399.88,
"4l from km 219.600 khajuri to km 260.483 wyndhamganj on nh-75 sec-v 618828|multi-states (uttar pradesh, jharkhand)",4L from Km 219.600 Khajuri to Km 260.483 Wyndhamganj on NH-75 Sec-V 618828,NHAI,,,,"Multi-States (Uttar Pradesh, Jharkhand)",2026-06,2026-06,1,1465.55,959.96,
"construction of rudrapur bypass section from km. 0.000 to 20.640 in the state of uttar pradesh & uttarakhand 618912|multi-states (uttar pradesh, uttarakhand)",Construction of Rudrapur Bypass Section from Km. 0.000 to 20.640 in the state of Uttar Pradesh & Uttarakhand 618912,NHAI,,,,"Multi-States (Uttar Pradesh, Uttarakhand)",2026-06,2026-06,1,1117.17,670.74,
"4l/2l ps of govindpur raiganj - chas - wb border section of from km. 0.00 to km. 56.889 of old nh-32 619104|multi-states (west bengal, jharkhand)",4L/2L PS of Govindpur Raiganj - Chas - WB border section of from km. 0.00 to km. 56.889 of Old NH-32 619104,NHAI,,,,"Multi-States (West Bengal, Jharkhand)",2026-06,2026-06,1,1154.8,1064.7,
widening of existing single lane to intermediate lane road from mokokchung to chare via dikhu in the state of nagaland on epc mode 618002|nagaland,Widening of existing single lane to intermediate lane road from Mokokchung to Chare via Dikhu in the state of Nagaland on EPC mode 618002,MoRTH,,,,Nagaland,2026-06,2026-06,1,192.93,110.98,
construction of 4/6 laning from km 132.375 to km 153.058 total new alignment length of 20.683 km of daboka-dimapur section dimapur bypass nagaland portion of nh-36 & 39 in the state of nagaland on epc basis under phasea of sardp-ne 618329|nagaland,Construction of 4/6 Laning from Km 132.375 to Km 153.058 Total New Alignment length of 20.683 Km of Daboka-Dimapur Section Dimapur Bypass Nagaland Portion of NH-36 & 39 in the State of Nagaland on EPC basis under PhaseA of SARDP-NE 618329,NHIDCL,,,,Nagaland,2026-06,2026-06,1,819.39,635.0,
construction of bypass to nayagarh town from km 235.469 to 252.482 of nh-57 including land acquisition in the state of odisha. 617924|odisha,Construction of bypass to Nayagarh town from km 235.469 to 252.482 of NH-57 including land acquisition in the state of Odisha. 617924,MoRTH,,,,Odisha,2026-06,2026-06,1,300.33,103.64,
balance work of panikoili rimoli section of new nh-20 from km 0.00 to km. 163.000 618819|odisha,Balance work of Panikoili Rimoli Section of new NH-20 from Km 0.00 to Km. 163.000 618819,NHAI,,,,Odisha,2026-06,2026-06,1,200.79,185.4,
4-l of rajamunda to barkote section of nh-23 from km. 287.200 to km. 337.185 618913|odisha,4-L of Rajamunda to Barkote Section of NH-23 from km. 287.200 to km. 337.185 618913,NHAI,,,,Odisha,2026-06,2026-06,1,630.97,608.19,
6l of bhubaneswar - jagatpur - chandikhole section of nh-16 619075|odisha,6L of Bhubaneswar - Jagatpur - Chandikhole Section of NH-16 619075,NHAI,,,,Odisha,2026-06,2026-06,1,632.89,579.23,
delhi-amritsar-katra expressway phase-i pkg-vii from junction with patiala- bathinda road nh-7 near bhawanigarh to junction with ludhiana-malerhkotla sh-11 near bhogiwal village km 188830 to km 225770 618487|punjab,Delhi-Amritsar-Katra Expressway Phase-I Pkg-VII from Junction with Patiala- Bathinda road NH-7 near Bhawanigarh to Junction with Ludhiana-Malerhkotla SH-11 near Bhogiwal village Km 188830 to km 225770 618487,NHAI,,,,Punjab,2026-06,2026-06,1,1774.32,1695.83,
"construction of two lane with paved shoulder for fatehpur bypass design km 0.000 to km 7.400 , mandawa bypass design km 20.925 to km 27.300 & jhunjhunu bypass design km 41.625 to km 54.689 of nh-11 on epc mode in the state of rajasthan . 617891|rajasthan","Construction of Two lane with Paved Shoulder for Fatehpur Bypass Design Km 0.000 to Km 7.400 , Mandawa Bypass Design Km 20.925 to Km 27.300 & Jhunjhunu Bypass Design Km 41.625 to Km 54.689 of NH-11 on EPC Mode in the state of Rajasthan . 617891",MoRTH,,,,Rajasthan,2026-06,2026-06,1,186.29,78.06,
upgradation to two lane paved shoulder in km 33/0 to 126/520 of nh-23 old nh-11b kothun-lalsot-karoli-dholpur road in the state of rajasthan under epc mode length-93.52 km. 617900|rajasthan,Upgradation to Two Lane Paved Shoulder in km 33/0 to 126/520 of NH-23 Old NH-11B Kothun-Lalsot-Karoli-Dholpur road in the state of Rajasthan under EPC mode Length-93.52 Km. 617900,MoRTH,,,,Rajasthan,2026-06,2026-06,1,150.11,12.25,
up-gradation to 2 lane with paved shoulder from charbhuja at design km 0.00 existing km 150.00 to neechli oden nathdwara at design ch. km 88.800 existing km 55.950 of nh-162e on epc mode. 618093|rajasthan,Up-gradation to 2 lane with Paved shoulder from Charbhuja at Design km 0.00 existing km 150.00 to Neechli Oden Nathdwara at Design ch. Km 88.800 existing km 55.950 of NH-162E on EPC mode. 618093,MoRTH,,,,Rajasthan,2026-06,2026-06,1,838.43,43.9,
upgradation of two lane paved shoulder from shahpura existing km. 0.00 design ch. 000 to thanagazi existing km.37352 design ch. 36810 of nh- 248a on epc mode in the state of rajasthan. 618118|rajasthan,Upgradation of two lane paved shoulder from Shahpura existing km. 0.00 Design Ch. 000 to Thanagazi existing Km.37352 Design Ch. 36810 of NH- 248A on EPC mode in the State of Rajasthan. 618118,MoRTH,,,,Rajasthan,2026-06,2026-06,1,174.34,100.48,
delhi-vadodara greenfield alignment nh-148n pkg-14 ch. 388.420 to ch. 419.000 [junction with nh- 76 to junction with nh-12 near village ummedpura] 618456|rajasthan,Delhi-Vadodara Greenfield Alignment NH-148N Pkg-14 Ch. 388.420 to Ch. 419.000 [Junction with NH- 76 to Junction with NH-12 near village Ummedpura] 618456,NHAI,,,,Rajasthan,2026-06,2026-06,1,1194.17,1114.19,
4l greenfield spur from delhi-vadodara greenfield expressway near bandikui to jaipur 619063|rajasthan,4L Greenfield spur from Delhi-Vadodara Greenfield expressway near Bandikui to Jaipur 619063,NHAI,,,,Rajasthan,2026-06,2026-06,1,2170.39,1283.3,
dindigul bypass - samyanallore from km. 373.275 to km. 426.00 618562|tamil nadu,Dindigul Bypass - Samyanallore from km. 373.275 to km. 426.00 618562,NHAI,,,,Tamil Nadu,2026-06,2026-06,1,295.5,141.09,
trichy 135.800 to karur 218.000 section of nh-67 - trichy bypass 618743|tamil nadu,Trichy 135.800 to Karur 218.000 section of NH-67 - Trichy Bypass 618743,NHAI,,,,Tamil Nadu,2026-06,2026-06,1,360.88,336.71,
4l of vadugapatti to therkuvenganallur rajapalyam section from km 36.000 to km 71.600 of nh-744 618745|tamil nadu,4L of Vadugapatti to Therkuvenganallur Rajapalyam section from km 36.000 to km 71.600 of NH-744 618745,NHAI,,,,Tamil Nadu,2026-06,2026-06,1,1137.16,954.04,
tuticorin - tirunelveli from km. 0.00 to km. 47.250 618773|tamil nadu,Tuticorin - Tirunelveli from km. 0.00 to km. 47.250 618773,NHAI,,,,Tamil Nadu,2026-06,2026-06,1,452.48,2.8,
four laning of trichy - dindigul from km. 333.00 to km. 421.273 of nh-45 618874|tamil nadu,Four Laning of Trichy - Dindigul from km. 333.00 to km. 421.273 of NH-45 618874,NHAI,,,,Tamil Nadu,2026-06,2026-06,1,435.81,377.7,
4l of sethiyathope -cholapuram section from km. 65.960 to km. 116.440 section of nh45 c pkg-ii 618897|tamil nadu,4L of Sethiyathope -Cholapuram section from Km. 65.960 to Km. 116.440 section of NH45 C Pkg-II 618897,NHAI,,,,Tamil Nadu,2026-06,2026-06,1,2356.9,1697.35,
salem - ulundurpet section from km 0.313 to km 136.670 of nh-68 618943|tamil nadu,Salem - Ulundurpet section from km 0.313 to km 136.670 of NH-68 618943,NHAI,,,,Tamil Nadu,2026-06,2026-06,1,1019.85,940.44,
thumbipadi-namakkal from km. 180.00 to km. 248.625 package no. ns- 2/bot/tn-02 619083|tamil nadu,Thumbipadi-Namakkal from km. 180.00 to km. 248.625 Package No. NS- 2/BOT/TN-02 619083,NHAI,,,,Tamil Nadu,2026-06,2026-06,1,395.43,392.41,
start of karur bypass - dindigul from km. 292.600 to km. 305.600 contract package no. ns2/bot/tn-4 619084|tamil nadu,Start of Karur Bypass - Dindigul from km. 292.600 to km. 305.600 Contract Package No. NS2/BOT/TN-4 619084,NHAI,,,,Tamil Nadu,2026-06,2026-06,1,515.03,222.72,
rehabilitation & upgradation of nh - 167 from design km 187.723 to 234.434 miryalaguda to kodad section to two lane with paved shoulder on epc mode in the state of telangana 617992|telangana,Rehabilitation & upgradation of NH - 167 from design km 187.723 to 234.434 Miryalaguda to Kodad section to two lane with paved shoulder on EPC mode in the state of Telangana 617992,MoRTH,,,,Telangana,2026-06,2026-06,1,322.81,154.47,
widening to 2/4 lane with paved shoulders from km 182.120 to km 227.600 of nh 167 on haggari-jadcherla road on epc mode under nho in the state of telangana 617996|telangana,Widening to 2/4 Lane with paved shoulders from Km 182.120 to Km 227.600 of NH 167 on Haggari-Jadcherla Road on EPC mode under NHO in the state of Telangana 617996,MoRTH,,,,Telangana,2026-06,2026-06,1,298.0,238.2,
rehabilitation and upgradation to two lane with paved shoulders from km 0/000 to 72/6 of nh-365 nakrekal to tanamcherla section under nhdp iv in the state of telangana under epc mode 618026|telangana,Rehabilitation and upgradation to two lane with paved shoulders from Km 0/000 to 72/6 of NH-365 Nakrekal to Tanamcherla section under NHDP IV in the state of Telangana under EPC mode 618026,MoRTH,,,,Telangana,2026-06,2026-06,1,605.08,585.2,
widening & strengthening of existing carriageway in 2 lane with paved shoulders from km 25/0 to 59/2 design ch km 25.467 to 59.200 of nh - 353c on epc mode in the state of telangana 618132|telangana,Widening & strengthening of existing carriageway in 2 lane with paved shoulders from km 25/0 to 59/2 design Ch km 25.467 to 59.200 of NH - 353C on EPC mode in the state of Telangana 618132,MoRTH,,,,Telangana,2026-06,2026-06,1,206.13,318.62,
widening to two lane with paved shoulders from km.40/410 to 84/037 of thirumanlagiri-- suryapet section of nh-365b earstwhile section of sh-16 618142|telangana,Widening to Two lane with Paved shoulders from km.40/410 to 84/037 of Thirumanlagiri-- Suryapet Section of NH-365B earstwhile section of SH-16 618142,MoRTH,,,,Telangana,2026-06,2026-06,1,244.54,147.48,
widening to two lane with paved shoulders from km.0/970 to km.40/410 of jangaon - thirumal giriof nh- 365b in the state of telanganaon epc mode under nho annual plan 2016-17 618143|telangana,widening to two lane with Paved shoulders from Km.0/970 to Km.40/410 of Jangaon - Thirumal giriof NH- 365B in the state of Telanganaon EPC mode under NHO Annual Plan 2016-17 618143,MoRTH,,,,Telangana,2026-06,2026-06,1,197.0,3.24,
rehabilitation & upgradation of road from km 0.00 to km 18.600 total length- 18.600 km of kumarghat-kailashahar section on nh-208 to 2-lane with paved shoulder on epc bais under nho 618386|tripura,Rehabilitation & Upgradation of Road from Km 0.00 to Km 18.600 Total length- 18.600 km of Kumarghat-Kailashahar section on NH-208 to 2-lane with Paved shoulder on EPC bais under NHO 618386,NHIDCL,,,,Tripura,2026-06,2026-06,1,302.03,273.04,
"construction of four-lane elevated viaduct from km.4634 to km.6345 on nh-24a including retaining wall, service lane, at grade road and improvement of junctions, on epc mode 618008|uttar pradesh","Construction of four-lane elevated viaduct from km.4634 to km.6345 on NH-24A including Retaining wall, service lane, at grade road and improvement of junctions, on EPC mode 618008",MoRTH,,,,Uttar Pradesh,2026-06,2026-06,1,269.81,200.32,
improvement and upgradation to two lane with paved shoulder configuration from existing km 55.00 to km 90.00 design length 34.76 of nh-227a near chhapia village to near sikriganj in the state of up on epc mode. 618110|uttar pradesh,Improvement and upgradation to two lane with Paved Shoulder configuration from existing km 55.00 to km 90.00 Design length 34.76 of NH-227A near Chhapia Village to near Sikriganj in the State of UP on EPC Mode. 618110,MoRTH,,,,Uttar Pradesh,2026-06,2026-06,1,307.11,136.8,
6l greenfield kanpur - lucknow expressway pkg ii from km. 28.500 to km. 73.744 618498|uttar pradesh,6L Greenfield Kanpur - Lucknow Expressway Pkg II from km. 28.500 to km. 73.744 618498,NHAI,,,,Uttar Pradesh,2026-06,2026-06,1,2489.0,1439.5,
6l of agra bypass northern connecting km. 174.500 of nh-2 new nh-19 to km. 141.000 of yamuna expressways 618553|uttar pradesh,6L of Agra Bypass Northern connecting Km. 174.500 of NH-2 new NH-19 to Km. 141.000 of Yamuna Expressways 618553,NHAI,,,,Uttar Pradesh,2026-06,2026-06,1,1034.42,759.58,
strengthening of existing 4l ayodhya bypass section from design km. 121 600 to km. 144020 of nh 28 new nh 27pkg-3 618565|uttar pradesh,Strengthening of existing 4L Ayodhya Bypass Section from design Km. 121 600 to Km. 144020 of NH 28 New NH 27Pkg-3 618565,NHAI,,,,Uttar Pradesh,2026-06,2026-06,1,281.13,270.75,
4l spur of panipat - shamli connecting nh-709ad panipat shamli muzaffarnagar and nh-709a karnal meerut bypassing shamli district up 618770|uttar pradesh,4L Spur of Panipat - Shamli connecting NH-709AD Panipat Shamli Muzaffarnagar and NH-709A Karnal Meerut bypassing Shamli district UP 618770,NHAI,,,,Uttar Pradesh,2026-06,2026-06,1,273.42,247.21,
2l ps of raebareli - jagdishpur with 4l jagdishpur bypass spur 618854|uttar pradesh,2L PS of Raebareli - Jagdishpur with 4L Jagdishpur Bypass Spur 618854,NHAI,,,,Uttar Pradesh,2026-06,2026-06,1,752.52,534.31,
"improvement and up-gradation of existing road to 2/4l ps from km 40.000 to 88.750, start of khutar bypass to start of shahjahanpur bypass of nh 731pkg-i 618855|uttar pradesh","Improvement and Up-Gradation of Existing Road to 2/4L PS from Km 40.000 to 88.750, start of Khutar bypass to start of Shahjahanpur bypass of NH 731Pkg-I 618855",NHAI,,,,Uttar Pradesh,2026-06,2026-06,1,838.68,616.56,
4l from mathura bypass start at existing km. 154.20 of nh-44 to gaju village at km 32.982 of nh-530b pkg-ib 618864|uttar pradesh,4L from Mathura Bypass Start at Existing Km. 154.20 of NH-44 to Gaju Village at Km 32.982 of NH-530B Pkg-IB 618864,NHAI,,,,Uttar Pradesh,2026-06,2026-06,1,1820.77,1057.04,
4l from gaju village at km. 32.982 to devinagar bypass end at km. 208.000 of nh-530b pkg-1c. 618865|uttar pradesh,4L from Gaju Village at Km. 32.982 to Devinagar Bypass End at Km. 208.000 of NH-530B Pkg-1C. 618865,NHAI,,,,Uttar Pradesh,2026-06,2026-06,1,1496.44,862.65,
4l prayagraj greenfield by-pass from design km 50860 near nibi kala uperhar to design km 64763 on nh-19 near khodaypur kasgaon including interchange loop at nh-19 618959|uttar pradesh,4L Prayagraj Greenfield By-pass from design Km 50860 near Nibi Kala Uperhar to design Km 64763 on NH-19 near Khodaypur Kasgaon including Interchange loop at NH-19 618959,NHAI,,,,Uttar Pradesh,2026-06,2026-06,1,427.54,412.74,
reconstruction of existing 2 l/il to 2l with paved shoulder from existing km 52.200 to 92.880 of nh- 617970|uttarakhand,Reconstruction of existing 2 L/IL to 2L with paved shoulder from existing km 52.200 to 92.880 of NH- 617970,MoRTH,,,,Uttarakhand,2026-06,2026-06,1,282.08,352.53,
rehabilitation and upgradation to 2 lane with paved shoulder configuration from km 122.00 dharasu bend to km 147.230 silkyara bend of nh-94 in the state of uttarakhand 617975|uttarakhand,Rehabilitation and upgradation to 2 lane with paved shoulder configuration from km 122.00 Dharasu Bend to km 147.230 Silkyara Bend of NH-94 in the state of Uttarakhand 617975,MoRTH,,,,Uttarakhand,2026-06,2026-06,1,237.79,196.69,
revamping of old sub-systems of blast furnace 3 at bokaro steel plant 617253|jharkhand,Revamping of old sub-systems of Blast Furnace 3 at Bokaro Steel Plant 617253,Steel Authority of India Limited [SAIL],,Ministry of Steel,Steel,Jharkhand,2026-06,2026-06,1,513.82,415.18,
jharkhand|ministry of health & family welfare,Jharkhand,,,,,Ministry of Health & Family Welfare,2026-03,2026-03,1,958.9,332.0,
madhya pradesh|ministry of petroleum & natural gas,Madhya Pradesh,,,,,Ministry of Petroleum & Natural Gas,2026-03,2026-03,1,10088.0,8213.84,
nagaland|ministry of road transport & highways,Nagaland,,,,,Ministry of Road Transport & Highways,2026-03,2026-05,2,6745.08,934.92,
sikkim|ministry of railways,Sikkim,,,,,Ministry of Railways,2026-03,2026-03,1,11775.0,10618.63,
"354 uncovered villages scheme 701600|multi-states (bihar, gujarat, himachal pradesh, jammu and kashmir, ladakh, rajasthan, uttar pradesh)",354 Uncovered Villages Scheme 701600,Department of Telecommunications [DoT],,Department of Telecommunications,Telecommunication,"Multi-States (Bihar, Gujarat, Himachal Pradesh, Jammu and Kashmir, Ladakh, Rajasthan, Uttar Pradesh)",2026-03,2026-03,1,301.13,246.04,
"ahmedabad metro rail project, phase-ii 702631|gujarat","Ahmedabad Metro Rail Project, Phase-II 702631",Gujarat Metro Rail Corporation Limited [GMRCL],,Department of Telecommunications,Urban Public Transport,Gujarat,2026-03,2026-03,1,5384.17,5358.41,
"delhi-ghaziabad-meerut regional rapid transit system [rrts] corridor 702633|multi-states (delhi, uttar pradesh)",Delhi-Ghaziabad-Meerut Regional Rapid Transit System [RRTS] corridor 702633,National Capital Region Transport Corporation [NCRTC],,Department of Telecommunications,Urban Public Transport,"Multi-States (Delhi, Uttar Pradesh)",2026-03,2026-03,1,30274.0,27950.13,
c/o construction of 200 bedded [up-gradable to 300 bedded] esi hospital at surat gujarat. 612185|gujarat,C/o Construction of 200 bedded [Up-gradable to 300 bedded] ESI Hospital at Surat Gujarat. 612185,Employee's State Insurance Company [ESIC],,Department of Telecommunications,Healthcare,Gujarat,2026-03,2026-03,1,209.36,202.62,
construction of aviation fuel farm facilities at bhogapuram airport 616235|andhra pradesh,Construction of Aviation Fuel farm Facilities at Bhogapuram Airport 616235,Ministry of Petroleum & Natural Gas,,Department of Telecommunications,Energy Storage,Andhra Pradesh,2026-03,2026-03,1,240.0,152.91,
"grass root pol terminal at vallur, chennai 400077|tamil nadu","Grass root POL Terminal at Vallur, Chennai 400077",Indian Oil Corporation Limited [IOCL],,Department of Telecommunications,Energy Storage,Tamil Nadu,2026-03,2026-03,1,887.71,661.1,
"city gas distribution project at kurnool, guntur & prakasam districts 709766|andhra pradesh","City Gas Distribution Project at Kurnool, Guntur & Prakasam Districts 709766",MinistryofPetroleumNaturalGas,,Department of Telecommunications,Oil & Gas,Andhra Pradesh,2026-03,2026-03,1,1420.0,171.55,
part replacement pipeline project [prpp] 709846|maharashtra,Part Replacement Pipeline Project [PRPP] 709846,Oil and Natural Gas Corporation Limited [ONGC],,Department of Telecommunications,Oil & Gas,Maharashtra,2026-03,2026-03,1,1145.1,833.21,
"upgradation of facilities of numaligarh-siliguri product pipeline [nspl] for transportation of additional products from existing 1.72 mmtpa to 5.5 mmtpa 701350|multi-states (assam, west bengal)",Upgradation of Facilities of Numaligarh-Siliguri Product Pipeline [NSPL] for transportation of additional products from existing 1.72 MMTPA to 5.5 MMTPA 701350,Ministry of Petroleum & Natural Gas,,Department of Telecommunications,Oil & Gas,"Multi-States (Assam, West Bengal)",2026-03,2026-03,1,750.0,639.43,
construction of oil jetty no.8 at old kandla through internal resources 701568|gujarat,Construction of oil jetty No.8 at old kandla through internal resources 701568,Deendayal Port Trust [DPT],,Department of Telecommunications,Shipping,Gujarat,2026-03,2026-03,1,225.85,186.47,
berth no. 2 [previously berth 3] of hdc mechanization project 701576|west bengal,Berth No. 2 [previously Berth 3] of HDC Mechanization Project 701576,"Haldia Dock Complex, Syama Prasad Mookerjee Port Authority",,Department of Telecommunications,Shipping,West Bengal,2026-03,2026-03,1,298.26,480.0,
tehri pumped storage plant project [4x250 mw] 602193|uttarakhand,Tehri Pumped Storage Plant Project [4x250 MW] 602193,THDC India Limited,,Department of Telecommunications,Electricity Generation,Uttarakhand,2026-03,2026-03,1,8339.0,8267.03,
augmentation of 1x1500 mva 3rd 765/400 kv transformation capacity at kurnool new substation 612856|andhra pradesh,Augmentation of 1x1500 MVA 3rd 765/400 kV transformation capacity at Kurnool New Substation 612856,Power Grid Corporation of India Limited [POWERGRID],,Department of Telecommunications,Transmission & Distribution,Andhra Pradesh,2026-03,2026-03,1,163.61,163.61,
katni - bina third railway line [279 km] 705651|madhya pradesh,Katni - Bina Third Railway Line [279 km] 705651,West Central Railway WCR I,,Department of Telecommunications,Railways,Madhya Pradesh,2026-03,2026-03,1,4127.23,3368.11,
"hotgi-kudgi-gadag doubling project 705662|multi-states (karnataka, maharashtra)",Hotgi-Kudgi-Gadag Doubling Project 705662,South Western Railway [SWR] - II,,Department of Telecommunications,Railways,"Multi-States (Karnataka, Maharashtra)",2026-03,2026-03,1,2459.0,2771.29,
"6l standalone flyovers at bongaigaon, chapaguri, pathsala, simlaguri chowk and baihata bypass junctions on stretches of nh-31 and nh-27 618575|assam","6L Standalone Flyovers at Bongaigaon, Chapaguri, Pathsala, Simlaguri chowk and Baihata Bypass Junctions on stretches of NH-31 and NH-27 618575",National Highways Authority of India [NHAI],,Department of Telecommunications,Roads & Highways,Assam,2026-03,2026-03,1,412.15,371.63,
delhi-vadodara greenfield alignment nh-148n pkg-30 ch 803420 to ch.824920 [baletiya village - junction near pratap nagar village] 618461|gujarat,Delhi-Vadodara Greenfield Alignment NH-148N Pkg-30 Ch 803420 to Ch.824920 [Baletiya Village - Junction near Pratap Nagar Village] 618461,National Highways Authority of India [NHAI],,,,Gujarat,2026-03,2026-03,1,1800.73,1090.06,
construction of tunnels/viaducts at identified sliding/slip zones at km 130.550 to km.130.750 km. 131.170 to km. 131.763 km. 132.560 to km. 133.168 km. 133.590 to km. 133.743 and km. 147.877 to km. 148.715 of udhampur-ramban section of nh-44 618546|jammu and kashmir,Construction of Tunnels/Viaducts at identified sliding/slip zones at Km 130.550 to Km.130.750 Km. 131.170 to Km. 131.763 Km. 132.560 to Km. 133.168 Km. 133.590 to Km. 133.743 and Km. 147.877 to Km. 148.715 of Udhampur-Ramban section of NH-44 618546,National Highways Authority of India [NHAI],,,,Jammu and Kashmir,2026-03,2026-03,1,533.11,458.86,
stand-alone ring road/bypass around jammu city from raya morh km. -0.687 to jagti km. 57.568 618548|jammu and kashmir,Stand-alone Ring road/bypass around Jammu City from Raya Morh km. -0.687 to Jagti km. 57.568 618548,National Highways Authority of India [NHAI],,,,Jammu and Kashmir,2026-03,2026-03,1,2117.63,996.53,
4l of byrapura to challakere section from km 308.550 to km 358.500 of nh-150 a 619115|karnataka,4L of Byrapura to Challakere Section from km 308.550 to km 358.500 of NH-150 A 619115,National Highways Authority of India [NHAI],,,,Karnataka,2026-03,2026-03,1,1195.54,430.26,
"bellary to byrapura section km 253.600 to km 308.550 of nh-150a 618696|multi-states (andhra pradesh, karnataka)",Bellary to Byrapura Section km 253.600 to km 308.550 of NH-150A 618696,National Highways Authority of India [NHAI],,,,"Multi-States (Andhra Pradesh, Karnataka)",2026-03,2026-03,1,1689.6,553.21,
"4l of nagina-kashipur section from km. 73.00 to km. 175.00 of nh-74 618876|multi-states (uttar pradesh, uttarakhand)",4L of Nagina-Kashipur section from km. 73.00 to km. 175.00 of NH-74 618876,National Highways Authority of India [NHAI],,,,"Multi-States (Uttar Pradesh, Uttarakhand)",2026-03,2026-03,1,2531.19,496.78,
6l of it city chowk to kurali chandigarh road 618789|punjab,6L of IT City Chowk to Kurali Chandigarh Road 618789,National Highways Authority of India [NHAI],,,,Punjab,2026-03,2026-03,1,1936.54,1695.39,
4l rampur bypass from km. 181.000 to km. 189.500 618689|uttar pradesh,4L Rampur Bypass from Km. 181.000 to Km. 189.500 618689,National Highways Authority of India [NHAI],,,,Uttar Pradesh,2026-03,2026-03,1,307.95,272.05,
construction of residential towers at biom kirandul complex 709827|chhattisgarh,CONSTRUCTION OF RESIDENTIAL TOWERS AT BIOM KIRANDUL COMPLEX 709827,National Mineral Development Corporation Limited [NMDC],,Ministry of Steel,Steel,Chhattisgarh,2026-03,2026-03,1,349.75,326.85,
bihar|ministry of health & family welfare,Bihar,,,,,Ministry of Health & Family Welfare,2026-05,2026-05,1,1878.0,930.01,
gujarat|ministry of housing & urban affairs,Gujarat,,,,,Ministry of Housing & Urban Affairs,2026-05,2026-05,1,539.0,623.44,
jharkhand|ministry of power,Jharkhand,,,,,Ministry of Power,2026-05,2026-05,1,34660.0,21029.19,
rajasthan|department for promotion of industry & internal trade,Rajasthan,,,,,Department for Promotion of Industry & Internal Trade,2026-05,2026-05,1,921.66,0.0,
sikkim|ministry of power,Sikkim,,,,,Ministry of Power,2026-05,2026-05,1,7576.15,6120.19,
300 mw spp part of 510 mw cpsu scheme 612819|rajasthan,300 MW SPP part of 510 MW CPSU scheme 612819,NLC India Limited [NLCIL],,Ministry of Coal,Electricity Generation,Rajasthan,2026-05,2026-05,1,1813.0,1753.07,
50 mw solar pp minedout area 615327|tamil nadu,50 MW Solar PP Minedout Area 615327,NLC India Limited [NLCIL],,Ministry of Coal,Electricity Generation,Tamil Nadu,2026-05,2026-05,1,218.03,170.13,
ghatampur thermal power plant 3 x 660 mw 400259|uttar pradesh,Ghatampur Thermal Power Plant 3 X 660 MW 400259,NLC India Limited [NLCIL],,Ministry of Coal,Electricity Generation,Uttar Pradesh,2026-05,2026-05,1,21780.9,21287.24,
ahmedabad metro rail project [phase-i] 702639|gujarat,Ahmedabad Metro Rail Project [Phase-I] 702639,Gujarat Metro Rail Corporation Limited [GMRCL],,Ministry of Coal,Urban Public Transport,Gujarat,2026-05,2026-05,1,12924.5,12521.43,
mira-bhayandar water supply infrastructure project 702840|maharashtra,Mira-Bhayandar Water Supply Infrastructure Project 702840,Ministry of Housing & Urban Affairs,,Ministry of Coal,Waste & Water,Maharashtra,2026-05,2026-05,1,204.55,193.2,
solapur sewerage management infrastructure project 702854|maharashtra,Solapur Sewerage Management Infrastructure Project 702854,Ministry of Housing & Urban Affairs,,Ministry of Coal,Waste & Water,Maharashtra,2026-05,2026-05,1,180.24,172.22,
"construction of 200 bedded esic hospital with 62 nos staff quarters , beltola 612201|assam","Construction of 200 bedded ESIC Hospital with 62 Nos Staff quarters , Beltola 612201",Employee's State Insurance Company [ESIC],,Ministry of Coal,Healthcare,Assam,2026-05,2026-05,1,154.75,130.08,
"construction of 200 bedded [upgradable to 500 bedded including 50 beds of sst] esic hospital at bibewadi, pune 612188|maharashtra","Construction of 200 Bedded [Upgradable to 500 Bedded including 50 beds of SST] ESIC Hospital at Bibewadi, Pune 612188",Employee's State Insurance Company [ESIC],,Ministry of Coal,Healthcare,Maharashtra,2026-05,2026-05,1,429.25,341.9,
"guwahati refinery expansion [1.0 to 1.2 mmtpa] along with installation of cru, guwahati refinery 607701|assam","Guwahati Refinery Expansion [1.0 to 1.2 MMTPA] along with installation of CRU, Guwahati Refinery 607701",Ministry of Petroleum & Natural Gas,,Ministry of Coal,Oil & Gas,Assam,2026-05,2026-05,1,577.0,487.31,
"cgd project in banka, dumka, godda, jamtara, pakur, sahibganj ga id 11a.02 709757|multi-states (bihar, jharkhand)","CGD Project in Banka, Dumka, Godda, Jamtara, Pakur, Sahibganj GA ID 11A.02 709757",Hindustan Petroleum Corporation Limited,,Ministry of Coal,Oil & Gas,"Multi-States (Bihar, Jharkhand)",2026-05,2026-05,1,1377.0,377.51,
"mumbai nagpur jharsuguda pipeline project 701354|multi-states (chhattisgarh, madhya pradesh, maharashtra, odisha)",Mumbai Nagpur Jharsuguda Pipeline Project 701354,Ministry of Petroleum & Natural Gas,,Ministry of Coal,Oil & Gas,"Multi-States (Chhattisgarh, Madhya Pradesh, Maharashtra, Odisha)",2026-05,2026-05,1,8255.0,7109.3,
"cgd project in malda, birbhum, murshidabad, dakshin dinajpur ga id 11a.03 709758|west bengal","CGD Project in Malda, Birbhum, Murshidabad, Dakshin Dinajpur GA ID 11A.03 709758",Hindustan Petroleum Corporation Limited,,Ministry of Coal,Oil & Gas,West Bengal,2026-05,2026-05,1,2628.0,390.91,
"transmission network expansion in gujarat to increase its atc from ists part b 400005|multi-states (dadra & nagar haveli and daman & diu, gujarat, maharashtra)",Transmission Network Expansion in Gujarat to increase its ATC from ISTS Part B 400005,Power Grid Corporation of India Limited [POWERGRID],,Ministry of Coal,Transmission & Distribution,"Multi-States (Dadra & Nagar Haveli and Daman & Diu, Gujarat, Maharashtra)",2026-05,2026-05,1,4546.26,4546.26,
transmission system for evacuation of power from rez in rajasthan 20gw under phase iii- part e2 611947|rajasthan,Transmission System for Evacuation of Power from REZ in Rajasthan 20GW under Phase III- Part E2 611947,Power Grid Corporation of India Limited [POWERGRID],,Ministry of Coal,Transmission & Distribution,Rajasthan,2026-05,2026-05,1,428.3,428.3,
4l of dwarka-khambaliya-devariya section from km 203.500 to km 176.500 and from km 171.800 to km 125.000 of nh-151a 619137|gujarat,4L of Dwarka-Khambaliya-Devariya section from km 203.500 to km 176.500 and from km 171.800 to km 125.000 of NH-151A 619137,National Highways Authority of India [NHAI],,Ministry of Coal,Roads & Highways,Gujarat,2026-05,2026-05,1,1753.95,885.64,
tumkur-chitradurga 619070|karnataka,Tumkur-Chitradurga 619070,National Highways Authority of India [NHAI],,Ministry of Coal,Roads & Highways,Karnataka,2026-05,2026-05,1,47.44,8.42,
bihar|ministry of petroleum & natural gas,Bihar,,,,,Ministry of Petroleum & Natural Gas,2025-09,2025-11,2,11407.0,10063.21,
gujarat|ministry of power,Gujarat,,,,,Ministry of Power,2025-11,2025-11,1,339.35,317.59,
karnataka|ministry of housing & urban affairs,Karnataka,,,,,Ministry of Housing & Urban Affairs,2025-11,2025-11,1,337.69,178.89,
punjab|ministry of railways,Punjab,,,,,Ministry of Railways,2025-11,2025-11,1,15703.0,9402.74,
"uttar pradesh|department of water resources, river development & gr",Uttar Pradesh,,,,,"Department of Water Resources, River Development & GR",2025-11,2025-11,1,6309.81,4689.88,
lucknow airport-terminal 3- phase 1 & other associated works 701091|uttar pradesh,Lucknow Airport-Terminal 3- Phase 1 & Other Associated Works 701091,Adani Airport Holdings Limited,,Ministry of Civil Aviation,Aviation & Aviation Infrastructure,Uttar Pradesh,2025-11,2025-11,1,3100.0,3112.57,
jampali oc rce [2.0 mty] 613795|chhattisgarh,JAMPALI OC RCE [2.0 MTY] 613795,South Eastern Coalfields Limited [SECL],,Ministry of Civil Aviation,Coal,Chhattisgarh,2025-11,2025-11,1,278.64,210.07,
"c/o 184 ms flats for hon'ble mps at bks marg, new delhi 617282|delhi","C/o 184 MS Flats for Hon'ble MPs at BKS Marg, New Delhi 617282",Central Public Works Department [CPWD],,Ministry of Civil Aviation,Construction,Delhi,2025-11,2025-11,1,646.52,540.04,
dibrugarh water supply infrastructure project 702682|assam,Dibrugarh Water Supply Infrastructure Project 702682,Ministry of Housing & Urban Affairs,,Ministry of Civil Aviation,Waste & Water,Assam,2025-11,2025-11,1,186.8,186.8,
"construction of new opd block 200 bed ward basement + gf + 6 floors at the location of old opd block, at existing esic hospital/ medical college campus, sanathnagar, hyderabad 612688|telangana","Construction of New OPD Block 200 Bed ward Basement + GF + 6 Floors at the location of old OPD block, at existing ESIC Hospital/ Medical college campus, Sanathnagar, Hyderabad 612688",Employee's State Insurance Company [ESIC],,Ministry of Civil Aviation,Healthcare,Telangana,2025-11,2025-11,1,211.13,198.95,
"construction of new dry dock at exisitng cochin shipyard limited premises at perumanoor, kochi 682 015 701564|kerala","Construction of new dry dock at exisitng Cochin Shipyard Limited premises at Perumanoor, Kochi 682 015 701564",Cochin Shipyard,,Ministry of Civil Aviation,Shipping,Kerala,2025-11,2025-11,1,1799.0,1558.39,
western region expansion scheme-xxv 611737|chhattisgarh,Western Region Expansion Scheme-XXV 611737,Power Grid Corporation of India Limited [POWERGRID],,Ministry of Civil Aviation,Transmission & Distribution,Chhattisgarh,2025-11,2025-11,1,385.84,385.84,
transmission system strengthening scheme for evacuation of power from solar energy zones in rajasthan 8.1 gw under phase ii- part- g1 608301|delhi,Transmission system strengthening scheme for evacuation of power from solar energy zones in Rajasthan 8.1 GW under Phase II- Part- G1 608301,Power Grid Corporation of India Limited [POWERGRID],,Ministry of Civil Aviation,Transmission & Distribution,Delhi,2025-11,2025-11,1,359.47,359.47,
transmission scheme for evacuation of 4.5gw re injection at khavda ps under phase ii- part b 611656|gujarat,Transmission scheme for evacuation of 4.5GW RE injection at Khavda PS under Phase II- Part B 611656,Power Grid Corporation of India Limited [POWERGRID],,Ministry of Civil Aviation,Transmission & Distribution,Gujarat,2025-11,2025-11,1,1167.0,1167.0,
establishment of khavda pooling station-2 kps2 in khavda re park kps2 transmission system limited 611660|gujarat,Establishment of Khavda Pooling Station-2 KPS2 in Khavda RE Park KPS2 TRANSMISSION SYSTEM LIMITED 611660,Power Grid Corporation of India Limited [POWERGRID],,Ministry of Civil Aviation,Transmission & Distribution,Gujarat,2025-11,2025-11,1,966.79,966.79,
transmission system for evacuation of power from pakaldul hep in chenab valley heps - lta system 608302|jammu and kashmir,Transmission system for evacuation of Power from Pakaldul HEP in Chenab Valley HEPs - LTA System 608302,Power Grid Corporation of India Limited [POWERGRID],,Ministry of Civil Aviation,Transmission & Distribution,Jammu and Kashmir,2025-11,2025-11,1,318.12,318.12,
"transmission system strengthening scheme for evacuation of power from sez in rajasthan 8.1 gw under phase ii part g 608922|multi-states (delhi, haryana, rajasthan)",Transmission System Strengthening Scheme for evacuation of power from SEZ in Rajasthan 8.1 GW under Phase II Part G 608922,Power Grid Corporation of India Limited [POWERGRID],,Ministry of Civil Aviation,Transmission & Distribution,"Multi-States (Delhi, Haryana, Rajasthan)",2025-11,2025-11,1,2218.0,2218.0,
"transmission system for strengthening of srinagar-leh tr. system 606781|multi-states (jammu and kashmir, ladakh)",Transmission System for Strengthening of Srinagar-Leh Tr. System 606781,Power Grid Corporation of India Limited [POWERGRID],,Ministry of Civil Aviation,Transmission & Distribution,"Multi-States (Jammu and Kashmir, Ladakh)",2025-11,2025-11,1,288.71,288.71,
617321|godhani-kalumna chord 13.7 km,617321,,,PROJECT ID,,GODHANI-KALUMNA CHORD 13.7 KM,2025-09,2025-10,4,1940.0,11.0,
bihar|ministry of housing & urban affairs,Bihar,,,,,Ministry of Housing & Urban Affairs,2025-10,2025-10,1,13365.8,4039.77,
"karnataka|department of water resources, river development & gr",Karnataka,,,,,"Department of Water Resources, River Development & GR",2025-10,2025-10,1,1606.07,1515.32,
"maharashtra|ministry of ports, shipping and waterways",Maharashtra,,,,,"Ministry of Ports, Shipping and Waterways",2025-10,2025-10,1,693.0,58.0,
"punjab|department of water resources, river development & gr",Punjab,,,,,"Department of Water Resources, River Development & GR",2025-10,2025-10,1,5177.86,5182.41,
tripura|ministry of power,Tripura,,,,,Ministry of Power,2025-10,2025-10,1,6700.0,5317.79,
hp trijet unit in visakh refinery 709761|andhra pradesh,HP Trijet Unit in Visakh Refinery 709761,Hindustan Petroleum Corporation Limited,,Ministry of Petroleum & Natural Gas,Oil & Gas,Andhra Pradesh,2025-10,2025-10,1,193.0,0.43,
bathinda sangrur pipeline 612998|punjab,Bathinda Sangrur Pipeline 612998,Ministry of Petroleum and Natural Gas,,Ministry of Petroleum & Natural Gas,Oil & Gas,Punjab,2025-10,2025-10,1,397.0,355.93,
vijapur ambliyasan gauge conversion 611938|gujarat,Vijapur Ambliyasan Gauge Conversion 611938,Western Railway (WR) - II,,Ministry of Petroleum & Natural Gas,Railways,Gujarat,2025-10,2025-10,1,415.38,701.04,
himmatnagar khedbrahma gauge conversion 611939|gujarat,Himmatnagar Khedbrahma Gauge Conversion 611939,Western Railway (WR) - II,,Ministry of Petroleum & Natural Gas,Railways,Gujarat,2025-10,2025-10,1,482.42,894.4,
domingarh-gorakhpur-gorakhpur cantt.-kusumhi - 3rd railway line project 705566|uttar pradesh,Domingarh-Gorakhpur-Gorakhpur Cantt.-Kusumhi - 3rd Railway Line Project 705566,North Eastern Railway [NER],,Ministry of Petroleum & Natural Gas,Railways,Uttar Pradesh,2025-10,2025-10,1,521.47,499.64,
bahraich - nanpara - nepalganj road gauge conversion 705863|uttar pradesh,Bahraich - Nanpara - Nepalganj Road Gauge Conversion 705863,North Eastern Railway [NER],,Ministry of Petroleum & Natural Gas,Railways,Uttar Pradesh,2025-10,2025-10,1,550.0,507.02,
karnataka|ministry of civil aviation,Karnataka,,,,,Ministry of Civil Aviation,2025-09,2025-09,1,1143.4,535.64,
rajasthan|ministry of civil aviation,Rajasthan,,,,,Ministry of Civil Aviation,2025-09,2025-09,1,1367.0,680.64,
"ioe projects [civil works], iit kharagpur 609041|west bengal","IoE Projects [Civil Works], IIT Kharagpur 609041","Indian Institute of Technology, Kharagpur",,Department of Higher Education,Education,West Bengal,2025-09,2025-09,1,287.2,310.0,
durgawati reservoir project 701371|bihar,Durgawati Reservoir Project 701371,Irrigation and CAD-TG,,Department of Higher Education,Water Resources,Bihar,2025-09,2025-09,1,971.96,978.51,
arjun sahayak project 400117|uttar pradesh,Arjun Sahayak Project 400117,Irrigation & Water Resources-UP,,Department of Higher Education,Water Resources,Uttar Pradesh,2025-09,2025-09,1,2465.68,3037.68,
"assam bio refinery, abrpl 604792|assam","Assam Bio Refinery, ABRPL 604792",Ministry of Petroleum & Natural Gas,,Department of Higher Education,Oil & Gas,Assam,2025-09,2025-09,1,4930.0,4770.0,
"city gas distribution project at khagaria, saharsa and madhepura 617303|bihar","City Gas Distribution Project at Khagaria, Saharsa and Madhepura 617303",Ministry of Petroleum & Natural Gas,,Department of Higher Education,Oil & Gas,Bihar,2025-09,2025-09,1,163.0,96.95,
operationalization of coastal berth & shallow water berth through ppp 708655|maharashtra,Operationalization of Coastal Berth & Shallow Water Berth through PPP 708655,Jawaharlal Nehru Port Authority [JNPA],,Department of Higher Education,Shipping,Maharashtra,2025-09,2025-09,1,366.8,376.86,
