project_id,observation_count,reporting_month,project_name,agency,project_code,ministry,sector,state,approval_date,original_completion_date,revised_completion_date,original_cost_crore,revised_cost_crore,cumulative_expenditure_crore,physical_progress_pct,source_file,source_page,extraction_timestamp
709859,13,2025-07,SETTING UP OF PHYSICAL INFRASTRUCTURE FOR THE NATIONAL INSTITUTE OF COMMUNICATION FINANCE [NICF] AT GHITORNI,National Communication Academy - Finance (Erstwhile NICF,709859,Department for Promotion of Industry & Internal Trade,Telecommunication,Delhi,04/2018,02/2020,,248.2,248.2,236.91,98.0,FlashReport_July_2025_page63_table1.csv,63,2026-08-28T21:13:50.874122
709859,13,2025-08,SETTING UP OF PHYSICAL INFRASTRUCTURE FOR THE NATIONAL INSTITUTE OF COMMUNICATION FINANCE [NICF] AT GHITORNI,National Communication Academy - Finance (Erstwhile NICF,709859,Department for Promotion of Industry & Internal Trade,Telecommunication,Delhi,10/2014,02/2020,10/2025,248.2,248.2,236.91,98.0,FlashReport_August_2025_page63_table1.csv,63,2026-08-28T21:13:48.731228
709859,13,2025-09,SETTING UP OF PHYSICAL INFRASTRUCTURE FOR THE NATIONAL INSTITUTE OF COMMUNICATION FINANCE [NICF] AT GHITORNI,National Communication Academy - Finance (Erstwhile NICF,709859,Department for Promotion of Industry & Internal Trade,Telecommunication,Delhi,10/2014,02/2020,10/2025,248.2,248.2,236.91,98.0,FlashReport_September_2025_page68_table1.csv,68,2026-08-28T21:13:53.950711
701598,26,2025-07,Provision of 4G based Mobile Services in Uncovered Villages and National Highways of Meghalaya,Department of Telecommunications [DoT],701598,Department of Telecommunications,Telecommunication,Meghalaya,09/2020,03/2022,,971.96,971.96,208.25,98.0,FlashReport_July_2025_page35_table1.csv,35,2026-08-28T21:13:50.690965
701598,26,2025-08,Provision of 4G based Mobile Services in Uncovered Villages and National Highways of Meghalaya,Department of Telecommunications [DoT],701598,Department of Telecommunications,Telecommunication,Meghalaya,09/2019,03/2022,09/2025,971.96,971.96,208.25,99.0,FlashReport_August_2025_page35_table1.csv,35,2026-08-28T21:13:48.522633
701598,26,2025-09,Provision of 4G based Mobile Services in Uncovered Villages and National Highways of Meghalaya,Department of Telecommunications,701598,Department of Telecommunications,Telecommunication,Meghalaya,09/2019,03/2022,09/2025,971.96,971.96,208.25,99.0,FlashReport_September_2025_page40_table1.csv,40,2026-08-28T21:13:53.788613
617413,12,2025-09,Mobile connectivity in Left Wing Extremism [LWE] affected areas-Phase 1 Upgradation,Department of Telecommunications [DoT],617413,Department of Telecommunications,Telecommunication,"Multi-States (Andhra Pradesh, Bihar, Chhattisgarh, Jharkhand, Madhya Pradesh, Maharashtra, Odisha, Telangana, Uttar Pradesh, West Bengal)",04/2022,05/2025,11/2025,1884.6,,,,FlashReport_September_2025_page35_table1.csv,35,2026-08-28T21:13:53.756977
701599,13,2025-07,Mobile connectivity in Left Wing Extremism [LWE] affected areas-Phase2,Department of Telecommunications [DoT],701599,Department for Promotion of Industry & Internal Trade,Telecommunication,"Multi-States (Andhra Pradesh, Bihar, Chhattisgarh, Jharkhand, Madhya Pradesh, Maharashtra, Odisha, Telangana, Uttar Pradesh, West Bengal)",09/2021,03/2023,,1577.57,1577.57,596.17,87.0,FlashReport_July_2025_page63_table1.csv,63,2026-08-28T21:13:50.874298
701599,13,2025-08,Mobile connectivity in Left Wing Extremism [LWE] affected areas-Phase2,Department of Telecommunications [DoT],701599,,,"Multi-States (Andhra Pradesh, Bihar, Chhattisgarh, Jharkhand, Madhya Pradesh, Maharashtra, Odisha, Telangana, Uttar Pradesh, West Bengal)",09/2021,03/2023,11/2025,1577.57,1577.57,598.31,87.0,FlashReport_August_2025_page64_table1.csv,64,2026-08-28T21:13:48.735575
701599,13,2025-09,Mobile connectivity in Left Wing Extremism [LWE] affected areas-Phase2,Department of Telecommunications [DoT],701599,,,"Multi-States (Andhra Pradesh, Bihar, Chhattisgarh, Jharkhand, Madhya Pradesh, Maharashtra, Odisha, Telangana, Uttar Pradesh, West Bengal)",09/2021,03/2023,11/2025,1577.57,1577.57,600.04,87.0,FlashReport_September_2025_page69_table1.csv,69,2026-08-28T21:13:53.953542
701602,13,2025-07,"Provision of 4G based mobile services in 7,287 uncovered villages of 44 Aspirational District across 5 states of Andhra Pradesh, Chhattisgarh, Jharkhand, Maharashtra & Odisha",Department of Telecommunications [DoT],701602,Department for Promotion of Industry & Internal Trade,Telecommunication,"Multi-States (Andhra Pradesh, Chhattisgarh, Jharkhand, Maharashtra, Odisha)",05/2022,11/2023,,3685.0,3685.0,1101.39,79.0,FlashReport_July_2025_page63_table1.csv,63,2026-08-28T21:13:50.874401
701602,13,2025-08,"Provision of 4G based mobile services in 7,287 uncovered villages of 44 Aspirational District across 5 states of Andhra Pradesh, Chhattisgarh, Jharkhand, Maharashtra & Odisha",Department of Telecommunications [DoT],701602,,,"Multi-States (Andhra Pradesh, Chhattisgarh, Jharkhand, Maharashtra, Odisha)",11/2021,11/2023,11/2025,3685.0,3685.0,1101.44,79.0,FlashReport_August_2025_page64_table1.csv,64,2026-08-28T21:13:48.735794
701602,13,2025-09,"Provision of 4G based mobile services in 7,287 uncovered villages of 44 Aspirational District across 5 states of Andhra Pradesh, Chhattisgarh, Jharkhand, Maharashtra & Odisha",Department of Telecommunications [DoT],701602,,,"Multi-States (Andhra Pradesh, Chhattisgarh, Jharkhand, Maharashtra, Odisha)",11/2021,11/2023,11/2025,3685.0,3685.0,1135.28,80.0,FlashReport_September_2025_page69_table1.csv,69,2026-08-28T21:13:53.953750
701597,26,2025-07,Provision of 4G Mobile Services in Uncovered Villages of Arunachal Pradesh and 2 Districts of Assam,Department of Telecommunications [DoT],701597,Department of Telecommunications,Telecommunication,"Multi-States (Assam, Arunachal Pradesh)",10/2021,04/2023,,1255.49,1255.49,284.04,89.0,FlashReport_July_2025_page35_table1.csv,35,2026-08-28T21:13:50.691122
701597,26,2025-07,Provision of 4G Mobile Services in Uncovered Villages of Arunachal Pradesh and 2 Districts of Assam,Department of Telecommunications [DoT],701597,Department for Promotion of Industry & Internal Trade,Telecommunication,"Multi-States (Arunachal Pradesh, Assam)",10/2021,04/2023,,1255.49,1255.49,284.04,89.0,FlashReport_July_2025_page63_table1.csv,63,2026-08-28T21:13:50.874488
701597,26,2025-08,Provision of 4G Mobile Services in Uncovered Villages of Arunachal Pradesh and 2 Districts of Assam,Department of Telecommunications [DoT],701597,Department of Telecommunications,Telecommunication,"Multi-States (Arunachal Pradesh, Assam)",12/2020,04/2023,09/2025,1255.49,1255.49,284.04,89.0,FlashReport_August_2025_page35_table1.csv,35,2026-08-28T21:13:48.522815
701597,26,2025-09,Provision of 4G Mobile Services in Uncovered Villages of Arunachal Pradesh and 2 Districts of Assam,Department of Telecommunications,701597,Department of Telecommunications,Telecommunication,"Multi-States (Arunachal Pradesh, Assam)",12/2020,04/2023,09/2025,1255.49,1255.49,284.04,91.0,FlashReport_September_2025_page40_table1.csv,40,2026-08-28T21:13:53.788788
704495,13,2025-07,"502 Aspirational District Scheme in Four states - Bihar, Madhya Pradesh, Rajastha and Uttar Pradesh",Department of Telecommunications [DoT],704495,Department for Promotion of Industry & Internal Trade,Telecommunication,"Multi-States (Bihar, Madhya Pradesh, Rajasthan, Uttar Pradesh)",03/2021,03/2022,,421.65,228.94,126.45,96.0,FlashReport_July_2025_page63_table1.csv,63,2026-08-28T21:13:50.874688
704495,13,2025-08,"502 Aspirational District Scheme in Four states - Bihar, Madhya Pradesh, Rajastha and Uttar Pradesh",Department of Telecommunications [DoT],704495,,,"Multi-States (Bihar, Madhya Pradesh, Rajasthan, Uttar Pradesh)",03/2021,03/2022,12/2025,421.65,228.94,134.08,96.0,FlashReport_August_2025_page64_table1.csv,64,2026-08-28T21:13:48.736291
704495,13,2025-09,"502 Aspirational District Scheme in Four states - Bihar, Madhya Pradesh, Rajastha and Uttar Pradesh",Department of Telecommunications [DoT],704495,,,"Multi-States (Bihar, Madhya Pradesh, Rajasthan, Uttar Pradesh)",03/2021,03/2022,12/2025,421.65,228.94,134.51,96.0,FlashReport_September_2025_page69_table1.csv,69,2026-08-28T21:13:53.954274
400013,13,2025-08,Saturation 4G mobile coverage of Uncovered Villages through USOF,Department of Telecommunications [DoT],400013,,,PAN India,07/2022,06/2024,03/2026,26316.0,30620.0,9791.8,73.0,FlashReport_August_2025_page64_table1.csv,64,2026-08-28T21:13:48.736592
400013,13,2025-09,Saturation 4G mobile coverage of Uncovered Villages through USOF,Department of Telecommunications [DoT],400013,,,PAN India,07/2022,06/2024,03/2026,26316.0,30620.0,9791.8,75.0,FlashReport_September_2025_page69_table1.csv,69,2026-08-28T21:13:53.954603
701593,12,2025-08,4G Services by BSNL,Department of Telecommunications [DoT],701593,,,PAN India,11/2020,03/2024,03/2026,28466.0,19592.0,8390.32,96.0,FlashReport_August_2025_page64_table1.csv,64,2026-08-28T21:13:48.736730
701593,12,2025-09,4G Services by BSNL,Department of Telecommunications [DoT],701593,,,PAN India,11/2020,03/2024,03/2026,28466.0,19592.0,8419.04,96.0,FlashReport_September_2025_page69_table1.csv,69,2026-08-28T21:13:53.954734
706775,14,2025-08,BharatNet,Department of Telecommunications [DoT],706775,,,PAN India,07/2017,08/2023,03/2027,61109.0,188000.0,41486.14,81.0,FlashReport_August_2025_page64_table1.csv,64,2026-08-28T21:13:48.736858
706775,14,2025-09,BharatNet,Department of Telecommunications [DoT],706775,,,PAN India,07/2017,08/2023,03/2027,61109.0,188000.0,41486.14,81.0,FlashReport_September_2025_page69_table1.csv,69,2026-08-28T21:13:53.954862
709856,14,2025-08,MPLS-IP BASED ACCESS AND AGGREGATION NETWORK [MAAN] IN BSNL ALONG WITH TEST AND MEASURING EQUIPMENT,BSNL,709856,,,PAN India,05/2023,08/2024,10/2025,645.13,645.13,364.34,91.0,FlashReport_August_2025_page64_table1.csv,64,2026-08-28T21:13:48.737087
709856,14,2025-09,MPLS-IP BASED ACCESS AND AGGREGATION NETWORK [MAAN] IN BSNL ALONG WITH TEST AND MEASURING EQUIPMENT,BSNL,709856,,,PAN India,05/2023,08/2024,10/2025,645.13,645.13,376.72,92.0,FlashReport_September_2025_page69_table1.csv,69,2026-08-28T21:13:53.954999
709857,12,2025-08,"Planning, Engineering, Supply, Installation, Testing, Commissioning, Integration & Annual Maintenance of 4G mobile network at 1 Lakh sites on PAN India basis including Mumbai & Delhi LSA on turnkey basis under Phase IX.2 Project.",BSNL,709857,,,PAN India,06/2023,06/2025,03/2026,24544.55,24544.5,8391.17,96.0,FlashReport_August_2025_page64_table1.csv,64,2026-08-28T21:13:48.737313
709857,12,2025-09,"Planning, Engineering, Supply, Installation, Testing, Commissioning, Integration & Annual Maintenance of 4G mobile network at 1 Lakh sites on PAN India basis including Mumbai & Delhi LSA on turnkey basis under Phase IX.2 Project.",BSNL,709857,,,PAN India,05/2023,06/2025,03/2026,24544.55,24544.5,8419.89,96.0,FlashReport_September_2025_page69_table1.csv,69,2026-08-28T21:13:53.955162
616600,12,2025-08,Interception and Diversion and STP works in Bhagalpur under Hybrid annuity based PPP mode-Namami Gange Programme,National Mission for Clean Ganga,616600,"Department of Water Resources, River Development & GR",Waste & Water,Bihar,10/2017,02/2025,12/2025,413.29,413.29,126.67,97.0,FlashReport_August_2025_page64_table1.csv,64,2026-08-28T21:13:48.737702
616600,12,2025-09,Interception and Diversion and STP works in Bhagalpur under Hybrid annuity based PPP mode-Namami Gange Programme,National Mission for Clean Ganga,616600,"Department of Water Resources, River Development & GR",Waste & Water,Bihar,10/2017,02/2025,12/2025,413.29,413.29,126.67,97.0,FlashReport_September_2025_page69_table1.csv,69,2026-08-28T21:13:53.955529
616611,12,2025-08,Sewage Treatment Plant 100MLD and Sewerage Network 288 km in Digha-Patna under Hybrid annuity based PPP mode-Namami Gange Programme,National Mission for Clean Ganga,616611,"Department of Water Resources, River Development & GR",Waste & Water,Bihar,08/2017,12/2025,,824.0,824.0,396.71,56.0,FlashReport_August_2025_page64_table1.csv,64,2026-08-28T21:13:48.737871
616611,12,2025-09,Sewage Treatment Plant 100MLD and Sewerage Network 288 km in Digha-Patna under Hybrid annuity based PPP mode-Namami Gange Programme,National Mission for Clean Ganga,616611,"Department of Water Resources, River Development & GR",Waste & Water,Bihar,08/2017,12/2025,,824.0,824.0,396.71,56.0,FlashReport_September_2025_page69_table1.csv,69,2026-08-28T21:13:53.955703
616612,12,2025-08,Sewage Treatment Plant 50MLD and Sewerage Network 150 km in Kankarbagh- Patna under Hybrid annuity based PPP mode-Namami Gange Programme,National Mission for Clean Ganga,616612,"Department of Water Resources, River Development & GR",Waste & Water,Bihar,08/2017,12/2025,,578.89,578.89,171.79,54.0,FlashReport_August_2025_page64_table1.csv,64,2026-08-28T21:13:48.738083
616612,12,2025-09,Sewage Treatment Plant 50MLD and Sewerage Network 150 km in Kankarbagh- Patna under Hybrid annuity based PPP mode-Namami Gange Programme,National Mission for Clean Ganga,616612,"Department of Water Resources, River Development & GR",Waste & Water,Bihar,08/2017,12/2025,,578.89,578.89,171.79,54.0,FlashReport_September_2025_page69_table1.csv,69,2026-08-28T21:13:53.955864
616615,12,2025-08,"Sewer Network, SPS and STP at Begusarai",National Mission for Clean Ganga,616615,"Department of Water Resources, River Development & GR",Waste & Water,Bihar,03/2010,04/2025,12/2025,230.06,230.06,261.82,97.0,FlashReport_August_2025_page64_table1.csv,64,2026-08-28T21:13:48.738223
616615,12,2025-09,"Sewer Network, SPS and STP at Begusarai",National Mission for Clean Ganga,616615,"Department of Water Resources, River Development & GR",Waste & Water,Bihar,03/2010,04/2025,12/2025,230.06,230.06,261.82,97.0,FlashReport_September_2025_page69_table1.csv,69,2026-08-28T21:13:53.956005
616616,12,2025-08,"Sewer Networks, SPS and STP at Hajipur",National Mission for Clean Ganga,616616,"Department of Water Resources, River Development & GR",Waste & Water,Bihar,03/2010,06/2025,12/2025,305.19,305.19,346.46,95.0,FlashReport_August_2025_page64_table1.csv,64,2026-08-28T21:13:48.738360
616616,12,2025-09,"Sewer Networks, SPS and STP at Hajipur",National Mission for Clean Ganga,616616,"Department of Water Resources, River Development & GR",Waste & Water,Bihar,03/2010,06/2025,12/2025,305.19,305.19,346.46,95.0,FlashReport_September_2025_page69_table1.csv,69,2026-08-28T21:13:53.956149
616594,12,2025-08,Interception & Diversion with Rehabilitation of sewerage scheme at Agra under Hybrid annuity based PPP model-Namami Gange Programme,National Mission for Clean Ganga,616594,"Department of Water Resources, River Development & GR",Waste & Water,Uttar Pradesh,05/2020,04/2025,12/2025,842.25,842.25,208.64,73.0,FlashReport_August_2025_page64_table1.csv,64,2026-08-28T21:13:48.738528
616594,12,2025-09,Interception & Diversion with Rehabilitation of sewerage scheme at Agra under Hybrid annuity based PPP model-Namami Gange Programme,National Mission for Clean Ganga,616594,"Department of Water Resources, River Development & GR",Waste & Water,Uttar Pradesh,05/2020,04/2025,12/2025,842.25,842.25,208.64,73.0,FlashReport_September_2025_page69_table1.csv,69,2026-08-28T21:13:53.956311
616605,12,2025-08,Pollution Abatement Works for River Kali Meerut under Meerut Municipality Interception & Diversion with STP,National Mission for Clean Ganga,616605,"Department of Water Resources, River Development & GR",Waste & Water,Uttar Pradesh,05/2020,12/2024,05/2027,690.71,690.71,34.79,27.0,FlashReport_August_2025_page64_table1.csv,64,2026-08-28T21:13:48.738838
616605,12,2025-09,Pollution Abatement Works for River Kali Meerut under Meerut Municipality Interception & Diversion with STP,National Mission for Clean Ganga,616605,,,Uttar Pradesh,05/2020,12/2024,05/2027,690.71,690.71,34.79,27.0,FlashReport_September_2025_page70_table1.csv,70,2026-08-28T21:13:53.959010
616604,12,2025-08,Pollution Abatement works for River Ganga at Hooghly Chinsurah- Municipal Town Interception & Diversion with STP,National Mission for Clean Ganga,616604,"Department of Water Resources, River Development & GR",Waste & Water,West Bengal,05/2018,03/2025,12/2025,154.73,154.73,96.17,92.0,FlashReport_August_2025_page64_table1.csv,64,2026-08-28T21:13:48.739038
616604,12,2025-09,Pollution Abatement works for River Ganga at Hooghly Chinsurah- Municipal Town Interception & Diversion with STP,National Mission for Clean Ganga,616604,,,West Bengal,05/2018,03/2025,12/2025,154.73,154.73,96.17,92.0,FlashReport_September_2025_page70_table1.csv,70,2026-08-28T21:13:53.959217
400100,12,2025-08,Sardar Gouthu Latchanna Thotapalli Barrage Project,Water Resources-AP,400100,Water Resources,,Andhra Pradesh,01/2006,12/2019,06/2026,353.05,1023.24,869.11,95.0,FlashReport_August_2025_page65_table1.csv,65,2026-08-28T21:13:48.741606
400100,12,2025-09,Sardar Gouthu Latchanna Thotapalli Barrage Project,Water Resources-AP,400100,Water Resources,,Andhra Pradesh,04/2005,12/2019,06/2026,353.05,1023.24,869.11,95.0,FlashReport_September_2025_page70_table1.csv,70,2026-08-28T21:13:53.959516
400101,12,2025-08,Gundlakamma project,Water Resources-AP,400101,Water Resources,,Andhra Pradesh,04/2005,12/2019,03/2027,397.41,697.39,610.89,98.0,FlashReport_August_2025_page65_table1.csv,65,2026-08-28T21:13:48.741772
400101,12,2025-09,Gundlakamma project,Water Resources-AP,400101,Water Resources,,Andhra Pradesh,04/2005,12/2019,03/2027,397.41,697.39,619.09,98.0,FlashReport_September_2025_page70_table1.csv,70,2026-08-28T21:13:53.959664
701415,12,2025-08,Polavaram Irrigation Project,Water Resources-AP,701415,Water Resources,,Andhra Pradesh,02/2009,04/2022,03/2026,10151.04,55548.9,24347.76,83.0,FlashReport_August_2025_page65_table1.csv,65,2026-08-28T21:13:48.741914
701415,12,2025-09,Polavaram Irrigation Project,Water Resources-AP,701415,Water Resources,,Andhra Pradesh,01/2009,04/2022,03/2026,10151.04,55548.9,24745.92,84.0,FlashReport_September_2025_page70_table1.csv,70,2026-08-28T21:13:53.959900
701370,25,2025-07,Borolia Irrigation Project,"Department of Water Resources, River Development & GR",701370,Department of Telecommunications,Water Resources,Assam,12/1996,12/2022,,256.16,256.16,0.0,0.0,FlashReport_July_2025_page35_table1.csv,35,2026-08-28T21:13:50.691335
701370,25,2025-08,Borolia Irrigation Project,"Department of Water Resources, River Development & GR",701370,Department of Telecommunications,Water Resources,Assam,12/1996,12/2022,03/2026,256.16,256.16,0.0,55.0,FlashReport_August_2025_page35_table1.csv,35,2026-08-28T21:13:48.523225
701370,25,2025-09,Borolia Irrigation Project,"Department of Water Resources, River Development & GR",701370,Department of Telecommunications,Water Resources,Assam,04/1996,12/2022,03/2026,256.16,256.16,44.7,55.0,FlashReport_September_2025_page40_table1.csv,40,2026-08-28T21:13:53.789293
400111,12,2025-08,Kelo Irrigation Project,Water Resources-CT,400111,Water Resources,,Chhattisgarh,04/2008,12/2019,06/2026,459.97,727.04,616.93,71.0,FlashReport_August_2025_page65_table1.csv,65,2026-08-28T21:13:48.742685
400111,12,2025-09,Kelo Irrigation Project,Water Resources-CT,400111,Water Resources,,Chhattisgarh,04/2008,12/2019,06/2026,459.97,727.04,616.93,72.0,FlashReport_September_2025_page70_table1.csv,70,2026-08-28T21:13:53.960216
701399,12,2025-08,Kudali Irrigation Project,"Department of Water Resources, River Development & GR",701399,Water Resources,,Chhattisgarh,12/2009,12/2025,,382.29,382.29,0.0,86.0,FlashReport_August_2025_page65_table1.csv,65,2026-08-28T21:13:48.742930
701399,12,2025-09,Kudali Irrigation Project,"Department of Water Resources, River Development & GR",701399,Water Resources,,Chhattisgarh,04/2009,12/2025,,382.29,382.29,0.0,86.0,FlashReport_September_2025_page70_table1.csv,70,2026-08-28T21:13:53.960298
400097,9,2025-08,Sardar Sarovar CADWM Project,"Narmada and Water Resources, Water Supply and Kalpsar Department-GJ",400097,Water Resources,,Gujarat,04/2004,12/2019,03/2025,5021.76,6670.31,4954.99,90.3,FlashReport_August_2025_page65_table1.csv,65,2026-08-28T21:13:48.743234
400097,9,2025-09,Sardar Sarovar CADWM Project,"Narmada and Water Resources, Water Supply and Kalpsar Department-GJ",400097,Water Resources,,Gujarat,04/2017,12/2019,03/2026,5021.76,6670.31,4954.99,90.0,FlashReport_September_2025_page70_table1.csv,70,2026-08-28T21:13:53.960381
701372,12,2025-08,Sardar Sarovar Project,"Narmada and Water Resources, Water Supply and Kalpsar Department-GJ",701372,Water Resources,,Gujarat,04/1996,12/2019,12/2025,20718.17,33412.5,31767.59,93.0,FlashReport_August_2025_page65_table1.csv,65,2026-08-28T21:13:48.743523
701372,12,2025-09,Sardar Sarovar Project,"Narmada and Water Resources, Water Supply and Kalpsar Department-GJ",701372,Water Resources,,Gujarat,04/1996,12/2019,03/2026,20718.17,33412.5,31860.86,93.0,FlashReport_September_2025_page70_table1.csv,70,2026-08-28T21:13:53.960460
701376,12,2025-08,"Subernarekha Multipurpose Project, Jharkhand",Department of Water Resources-JH,701376,Water Resources,,Jharkhand,01/2012,12/2019,03/2026,3807.77,9579.58,5561.97,69.0,FlashReport_August_2025_page65_table1.csv,65,2026-08-28T21:13:48.743826
701376,12,2025-09,"Subernarekha Multipurpose Project, Jharkhand",Department of Water Resources-JH,701376,Water Resources,,Jharkhand,04/2011,12/2019,03/2026,3807.77,9579.58,5561.97,69.0,FlashReport_September_2025_page70_table1.csv,70,2026-08-28T21:13:53.960535
701377,13,2025-07,Upper Tunga Irrigation Project,Water Resources-KA,701377,,,Karnataka,04/2014,12/2019,,770.16,1606.07,1511.22,99.0,FlashReport_July_2025_page65_table1.csv,65,2026-08-28T21:13:50.878523
701377,13,2025-08,Upper Tunga Irrigation Project,Water Resources-KA,701377,Water Resources,,Karnataka,04/2014,12/2019,12/2025,770.16,1606.07,1511.22,99.0,FlashReport_August_2025_page65_table1.csv,65,2026-08-28T21:13:48.744058
701377,13,2025-09,Upper Tunga Irrigation Project,Water Resources-KA,701377,Water Resources,,Karnataka,04/2014,12/2019,03/2026,770.16,1606.07,1515.32,99.0,FlashReport_September_2025_page70_table1.csv,70,2026-08-28T21:13:53.960632
400096,10,2025-07,Omkareshwar CADWM Project,Water resource-mp,400096,,,Madhya Pradesh,04/2015,12/2019,,648.09,648.09,172.56,3.0,FlashReport_July_2025_page65_table1.csv,65,2026-08-28T21:13:50.878617
400096,10,2025-08,Omkareshwar CADWM Project,Water resource-mp,400096,Water Resources,,Madhya Pradesh,04/2015,12/2019,03/2026,648.09,648.09,172.56,3.0,FlashReport_August_2025_page65_table1.csv,65,2026-08-28T21:13:48.744201
400096,10,2025-09,Omkareshwar CADWM Project,Water resource-mp,400096,Water Resources,,Madhya Pradesh,04/2017,12/2019,03/2026,648.09,648.09,172.56,3.0,FlashReport_September_2025_page70_table1.csv,70,2026-08-28T21:13:53.960720
400115,13,2025-07,Bargi Diversion Project Phase - IV [km. 154 to km 197],Water Resources-MP,400115,,,Madhya Pradesh,01/2009,12/2019,,751.03,893.35,777.99,74.0,FlashReport_July_2025_page65_table1.csv,65,2026-08-28T21:13:50.878697
400115,13,2025-08,Bargi Diversion Project Phase - IV [km. 154 to km 197],Water Resources-MP,400115,Water Resources,,Madhya Pradesh,01/2009,12/2019,03/2025,751.03,893.35,746.19,75.0,FlashReport_August_2025_page65_table1.csv,65,2026-08-28T21:13:48.744348
400115,13,2025-09,Bargi Diversion Project Phase - IV [km. 154 to km 197],Water Resources-MP,400115,Water Resources,,Madhya Pradesh,04/2008,12/2019,03/2026,751.03,893.35,746.19,75.0,FlashReport_September_2025_page70_table1.csv,70,2026-08-28T21:13:53.960808
400116,13,2025-07,Bargi Diversion Project Phase - III [km. 104 to km 154],Water Resources-MP,400116,,,Madhya Pradesh,04/2007,12/2019,,1229.15,1399.7,1807.2,79.0,FlashReport_July_2025_page65_table1.csv,65,2026-08-28T21:13:50.878773
400116,13,2025-08,Bargi Diversion Project Phase - III [km. 104 to km 154],Water Resources-MP,400116,Water Resources,,Madhya Pradesh,04/2007,12/2019,12/2025,1229.15,1399.7,1807.2,79.0,FlashReport_August_2025_page65_table1.csv,65,2026-08-28T21:13:48.744483
400116,13,2025-09,Bargi Diversion Project Phase - III [km. 104 to km 154],Water Resources-MP,400116,Water Resources,,Madhya Pradesh,04/2007,12/2019,03/2026,1229.15,1399.7,1906.5,80.0,FlashReport_September_2025_page70_table1.csv,70,2026-08-28T21:13:53.960892
400095,10,2025-07,Gosikhurd CADWM Project,Department of water resources-MH - II,400095,,,Maharashtra,04/2017,12/2019,,743.73,743.73,252.0,50.0,FlashReport_July_2025_page65_table1.csv,65,2026-08-28T21:13:50.878846
400095,10,2025-08,Gosikhurd CADWM Project,Department of water resources-MH - II,400095,Water Resources,,Maharashtra,04/2017,12/2019,06/2026,743.73,743.73,252.0,50.0,FlashReport_August_2025_page65_table1.csv,65,2026-08-28T21:13:48.744627
400095,10,2025-09,Gosikhurd CADWM Project,Department of water resources-MH - II,400095,Water Resources,,Maharashtra,04/2017,12/2019,06/2026,743.73,743.73,252.43,50.0,FlashReport_September_2025_page70_table1.csv,70,2026-08-28T21:13:53.960966
400105,10,2025-07,Urmodi Irrigation Project,Department of water resources-MH - II,400105,,,Maharashtra,04/2018,06/2022,,580.79,895.81,713.46,76.22,FlashReport_July_2025_page65_table1.csv,65,2026-08-28T21:13:50.878917
400105,10,2025-08,Urmodi Irrigation Project,Department of water resources-MH - II,400105,Water Resources,,Maharashtra,04/2018,06/2022,12/2026,580.79,895.81,713.46,76.0,FlashReport_August_2025_page65_table1.csv,65,2026-08-28T21:13:48.744760
400105,10,2025-09,Urmodi Irrigation Project,Department of water resources-MH - II,400105,Water Resources,,Maharashtra,04/2017,06/2022,12/2026,580.79,895.81,713.46,76.0,FlashReport_September_2025_page70_table1.csv,70,2026-08-28T21:13:53.961038
400107,10,2025-07,Sulwade-Jamphal-Kanoli Lift Irrigation Scheme,Department of water resources-MH - II,400107,,,Maharashtra,02/2019,06/2023,,2407.67,2407.67,2436.43,80.0,FlashReport_July_2025_page65_table1.csv,65,2026-08-28T21:13:50.878992
400107,10,2025-08,Sulwade-Jamphal-Kanoli Lift Irrigation Scheme,Department of water resources-MH - II,400107,Water Resources,,Maharashtra,02/2019,06/2023,06/2027,2407.67,2407.67,2436.43,80.0,FlashReport_August_2025_page65_table1.csv,65,2026-08-28T21:13:48.744903
400107,10,2025-09,Sulwade-Jamphal-Kanoli Lift Irrigation Scheme,Department of water resources-MH - II,400107,Water Resources,,Maharashtra,04/2017,06/2023,06/2027,2407.67,2407.67,2559.71,80.0,FlashReport_September_2025_page70_table1.csv,70,2026-08-28T21:13:53.961112
400109,10,2025-07,Purna Barrage-2 [Ner Dhamana] Medium Irrigation Project,Department of water resources-MH - II,400109,,,Maharashtra,04/2018,06/2020,,848.07,888.43,690.49,69.0,FlashReport_July_2025_page65_table1.csv,65,2026-08-28T21:13:50.879066
400109,10,2025-08,Purna Barrage-2 [Ner Dhamana] Medium Irrigation Project,Department of water resources-MH - II,400109,Water Resources,,Maharashtra,04/2018,06/2020,06/2026,848.07,888.43,690.49,69.0,FlashReport_August_2025_page65_table1.csv,65,2026-08-28T21:13:48.745049
400109,10,2025-09,Purna Barrage-2 [Ner Dhamana] Medium Irrigation Project,Department of water resources-MH - II,400109,Water Resources,,Maharashtra,04/2017,06/2020,06/2026,848.07,888.43,690.49,69.0,FlashReport_September_2025_page70_table1.csv,70,2026-08-28T21:13:53.961190
400112,10,2025-07,Jigaon Irrigation Project,Department of water resources-MH - II,400112,,,Maharashtra,04/2018,06/2028,,7222.95,7222.95,8501.45,90.0,FlashReport_July_2025_page65_table1.csv,65,2026-08-28T21:13:50.879137
400112,10,2025-08,Jigaon Irrigation Project,Department of water resources-MH - II,400112,Water Resources,,Maharashtra,04/2018,06/2028,,7222.95,7222.95,8501.45,90.0,FlashReport_August_2025_page65_table1.csv,65,2026-08-28T21:13:48.745182
400112,10,2025-09,Jigaon Irrigation Project,Department of water resources-MH - II,400112,Water Resources,,Maharashtra,04/2017,06/2028,,7222.95,7222.95,8722.81,90.0,FlashReport_September_2025_page70_table1.csv,70,2026-08-28T21:13:53.961267
617422,12,2025-09,Bodwad Parisar Sinchan Yojna,Department of Water Resources-MH,617422,Department of Telecommunications,Water Resources,Maharashtra,05/2002,07/2027,,1923.81,,,,FlashReport_September_2025_page35_table1.csv,35,2026-08-28T21:13:53.766988
701383,13,2025-07,Waghur Project,Department of water resources-MH - II,701383,,,Maharashtra,04/1996,12/2019,,1058.99,1758.51,1530.36,89.0,FlashReport_July_2025_page65_table1.csv,65,2026-08-28T21:13:50.879207
701383,13,2025-08,Waghur Project,Department of water resources-MH - II,701383,Water Resources,,Maharashtra,04/1996,12/2019,03/2026,1058.99,1758.51,1530.45,89.0,FlashReport_August_2025_page65_table1.csv,65,2026-08-28T21:13:48.745319
701383,13,2025-09,Waghur Project,Department of water resources-MH - II,701383,Water Resources,,Maharashtra,04/1996,12/2019,03/2026,1058.99,1758.51,1557.14,89.0,FlashReport_September_2025_page70_table1.csv,70,2026-08-28T21:13:53.961412
701386,13,2025-07,Gosikhurd Project,Department of water resources-MH - II,701386,,,Maharashtra,04/2008,12/2019,,7196.47,12770.1,13533.29,72.0,FlashReport_July_2025_page65_table1.csv,65,2026-08-28T21:13:50.879345
701386,13,2025-08,Gosikhurd Project,Department of water resources-MH - II,701386,Water Resources,,Maharashtra,12/2017,12/2019,06/2026,7196.47,12770.1,13533.29,72.0,FlashReport_August_2025_page65_table1.csv,65,2026-08-28T21:13:48.745459
701386,13,2025-09,Gosikhurd Project,Department of water resources-MH - II,701386,Water Resources,,Maharashtra,04/2008,12/2019,06/2028,7196.47,12770.1,13691.13,72.0,FlashReport_September_2025_page70_table1.csv,70,2026-08-28T21:13:53.961482
701391,13,2025-07,Aruna Medium Irrigation Project,Department of water resources-MH - II,701391,,,Maharashtra,01/2010,12/2019,,210.45,1472.14,1697.94,97.0,FlashReport_July_2025_page65_table1.csv,65,2026-08-28T21:13:50.879555
701391,13,2025-08,Aruna Medium Irrigation Project,Department of water resources-MH - II,701391,Water Resources,,Maharashtra,01/2010,12/2019,12/2025,210.45,1472.14,1697.94,97.0,FlashReport_August_2025_page65_table1.csv,65,2026-08-28T21:13:48.745628
701391,13,2025-09,Aruna Medium Irrigation Project,Department of water resources-MH - II,701391,Water Resources,,Maharashtra,04/2009,12/2019,12/2025,210.45,1472.14,1697.94,97.0,FlashReport_September_2025_page70_table1.csv,70,2026-08-28T21:13:53.961555
701396,13,2025-07,Lower Pedhi Project,Department of water resources-MH - II,701396,,,Maharashtra,04/2008,12/2019,,255.97,1480.7,1324.78,64.0,FlashReport_July_2025_page65_table1.csv,65,2026-08-28T21:13:50.879695
701396,13,2025-08,Lower Pedhi Project,Department of water resources-MH - II,701396,Water Resources,,Maharashtra,04/2008,12/2019,06/2026,255.97,1480.7,1324.78,64.0,FlashReport_August_2025_page65_table1.csv,65,2026-08-28T21:13:48.745772
701396,13,2025-09,Lower Pedhi Project,Department of water resources-MH - II,701396,Water Resources,,Maharashtra,04/2008,12/2019,06/2026,255.97,1480.7,1324.78,65.0,FlashReport_September_2025_page70_table1.csv,70,2026-08-28T21:13:53.961684
701398,13,2025-07,Nardave Medium Irrigation Project,Department of water resources-MH - II,701398,,,Maharashtra,04/2009,12/2019,,211.46,781.85,623.5,72.59,FlashReport_July_2025_page65_table1.csv,65,2026-08-28T21:13:50.879766
701398,13,2025-08,Nardave Medium Irrigation Project,Department of water resources-MH - II,701398,Water Resources,,Maharashtra,04/2009,12/2019,06/2026,211.46,781.85,623.5,72.0,FlashReport_August_2025_page65_table1.csv,65,2026-08-28T21:13:48.745904
701398,13,2025-09,Nardave Medium Irrigation Project,Department of water resources-MH - II,701398,Water Resources,,Maharashtra,04/2009,12/2019,06/2026,211.46,781.85,623.5,72.0,FlashReport_September_2025_page70_table1.csv,70,2026-08-28T21:13:53.961789
701400,26,2025-07,Thoubal Multipurpose Project,Water Resources Department-MN,701400,Department of Telecommunications,Water Resources,Manipur,04/1997,12/2019,,1449.44,1822.24,1837.91,98.0,FlashReport_July_2025_page35_table1.csv,35,2026-08-28T21:13:50.691466
701400,26,2025-08,Thoubal Multipurpose Project,Water Resources Department-MN,701400,Department of Telecommunications,Water Resources,Manipur,01/2022,12/2019,03/2026,1449.44,1822.24,1837.91,98.0,FlashReport_August_2025_page35_table1.csv,35,2026-08-28T21:13:48.523326
701400,26,2025-09,Thoubal Multipurpose Project,Water Resources Department-MN,701400,Department of Telecommunications,Water Resources,Manipur,04/1997,12/2019,03/2026,1449.44,1822.24,1837.91,98.0,FlashReport_September_2025_page40_table1.csv,40,2026-08-28T21:13:53.789423
701412,13,2025-07,North Koel Reservoir Project,"Department of Water Resources, River Development & GR",701412,,,"Multi-States (Bihar, Jharkhand)",01/2021,03/2021,,1622.27,2430.76,142.1,32.0,FlashReport_July_2025_page65_table1.csv,65,2026-08-28T21:13:50.879910
701412,13,2025-08,North Koel Reservoir Project,"Department of Water Resources, River Development & GR",701412,Water Resources,,"Multi-States (Bihar, Jharkhand)",01/2021,03/2021,03/2026,1622.27,2430.76,142.1,32.0,FlashReport_August_2025_page65_table1.csv,65,2026-08-28T21:13:48.746200
701412,13,2025-09,North Koel Reservoir Project,"Department of Water Resources, River Development & GR",701412,Water Resources,,"Multi-States (Bihar, Jharkhand)",08/2017,03/2021,03/2026,1622.27,2430.76,151.04,32.0,FlashReport_September_2025_page70_table1.csv,70,2026-08-28T21:13:53.961952
603945,13,2025-07,Integrated Anandpur Barrage Project,Water Resources-OR,603945,,,Odisha,01/1998,12/2019,,567.03,2990.05,2629.74,62.0,FlashReport_July_2025_page65_table1.csv,65,2026-08-28T21:13:50.879999
603945,13,2025-08,Integrated Anandpur Barrage Project,Water Resources-OR,603945,Water Resources,,Odisha,01/1998,12/2019,06/2026,567.03,2990.05,2629.74,62.0,FlashReport_August_2025_page65_table1.csv,65,2026-08-28T21:13:48.746334
603945,13,2025-09,Integrated Anandpur Barrage Project,Water Resources-OR,603945,,,Odisha,04/1997,12/2019,06/2026,567.03,2990.05,2629.74,62.0,FlashReport_September_2025_page71_table1.csv,71,2026-08-28T21:13:53.962622
701404,13,2025-07,Kanupur Irrigation Project,Irrigation and CAD-TG,701404,,,Odisha,01/2004,12/2019,,989.43,2301.28,2563.56,79.0,FlashReport_July_2025_page65_table1.csv,65,2026-08-28T21:13:50.880069
701404,13,2025-08,Kanupur Irrigation Project,Irrigation and CAD-TG,701404,Water Resources,,Odisha,01/2004,12/2019,12/2024,989.43,2301.28,2563.56,79.0,FlashReport_August_2025_page65_table1.csv,65,2026-08-28T21:13:48.746461
701404,13,2025-09,Kanupur Irrigation Project,Irrigation and CAD-TG,701404,,,Odisha,04/2003,12/2019,06/2026,989.43,2301.28,2712.75,79.0,FlashReport_September_2025_page71_table1.csv,71,2026-08-28T21:13:53.962707
701410,13,2025-07,Relining of Rajasthan feeder and Sirhind Feeder canal,Department of Water Resources-PB,701410,,,Punjab,04/2018,06/2021,,1441.26,2462.16,2962.99,80.0,FlashReport_July_2025_page65_table1.csv,65,2026-08-28T21:13:50.880156
701410,13,2025-08,Relining of Rajasthan feeder and Sirhind Feeder canal,Department of Water Resources-PB,701410,Water Resources,,Punjab,02/2016,06/2021,06/2026,1441.26,2462.16,3000.36,80.0,FlashReport_August_2025_page65_table1.csv,65,2026-08-28T21:13:48.746599
701410,13,2025-09,Relining of Rajasthan feeder and Sirhind Feeder canal,Department of Water Resources-PB,701410,,,Punjab,02/2016,06/2021,06/2026,1441.26,2462.16,3000.36,80.0,FlashReport_September_2025_page71_table1.csv,71,2026-08-28T21:13:53.962787
701411,13,2025-07,Shahpur Kandi Dam Project,Department of Water Resources-PB,701411,,,Punjab,04/2018,06/2022,,2285.81,2715.7,2072.33,80.0,FlashReport_July_2025_page65_table1.csv,65,2026-08-28T21:13:50.880272
701411,13,2025-08,Shahpur Kandi Dam Project,Department of Water Resources-PB,701411,,,Punjab,02/2010,06/2022,10/2025,2285.81,2715.7,2072.33,80.0,FlashReport_August_2025_page66_table1.csv,66,2026-08-28T21:13:48.747539
701411,13,2025-09,Shahpur Kandi Dam Project,Department of Water Resources-PB,701411,,,Punjab,02/2010,06/2022,10/2025,2285.81,2715.7,2072.33,80.0,FlashReport_September_2025_page71_table1.csv,71,2026-08-28T21:13:53.962860
400102,13,2025-07,Sri Ram Sagar Project Stage - II,Irrigation and CAD-TG,400102,,,Telangana,04/2005,12/2019,,736.13,949.87,940.7,96.0,FlashReport_July_2025_page65_table1.csv,65,2026-08-28T21:13:50.880423
400102,13,2025-08,Sri Ram Sagar Project Stage - II,Irrigation and CAD-TG,400102,,,Telangana,04/2005,12/2019,03/2026,736.13,949.87,940.7,96.0,FlashReport_August_2025_page66_table1.csv,66,2026-08-28T21:13:48.747705
400102,13,2025-09,Sri Ram Sagar Project Stage - II,Irrigation and CAD-TG,400102,,,Telangana,04/2005,12/2019,03/2026,736.13,949.87,940.7,96.0,FlashReport_September_2025_page71_table1.csv,71,2026-08-28T21:13:53.962934
400103,13,2025-07,Indiramma Flood Flow Canal Project,Irrigation and CAD-TG,400103,,,Telangana,01/2006,12/2019,,1331.3,5940.09,4491.08,92.0,FlashReport_July_2025_page65_table1.csv,65,2026-08-28T21:13:50.880492
400103,13,2025-08,Indiramma Flood Flow Canal Project,Irrigation and CAD-TG,400103,,,Telangana,01/2006,12/2019,12/2026,1331.3,5940.09,4491.08,92.0,FlashReport_August_2025_page66_table1.csv,66,2026-08-28T21:13:48.747856
400103,13,2025-09,Indiramma Flood Flow Canal Project,Irrigation and CAD-TG,400103,,,Telangana,04/2005,12/2019,12/2026,1331.3,5940.09,4491.08,92.0,FlashReport_September_2025_page71_table1.csv,71,2026-08-28T21:13:53.963006
701405,13,2025-07,J. Chokka Rao Devadula Lift Irrigation Scheme,Irrigation and CAD-TG,701405,,,Telangana,04/2006,12/2019,,8200.71,14730.0,4558.89,87.0,FlashReport_July_2025_page65_table1.csv,65,2026-08-28T21:13:50.880564
701405,13,2025-08,J. Chokka Rao Devadula Lift Irrigation Scheme,Irrigation and CAD-TG,701405,,,Telangana,04/2006,12/2019,12/2025,8200.71,14730.0,4558.89,87.0,FlashReport_August_2025_page66_table1.csv,66,2026-08-28T21:13:48.747999
701405,13,2025-09,J. Chokka Rao Devadula Lift Irrigation Scheme,Irrigation and CAD-TG,701405,,,Telangana,04/2006,12/2019,12/2025,8200.71,14730.0,4558.89,87.0,FlashReport_September_2025_page71_table1.csv,71,2026-08-28T21:13:53.963079
701406,12,2025-07,Rajiv Bhima Lift Irrigation Scheme,Irrigation and CAD-TG,701406,,,Telangana,01/2008,12/2019,,1402.0,2509.66,1839.76,100.0,FlashReport_July_2025_page65_table1.csv,65,2026-08-28T21:13:50.880633
701406,12,2025-08,Rajiv Bhima Lift Irrigation Scheme,Irrigation and CAD-TG,701406,,,Telangana,01/2008,12/2019,03/2026,1402.0,2509.66,1839.76,100.0,FlashReport_August_2025_page66_table1.csv,66,2026-08-28T21:13:48.748145
701406,12,2025-09,Rajiv Bhima Lift Irrigation Scheme,Irrigation and CAD-TG,701406,,,Telangana,04/2007,12/2019,03/2026,1402.0,2509.66,1839.76,100.0,FlashReport_September_2025_page71_table1.csv,71,2026-08-28T21:13:53.963151
400093,10,2025-07,Saryu Nahar CADWM Project,Irrigation & Water Resources-UP,400093,,,Uttar Pradesh,04/2017,12/2019,,1672.7,1672.7,0.0,0.0,FlashReport_July_2025_page65_table1.csv,65,2026-08-28T21:13:50.880705
400093,10,2025-08,Saryu Nahar CADWM Project,Irrigation & Water Resources-UP,400093,,,Uttar Pradesh,04/2017,12/2019,03/2026,1672.7,1672.7,0.0,0.0,FlashReport_August_2025_page66_table1.csv,66,2026-08-28T21:13:48.748310
400093,10,2025-09,Saryu Nahar CADWM Project,Irrigation & Water Resources-UP,400093,,,Uttar Pradesh,04/2017,12/2019,03/2026,1672.7,1672.7,22.24,1.0,FlashReport_September_2025_page71_table1.csv,71,2026-08-28T21:13:53.963227
701395,12,2025-07,Morna [Gureghar] Irrigation Project,"Department of Water Resources, River Development & GR",701395,,,Uttar Pradesh,12/2007,06/2023,,219.9,219.9,0.0,0.0,FlashReport_July_2025_page66_table1.csv,66,2026-08-28T21:13:50.881350
701395,12,2025-08,Morna [Gureghar] Irrigation Project,"Department of Water Resources, River Development & GR",701395,,,Uttar Pradesh,12/2007,12/2025,,219.9,219.9,0.0,0.0,FlashReport_August_2025_page66_table1.csv,66,2026-08-28T21:13:48.748625
701395,12,2025-09,Morna [Gureghar] Irrigation Project,"Department of Water Resources, River Development & GR",701395,,,Uttar Pradesh,04/2007,12/2025,,219.9,219.9,0.0,31.0,FlashReport_September_2025_page71_table1.csv,71,2026-08-28T21:13:53.963308
701408,13,2025-07,Madhya Ganga canal Phase-II,Irrigation & Water Resources-UP,701408,,,Uttar Pradesh,07/2007,12/2019,,1060.67,4417.21,4415.24,82.0,FlashReport_July_2025_page66_table1.csv,66,2026-08-28T21:13:50.881497
701408,13,2025-08,Madhya Ganga canal Phase-II,Irrigation & Water Resources-UP,701408,,,Uttar Pradesh,07/2007,12/2019,12/2025,1060.67,4417.21,4415.24,82.0,FlashReport_August_2025_page66_table1.csv,66,2026-08-28T21:13:48.749046
701408,13,2025-09,Madhya Ganga canal Phase-II,Irrigation & Water Resources-UP,701408,,,Uttar Pradesh,04/2008,12/2019,12/2025,1060.67,4417.21,4415.24,82.0,FlashReport_September_2025_page71_table1.csv,71,2026-08-28T21:13:53.963381
613787,13,2025-07,Jamrani Dam Multipurpose Project,Irrigation-UK,613787,,,Uttarakhand,04/2023,06/2029,,2584.1,2584.1,486.52,16.0,FlashReport_July_2025_page66_table1.csv,66,2026-08-28T21:13:50.881594
613787,13,2025-08,Jamrani Dam Multipurpose Project,Irrigation-UK,613787,,,Uttarakhand,10/2023,06/2029,,2584.1,2584.1,968.52,16.0,FlashReport_August_2025_page66_table1.csv,66,2026-08-28T21:13:48.749181
613787,13,2025-09,Jamrani Dam Multipurpose Project,Irrigation-UK,613787,,,Uttarakhand,10/2023,06/2029,,2584.1,2584.1,968.52,16.0,FlashReport_September_2025_page71_table1.csv,71,2026-08-28T21:13:53.963451
706724,26,2025-07,Guwahati Airport New Integrated Terminal Building Construction Project,Adani Airport Holdings Limited,706724,Ministry of Civil Aviation,Aviation & Aviation Infrastructure,Assam,03/2018,03/2025,,1712.0,1712.0,0.0,94.1,FlashReport_July_2025_page33_table1.csv,33,2026-08-28T21:13:50.679265
706724,26,2025-08,Guwahati Airport New Integrated Terminal Building Construction Project,Adani Airport Holdings Limited,706724,Ministry of Civil Aviation,Aviation & Aviation Infrastructure,Assam,12/2016,03/2025,11/2025,1712.0,1712.0,2335.44,91.0,FlashReport_August_2025_page33_table1.csv,33,2026-08-28T21:13:48.513561
706724,26,2025-09,Guwahati Airport New Integrated Terminal Building Construction Project,Adani Airport Holdings Limited,706724,Ministry of Civil Aviation,Aviation & Aviation Infrastructure,Assam,12/2016,03/2025,11/2025,1712.0,1712.0,2397.37,91.0,FlashReport_September_2025_page38_table1.csv,38,2026-08-28T21:13:53.776137
706718,26,2025-07,C/o NITB Imphal Airport,Airport Authority of India [AAI],706718,Ministry of Civil Aviation,Aviation & Aviation Infrastructure,Manipur,07/2022,07/2024,,499.0,499.0,160.48,41.0,FlashReport_July_2025_page33_table1.csv,33,2026-08-28T21:13:50.679429
706718,26,2025-08,C/o NITB Imphal Airport,Airport Authority of India [AAI],706718,Ministry of Civil Aviation,Aviation & Aviation Infrastructure,Manipur,11/2021,07/2024,12/2026,499.0,499.0,154.43,41.0,FlashReport_August_2025_page33_table1.csv,33,2026-08-28T21:13:48.513655
706718,26,2025-09,C/o NITB Imphal Airport,Airport Authority of India [AAI],706718,Ministry of Civil Aviation,Aviation & Aviation Infrastructure,Manipur,11/2021,07/2024,12/2026,499.0,499.0,154.43,41.0,FlashReport_September_2025_page38_table1.csv,38,2026-08-28T21:13:53.776312
612793,26,2025-07,"Widening of basic strip at Western Side of Runway Chainage 80m to 920m i/c slope stabilization Measures [Balance work] of uphill and Improvement of Storm Water Drainage System at Pakyong Airport, Sikkim on design & build basis [EPC] with integrated 10 years maintenance.",Airport Authority of India [AAI],612793,Ministry of Civil Aviation,Aviation & Aviation Infrastructure,Sikkim,12/2023,02/2026,,323.26,323.26,29.69,12.0,FlashReport_July_2025_page33_table1.csv,33,2026-08-28T21:13:50.679651
612793,26,2025-08,"Widening of basic strip at Western Side of Runway Chainage 80m to 920m i/c slope stabilization Measures [Balance work] of uphill and Improvement of Storm Water Drainage System at Pakyong Airport, Sikkim on design & build basis [EPC] with integrated 10 years maintenance.",Airport Authority of India [AAI],612793,Ministry of Civil Aviation,Aviation & Aviation Infrastructure,Sikkim,11/2023,02/2026,,323.26,323.26,29.7,12.0,FlashReport_August_2025_page33_table1.csv,33,2026-08-28T21:13:48.513777
612793,26,2025-09,"Widening of basic strip at Western Side of Runway Chainage 80m to 920m i/c slope stabilization Measures [Balance work] of uphill and Improvement of Storm Water Drainage System at Pakyong Airport, Sikkim on design & build basis [EPC] with integrated 10 years maintenance.",Airport Authority of India [AAI],612793,Ministry of Civil Aviation,Aviation & Aviation Infrastructure,Sikkim,11/2023,02/2026,,323.26,323.26,34.3,13.0,FlashReport_September_2025_page38_table1.csv,38,2026-08-28T21:13:53.776545
615820,26,2025-07,TIKAK EXTENSION OCP,MIS MoCoal Integration Logins,615820,Ministry of Civil Aviation,Coal,Assam,07/2022,07/2031,,159.77,159.77,80.84,0.0,FlashReport_July_2025_page33_table1.csv,33,2026-08-28T21:13:50.679856
615820,26,2025-08,TIKAK EXTENSION OCP,MIS MoCoal Integration Logins,615820,Ministry of Civil Aviation,Coal,Assam,07/2022,07/2031,,159.77,159.77,80.84,0.0,FlashReport_August_2025_page33_table1.csv,33,2026-08-28T21:13:48.513908
615820,26,2025-09,TIKAK EXTENSION OCP,MIS MoCoal Integration Logins,615820,Ministry of Civil Aviation,Coal,Assam,07/2022,07/2031,,159.77,159.77,81.47,0.0,FlashReport_September_2025_page38_table1.csv,38,2026-08-28T21:13:53.776756
615821,26,2025-07,TIRAP OCP,MIS MoCoal Integration Logins,615821,Ministry of Civil Aviation,Coal,Assam,11/2022,11/2030,,289.46,289.46,105.47,0.0,FlashReport_July_2025_page33_table1.csv,33,2026-08-28T21:13:50.679995
615821,26,2025-08,TIRAP OCP,MIS MoCoal Integration Logins,615821,Ministry of Civil Aviation,Coal,Assam,11/2022,11/2030,,289.46,289.46,105.47,0.0,FlashReport_August_2025_page33_table1.csv,33,2026-08-28T21:13:48.514022
615821,26,2025-09,TIRAP OCP,MIS MoCoal Integration Logins,615821,Ministry of Civil Aviation,Coal,Assam,11/2022,11/2030,,289.46,289.46,105.6,3.0,FlashReport_September_2025_page38_table1.csv,38,2026-08-28T21:13:53.776922
612898,26,2025-07,Construction of Permanent Campus of National Institute of Technology Arunachal Pradesh,"National Institute of Technology, Arunachal Pradesh",612898,Ministry of Civil Aviation,Education,Arunachal Pradesh,03/2013,08/2026,,592.61,592.61,549.96,75.0,FlashReport_July_2025_page33_table1.csv,33,2026-08-28T21:13:50.680233
612898,26,2025-08,Construction of Permanent Campus of National Institute of Technology Arunachal Pradesh,"National Institute of Technology, Arunachal Pradesh",612898,Ministry of Civil Aviation,Education,Arunachal Pradesh,03/2013,08/2026,,592.61,592.61,549.96,75.0,FlashReport_August_2025_page33_table1.csv,33,2026-08-28T21:13:48.514151
612898,26,2025-09,Construction of Permanent Campus of National Institute of Technology Arunachal Pradesh,"National Institute of Technology, Arunachal Pradesh",612898,Ministry of Civil Aviation,Education,Arunachal Pradesh,09/2009,08/2026,,592.61,592.61,550.22,75.0,FlashReport_September_2025_page38_table1.csv,38,2026-08-28T21:13:53.777155
606112,26,2025-07,Tezpur University Projects,Tezpur University,606112,Ministry of Civil Aviation,Education,Assam,06/2021,11/2023,,153.71,153.71,288.87,93.0,FlashReport_July_2025_page33_table1.csv,33,2026-08-28T21:13:50.680364
606112,26,2025-08,Tezpur University Projects,Tezpur University,606112,Ministry of Civil Aviation,Education,Assam,05/2019,11/2023,08/2025,153.71,153.71,54.05,95.0,FlashReport_August_2025_page33_table1.csv,33,2026-08-28T21:13:48.514223
606112,26,2025-09,Tezpur University Projects,Tezpur University,606112,Ministry of Civil Aviation,Education,Assam,05/2019,11/2023,10/2025,153.71,153.71,124.33,97.0,FlashReport_September_2025_page38_table1.csv,38,2026-08-28T21:13:53.777285
612885,23,2025-07,Construction and Developement of National Institute of Technology Meghalaya Permanent Campus at Sohra,"National Institute of Technology, Meghalaya",612885,Ministry of Civil Aviation,Education,Meghalaya,09/2014,03/2022,,494.52,494.52,413.57,86.0,FlashReport_July_2025_page33_table1.csv,33,2026-08-28T21:13:50.680516
612885,23,2025-08,Construction and Developement of National Institute of Technology Meghalaya Permanent Campus at Sohra,"National Institute of Technology, Meghalaya",612885,Ministry of Civil Aviation,Education,Meghalaya,03/2020,03/2022,07/2025,494.52,494.52,413.57,86.0,FlashReport_August_2025_page33_table1.csv,33,2026-08-28T21:13:48.514310
612885,23,2025-09,Construction and Developement of National Institute of Technology Meghalaya Permanent Campus at Sohra,"National Institute of Technology, Meghalaya",612885,Ministry of Civil Aviation,Education,Meghalaya,09/2009,03/2022,07/2025,494.52,494.52,413.57,86.0,FlashReport_September_2025_page38_table1.csv,38,2026-08-28T21:13:53.777432
612876,25,2025-07,"Construction of Permanent Campus for NIT Mizoram at Lengpui, Aizawl",Ministry of Education,612876,Ministry of Civil Aviation,Education,Mizoram,05/2014,12/2029,,474.23,474.23,167.55,4.0,FlashReport_July_2025_page33_table1.csv,33,2026-08-28T21:13:50.680658
612876,25,2025-08,"Construction of Permanent Campus for NIT Mizoram at Lengpui, Aizawl",Ministry of Education,612876,Ministry of Civil Aviation,Education,Mizoram,03/2020,12/2029,12/2029,474.23,474.23,167.55,4.0,FlashReport_August_2025_page33_table1.csv,33,2026-08-28T21:13:48.514387
612876,25,2025-09,"Construction of Permanent Campus for NIT Mizoram at Lengpui, Aizawl",NIT Mizoram,612876,Ministry of Civil Aviation,Education,Mizoram,09/2009,12/2029,12/2029,474.23,474.23,167.55,4.0,FlashReport_September_2025_page38_table1.csv,38,2026-08-28T21:13:53.777575
613013,25,2025-07,Establishment of NIT Nagaland,NIT Nagaland,613013,Ministry of Civil Aviation,Education,Nagaland,09/2012,12/2025,,275.63,275.63,257.82,93.0,FlashReport_July_2025_page33_table1.csv,33,2026-08-28T21:13:50.680797
613013,25,2025-08,Establishment of NIT Nagaland,NIT Nagaland,613013,Ministry of Civil Aviation,Education,Nagaland,09/2012,12/2025,,275.63,275.63,260.1,95.0,FlashReport_August_2025_page33_table1.csv,33,2026-08-28T21:13:48.514462
613013,25,2025-09,Establishment of NIT Nagaland,NIT Nagaland,613013,Ministry of Civil Aviation,Education,Nagaland,09/2009,12/2025,,275.63,275.63,261.24,97.0,FlashReport_September_2025_page38_table1.csv,38,2026-08-28T21:13:53.777710
609736,25,2025-07,"Construction of Sikkim University Campus Phase-I Package-II at Yangang, South Sikkim",Sikkim University,609736,Ministry of Civil Aviation,Education,Sikkim,01/2022,01/2025,,314.06,314.06,238.22,82.0,FlashReport_July_2025_page33_table1.csv,33,2026-08-28T21:13:50.680942
609736,25,2025-08,"Construction of Sikkim University Campus Phase-I Package-II at Yangang, South Sikkim",Sikkim University,609736,Ministry of Civil Aviation,Education,Sikkim,08/2020,01/2025,09/2025,314.06,314.06,238.22,82.0,FlashReport_August_2025_page33_table1.csv,33,2026-08-28T21:13:48.514628
609736,25,2025-09,"Construction of Sikkim University Campus Phase-I Package-II at Yangang, South Sikkim",Sikkim University,609736,Ministry of Civil Aviation,Education,Sikkim,08/2020,01/2025,09/2025,314.06,314.06,238.22,83.0,FlashReport_September_2025_page38_table1.csv,38,2026-08-28T21:13:53.778004
612883,25,2025-07,Establishment of Permanent Campus of NIT SIkkim at Khamdong-Gangtok District,Ministry of Education,612883,Ministry of Civil Aviation,Education,Sikkim,03/2024,02/2028,,685.76,610.76,121.56,7.0,FlashReport_July_2025_page33_table1.csv,33,2026-08-28T21:13:50.681087
612883,25,2025-08,Establishment of Permanent Campus of NIT SIkkim at Khamdong-Gangtok District,Ministry of Education,612883,Ministry of Civil Aviation,Education,Sikkim,02/2024,02/2028,12/2026,685.76,610.76,121.56,9.0,FlashReport_August_2025_page33_table1.csv,33,2026-08-28T21:13:48.514550
612883,25,2025-09,Establishment of Permanent Campus of NIT SIkkim at Khamdong-Gangtok District,NIT Sikkim,612883,Ministry of Civil Aviation,Education,Sikkim,02/2024,02/2028,12/2026,685.76,610.76,121.56,12.0,FlashReport_September_2025_page38_table1.csv,38,2026-08-28T21:13:53.777856
602182,26,2025-07,Dibang Multipurpose Project,National Highways & Infrastructure Development Corporation Ltd. [NHIDCL],602182,Ministry of Civil Aviation,Electricity Generation,Arunachal Pradesh,02/2023,02/2032,,31876.39,31876.4,3436.38,16.0,FlashReport_July_2025_page33_table1.csv,33,2026-08-28T21:13:50.681337
602182,26,2025-08,Dibang Multipurpose Project,National Highways & Infrastructure Development Corporation Ltd. [NHIDCL],602182,Ministry of Civil Aviation,Electricity Generation,Arunachal Pradesh,02/2023,02/2032,02/2032,31876.39,31876.4,3553.9,16.0,FlashReport_August_2025_page33_table1.csv,33,2026-08-28T21:13:48.514951
602182,26,2025-09,Dibang Multipurpose Project,National Hydroelectric Power Corporation Limited [NHPC],602182,Ministry of Civil Aviation,Electricity Generation,Arunachal Pradesh,02/2023,02/2032,02/2032,31876.39,31876.4,3639.39,16.0,FlashReport_September_2025_page38_table1.csv,38,2026-08-28T21:13:53.778220
611698,26,2025-07,240MW Heo HE Project,North Eastern Electric Power Corporation Limited,611698,Ministry of Civil Aviation,Electricity Generation,Arunachal Pradesh,05/2025,07/2029,,1938.85,1938.85,49.31,3.0,FlashReport_July_2025_page33_table1.csv,33,2026-08-28T21:13:50.681490
611698,26,2025-08,240MW Heo HE Project,North Eastern Electric Power Corporation Limited,611698,Ministry of Civil Aviation,Electricity Generation,Arunachal Pradesh,12/2024,07/2029,,1938.85,1938.85,49.31,3.0,FlashReport_August_2025_page33_table1.csv,33,2026-08-28T21:13:48.514742
611698,26,2025-09,240MW Heo HE Project,North Eastern Electric Power Corporation Limited,611698,Ministry of Civil Aviation,Electricity Generation,Arunachal Pradesh,12/2024,07/2029,,1938.85,1938.85,49.69,3.0,FlashReport_September_2025_page38_table1.csv,38,2026-08-28T21:13:53.778369
611699,26,2025-07,186 MW Tato-I H E Project,North Eastern Electric Power Corporation Limited,611699,Ministry of Civil Aviation,Electricity Generation,Arunachal Pradesh,05/2025,07/2029,,1750.07,1750.07,102.79,2.0,FlashReport_July_2025_page33_table1.csv,33,2026-08-28T21:13:50.681683
611699,26,2025-08,186 MW Tato-I H E Project,North Eastern Electric Power Corporation Limited,611699,Ministry of Civil Aviation,Electricity Generation,Arunachal Pradesh,12/2024,07/2029,,1750.07,1750.07,102.79,2.0,FlashReport_August_2025_page33_table1.csv,33,2026-08-28T21:13:48.514841
611699,26,2025-09,186 MW Tato-I H E Project,North Eastern Electric Power Corporation Limited,611699,Ministry of Civil Aviation,Electricity Generation,Arunachal Pradesh,12/2024,07/2029,,1750.07,1750.07,116.08,2.0,FlashReport_September_2025_page38_table1.csv,38,2026-08-28T21:13:53.778520
602096,26,2025-07,Subansiri Lower HE Project [2000 MW],National Highways & Infrastructure Development Corporation Ltd. [NHIDCL],602096,Ministry of Civil Aviation,Electricity Generation,"Multi-States (Arunachal Pradesh, Assam)",09/2003,09/2010,,6285.33,26075.5,24685.13,96.0,FlashReport_July_2025_page33_table1.csv,33,2026-08-28T21:13:50.681844
602096,26,2025-08,Subansiri Lower HE Project [2000 MW],National Highways & Infrastructure Development Corporation Ltd. [NHIDCL],602096,Ministry of Civil Aviation,Electricity Generation,"Multi-States (Arunachal Pradesh, Assam)",09/2003,09/2010,05/2026,6285.33,26075.5,24880.95,96.0,FlashReport_August_2025_page33_table1.csv,33,2026-08-28T21:13:48.515083
602096,26,2025-09,Subansiri Lower HE Project [2000 MW],National Hydroelectric Power Corporation Limited [NHPC],602096,Ministry of Civil Aviation,Electricity Generation,"Multi-States (Arunachal Pradesh, Assam)",09/2003,09/2010,05/2026,6285.33,26075.5,25058.77,96.0,FlashReport_September_2025_page38_table1.csv,38,2026-08-28T21:13:53.778673
602181,26,2025-07,"TEESTA-VI HE PROJECT, SIKKIM [500 MW], executed by LANCO TEESTA HYDRO POWER LIMITED [A wholly owned Subsidiary of NHPC LTD. acquired through NCLT]",National Highways & Infrastructure Development Corporation Ltd. [NHIDCL],602181,Ministry of Civil Aviation,Electricity Generation,Sikkim,03/2019,03/2024,,5748.04,5748.04,4495.28,68.0,FlashReport_July_2025_page33_table1.csv,33,2026-08-28T21:13:50.682018
602181,26,2025-08,"TEESTA-VI HE PROJECT, SIKKIM [500 MW], executed by LANCO TEESTA HYDRO POWER LIMITED [A wholly owned Subsidiary of NHPC LTD. acquired through NCLT]",National Highways & Infrastructure Development Corporation Ltd. [NHIDCL],602181,Ministry of Civil Aviation,Electricity Generation,Sikkim,03/2019,03/2024,12/2027,5748.04,5748.04,4576.93,69.0,FlashReport_August_2025_page33_table1.csv,33,2026-08-28T21:13:48.515184
602181,26,2025-09,"TEESTA-VI HE PROJECT, SIKKIM [500 MW], executed by LANCO TEESTA HYDRO POWER LIMITED [A wholly owned Subsidiary of NHPC LTD. acquired through NCLT]",National Hydroelectric Power Corporation Limited [NHPC],602181,Ministry of Civil Aviation,Electricity Generation,Sikkim,03/2019,03/2024,12/2027,5748.04,5748.04,4656.92,69.0,FlashReport_September_2025_page38_table1.csv,38,2026-08-28T21:13:53.778862
605156,26,2025-07,Rangit-IV HE Project [120 MW] executed by Jal Power Corporation Ltd. [JPCL] - A wholly owned subsidiary of NHPC Ltd. acquired through NCLT,National Highways & Infrastructure Development Corporation Ltd. [NHIDCL],605156,Ministry of Civil Aviation,Electricity Generation,Sikkim,03/2021,05/2024,,938.29,1828.11,1554.15,90.0,FlashReport_July_2025_page33_table1.csv,33,2026-08-28T21:13:50.682187
605156,26,2025-07,Rangit-IV HE Project [120 MW] executed by Jal Power Corporation Ltd. [JPCL] -A wholly owned subsidiary of NHPC Ltd. acquired through NCLT,National Highways & Infrastructure Development Corporation Ltd. [NHIDCL],605156,,,Sikkim,03/2021,05/2024,,938.29,1828.11,1554.15,90.0,FlashReport_July_2025_page43_table1.csv,43,2026-08-28T21:13:50.726604
605156,26,2025-08,Rangit-IV HE Project [120 MW] executed by Jal Power Corporation Ltd. [JPCL] - A wholly owned subsidiary of NHPC Ltd. acquired through NCLT,National Highways & Infrastructure Development Corporation Ltd. [NHIDCL],605156,Ministry of Civil Aviation,Electricity Generation,Sikkim,03/2021,05/2024,12/2025,938.29,1828.11,1584.13,91.0,FlashReport_August_2025_page33_table1.csv,33,2026-08-28T21:13:48.515302
605156,26,2025-08,Rangit-IV HE Project [120 MW] executed by Jal Power Corporation Ltd. [JPCL] -A wholly owned subsidiary of NHPC Ltd. acquired through NCLT,National Highways & Infrastructure Development Corporation Ltd. [NHIDCL],605156,,,Sikkim,03/2021,05/2024,12/2025,938.29,1828.11,1584.13,91.0,FlashReport_August_2025_page43_table1.csv,43,2026-08-28T21:13:48.564318
605156,26,2025-09,Rangit-IV HE Project [120 MW] executed by Jal Power Corporation Ltd. [JPCL] - A wholly owned subsidiary of NHPC Ltd. acquired through NCLT,National Hydroelectric Power Corporation Limited [NHPC],605156,Ministry of Civil Aviation,Electricity Generation,Sikkim,03/2021,05/2024,12/2025,938.29,1828.11,1445.5,93.0,FlashReport_September_2025_page38_table1.csv,38,2026-08-28T21:13:53.779076
605156,26,2025-09,Rangit-IV HE Project [120 MW] executed by Jal Power Corporation Ltd. [JPCL] -A wholly owned subsidiary of NHPC Ltd. acquired through NCLT,National Hydroelectric Power Corporation Limited [NHPC],605156,,,Sikkim,03/2021,05/2024,12/2025,938.29,1828.11,1445.5,93.0,FlashReport_September_2025_page48_table1.csv,48,2026-08-28T21:13:53.823721
617375,23,2025-09,North Eastern Region Expansion Scheme-XXIII [NERES-XXIII],Power Grid Corporation of India Limited [POWERGRID],617375,Department of Telecommunications,Transmission & Distribution,Arunachal Pradesh,08/2025,02/2028,,209.38,,,,FlashReport_September_2025_page35_table1.csv,35,2026-08-28T21:13:53.768896
602223,26,2025-07,Comprehensive Scheme for Strengthening of Transmission and Distribution [T&D] Systems [CSST&DS] in Arunachal Pradesh and Sikkim,Power Grid Corporation of India Limited [POWERGRID],602223,Ministry of Civil Aviation,Transmission & Distribution,"Multi-States (Sikkim, Arunachal Pradesh)",01/2016,12/2018,,4754.42,4754.42,7321.07,81.0,FlashReport_July_2025_page33_table1.csv,33,2026-08-28T21:13:50.682747
602223,26,2025-07,Comprehensive Scheme for Strengthening of Transmission and Distribution [T&D] Systems [CSST&DS] in Arunachal Pradesh and Sikkim,Power Grid Corporation of India Limited [POWERGRID],602223,,,"Multi-States (Arunachal Pradesh, Sikkim)",01/2016,12/2018,,4754.42,4754.42,7321.07,81.0,FlashReport_July_2025_page44_table1.csv,44,2026-08-28T21:13:50.735020
602223,26,2025-08,Comprehensive Scheme for Strengthening of Transmission and Distribution [T&D] Systems [CSST&DS] in Arunachal Pradesh and Sikkim,Power Grid Corporation of India Limited [POWERGRID],602223,Ministry of Civil Aviation,Transmission & Distribution,"Multi-States (Arunachal Pradesh, Sikkim)",03/2021,12/2018,03/2027,4754.42,9129.32,7462.2,81.0,FlashReport_August_2025_page33_table1.csv,33,2026-08-28T21:13:48.515509
602223,26,2025-09,Comprehensive Scheme for Strengthening of Transmission and Distribution [T&D] Systems [CSST&DS] in Arunachal Pradesh and Sikkim,Power Grid Corporation of India Limited [POWERGRID],602223,Ministry of Civil Aviation,Transmission & Distribution,"Multi-States (Arunachal Pradesh, Sikkim)",10/2014,12/2018,03/2027,4754.42,9129.32,7598.33,82.0,FlashReport_September_2025_page38_table1.csv,38,2026-08-28T21:13:53.779486
607709,26,2025-07,NORTH EASTERN REGION POWER SYSTEM IMPROVEMENT PROJECT [NERPSIP],Power Grid Corporation of India Limited [POWERGRID],607709,Ministry of Civil Aviation,Transmission & Distribution,"Multi-States (Meghalaya, Manipur, Mizoram, Tripura, Nagaland, Assam)",03/2016,12/2018,,5111.33,6700.0,5253.47,96.0,FlashReport_July_2025_page33_table1.csv,33,2026-08-28T21:13:50.682397
607709,26,2025-07,NORTH EASTERN REGION POWER SYSTEM IMPROVEMENT PROJECT [NERPSIP],Power Grid Corporation of India Limited [POWERGRID],607709,,,"Multi-States (Assam, Manipur, Meghalaya, Mizoram, Nagaland, Tripura)",03/2016,12/2018,,5111.33,6700.0,5253.47,96.0,FlashReport_July_2025_page44_table1.csv,44,2026-08-28T21:13:50.735186
607709,26,2025-08,NORTH EASTERN REGION POWER SYSTEM IMPROVEMENT PROJECT [NERPSIP],Power Grid Corporation of India Limited [POWERGRID],607709,Ministry of Civil Aviation,Transmission & Distribution,"Multi-States (Assam, Manipur, Meghalaya, Mizoram, Nagaland, Tripura)",12/2014,12/2018,12/2025,5111.33,6700.0,5277.24,96.0,FlashReport_August_2025_page33_table1.csv,33,2026-08-28T21:13:48.515659
607709,26,2025-09,NORTH EASTERN REGION POWER SYSTEM IMPROVEMENT PROJECT [NERPSIP],Power Grid Corporation of India Limited [POWERGRID],607709,Ministry of Civil Aviation,Transmission & Distribution,"Multi-States (Assam, Manipur, Meghalaya, Mizoram, Nagaland, Tripura)",12/2014,12/2018,12/2025,5111.33,6700.0,5295.68,96.0,FlashReport_September_2025_page38_table1.csv,38,2026-08-28T21:13:53.779662
709755,26,2025-07,"Setting up of new rail fed POL facility at Kamardanga, Assam",Hindustan Petroleum Corporation Limited [HPCL],709755,Ministry of Petroleum & Natural Gas,Energy Storage,Assam,03/2023,07/2027,,384.04,384.04,110.44,48.0,FlashReport_July_2025_page34_table1.csv,34,2026-08-28T21:13:50.685724
709755,26,2025-08,"Setting up of new rail fed POL facility at Kamardanga, Assam",Hindustan Petroleum Corporation Limited [HPCL],709755,Ministry of Petroleum & Natural Gas,Energy Storage,Assam,03/2023,07/2027,07/2027,384.04,384.04,120.4,52.0,FlashReport_August_2025_page34_table1.csv,34,2026-08-28T21:13:48.518250
709755,26,2025-09,"Setting up of new rail fed POL facility at Kamardanga, Assam",Hindustan Petroleum Corporation Limited [HPCL],709755,Ministry of Petroleum & Natural Gas,Energy Storage,Assam,03/2023,07/2027,07/2027,384.04,384.04,129.97,55.0,FlashReport_September_2025_page39_table1.csv,39,2026-08-28T21:13:53.782543
709754,26,2025-07,"Construction of LPG Facilities at Kamardanga, Assam",Hindustan Petroleum Corporation Limited,709754,Ministry of Petroleum & Natural Gas,Energy Storage,Assam,03/2023,07/2027,,156.36,156.36,49.78,39.0,FlashReport_July_2025_page34_table1.csv,34,2026-08-28T21:13:50.685584
709754,26,2025-08,"Construction of LPG Facilities at Kamardanga, Assam",Hindustan Petroleum Corporation Limited,709754,Ministry of Petroleum & Natural Gas,Energy Storage,Assam,03/2023,07/2027,07/2027,156.36,156.36,54.15,46.0,FlashReport_August_2025_page34_table1.csv,34,2026-08-28T21:13:48.518141
709754,26,2025-09,"Construction of LPG Facilities at Kamardanga, Assam",Hindustan Petroleum Corporation Limited,709754,Ministry of Petroleum & Natural Gas,Energy Storage,Assam,03/2023,07/2027,07/2027,156.36,156.36,58.27,48.0,FlashReport_September_2025_page39_table1.csv,39,2026-08-28T21:13:53.782388
701349,25,2025-07,Paradip-Numaligarh Crude Oil Pipeline [PNCPL] & Crude Oil Import Terminal [COIT] at Paradip,Ministry of Petroleum & Natural Gas,701349,Ministry of Petroleum & Natural Gas,Energy Storage,Assam,01/2019,07/2024,,10228.0,11407.0,9701.95,86.0,FlashReport_July_2025_page34_table1.csv,34,2026-08-28T21:13:50.685432
701349,25,2025-07,Paradip-Numaligarh Crude Oil Pipeline [PNCPL] & Crude Oil Import Terminal [COIT] at Paradip,Ministry of Petroleum & Natural Gas,701349,Ministry of Petroleum & Natural Gas,Energy Storage,"Multi-States (Assam, Bihar, Jharkhand, Odisha, West Bengal)",01/2019,07/2024,,10228.0,11407.0,9701.95,86.0,FlashReport_July_2025_page49_table1.csv,49,2026-08-28T21:13:50.767867
701349,25,2025-08,Paradip-Numaligarh Crude Oil Pipeline [PNCPL] & Crude Oil Import Terminal [COIT] at Paradip,Ministry of Petroleum & Natural Gas,701349,Ministry of Petroleum & Natural Gas,Energy Storage,Assam,01/2019,07/2024,09/2025,10228.0,11407.0,9766.72,87.0,FlashReport_August_2025_page34_table1.csv,34,2026-08-28T21:13:48.518036
701349,25,2025-08,Paradip-Numaligarh Crude Oil Pipeline [PNCPL] & Crude Oil Import Terminal [COIT] at Paradip,Ministry of Petroleum & Natural Gas,701349,Ministry of Petroleum & Natural Gas,Energy Storage,"Multi-States (Assam, Bihar, Jharkhand, Odisha, West Bengal)",01/2019,07/2024,09/2025,10228.0,11407.0,9766.72,87.0,FlashReport_August_2025_page49_table1.csv,49,2026-08-28T21:13:48.602814
701349,25,2025-09,Paradip-Numaligarh Crude Oil Pipeline [PNCPL] & Crude Oil Import Terminal [COIT] at Paradip,Ministry of Petroleum & Natural Gas,701349,Ministry of Petroleum & Natural Gas,Energy Storage,Assam,01/2019,07/2024,10/2025,10228.0,11407.0,9811.29,87.0,FlashReport_September_2025_page39_table1.csv,39,2026-08-28T21:13:53.782231
701349,25,2025-09,Paradip-Numaligarh Crude Oil Pipeline [PNCPL] & Crude Oil Import Terminal [COIT] at Paradip,Ministry of Petroleum & Natural Gas,701349,,,"Multi-States (Assam, Bihar, Jharkhand, Odisha, West Bengal)",01/2019,07/2024,10/2025,10228.0,11407.0,9811.29,87.0,FlashReport_September_2025_page55_table1.csv,55,2026-08-28T21:13:53.865034
400035,22,2025-07,"Grass Root Rail-fed Depot at Sekerkote, Agartala as resitement of existing Dharmanagar Depot",Indian Oil Corporation Limited [IOCL],400035,Ministry of Petroleum & Natural Gas,Energy Storage,Tripura,06/2022,09/2025,,656.0,656.0,465.73,84.0,FlashReport_July_2025_page34_table1.csv,34,2026-08-28T21:13:50.685880
400035,22,2025-08,"Grass Root Rail-fed Depot at Sekerkote, Agartala as resitement of existing Dharmanagar Depot",Indian Oil Corporation Limited [IOCL],400035,Ministry of Petroleum & Natural Gas,Energy Storage,Tripura,06/2022,09/2025,06/2026,656.0,656.0,478.11,86.0,FlashReport_August_2025_page34_table1.csv,34,2026-08-28T21:13:48.518374
400035,22,2025-09,"Grass Root Rail-fed Depot at Sekerkote, Agartala as resitement of existing Dharmanagar Depot",Indian Oil Corporation Limited [IOCL],400035,Ministry of Petroleum & Natural Gas,Energy Storage,Tripura,06/2022,09/2025,06/2026,656.0,656.0,483.9,88.0,FlashReport_September_2025_page39_table1.csv,39,2026-08-28T21:13:53.782700
709865,25,2025-07,Power Recovery Turbine [PRT] in PFCCU unit as an Energy Conservation Scheme,NRL,709865,Ministry of Petroleum & Natural Gas,Oil & Gas,Assam,04/2023,12/2024,,293.5,293.5,97.22,93.0,FlashReport_July_2025_page34_table1.csv,34,2026-08-28T21:13:50.687661
709865,25,2025-08,Power Recovery Turbine [PRT] in PFCCU unit as an Energy Conservation Scheme,NRL,709865,Ministry of Petroleum & Natural Gas,Oil & Gas,Assam,04/2023,12/2024,10/2025,293.5,293.5,97.22,94.0,FlashReport_August_2025_page34_table1.csv,34,2026-08-28T21:13:48.519499
709865,25,2025-09,Power Recovery Turbine [PRT] in PFCCU unit as an Energy Conservation Scheme,NRL,709865,Ministry of Petroleum & Natural Gas,Oil & Gas,Assam,04/2023,12/2024,10/2025,293.5,293.5,97.22,95.0,FlashReport_September_2025_page39_table1.csv,39,2026-08-28T21:13:53.784488
709864,25,2025-07,DCU Revamp Project,NRL,709864,Ministry of Petroleum & Natural Gas,Oil & Gas,Assam,08/2021,07/2024,,370.0,370.0,249.41,57.0,FlashReport_July_2025_page34_table1.csv,34,2026-08-28T21:13:50.687528
709864,25,2025-08,DCU Revamp Project,NRL,709864,Ministry of Petroleum & Natural Gas,Oil & Gas,Assam,08/2021,07/2024,10/2025,370.0,370.0,253.17,60.0,FlashReport_August_2025_page34_table1.csv,34,2026-08-28T21:13:48.519375
709864,25,2025-09,DCU Revamp Project,NRL,709864,Ministry of Petroleum & Natural Gas,Oil & Gas,Assam,08/2021,07/2024,10/2025,370.0,370.0,265.35,61.0,FlashReport_September_2025_page39_table1.csv,39,2026-08-28T21:13:53.784362
709850,25,2025-07,Borholla GGS Life Extension Project [BLEP],Ministry of Petroleum & Natural Gas,709850,Ministry of Petroleum & Natural Gas,Oil & Gas,Assam,09/2023,05/2026,,198.7,198.7,36.78,29.0,FlashReport_July_2025_page34_table1.csv,34,2026-08-28T21:13:50.687411
709850,25,2025-08,Borholla GGS Life Extension Project [BLEP],Ministry of Petroleum & Natural Gas,709850,Ministry of Petroleum & Natural Gas,Oil & Gas,Assam,09/2023,05/2026,05/2026,198.7,198.7,36.8,30.0,FlashReport_August_2025_page34_table1.csv,34,2026-08-28T21:13:48.519306
709850,25,2025-09,Borholla GGS Life Extension Project [BLEP],Ministry of Petroleum & Natural Gas,709850,Ministry of Petroleum & Natural Gas,Oil & Gas,Assam,09/2023,05/2026,05/2026,198.7,198.7,39.45,36.0,FlashReport_September_2025_page39_table1.csv,39,2026-08-28T21:13:53.784248
709847,25,2025-07,Pipeline Network Project Rudrasagar,Ministry of Petroleum & Natural Gas,709847,Ministry of Petroleum & Natural Gas,Oil & Gas,Assam,01/2023,04/2026,,344.99,344.99,210.89,46.0,FlashReport_July_2025_page34_table1.csv,34,2026-08-28T21:13:50.687279
709847,25,2025-08,Pipeline Network Project Rudrasagar,Ministry of Petroleum & Natural Gas,709847,Ministry of Petroleum & Natural Gas,Oil & Gas,Assam,01/2023,04/2026,04/2026,344.99,344.99,211.05,47.0,FlashReport_August_2025_page34_table1.csv,34,2026-08-28T21:13:48.519231
709847,25,2025-09,Pipeline Network Project Rudrasagar,Ministry of Petroleum & Natural Gas,709847,Ministry of Petroleum & Natural Gas,Oil & Gas,Assam,01/2023,04/2026,04/2026,344.99,344.99,211.1,48.0,FlashReport_September_2025_page39_table1.csv,39,2026-08-28T21:13:53.784111
604791,26,2025-07,Numaligarh Refinery Expansion Project,Ministry of Petroleum & Natural Gas,604791,Ministry of Petroleum & Natural Gas,Oil & Gas,Assam,07/2020,07/2024,,12366.0,22494.0,16502.36,75.0,FlashReport_July_2025_page34_table1.csv,34,2026-08-28T21:13:50.686097
604791,26,2025-08,Numaligarh Refinery Expansion Project,Ministry of Petroleum & Natural Gas,604791,Ministry of Petroleum & Natural Gas,Oil & Gas,Assam,07/2020,07/2024,12/2025,12366.0,22494.0,16764.09,76.0,FlashReport_August_2025_page34_table1.csv,34,2026-08-28T21:13:48.518491
604791,26,2025-09,Numaligarh Refinery Expansion Project,Ministry of Petroleum & Natural Gas,604791,Ministry of Petroleum & Natural Gas,Oil & Gas,Assam,07/2020,07/2024,12/2025,12366.0,22494.0,17007.22,78.0,FlashReport_September_2025_page39_table1.csv,39,2026-08-28T21:13:53.782881
604863,26,2025-07,Development of Surface Facilities for production and evacuation of Crude Oil and Natural Gas from Nadua and East Khagorija,Ministry of Petroleum & Natural Gas,604863,Ministry of Petroleum & Natural Gas,Oil & Gas,Assam,01/2018,02/2020,,682.9,726.93,488.37,94.0,FlashReport_July_2025_page34_table1.csv,34,2026-08-28T21:13:50.686411
604863,26,2025-08,Development of Surface Facilities for production and evacuation of Crude Oil and Natural Gas from Nadua and East Khagorija,Ministry of Petroleum & Natural Gas,604863,Ministry of Petroleum & Natural Gas,Oil & Gas,Assam,01/2018,02/2020,12/2025,682.9,726.93,489.3,94.0,FlashReport_August_2025_page34_table1.csv,34,2026-08-28T21:13:48.518661
604863,26,2025-09,Development of Surface Facilities for production and evacuation of Crude Oil and Natural Gas from Nadua and East Khagorija,Ministry of Petroleum & Natural Gas,604863,Ministry of Petroleum & Natural Gas,Oil & Gas,Assam,01/2018,02/2020,12/2025,682.9,726.93,489.6,94.0,FlashReport_September_2025_page39_table1.csv,39,2026-08-28T21:13:53.783088
709779,25,2025-07,Capacity Expansion of Digboi Refinery from 0.65 to 1.0 MMTPA,MinistryofPetroleumNaturalGas,709779,Ministry of Petroleum & Natural Gas,Oil & Gas,Assam,06/2022,03/2026,,768.0,740.0,99.02,35.0,FlashReport_July_2025_page34_table1.csv,34,2026-08-28T21:13:50.687157
709779,25,2025-08,Capacity Expansion of Digboi Refinery from 0.65 to 1.0 MMTPA,MinistryofPetroleumNaturalGas,709779,Ministry of Petroleum & Natural Gas,Oil & Gas,Assam,06/2022,03/2026,03/2026,768.0,740.0,107.72,39.0,FlashReport_August_2025_page34_table1.csv,34,2026-08-28T21:13:48.519158
709779,25,2025-09,Capacity Expansion of Digboi Refinery from 0.65 to 1.0 MMTPA,MinistryofPetroleumNaturalGas,709779,Ministry of Petroleum & Natural Gas,Oil & Gas,Assam,06/2022,03/2026,07/2027,768.0,740.0,115.21,42.0,FlashReport_September_2025_page39_table1.csv,39,2026-08-28T21:13:53.783984
607701,19,2025-07,"Guwahati Refinery Expansion [1.0 to 1.2 MMTPA] along with installation of CRU, Guwahati Refinery",Ministry of Petroleum & Natural Gas,607701,Ministry of Petroleum & Natural Gas,Oil & Gas,Assam,05/2021,10/2023,,412.3,577.0,430.83,84.0,FlashReport_July_2025_page34_table1.csv,34,2026-08-28T21:13:50.686567
607701,19,2025-08,"Guwahati Refinery Expansion [1.0 to 1.2 MMTPA] along with installation of CRU, Guwahati Refinery",Ministry of Petroleum & Natural Gas,607701,Ministry of Petroleum & Natural Gas,Oil & Gas,Assam,05/2021,10/2023,05/2026,412.3,577.0,430.83,85.0,FlashReport_August_2025_page34_table1.csv,34,2026-08-28T21:13:48.518750
607701,19,2025-09,"Guwahati Refinery Expansion [1.0 to 1.2 MMTPA] along with installation of CRU, Guwahati Refinery",Ministry of Petroleum & Natural Gas,607701,Ministry of Petroleum & Natural Gas,Oil & Gas,Assam,05/2021,10/2023,05/2026,412.3,577.0,435.92,86.0,FlashReport_September_2025_page39_table1.csv,39,2026-08-28T21:13:53.783246
709776,25,2025-07,Augmentation/Revamping of Facilities at existing Guwahati Terminal at Betkuchi,MinistryofPetroleumNaturalGas,709776,Ministry of Petroleum & Natural Gas,Oil & Gas,Assam,04/2022,09/2026,,277.0,323.09,185.18,67.0,FlashReport_July_2025_page34_table1.csv,34,2026-08-28T21:13:50.687015
709776,25,2025-08,Augmentation/Revamping of Facilities at existing Guwahati Terminal at Betkuchi,MinistryofPetroleumNaturalGas,709776,Ministry of Petroleum & Natural Gas,Oil & Gas,Assam,04/2022,09/2026,09/2026,277.0,323.09,185.18,68.0,FlashReport_August_2025_page34_table1.csv,34,2026-08-28T21:13:48.519083
709776,25,2025-09,Augmentation/Revamping of Facilities at existing Guwahati Terminal at Betkuchi,MinistryofPetroleumNaturalGas,709776,Ministry of Petroleum & Natural Gas,Oil & Gas,Assam,04/2022,09/2026,09/2026,277.0,323.09,186.17,68.0,FlashReport_September_2025_page39_table1.csv,39,2026-08-28T21:13:53.783858
616858,25,2025-07,"Construction of Field Gas Gathering Station at Baghjan area for collection, processing & transportation of natural Gas to be produced from Baghjan Field",Ministry of Petroleum & Natural Gas,616858,Ministry of Petroleum & Natural Gas,Oil & Gas,Assam,12/2020,03/2024,,430.76,430.76,326.12,85.0,FlashReport_July_2025_page34_table1.csv,34,2026-08-28T21:13:50.686734
616858,25,2025-08,"Construction of Field Gas Gathering Station at Baghjan area for collection, processing & transportation of natural Gas to be produced from Baghjan Field",Ministry of Petroleum & Natural Gas,616858,Ministry of Petroleum & Natural Gas,Oil & Gas,Assam,12/2020,03/2024,12/2025,430.76,430.76,327.27,85.0,FlashReport_August_2025_page34_table1.csv,34,2026-08-28T21:13:48.519005
616858,25,2025-09,"Construction of Field Gas Gathering Station at Baghjan area for collection, processing & transportation of natural Gas to be produced from Baghjan Field",Ministry of Petroleum & Natural Gas,616858,Ministry of Petroleum & Natural Gas,Oil & Gas,Assam,12/2020,03/2024,12/2025,430.76,430.76,327.47,86.0,FlashReport_September_2025_page39_table1.csv,39,2026-08-28T21:13:53.783544
701346,26,2025-07,North East Gas Grid,Ministry of Petroleum & Natural Gas,701346,Ministry of Petroleum & Natural Gas,Oil & Gas,"Multi-States (Sikkim, Arunachal Pradesh, Nagaland, Meghalaya, Assam, Mizoram, Tripura, Manipur)",04/2020,03/2024,,9265.0,9265.0,6375.02,85.0,FlashReport_July_2025_page34_table1.csv,34,2026-08-28T21:13:50.687807
701346,26,2025-07,North East Gas Grid,Ministry of Petroleum & Natural Gas,701346,,,"Multi-States (Arunachal Pradesh, Assam, Manipur, Meghalaya, Mizoram, Nagaland, Sikkim, Tripura, West Bengal)",04/2020,03/2024,,9265.0,9265.0,6375.02,85.0,FlashReport_July_2025_page51_table1.csv,51,2026-08-28T21:13:50.787200
701346,26,2025-08,North East Gas Grid,Ministry of Petroleum & Natural Gas,701346,Ministry of Petroleum & Natural Gas,Oil & Gas,"Multi-States (Arunachal Pradesh, Assam, Manipur, Meghalaya, Mizoram, Nagaland, Sikkim, Tripura)",04/2020,03/2024,03/2026,9265.0,9265.0,6393.85,85.0,FlashReport_August_2025_page34_table1.csv,34,2026-08-28T21:13:48.519592
701346,26,2025-08,North East Gas Grid,Ministry of Petroleum & Natural Gas,701346,,,"Multi-States (Arunachal Pradesh, Assam, Manipur, Meghalaya, Mizoram, Nagaland, Sikkim, Tripura, West Bengal)",04/2020,03/2024,03/2026,9265.0,9265.0,6393.85,85.0,FlashReport_August_2025_page52_table1.csv,52,2026-08-28T21:13:48.620625
701346,26,2025-09,North East Gas Grid,Ministry of Petroleum & Natural Gas,701346,Ministry of Petroleum & Natural Gas,Oil & Gas,"Multi-States (Arunachal Pradesh, Assam, Manipur, Meghalaya, Mizoram, Nagaland, Sikkim, Tripura)",04/2020,03/2024,03/2026,9265.0,9265.0,6426.54,85.0,FlashReport_September_2025_page39_table1.csv,39,2026-08-28T21:13:53.784631
701346,26,2025-09,North East Gas Grid,Ministry of Petroleum & Natural Gas,701346,,,"Multi-States (Arunachal Pradesh, Assam, Manipur, Meghalaya, Mizoram, Nagaland, Sikkim, Tripura, West Bengal)",04/2020,03/2024,03/2026,9265.0,9265.0,6426.54,85.0,FlashReport_September_2025_page57_table1.csv,57,2026-08-28T21:13:53.878529
709786,25,2025-07,"Augmentation/ Revamping of Dimapur Depot, Dimapur",MinistryofPetroleumNaturalGas,709786,Ministry of Petroleum & Natural Gas,Oil & Gas,Nagaland,08/2023,11/2027,,227.62,227.62,9.01,20.0,FlashReport_July_2025_page34_table1.csv,34,2026-08-28T21:13:50.687965
709786,25,2025-08,"Augmentation/ Revamping of Dimapur Depot, Dimapur",MinistryofPetroleumNaturalGas,709786,Ministry of Petroleum & Natural Gas,Oil & Gas,Nagaland,08/2023,11/2027,11/2027,227.62,227.62,9.12,22.0,FlashReport_August_2025_page34_table1.csv,34,2026-08-28T21:13:48.519665
709786,25,2025-09,"Augmentation/ Revamping of Dimapur Depot, Dimapur",MinistryofPetroleumNaturalGas,709786,Ministry of Petroleum & Natural Gas,Oil & Gas,Nagaland,08/2023,11/2027,11/2027,227.62,227.62,9.34,23.0,FlashReport_September_2025_page39_table1.csv,39,2026-08-28T21:13:53.784751
709837,25,2025-07,"Creation of Gas Dehydration Facilities, Tripura Asset",Oil and Natural Gas Corporation Limited [ONGC],709837,Ministry of Petroleum & Natural Gas,Oil & Gas,Tripura,03/2022,05/2024,,209.33,131.51,65.97,62.0,FlashReport_July_2025_page34_table1.csv,34,2026-08-28T21:13:50.688107
709837,25,2025-08,"Creation of Gas Dehydration Facilities, Tripura Asset",Oil and Natural Gas Corporation Limited [ONGC],709837,Ministry of Petroleum & Natural Gas,Oil & Gas,Tripura,03/2022,05/2024,12/2025,209.33,131.51,68.88,62.0,FlashReport_August_2025_page34_table1.csv,34,2026-08-28T21:13:48.519742
709837,25,2025-09,"Creation of Gas Dehydration Facilities, Tripura Asset",Oil and Natural Gas Corporation Limited [ONGC],709837,Ministry of Petroleum & Natural Gas,Oil & Gas,Tripura,03/2022,05/2024,12/2025,209.33,131.51,68.9,63.0,FlashReport_September_2025_page39_table1.csv,39,2026-08-28T21:13:53.784884
705572,26,2025-07,Doubling of New Bonggigaon to Kamakhya via Goalpara - 176 km,Northeast Frontier Railway [NFR],705572,Ministry of Petroleum & Natural Gas,Railways,Assam,09/2016,03/2026,,4060.0,4961.0,3683.75,93.0,FlashReport_July_2025_page34_table1.csv,34,2026-08-28T21:13:50.688480
705572,26,2025-08,Doubling of New Bonggigaon to Kamakhya via Goalpara - 176 km,Northeast Frontier Railway [NFR],705572,Ministry of Petroleum & Natural Gas,Railways,Assam,09/2016,03/2026,03/2026,4060.0,4961.0,3683.75,93.0,FlashReport_August_2025_page34_table1.csv,34,2026-08-28T21:13:48.519856
705572,26,2025-09,Doubling of New Bonggigaon to Kamakhya via Goalpara - 176 km,Northeast Frontier Railway [NFR],705572,Ministry of Petroleum & Natural Gas,Railways,Assam,09/2016,03/2026,03/2026,4060.0,4961.0,3707.75,93.0,FlashReport_September_2025_page39_table1.csv,39,2026-08-28T21:13:53.785082
706922,24,2025-07,Guwahati-Dibrugarh via Tinsukia & Simaluguri-Dibrugarh,Central Organisation for Railway Electrification [CORE],706922,Ministry of Petroleum & Natural Gas,Railways,Assam,09/2018,09/2020,,890.36,889.36,391.73,89.0,FlashReport_July_2025_page34_table1.csv,34,2026-08-28T21:13:50.688634
706922,24,2025-08,Guwahati-Dibrugarh via Tinsukia & Simaluguri-Dibrugarh,Central Organisation for Railway Electrification [CORE],706922,Ministry of Petroleum & Natural Gas,Railways,Assam,09/2020,09/2020,06/2024,890.36,889.36,391.73,89.0,FlashReport_August_2025_page34_table1.csv,34,2026-08-28T21:13:48.519937
706922,24,2025-09,Guwahati-Dibrugarh via Tinsukia & Simaluguri-Dibrugarh,Central Organisation for Railway Electrification [CORE],706922,Ministry of Petroleum & Natural Gas,Railways,Assam,09/2020,09/2020,06/2024,890.36,889.36,391.73,89.0,FlashReport_September_2025_page39_table1.csv,39,2026-08-28T21:13:53.785243
706940,22,2025-08,"Mariani-Jorhat, Tinsukia-Dangri and Makum -TirapTrack Electrification Project",GM/C/ NFR,706940,Ministry of Petroleum & Natural Gas,Railways,Assam,01/2022,05/2024,,183.99,183.99,0.0,0.0,FlashReport_August_2025_page34_table1.csv,34,2026-08-28T21:13:48.520050
706940,22,2025-09,"Mariani-Jorhat, Tinsukia-Dangri and Makum -TirapTrack Electrification Project",GM/C/ NFR,706940,Ministry of Petroleum & Natural Gas,Railways,Assam,09/2018,05/2024,,183.99,183.99,0.0,0.0,FlashReport_September_2025_page39_table1.csv,39,2026-08-28T21:13:53.785419
706942,22,2025-08,Harmuty-Murkongselek Branch Line Electrification Project,GM/C/ NFR,706942,Ministry of Petroleum & Natural Gas,Railways,Assam,01/2022,05/2024,,237.52,237.52,0.0,0.0,FlashReport_August_2025_page34_table1.csv,34,2026-08-28T21:13:48.520126
706942,22,2025-09,Harmuty-Murkongselek Branch Line Electrification Project,GM/C/ NFR,706942,Ministry of Petroleum & Natural Gas,Railways,Assam,09/2018,05/2024,,237.52,237.52,0.0,0.0,FlashReport_September_2025_page39_table1.csv,39,2026-08-28T21:13:53.785557
705391,24,2025-08,Jiribam-Imphal new line project,Northeast Frontier Railway [NFR],705391,,,Manipur,03/2013,12/2026,06/2029,14323.0,21885.9,15598.11,69.0,FlashReport_August_2025_page35_table1.csv,35,2026-08-28T21:13:48.521641
705391,24,2025-09,Jiribam-Imphal new line project,Northeast Frontier Railway [NFR],705391,Ministry of Petroleum & Natural Gas,Railways,Manipur,03/2013,12/2026,06/2029,14323.0,21885.9,15598.11,69.0,FlashReport_September_2025_page39_table1.csv,39,2026-08-28T21:13:53.785700
705401,26,2025-07,Murkongselek-Pasighat,Northeast Frontier Railway [NFR],705401,Ministry of Petroleum & Natural Gas,Railways,"Multi-States (Arunachal Pradesh, Assam)",03/2012,03/2025,,435.0,1250.0,901.0,56.0,FlashReport_July_2025_page34_table1.csv,34,2026-08-28T21:13:50.688780
705401,26,2025-08,Murkongselek-Pasighat,Northeast Frontier Railway (NFR) - II,705401,,,"Multi-States (Arunachal Pradesh, Assam)",03/2012,03/2025,12/2025,435.0,1250.0,901.0,56.0,FlashReport_August_2025_page35_table1.csv,35,2026-08-28T21:13:48.521792
705401,26,2025-09,Murkongselek-Pasighat,Northeast Frontier Railway (NFR) - II,705401,Ministry of Petroleum & Natural Gas,Railways,"Multi-States (Arunachal Pradesh, Assam)",02/2011,03/2025,05/2026,435.0,1250.0,540.27,60.0,FlashReport_September_2025_page39_table1.csv,39,2026-08-28T21:13:53.785844
705392,26,2025-07,Dimapur [Dhansiri]-Sukhobi Kohima [Zubza] NL [82.5 Km],Northeast Frontier Railway [NFR],705392,,,"Multi-States (Nagaland, Assam)",02/2016,03/2025,,6663.0,6663.0,5202.29,79.0,FlashReport_July_2025_page35_table1.csv,35,2026-08-28T21:13:50.690612
705392,26,2025-07,Dimapur [Dhansiri]-Sukhobi Kohima [Zubza] NL [82.5 Km],Northeast Frontier Railway [NFR],705392,,,"Multi-States (Assam, Nagaland)",02/2016,03/2025,,6663.0,6663.0,5202.29,79.0,FlashReport_July_2025_page58_table1.csv,58,2026-08-28T21:13:50.841496
705392,26,2025-08,Dimapur [Dhansiri]-Sukhobi Kohima [Zubza] NL [82.5 Km],Northeast Frontier Railway [NFR],705392,,,"Multi-States (Assam, Nagaland)",08/2015,03/2025,12/2025,6663.0,6663.0,5312.26,80.0,FlashReport_August_2025_page35_table1.csv,35,2026-08-28T21:13:48.521929
705392,26,2025-09,Dimapur [Dhansiri]-Sukhobi Kohima [Zubza] NL [82.5 Km],Northeast Frontier Railway [NFR],705392,,,"Multi-States (Assam, Nagaland)",08/2015,03/2025,12/2025,6663.0,6663.0,5518.32,81.0,FlashReport_September_2025_page40_table1.csv,40,2026-08-28T21:13:53.788034
616701,26,2025-07,Lumding Furkating Doubling Project 140 km,Northeast Frontier Railway [NFR],616701,,,"Multi-States (Assam, Nagaland)",01/2025,02/2028,,2123.7,2123.7,13.74,0.0,FlashReport_July_2025_page35_table1.csv,35,2026-08-28T21:13:50.690450
616701,26,2025-08,Lumding Furkating Doubling Project 140 km,Northeast Frontier Railway [NFR],616701,,,"Multi-States (Assam, Nagaland)",01/2025,02/2028,,2123.7,2123.7,13.74,0.0,FlashReport_August_2025_page35_table1.csv,35,2026-08-28T21:13:48.522066
616701,26,2025-09,Lumding Furkating Doubling Project 140 km,Northeast Frontier Railway [NFR],616701,,,"Multi-States (Assam, Nagaland)",02/2024,02/2028,,2123.7,2123.7,13.74,0.0,FlashReport_September_2025_page40_table1.csv,40,2026-08-28T21:13:53.788208
705432,26,2025-07,Sivok-Rangpo New Rail Line,Indian Railway Construction International Limited [IRCON],705432,,,Sikkim,05/2010,05/2015,,7877.0,12133.0,8883.6,80.0,FlashReport_July_2025_page35_table1.csv,35,2026-08-28T21:13:50.690757
705432,26,2025-07,Sivok-Rangpo New Rail Line,Indian Railway Construction International Limited [IRCON],705432,,,"Multi-States (Sikkim, West Bengal)",05/2010,05/2015,,7877.0,12133.0,8883.6,80.0,FlashReport_July_2025_page60_table1.csv,60,2026-08-28T21:13:50.856816
705432,26,2025-08,Sivok-Rangpo New Rail Line,Indian Railway Construction International Limited [IRCON],705432,,,Sikkim,10/2009,05/2015,12/2027,7877.0,12133.0,9039.91,84.0,FlashReport_August_2025_page35_table1.csv,35,2026-08-28T21:13:48.522382
705432,26,2025-08,Sivok-Rangpo New Rail Line,Indian Railway Construction International Limited [IRCON],705432,,,"Multi-States (Sikkim, West Bengal)",10/2009,05/2015,12/2027,7877.0,12133.0,9039.91,84.0,FlashReport_August_2025_page61_table1.csv,61,2026-08-28T21:13:48.691411
705432,26,2025-09,Sivok-Rangpo New Rail Line,Indian Railway Construction International Limited [IRCON],705432,,,Sikkim,10/2009,05/2015,12/2027,7877.0,12133.0,9039.91,84.0,FlashReport_September_2025_page40_table1.csv,40,2026-08-28T21:13:53.788369
705432,26,2025-09,Sivok-Rangpo New Rail Line,Indian Railway Construction International Limited [IRCON],705432,,,"Multi-States (Sikkim, West Bengal)",10/2009,05/2015,12/2027,7877.0,12133.0,9039.91,84.0,FlashReport_September_2025_page66_table1.csv,66,2026-08-28T21:13:53.933750
612786,13,2025-07,"Construction of New Domestic Terminal Building Building and miscellaneous works including maintenance, operations and AICMC at Kadapa Airport",Airport Authority of India [AAI],612786,Ministry of Civil Aviation,Aviation & Aviation Infrastructure,Andhra Pradesh,01/2024,01/2026,,265.91,265.91,45.54,31.0,FlashReport_July_2025_page37_table1.csv,37,2026-08-28T21:13:50.694358
612786,13,2025-08,"Construction of New Domestic Terminal Building Building and miscellaneous works including maintenance, operations and AICMC at Kadapa Airport",Airport Authority of India [AAI],612786,Ministry of Civil Aviation,Aviation & Aviation Infrastructure,Andhra Pradesh,03/2023,01/2026,03/2026,265.91,265.91,50.06,34.0,FlashReport_August_2025_page37_table1.csv,37,2026-08-28T21:13:48.527034
612786,13,2025-09,"Construction of New Domestic Terminal Building Building and miscellaneous works including maintenance, operations and AICMC at Kadapa Airport",Airport Authority of India [AAI],612786,Ministry of Civil Aviation,Aviation & Aviation Infrastructure,Andhra Pradesh,03/2023,01/2026,03/2026,265.91,265.91,59.43,35.0,FlashReport_September_2025_page42_table1.csv,42,2026-08-28T21:13:53.792389
701107,13,2025-07,Construction of New Integrated Terminal Building and associated works including apron to park 3 code E type of aircraft or 6 code C type of aircraft at Vijayawada Airport.,Airport Authority of India [AAI],701107,Ministry of Civil Aviation,Aviation & Aviation Infrastructure,Andhra Pradesh,09/2020,09/2022,,611.8,611.8,464.55,77.0,FlashReport_July_2025_page37_table1.csv,37,2026-08-28T21:13:50.694502
701107,13,2025-08,Construction of New Integrated Terminal Building and associated works including apron to park 3 code E type of aircraft or 6 code C type of aircraft at Vijayawada Airport.,Airport Authority of India [AAI],701107,Ministry of Civil Aviation,Aviation & Aviation Infrastructure,Andhra Pradesh,06/2020,09/2022,12/2025,611.8,611.8,473.27,79.0,FlashReport_August_2025_page37_table1.csv,37,2026-08-28T21:13:48.527191
701107,13,2025-09,Construction of New Integrated Terminal Building and associated works including apron to park 3 code E type of aircraft or 6 code C type of aircraft at Vijayawada Airport.,Airport Authority of India [AAI],701107,Ministry of Civil Aviation,Aviation & Aviation Infrastructure,Andhra Pradesh,06/2020,09/2022,12/2025,611.8,611.8,494.08,81.0,FlashReport_September_2025_page42_table1.csv,42,2026-08-28T21:13:53.792510
701121,13,2025-07,Construction of New Domestic Terminal Building at Rajahmundry Airport.,Airport Authority of India [AAI],701121,Ministry of Civil Aviation,Aviation & Aviation Infrastructure,Andhra Pradesh,08/2023,08/2025,,347.15,347.15,81.23,49.0,FlashReport_July_2025_page37_table1.csv,37,2026-08-28T21:13:50.694776
701121,13,2025-08,Construction of New Domestic Terminal Building at Rajahmundry Airport.,Airport Authority of India [AAI],701121,Ministry of Civil Aviation,Aviation & Aviation Infrastructure,Andhra Pradesh,12/2022,08/2025,12/2025,347.15,347.15,90.56,51.0,FlashReport_August_2025_page37_table1.csv,37,2026-08-28T21:13:48.527281
701121,13,2025-09,Construction of New Domestic Terminal Building at Rajahmundry Airport.,Airport Authority of India [AAI],701121,Ministry of Civil Aviation,Aviation & Aviation Infrastructure,Andhra Pradesh,12/2022,08/2025,12/2025,347.15,347.15,95.46,54.0,FlashReport_September_2025_page42_table1.csv,42,2026-08-28T21:13:53.792593
612183,13,2025-07,Development of New Civil Enclave at Bihta,Airport Authority of India [AAI],612183,Ministry of Civil Aviation,Aviation & Aviation Infrastructure,Bihar,03/2025,09/2027,,1413.0,1413.0,0.0,1.0,FlashReport_July_2025_page37_table1.csv,37,2026-08-28T21:13:50.695098
612183,13,2025-08,Development of New Civil Enclave at Bihta,Airport Authority of India [AAI],612183,Ministry of Civil Aviation,Aviation & Aviation Infrastructure,Bihar,08/2024,09/2027,,1413.0,1413.0,0.0,1.0,FlashReport_August_2025_page37_table1.csv,37,2026-08-28T21:13:48.527657
612183,13,2025-09,Development of New Civil Enclave at Bihta,Airport Authority of India [AAI],612183,Ministry of Civil Aviation,Aviation & Aviation Infrastructure,Bihar,08/2024,09/2027,,1413.0,1413.0,0.0,1.0,FlashReport_September_2025_page42_table1.csv,42,2026-08-28T21:13:53.792753
612194,13,2025-07,Development of New Civil Enclave and associated works at Darbhanga Airport,Airport Authority of India [AAI],612194,Ministry of Civil Aviation,Aviation & Aviation Infrastructure,Bihar,07/2024,01/2026,,911.66,911.66,133.01,23.0,FlashReport_July_2025_page37_table1.csv,37,2026-08-28T21:13:50.695238
612194,13,2025-08,Development of New Civil Enclave and associated works at Darbhanga Airport,Airport Authority of India [AAI],612194,Ministry of Civil Aviation,Aviation & Aviation Infrastructure,Bihar,07/2024,01/2026,,911.66,911.66,160.2,26.0,FlashReport_August_2025_page37_table1.csv,37,2026-08-28T21:13:48.527753
612194,13,2025-09,Development of New Civil Enclave and associated works at Darbhanga Airport,Airport Authority of India [AAI],612194,Ministry of Civil Aviation,Aviation & Aviation Infrastructure,Bihar,07/2024,01/2026,,911.66,911.66,191.27,32.0,FlashReport_September_2025_page42_table1.csv,42,2026-08-28T21:13:53.792836
701101,13,2025-07,"Construction of New Domestic Terminal Building [Phase-I and II] and other allied structures at JPNI Airport, Patna",Airport Authority of India [AAI],701101,Ministry of Civil Aviation,Aviation & Aviation Infrastructure,Bihar,10/2018,07/2023,,1216.9,1216.9,1046.48,94.0,FlashReport_July_2025_page37_table1.csv,37,2026-08-28T21:13:50.695395
701101,13,2025-08,"Construction of New Domestic Terminal Building [Phase-I and II] and other allied structures at JPNI Airport, Patna",Airport Authority of India [AAI],701101,Ministry of Civil Aviation,Aviation & Aviation Infrastructure,Bihar,12/2018,07/2023,11/2025,1216.9,1216.9,1096.51,94.0,FlashReport_August_2025_page37_table1.csv,37,2026-08-28T21:13:48.527847
701101,13,2025-09,"Construction of New Domestic Terminal Building [Phase-I and II] and other allied structures at JPNI Airport, Patna",Airport Authority of India [AAI],701101,Ministry of Civil Aviation,Aviation & Aviation Infrastructure,Bihar,12/2018,07/2023,11/2025,1216.9,1216.9,1119.69,94.0,FlashReport_September_2025_page42_table1.csv,42,2026-08-28T21:13:53.792924
701105,11,2025-07,Goa Airport Terminal Building Extension Project,Airport Authority of India [AAI],701105,Ministry of Civil Aviation,Aviation & Aviation Infrastructure,Goa,12/2019,12/2021,,255.69,255.69,130.0,88.0,FlashReport_July_2025_page37_table1.csv,37,2026-08-28T21:13:50.695531
701105,11,2025-08,Goa Airport Terminal Building Extension Project,Airport Authority of India [AAI],701105,Ministry of Civil Aviation,Aviation & Aviation Infrastructure,Goa,11/2017,12/2021,09/2025,255.69,255.69,130.0,90.0,FlashReport_August_2025_page37_table1.csv,37,2026-08-28T21:13:48.527923
701105,11,2025-09,Goa Airport Terminal Building Extension Project,Airport Authority of India [AAI],701105,Ministry of Civil Aviation,Aviation & Aviation Infrastructure,Goa,11/2017,12/2021,09/2025,255.69,255.69,154.3,92.0,FlashReport_September_2025_page42_table1.csv,42,2026-08-28T21:13:53.793043
701126,13,2025-07,"Development of Dholera International Greenfield Airport , Gujarat",Airport Authority of India [AAI],701126,Ministry of Civil Aviation,Aviation & Aviation Infrastructure,Gujarat,07/2022,06/2026,,1305.0,1551.0,666.42,63.0,FlashReport_July_2025_page37_table1.csv,37,2026-08-28T21:13:50.695687
701126,13,2025-08,"Development of Dholera International Greenfield Airport , Gujarat",Airport Authority of India [AAI],701126,Ministry of Civil Aviation,Aviation & Aviation Infrastructure,Gujarat,06/2022,06/2026,06/2026,1305.0,1551.0,1348.78,64.0,FlashReport_August_2025_page37_table1.csv,37,2026-08-28T21:13:48.528002
701126,13,2025-09,"Development of Dholera International Greenfield Airport , Gujarat",Airport Authority of India [AAI],701126,Ministry of Civil Aviation,Aviation & Aviation Infrastructure,Gujarat,06/2022,06/2026,06/2026,1305.0,1551.0,696.39,66.0,FlashReport_September_2025_page42_table1.csv,42,2026-08-28T21:13:53.793165
611047,13,2025-07,"Construction of NTB complex including apron, taxi track and other associated civil works and electrical & mechanical installations towards Tawi River side at CA Jammu.",Airport Authority of India [AAI],611047,Ministry of Civil Aviation,Aviation & Aviation Infrastructure,Jammu and Kashmir,07/2023,06/2026,,861.37,861.37,154.3,30.0,FlashReport_July_2025_page37_table1.csv,37,2026-08-28T21:13:50.695863
611047,13,2025-08,"Construction of NTB complex including apron, taxi track and other associated civil works and electrical & mechanical installations towards Tawi River side at CA Jammu.",Airport Authority of India [AAI],611047,Ministry of Civil Aviation,Aviation & Aviation Infrastructure,Jammu and Kashmir,07/2022,06/2026,06/2026,861.37,861.37,177.69,35.0,FlashReport_August_2025_page37_table1.csv,37,2026-08-28T21:13:48.528191
611047,13,2025-09,"Construction of NTB complex including apron, taxi track and other associated civil works and electrical & mechanical installations towards Tawi River side at CA Jammu.",Airport Authority of India [AAI],611047,Ministry of Civil Aviation,Aviation & Aviation Infrastructure,Jammu and Kashmir,07/2022,06/2026,06/2026,861.37,861.37,192.59,36.0,FlashReport_September_2025_page42_table1.csv,42,2026-08-28T21:13:53.793268
612787,13,2025-07,Construction of New Domestic Terminal Building and Miscellaneous works at Hubli Airport,Airport Authority of India [AAI],612787,Ministry of Civil Aviation,Aviation & Aviation Infrastructure,Karnataka,01/2024,01/2026,,320.47,320.47,56.54,36.0,FlashReport_July_2025_page37_table1.csv,37,2026-08-28T21:13:50.696008
612787,13,2025-08,Construction of New Domestic Terminal Building and Miscellaneous works at Hubli Airport,Airport Authority of India [AAI],612787,Ministry of Civil Aviation,Aviation & Aviation Infrastructure,Karnataka,06/2023,01/2026,03/2026,320.47,320.47,61.79,38.0,FlashReport_August_2025_page37_table1.csv,37,2026-08-28T21:13:48.528279
612787,13,2025-09,Construction of New Domestic Terminal Building and Miscellaneous works at Hubli Airport,Airport Authority of India [AAI],612787,Ministry of Civil Aviation,Aviation & Aviation Infrastructure,Karnataka,06/2023,01/2026,03/2026,320.47,320.47,71.37,41.0,FlashReport_September_2025_page42_table1.csv,42,2026-08-28T21:13:53.793360
612788,13,2025-07,Construction of New Domestic Terminal Building and Miscellaneous Works at Belagavi Airport.,Airport Authority of India [AAI],612788,Ministry of Civil Aviation,Aviation & Aviation Infrastructure,Karnataka,02/2024,01/2026,,322.45,322.45,115.82,48.0,FlashReport_July_2025_page37_table1.csv,37,2026-08-28T21:13:50.696148
612788,13,2025-08,Construction of New Domestic Terminal Building and Miscellaneous Works at Belagavi Airport.,Airport Authority of India [AAI],612788,Ministry of Civil Aviation,Aviation & Aviation Infrastructure,Karnataka,06/2023,01/2026,01/2026,322.45,322.45,121.72,52.0,FlashReport_August_2025_page37_table1.csv,37,2026-08-28T21:13:48.528362
612788,13,2025-09,Construction of New Domestic Terminal Building and Miscellaneous Works at Belagavi Airport.,Airport Authority of India [AAI],612788,Ministry of Civil Aviation,Aviation & Aviation Infrastructure,Karnataka,06/2023,01/2026,01/2026,322.45,322.45,132.01,55.0,FlashReport_September_2025_page42_table1.csv,42,2026-08-28T21:13:53.793445
612789,13,2025-07,"Development of additional RESA on either end on Runway 10-28 at Calicut Airport. Construction of embankment with slope protection, drainage system and associated works for additional RESA on either end on Runway 10-28",Airport Authority of India [AAI],612789,Ministry of Civil Aviation,Aviation & Aviation Infrastructure,Kerala,02/2024,09/2025,,484.57,484.57,74.67,19.0,FlashReport_July_2025_page37_table1.csv,37,2026-08-28T21:13:50.696366
612789,13,2025-08,"Development of additional RESA on either end on Runway 10-28 at Calicut Airport. Construction of embankment with slope protection, drainage system and associated works for additional RESA on either end on Runway 10-28",Airport Authority of India [AAI],612789,Ministry of Civil Aviation,Aviation & Aviation Infrastructure,Kerala,06/2023,09/2025,03/2026,484.57,484.57,83.95,21.0,FlashReport_August_2025_page37_table1.csv,37,2026-08-28T21:13:48.528468
612789,13,2025-09,"Development of additional RESA on either end on Runway 10-28 at Calicut Airport. Construction of embankment with slope protection, drainage system and associated works for additional RESA on either end on Runway 10-28",Airport Authority of India [AAI],612789,Ministry of Civil Aviation,Aviation & Aviation Infrastructure,Kerala,06/2023,09/2025,03/2026,484.57,484.57,85.16,22.0,FlashReport_September_2025_page42_table1.csv,42,2026-08-28T21:13:53.793549
400010,13,2025-07,"Construction of Terminal Building & Associated works at Leh Airport, Ladakh",Airport Authority of India [AAI],400010,Ministry of Civil Aviation,Aviation & Aviation Infrastructure,Ladakh,09/2018,09/2021,,480.0,640.0,427.04,67.0,FlashReport_July_2025_page37_table1.csv,37,2026-08-28T21:13:50.696510
400010,13,2025-08,"Construction of Terminal Building & Associated works at Leh Airport, Ladakh",Airport Authority of India [AAI],400010,Ministry of Civil Aviation,Aviation & Aviation Infrastructure,Ladakh,07/2018,09/2021,10/2025,480.0,640.0,434.79,71.0,FlashReport_August_2025_page37_table1.csv,37,2026-08-28T21:13:48.528566
400010,13,2025-09,"Construction of Terminal Building & Associated works at Leh Airport, Ladakh",Airport Authority of India [AAI],400010,Ministry of Civil Aviation,Aviation & Aviation Infrastructure,Ladakh,07/2018,09/2021,10/2025,480.0,640.0,456.22,71.0,FlashReport_September_2025_page42_table1.csv,42,2026-08-28T21:13:53.793630
611570,13,2025-07,"SITC of ATM Automation System and ASMGCS [Including SMR & MLAT] for Mumbai, Navi Mumbai, MOPA [without ASMGCS], HIAL & BIAL",Airport Authority of India [AAI],611570,Ministry of Civil Aviation,Aviation & Aviation Infrastructure,"Multi-States (Goa, Karnataka, Maharashtra, Telangana)",10/2022,09/2025,,500.48,500.48,306.21,74.0,FlashReport_July_2025_page37_table1.csv,37,2026-08-28T21:13:50.697002
611570,13,2025-08,"SITC of ATM Automation System and ASMGCS [Including SMR & MLAT] for Mumbai, Navi Mumbai, Jewar [earlier MOPA, without ASMGCS], HIAL & BIAL",Airport Authority of India [AAI],611570,Ministry of Civil Aviation,Aviation & Aviation Infrastructure,"Multi-States (Karnataka, Maharashtra, Telangana, Uttar Pradesh)",10/2022,09/2025,08/2026,500.48,500.48,332.26,75.0,FlashReport_August_2025_page37_table1.csv,37,2026-08-28T21:13:48.528740
611570,13,2025-09,"SITC of ATM Automation System and ASMGCS [Including SMR & MLAT] for Mumbai, Navi Mumbai, Jewar [earlier MOPA, without ASMGCS], HIAL & BIAL",Airport Authority of India [AAI],611570,Ministry of Civil Aviation,Aviation & Aviation Infrastructure,"Multi-States (Karnataka, Maharashtra, Telangana, Uttar Pradesh)",10/2022,09/2025,08/2026,500.48,500.48,332.26,75.0,FlashReport_September_2025_page42_table1.csv,42,2026-08-28T21:13:53.793802
701127,13,2025-07,Construction of New Passenger Terminal Building for Domestic Operations at Jodhpur Airport.,Airport Authority of India [AAI],701127,Ministry of Civil Aviation,Aviation & Aviation Infrastructure,Rajasthan,04/2023,11/2024,,480.0,480.0,254.71,77.0,FlashReport_July_2025_page37_table1.csv,37,2026-08-28T21:13:50.697147
701127,13,2025-08,Construction of New Passenger Terminal Building for Domestic Operations at Jodhpur Airport.,Airport Authority of India [AAI],701127,Ministry of Civil Aviation,Aviation & Aviation Infrastructure,Rajasthan,05/2022,11/2024,10/2025,480.0,480.0,281.72,84.0,FlashReport_August_2025_page37_table1.csv,37,2026-08-28T21:13:48.528821
701127,13,2025-09,Construction of New Passenger Terminal Building for Domestic Operations at Jodhpur Airport.,Airport Authority of India [AAI],701127,Ministry of Civil Aviation,Aviation & Aviation Infrastructure,Rajasthan,05/2022,11/2024,10/2025,480.0,480.0,301.83,89.0,FlashReport_September_2025_page42_table1.csv,42,2026-08-28T21:13:53.793882
701128,13,2025-07,Construction of New Integrated Passenger Terminal Building at Udaipur Airport,Airport Authority of India [AAI],701128,Ministry of Civil Aviation,Aviation & Aviation Infrastructure,Rajasthan,11/2022,03/2026,,887.0,887.0,312.4,44.0,FlashReport_July_2025_page37_table1.csv,37,2026-08-28T21:13:50.697429
701128,13,2025-08,Construction of New Integrated Passenger Terminal Building at Udaipur Airport,Airport Authority of India [AAI],701128,Ministry of Civil Aviation,Aviation & Aviation Infrastructure,Rajasthan,06/2023,03/2026,10/2026,887.0,887.0,352.82,49.0,FlashReport_August_2025_page37_table1.csv,37,2026-08-28T21:13:48.528898
701128,13,2025-09,Construction of New Integrated Passenger Terminal Building at Udaipur Airport,Airport Authority of India [AAI],701128,Ministry of Civil Aviation,Aviation & Aviation Infrastructure,Rajasthan,06/2023,03/2026,10/2026,887.0,887.0,378.81,50.0,FlashReport_September_2025_page42_table1.csv,42,2026-08-28T21:13:53.793964
611602,13,2025-07,"Modernization of Chennai Airport, Phase II, Part 2",Airport Authority of India [AAI],611602,Ministry of Civil Aviation,Aviation & Aviation Infrastructure,Tamil Nadu,06/2023,07/2025,,1207.0,1207.0,376.47,21.0,FlashReport_July_2025_page37_table1.csv,37,2026-08-28T21:13:50.697819
611602,13,2025-08,"Modernization of Chennai Airport, Phase II, Part 2",Airport Authority of India [AAI],611602,Ministry of Civil Aviation,Aviation & Aviation Infrastructure,Tamil Nadu,05/2018,07/2025,03/2026,1207.0,1207.0,149.21,22.0,FlashReport_August_2025_page37_table1.csv,37,2026-08-28T21:13:48.529098
611602,13,2025-09,"Modernization of Chennai Airport, Phase II, Part 2",Airport Authority of India [AAI],611602,Ministry of Civil Aviation,Aviation & Aviation Infrastructure,Tamil Nadu,05/2018,07/2025,06/2026,1207.0,1207.0,164.13,24.0,FlashReport_September_2025_page42_table1.csv,42,2026-08-28T21:13:53.794160
701113,13,2025-07,"Development of Lal Bahadur Shastri International airport, Varanasi including C/o New Terminal Building, Apron Extension, Runway Extension, PTT and allied works.",Airport Authority of India [AAI],701113,,,Uttar Pradesh,07/2024,07/2027,,2869.65,2869.65,302.3,14.0,FlashReport_July_2025_page38_table1.csv,38,2026-08-28T21:13:50.701049
701113,13,2025-08,"Development of Lal Bahadur Shastri International airport, Varanasi including C/o New Terminal Building, Apron Extension, Runway Extension, PTT and allied works.",Airport Authority of India [AAI],701113,Ministry of Civil Aviation,Aviation & Aviation Infrastructure,Uttar Pradesh,07/2024,07/2027,07/2027,2869.65,2869.65,322.98,16.0,FlashReport_August_2025_page37_table1.csv,37,2026-08-28T21:13:48.529369
701113,13,2025-09,"Development of Lal Bahadur Shastri International airport, Varanasi including C/o New Terminal Building, Apron Extension, Runway Extension, PTT and allied works.",Airport Authority of India [AAI],701113,Ministry of Civil Aviation,Aviation & Aviation Infrastructure,Uttar Pradesh,07/2024,07/2027,07/2027,2869.65,2869.65,346.36,17.0,FlashReport_September_2025_page42_table1.csv,42,2026-08-28T21:13:53.794425
701122,13,2025-07,Development of New Integrated Civil Enclave at Agra Airport,Airport Authority of India [AAI],701122,,,Uttar Pradesh,07/2024,07/2026,,579.0,579.0,74.3,14.0,FlashReport_July_2025_page38_table1.csv,38,2026-08-28T21:13:50.701210
701122,13,2025-08,Development of New Integrated Civil Enclave at Agra Airport,Airport Authority of India [AAI],701122,Ministry of Civil Aviation,Aviation & Aviation Infrastructure,Uttar Pradesh,06/2024,07/2026,,579.0,579.0,76.88,16.0,FlashReport_August_2025_page37_table1.csv,37,2026-08-28T21:13:48.529448
701122,13,2025-09,Development of New Integrated Civil Enclave at Agra Airport,Airport Authority of India [AAI],701122,Ministry of Civil Aviation,Aviation & Aviation Infrastructure,Uttar Pradesh,06/2024,07/2026,,579.0,579.0,88.11,17.0,FlashReport_September_2025_page42_table1.csv,42,2026-08-28T21:13:53.794503
611495,13,2025-07,Development of New Civil Enclave at Bagdogra Airport,Airport Authority of India [AAI],611495,,,West Bengal,10/2023,01/2027,,1549.0,1549.0,262.41,10.0,FlashReport_July_2025_page38_table1.csv,38,2026-08-28T21:13:50.701354
611495,13,2025-08,Development of New Civil Enclave at Bagdogra Airport,Airport Authority of India [AAI],611495,Ministry of Civil Aviation,Aviation & Aviation Infrastructure,West Bengal,08/2024,01/2027,01/2027,1549.0,1549.0,274.14,11.0,FlashReport_August_2025_page37_table1.csv,37,2026-08-28T21:13:48.529530
611495,13,2025-09,Development of New Civil Enclave at Bagdogra Airport,Airport Authority of India [AAI],611495,Ministry of Civil Aviation,Aviation & Aviation Infrastructure,West Bengal,08/2024,01/2027,01/2027,1549.0,1549.0,292.71,13.0,FlashReport_September_2025_page42_table1.csv,42,2026-08-28T21:13:53.794604
612791,13,2025-07,"Re-Construction of Rigid portions of Secondary Runway, K and A Taxiway and Strengthening of C Taxiway at NSCBI Airport Kolkata.",Airport Authority of India [AAI],612791,,,West Bengal,12/2023,02/2025,,328.3,328.3,98.15,44.0,FlashReport_July_2025_page38_table1.csv,38,2026-08-28T21:13:50.701523
612791,13,2025-08,"Re-Construction of Rigid portions of Secondary Runway, K and A Taxiway and Strengthening of C Taxiway at NSCBI Airport Kolkata.",Airport Authority of India [AAI],612791,,,West Bengal,04/2023,02/2025,08/2026,328.3,328.3,101.26,45.0,FlashReport_August_2025_page38_table1.csv,38,2026-08-28T21:13:48.531323
612791,13,2025-09,"Re-Construction of Rigid portions of Secondary Runway, K and A Taxiway and Strengthening of C Taxiway at NSCBI Airport Kolkata.",Airport Authority of India [AAI],612791,,,West Bengal,04/2023,02/2025,08/2026,328.3,328.3,105.41,47.0,FlashReport_September_2025_page43_table1.csv,43,2026-08-28T21:13:53.796213
400144,13,2025-07,PORDA CHIMTAPANI OCP [10 MTY],South Eastern Coalfields Limited [SECL],400144,Ministry of Coal,Coal,Chhattisgarh,12/2020,03/2029,,2310.12,2310.12,83.66,10.0,FlashReport_July_2025_page38_table1.csv,38,2026-08-28T21:13:50.701978
400144,13,2025-08,PORDA CHIMTAPANI OCP [10 MTY],South Eastern Coalfields Limited [SECL],400144,Ministry of Coal,Coal,Chhattisgarh,12/2020,03/2029,,2310.12,2310.12,83.66,10.0,FlashReport_August_2025_page38_table1.csv,38,2026-08-28T21:13:48.531679
400144,13,2025-09,PORDA CHIMTAPANI OCP [10 MTY],South Eastern Coalfields Limited [SECL],400144,Ministry of Coal,Coal,Chhattisgarh,12/2020,03/2029,,2310.12,2310.12,85.77,10.0,FlashReport_September_2025_page43_table1.csv,43,2026-08-28T21:13:53.796710
400149,13,2025-07,BAROUD OC EXPANSION [3.0-10.0MTY],South Eastern Coalfields Limited [SECL],400149,Ministry of Coal,Coal,Chhattisgarh,08/2020,03/2029,,2309.8,2309.8,913.03,47.0,FlashReport_July_2025_page38_table1.csv,38,2026-08-28T21:13:50.702368
400149,13,2025-08,BAROUD OC EXPANSION [3.0-10.0M,South Eastern Coalfields Limited [SECL],400149,Ministry of Coal,Coal,Chhattisgarh,08/2020,03/2029,,2309.8,2309.8,926.11,48.0,FlashReport_August_2025_page38_table1.csv,38,2026-08-28T21:13:48.532511
400149,13,2025-09,BAROUD OC EXPANSION [3.0-10.0M,South Eastern Coalfields Limited [SECL],400149,Ministry of Coal,Coal,Chhattisgarh,08/2020,03/2029,,2309.8,2309.8,935.64,50.0,FlashReport_September_2025_page43_table1.csv,43,2026-08-28T21:13:53.797170
400354,13,2025-07,DIPKA EXPANSION OCP [40 MTY],South Eastern Coalfields Limited [SECL],400354,Ministry of Coal,Coal,Chhattisgarh,12/2020,03/2029,,5241.4,5241.4,2675.0,37.0,FlashReport_July_2025_page38_table1.csv,38,2026-08-28T21:13:50.702496
400354,13,2025-08,DIPKA EXPANSION OCP [40 MTY],South Eastern Coalfields Limited [SECL],400354,Ministry of Coal,Coal,Chhattisgarh,12/2020,03/2029,,5241.4,5241.4,2830.01,37.0,FlashReport_August_2025_page38_table1.csv,38,2026-08-28T21:13:48.532597
400354,13,2025-09,DIPKA EXPANSION OCP [40 MTY],South Eastern Coalfields Limited [SECL],400354,Ministry of Coal,Coal,Chhattisgarh,12/2020,03/2029,,5241.4,5241.4,2830.43,37.0,FlashReport_September_2025_page43_table1.csv,43,2026-08-28T21:13:53.797313
400424,13,2025-07,GEVRA OC [70 MTY],South Eastern Coalfields Limited [SECL],400424,Ministry of Coal,Coal,Chhattisgarh,03/2016,03/2023,,11816.4,11816.4,5328.96,77.0,FlashReport_July_2025_page38_table1.csv,38,2026-08-28T21:13:50.702620
400424,13,2025-08,GEVRA OC [70 MTY],South Eastern Coalfields Limited [SECL],400424,Ministry of Coal,Coal,Chhattisgarh,03/2016,03/2023,03/2026,11816.4,11816.4,5328.96,77.0,FlashReport_August_2025_page38_table1.csv,38,2026-08-28T21:13:48.532685
400424,13,2025-09,GEVRA OC [70 MTY],South Eastern Coalfields Limited [SECL],400424,Ministry of Coal,Coal,Chhattisgarh,03/2016,03/2023,03/2026,11816.4,11816.4,6677.26,78.0,FlashReport_September_2025_page43_table1.csv,43,2026-08-28T21:13:53.797464
613798,13,2025-07,AMERA OC RCE [1.0 MTY],South Eastern Coalfields Limited [SECL],613798,Ministry of Coal,Coal,Chhattisgarh,02/2015,03/2026,,335.97,335.97,87.47,42.0,FlashReport_July_2025_page38_table1.csv,38,2026-08-28T21:13:50.702870
613798,13,2025-08,AMERA OC RCE [1.0 MTY],South Eastern Coalfields Limited [SECL],613798,Ministry of Coal,Coal,Chhattisgarh,02/2015,03/2026,,335.97,335.97,88.21,42.0,FlashReport_August_2025_page38_table1.csv,38,2026-08-28T21:13:48.532836
613798,13,2025-09,AMERA OC RCE [1.0 MTY],South Eastern Coalfields Limited [SECL],613798,Ministry of Coal,Coal,Chhattisgarh,02/2015,03/2026,,335.97,335.97,88.24,42.0,FlashReport_September_2025_page43_table1.csv,43,2026-08-28T21:13:53.797745
613799,13,2025-07,AMGAON OC RCE [1.0 MTY],South Eastern Coalfields Limited [SECL],613799,Ministry of Coal,Coal,Chhattisgarh,07/2015,03/2026,,316.11,316.11,188.53,71.0,FlashReport_July_2025_page38_table1.csv,38,2026-08-28T21:13:50.703036
613799,13,2025-08,AMGAON OC RCE [1.0 MTY],South Eastern Coalfields Limited [SECL],613799,Ministry of Coal,Coal,Chhattisgarh,07/2015,03/2026,,316.11,316.11,188.6,72.0,FlashReport_August_2025_page38_table1.csv,38,2026-08-28T21:13:48.532908
613799,13,2025-09,AMGAON OC RCE [1.0 MTY],South Eastern Coalfields Limited [SECL],613799,Ministry of Coal,Coal,Chhattisgarh,07/2015,03/2026,,316.11,316.11,188.6,78.0,FlashReport_September_2025_page43_table1.csv,43,2026-08-28T21:13:53.797868
613800,13,2025-07,JAGANNATHPUR OC RCE PROJECT[3.0 MTY],South Eastern Coalfields Limited [SECL],613800,Ministry of Coal,Coal,Chhattisgarh,07/2016,03/2025,,459.49,459.49,274.35,92.0,FlashReport_July_2025_page38_table1.csv,38,2026-08-28T21:13:50.703170
613800,13,2025-08,JAGANNATHPUR OC RCE PROJECT[3,South Eastern Coalfields Limited [SECL],613800,Ministry of Coal,Coal,Chhattisgarh,07/2016,03/2025,03/2026,459.49,459.49,274.35,92.0,FlashReport_August_2025_page38_table1.csv,38,2026-08-28T21:13:48.532981
613800,13,2025-09,JAGANNATHPUR OC RCE PROJECT,South Eastern Coalfields Limited [SECL],613800,Ministry of Coal,Coal,Chhattisgarh,07/2016,03/2025,03/2026,459.49,459.49,274.35,96.0,FlashReport_September_2025_page43_table1.csv,43,2026-08-28T21:13:53.798005
613801,13,2025-07,MAHAMAYA OCP [1.50 MTY],South Eastern Coalfields Limited [SECL],613801,Ministry of Coal,Coal,Chhattisgarh,05/2018,03/2026,,410.26,410.26,169.3,38.0,FlashReport_July_2025_page38_table1.csv,38,2026-08-28T21:13:50.703294
613801,13,2025-08,MAHAMAYA OCP [1.50 MTY],South Eastern Coalfields Limited [SECL],613801,Ministry of Coal,Coal,Chhattisgarh,05/2018,03/2026,,410.26,410.26,181.23,38.0,FlashReport_August_2025_page38_table1.csv,38,2026-08-28T21:13:48.533056
613801,13,2025-09,MAHAMAYA OCP [1.50 MTY],South Eastern Coalfields Limited [SECL],613801,Ministry of Coal,Coal,Chhattisgarh,05/2018,03/2026,,410.26,410.26,181.59,54.0,FlashReport_September_2025_page43_table1.csv,43,2026-08-28T21:13:53.798140
615191,13,2025-07,KATKONA RO UG MINE,South Eastern Coalfields Limited [SECL],615191,Ministry of Coal,Coal,Chhattisgarh,01/2023,03/2029,,329.21,329.21,60.3,2.0,FlashReport_July_2025_page38_table1.csv,38,2026-08-28T21:13:50.703425
615191,13,2025-08,KATKONA RO UG MINE,South Eastern Coalfields Limited [SECL],615191,Ministry of Coal,Coal,Chhattisgarh,01/2023,03/2029,,329.21,329.21,60.3,2.0,FlashReport_August_2025_page38_table1.csv,38,2026-08-28T21:13:48.533153
615191,13,2025-09,KATKONA RO UG MINE,South Eastern Coalfields Limited [SECL],615191,Ministry of Coal,Coal,Chhattisgarh,01/2023,03/2029,,329.21,329.21,60.81,2.0,FlashReport_September_2025_page43_table1.csv,43,2026-08-28T21:13:53.798273
616234,13,2025-07,PELMA OC MDO,South Eastern Coalfields Limited [SECL],616234,Ministry of Coal,Coal,Chhattisgarh,10/2022,03/2033,,1725.04,1725.04,15.63,17.0,FlashReport_July_2025_page38_table1.csv,38,2026-08-28T21:13:50.703549
616234,13,2025-08,PELMA OC MDO,South Eastern Coalfields Limited [SECL],616234,Ministry of Coal,Coal,Chhattisgarh,10/2022,03/2033,,1725.04,1725.04,15.66,17.0,FlashReport_August_2025_page38_table1.csv,38,2026-08-28T21:13:48.533268
616234,13,2025-09,PELMA OC MDO,South Eastern Coalfields Limited [SECL],616234,Ministry of Coal,Coal,Chhattisgarh,10/2022,03/2033,,1725.04,1725.04,15.66,40.0,FlashReport_September_2025_page43_table1.csv,43,2026-08-28T21:13:53.798405
617287,13,2025-07,KUSMUNDA OC EXPANSION PROJECT 50-75 MTY,SECL - CIL,617287,Ministry of Coal,Coal,Chhattisgarh,11/2024,03/2030,,4516.88,4516.88,16.97,3.0,FlashReport_July_2025_page38_table1.csv,38,2026-08-28T21:13:50.703676
617287,13,2025-08,KUSMUNDA OC EXPANSION PROJECT 50-75 MTY,SECL - CIL,617287,Ministry of Coal,Coal,Chhattisgarh,11/2024,03/2030,,4516.88,4516.88,16.97,3.0,FlashReport_August_2025_page38_table1.csv,38,2026-08-28T21:13:48.533394
617287,13,2025-09,KUSMUNDA OC EXPANSION PROJECT,SECL - CIL,617287,Ministry of Coal,Coal,Chhattisgarh,11/2024,03/2030,,4516.88,4516.88,774.91,21.0,FlashReport_September_2025_page43_table1.csv,43,2026-08-28T21:13:53.798536
617288,13,2025-07,MANIKPUR OC EXPANSION PROJECT 7 MTY,South Eastern Coalfields Limited [SECL],617288,Ministry of Coal,Coal,Chhattisgarh,01/2025,03/2029,,382.61,382.61,0.86,1.0,FlashReport_July_2025_page38_table1.csv,38,2026-08-28T21:13:50.703807
617288,13,2025-08,MANIKPUR OC EXPANSION PROJECT 7 MTY,South Eastern Coalfields Limited [SECL],617288,Ministry of Coal,Coal,Chhattisgarh,01/2025,03/2029,,382.61,382.61,0.86,1.0,FlashReport_August_2025_page38_table1.csv,38,2026-08-28T21:13:48.533526
617288,13,2025-09,MANIKPUR OC EXPANSION PROJECT,South Eastern Coalfields Limited [SECL],617288,Ministry of Coal,Coal,Chhattisgarh,01/2025,03/2029,,382.61,382.61,112.87,21.0,FlashReport_September_2025_page43_table1.csv,43,2026-08-28T21:13:53.798710
400018,13,2025-07,HURA C OCP,ECL - CIL,400018,Ministry of Coal,Coal,Jharkhand,08/2022,03/2029,,859.41,859.41,450.47,62.0,FlashReport_July_2025_page38_table1.csv,38,2026-08-28T21:13:50.704049
400018,13,2025-08,HURA C OCP,ECL - CIL,400018,Ministry of Coal,Coal,Jharkhand,08/2022,03/2029,,859.41,859.41,450.76,62.0,FlashReport_August_2025_page38_table1.csv,38,2026-08-28T21:13:48.533790
400018,13,2025-09,HURA C OCP,ECL - CIL,400018,Ministry of Coal,Coal,Jharkhand,08/2022,03/2029,,859.41,859.41,451.61,62.0,FlashReport_September_2025_page43_table1.csv,43,2026-08-28T21:13:53.798958
400073,13,2025-07,KONAR EXPANSION OCP,Ministry of Coal,400073,Ministry of Coal,Coal,Jharkhand,01/2022,03/2032,,799.34,799.34,426.16,46.0,FlashReport_July_2025_page38_table1.csv,38,2026-08-28T21:13:50.704178
400073,13,2025-08,KONAR EXPANSION OCP,Ministry of Coal,400073,Ministry of Coal,Coal,Jharkhand,01/2022,03/2032,,799.34,799.34,424.01,45.0,FlashReport_August_2025_page38_table1.csv,38,2026-08-28T21:13:48.533944
400073,13,2025-09,KONAR EXPANSION OCP,Ministry of Coal,400073,Ministry of Coal,Coal,Jharkhand,01/2022,03/2032,,799.34,799.34,429.42,45.0,FlashReport_September_2025_page43_table1.csv,43,2026-08-28T21:13:53.799308
400074,13,2025-07,KARO EXPANSION OCP,Ministry of Coal,400074,Ministry of Coal,Coal,Jharkhand,01/2022,03/2029,,908.47,908.47,251.79,22.0,FlashReport_July_2025_page38_table1.csv,38,2026-08-28T21:13:50.704301
400074,13,2025-08,KARO EXPANSION OCP,Ministry of Coal,400074,Ministry of Coal,Coal,Jharkhand,01/2022,03/2029,,908.47,908.47,269.18,22.0,FlashReport_August_2025_page38_table1.csv,38,2026-08-28T21:13:48.534072
400074,13,2025-09,KARO EXPANSION OCP,Ministry of Coal,400074,Ministry of Coal,Coal,Jharkhand,01/2022,03/2029,,908.47,908.47,269.18,22.0,FlashReport_September_2025_page43_table1.csv,43,2026-08-28T21:13:53.799503
400136,13,2025-07,SANGHMITRA OC,Ministry of Coal,400136,Ministry of Coal,Coal,Jharkhand,03/2027,03/2032,,2660.0,2660.0,0.0,0.0,FlashReport_July_2025_page38_table1.csv,38,2026-08-28T21:13:50.704545
400136,13,2025-08,SANGHMITRA OC,Ministry of Coal,400136,Ministry of Coal,Coal,Jharkhand,03/2024,03/2032,,2660.0,2660.0,0.0,0.0,FlashReport_August_2025_page38_table1.csv,38,2026-08-28T21:13:48.534198
400136,13,2025-09,SANGHMITRA OC,Ministry of Coal,400136,Ministry of Coal,Coal,Jharkhand,03/2024,03/2032,,2660.0,2660.0,0.0,0.0,FlashReport_September_2025_page43_table1.csv,43,2026-08-28T21:13:53.799650
400138,13,2025-07,CHANDRAGUPT OCP,Ministry of Coal,400138,Ministry of Coal,Coal,Jharkhand,08/2020,03/2032,,973.5,973.5,440.32,15.0,FlashReport_July_2025_page38_table1.csv,38,2026-08-28T21:13:50.704641
400138,13,2025-08,CHANDRAGUPT OCP,Ministry of Coal,400138,Ministry of Coal,Coal,Jharkhand,08/2020,03/2032,,973.5,973.5,440.56,25.0,FlashReport_August_2025_page38_table1.csv,38,2026-08-28T21:13:48.534323
400138,13,2025-09,CHANDRAGUPT OCP,Ministry of Coal,400138,Ministry of Coal,Coal,Jharkhand,08/2020,03/2032,,973.5,973.5,440.56,24.0,FlashReport_September_2025_page43_table1.csv,43,2026-08-28T21:13:53.799832
400139,13,2025-07,KOTRE BASANTPUR PACHMO OCP,Ministry of Coal,400139,Ministry of Coal,Coal,Jharkhand,08/2020,03/2032,,861.06,625.4,441.05,41.0,FlashReport_July_2025_page38_table1.csv,38,2026-08-28T21:13:50.704716
400139,13,2025-08,KOTRE BASANTPUR PACHMO OCP,Ministry of Coal,400139,Ministry of Coal,Coal,Jharkhand,08/2020,03/2032,,861.06,625.4,455.95,42.0,FlashReport_August_2025_page38_table1.csv,38,2026-08-28T21:13:48.534451
400139,13,2025-09,KOTRE BASANTPUR PACHMO OCP,Ministry of Coal,400139,Ministry of Coal,Coal,Jharkhand,08/2020,03/2032,,861.06,625.4,455.95,42.0,FlashReport_September_2025_page43_table1.csv,43,2026-08-28T21:13:53.799969
400142,13,2025-07,Pachwara South Coal Block,NLC India Limited [NLCIL],400142,Ministry of Coal,Coal,Jharkhand,12/2019,09/2028,,2242.9,2242.9,1165.64,54.0,FlashReport_July_2025_page38_table1.csv,38,2026-08-28T21:13:50.704811
400142,13,2025-08,Pachwara South Coal Block,NLC India Limited [NLCIL],400142,Ministry of Coal,Coal,Jharkhand,12/2019,09/2028,,2242.9,2242.9,1170.75,74.0,FlashReport_August_2025_page38_table1.csv,38,2026-08-28T21:13:48.534583
400142,13,2025-09,Pachwara South Coal Block,NLC India Limited [NLCIL],400142,Ministry of Coal,Coal,Jharkhand,03/2016,09/2028,,2242.9,2242.9,1186.18,74.0,FlashReport_September_2025_page43_table1.csv,43,2026-08-28T21:13:53.800125
400150,13,2025-07,RPR MAGADH EXP OCP,Ministry of Coal,400150,,,Jharkhand,08/2020,03/2028,,7254.37,7254.37,1534.64,38.0,FlashReport_July_2025_page39_table1.csv,39,2026-08-28T21:13:50.706398
400150,13,2025-08,RPR MAGADH EXP OCP,Ministry of Coal,400150,Ministry of Coal,Coal,Jharkhand,08/2020,03/2028,,7254.37,7254.37,1535.31,38.0,FlashReport_August_2025_page38_table1.csv,38,2026-08-28T21:13:48.534709
400150,13,2025-09,RPR MAGADH EXP OCP,Ministry of Coal,400150,Ministry of Coal,Coal,Jharkhand,08/2020,03/2028,,7254.37,7254.37,1548.41,38.0,FlashReport_September_2025_page43_table1.csv,43,2026-08-28T21:13:53.800261
400151,13,2025-07,NORTH URIMARI EXPANSION OCP,Ministry of Coal,400151,,,Jharkhand,07/2021,03/2029,,778.8,778.8,695.11,67.0,FlashReport_July_2025_page39_table1.csv,39,2026-08-28T21:13:50.706512
400151,13,2025-08,NORTH URIMARI EXPANSION OCP,Ministry of Coal,400151,Ministry of Coal,Coal,Jharkhand,07/2021,03/2029,,778.8,778.8,695.99,67.0,FlashReport_August_2025_page38_table1.csv,38,2026-08-28T21:13:48.534838
400151,13,2025-09,NORTH URIMARI EXPANSION OCP,Ministry of Coal,400151,Ministry of Coal,Coal,Jharkhand,07/2021,03/2029,,778.8,778.8,696.05,67.0,FlashReport_September_2025_page43_table1.csv,43,2026-08-28T21:13:53.800397
400153,13,2025-07,EPR ROHINI - KARKETTA OCP,Ministry of Coal,400153,,,Jharkhand,01/2021,03/2028,,1020.42,1020.42,83.95,20.0,FlashReport_July_2025_page39_table1.csv,39,2026-08-28T21:13:50.706585
400153,13,2025-08,EPR ROHINI - KARKETTA OCP,Central Coalfields Limited [CCL],400153,Ministry of Coal,Coal,Jharkhand,01/2021,03/2028,,1020.42,1020.42,83.95,20.0,FlashReport_August_2025_page38_table1.csv,38,2026-08-28T21:13:48.534972
400153,13,2025-09,EPR ROHINI - KARKETTA OCP,Central Coalfields Limited [CCL],400153,Ministry of Coal,Coal,Jharkhand,01/2021,03/2028,,1020.42,1020.42,83.95,20.0,FlashReport_September_2025_page43_table1.csv,43,2026-08-28T21:13:53.800536
400154,13,2025-07,EPR PUNDI OCP,Ministry of Coal,400154,,,Jharkhand,11/2020,03/2027,,713.35,713.35,236.57,10.0,FlashReport_July_2025_page39_table1.csv,39,2026-08-28T21:13:50.706655
400154,13,2025-08,EPR PUNDI OCP,Ministry of Coal,400154,,,Jharkhand,11/2020,03/2027,,713.35,713.35,236.58,10.0,FlashReport_August_2025_page39_table1.csv,39,2026-08-28T21:13:48.537281
400154,13,2025-09,EPR PUNDI OCP,Ministry of Coal,400154,,,Jharkhand,11/2020,03/2027,,713.35,713.35,236.58,10.0,FlashReport_September_2025_page44_table1.csv,44,2026-08-28T21:13:53.802443
400155,13,2025-07,EPR ASHOK OC,Ministry of Coal,400155,,,Jharkhand,05/2021,03/2028,,2898.28,2898.28,176.6,21.0,FlashReport_July_2025_page39_table1.csv,39,2026-08-28T21:13:50.706722
400155,13,2025-08,EPR ASHOK OC,Ministry of Coal,400155,,,Jharkhand,05/2021,03/2028,,2898.28,2898.28,178.51,22.0,FlashReport_August_2025_page39_table1.csv,39,2026-08-28T21:13:48.537433
400155,13,2025-09,EPR ASHOK OC,Ministry of Coal,400155,,,Jharkhand,05/2021,03/2031,,2898.28,2898.28,179.7,24.0,FlashReport_September_2025_page44_table1.csv,44,2026-08-28T21:13:53.802594
400156,13,2025-07,EPR AMRAPALI OCP,Ministry of Coal,400156,,,Jharkhand,02/2020,03/2028,,5136.15,5136.15,1125.18,43.0,FlashReport_July_2025_page39_table1.csv,39,2026-08-28T21:13:50.706788
400156,13,2025-08,EPR AMRAPALI OCP,Ministry of Coal,400156,,,Jharkhand,02/2020,03/2028,,5136.15,5136.15,1154.6,43.0,FlashReport_August_2025_page39_table1.csv,39,2026-08-28T21:13:48.537568
400156,13,2025-09,EPR AMRAPALI OCP,Ministry of Coal,400156,,,Jharkhand,02/2020,03/2028,,5136.15,5136.15,1159.17,42.0,FlashReport_September_2025_page44_table1.csv,44,2026-08-28T21:13:53.802718
400160,13,2025-07,RAJRAPPA RCE OCP,Ministry of Coal,400160,,,Jharkhand,12/2009,03/2016,,510.85,510.85,488.57,76.0,FlashReport_July_2025_page39_table1.csv,39,2026-08-28T21:13:50.706854
400160,13,2025-08,RAJRAPPA RCE OCP,Ministry of Coal,400160,,,Jharkhand,12/2009,03/2016,03/2027,510.85,510.85,488.67,76.0,FlashReport_August_2025_page39_table1.csv,39,2026-08-28T21:13:48.537707
400160,13,2025-09,RAJRAPPA RCE OCP,Ministry of Coal,400160,,,Jharkhand,12/2009,03/2016,03/2027,510.85,510.85,488.67,76.0,FlashReport_September_2025_page44_table1.csv,44,2026-08-28T21:13:53.802843
400172,13,2025-07,CHITRA EAST OC,Eastern Coal Fields Limited [ECL],400172,,,Jharkhand,08/2018,03/2026,,513.99,513.99,228.71,51.0,FlashReport_July_2025_page39_table1.csv,39,2026-08-28T21:13:50.706923
400172,13,2025-08,CHITRA EAST OC,Eastern Coal Fields Limited [ECL],400172,,,Jharkhand,08/2018,03/2026,,513.99,513.99,229.01,51.0,FlashReport_August_2025_page39_table1.csv,39,2026-08-28T21:13:48.537852
400172,13,2025-09,CHITRA EAST OC,Eastern Coal Fields Limited [ECL],400172,,,Jharkhand,08/2018,03/2026,,513.99,513.99,229.01,51.0,FlashReport_September_2025_page44_table1.csv,44,2026-08-28T21:13:53.802924
400352,13,2025-07,JHARKHAND-LAIYO OCP,Ministry of Coal,400352,,,Jharkhand,08/2020,03/2031,,764.57,764.57,145.81,25.0,FlashReport_July_2025_page39_table1.csv,39,2026-08-28T21:13:50.707020
400352,13,2025-08,JHARKHAND-LAIYO OCP,Ministry of Coal,400352,,,Jharkhand,08/2020,03/2031,,764.57,764.57,145.81,29.0,FlashReport_August_2025_page39_table1.csv,39,2026-08-28T21:13:48.538008
400352,13,2025-09,JHARKHAND-LAIYO OCP,Ministry of Coal,400352,,,Jharkhand,08/2020,03/2031,,764.57,764.57,145.81,29.0,FlashReport_September_2025_page44_table1.csv,44,2026-08-28T21:13:53.802996
400425,13,2025-07,MOONIDIH XV SEAM UG,BCCL - CIL,400425,,,Jharkhand,08/2011,03/2019,,1230.27,1230.27,624.17,81.0,FlashReport_July_2025_page39_table1.csv,39,2026-08-28T21:13:50.707139
400425,13,2025-08,MOONIDIH XV SEAM UG,Ministry of Coal,400425,,,Jharkhand,08/2011,03/2019,05/2026,1230.27,1230.27,626.63,81.0,FlashReport_August_2025_page39_table1.csv,39,2026-08-28T21:13:48.538143
400425,13,2025-09,MOONIDIH XV SEAM UG,Ministry of Coal,400425,,,Jharkhand,08/2011,03/2019,05/2026,1230.27,1230.27,629.58,81.0,FlashReport_September_2025_page44_table1.csv,44,2026-08-28T21:13:53.803070
611017,10,2025-07,2.5 MTPA PATHERDIH NLW WASHERY,Ministry of Coal,611017,,,Jharkhand,04/2016,04/2018,,334.27,334.27,138.69,48.0,FlashReport_July_2025_page39_table1.csv,39,2026-08-28T21:13:50.707213
611017,10,2025-08,2.5 MTPA PATHERDIH NLW WASHERY,Ministry of Coal,611017,,,Jharkhand,10/2015,04/2018,03/2026,334.27,334.27,140.51,48.0,FlashReport_August_2025_page39_table1.csv,39,2026-08-28T21:13:48.538281
611017,10,2025-09,2.5 MTPA PATHERDIH NLW WASHERY,Ministry of Coal,611017,,,Jharkhand,10/2015,04/2018,03/2026,334.27,334.27,142.64,48.0,FlashReport_September_2025_page44_table1.csv,44,2026-08-28T21:13:53.803195
611864,13,2025-07,AMALAGAMATED NTST KUJAMA OCP 8.5MTY,Ministry of Coal,611864,,,Jharkhand,01/2023,03/2030,,4011.85,4011.85,398.5,28.0,FlashReport_July_2025_page39_table1.csv,39,2026-08-28T21:13:50.707282
611864,13,2025-08,AMALAGAMATED NTST KUJAMA OCP 8.5MTY,Ministry of Coal,611864,,,Jharkhand,01/2023,03/2030,,4011.85,4011.85,398.5,28.0,FlashReport_August_2025_page39_table1.csv,39,2026-08-28T21:13:48.538407
611864,13,2025-09,AMALAGAMATED NTST KUJAMA OCP 8.5MTY,Ministry of Coal,611864,,,Jharkhand,01/2023,03/2030,,4011.85,4011.85,404.49,28.0,FlashReport_September_2025_page44_table1.csv,44,2026-08-28T21:13:53.803327
613808,13,2025-07,MURAIDIH UG PROJECT,Ministry of Coal,613808,,,Jharkhand,02/2011,04/2014,,339.87,339.87,190.65,70.0,FlashReport_July_2025_page39_table1.csv,39,2026-08-28T21:13:50.707347
613808,13,2025-08,MURAIDIH UG PROJECT,Ministry of Coal,613808,,,Jharkhand,02/2011,04/2014,12/2026,339.87,339.87,191.0,70.0,FlashReport_August_2025_page39_table1.csv,39,2026-08-28T21:13:48.538692
613808,13,2025-09,MURAIDIH UG PROJECT,Ministry of Coal,613808,,,Jharkhand,02/2011,04/2014,12/2026,339.87,339.87,191.0,70.0,FlashReport_September_2025_page44_table1.csv,44,2026-08-28T21:13:53.803464
615349,13,2025-07,TAPIN SOUTH EXPN,Ministry of Coal,615349,,,Jharkhand,11/2020,03/2028,,230.41,230.41,21.0,20.0,FlashReport_July_2025_page39_table1.csv,39,2026-08-28T21:13:50.707414
615349,13,2025-08,TAPIN SOUTH EXPN,Ministry of Coal,615349,,,Jharkhand,11/2020,03/2028,,230.41,230.41,22.02,20.0,FlashReport_August_2025_page39_table1.csv,39,2026-08-28T21:13:48.538821
615349,13,2025-09,TAPIN SOUTH EXPN,Ministry of Coal,615349,,,Jharkhand,11/2020,03/2028,,230.41,230.41,22.02,20.0,FlashReport_September_2025_page44_table1.csv,44,2026-08-28T21:13:53.803585
615822,13,2025-07,SIRKA OC,Ministry of Coal,615822,,,Jharkhand,05/2020,03/2028,,222.82,222.82,139.31,60.0,FlashReport_July_2025_page39_table1.csv,39,2026-08-28T21:13:50.707478
615822,13,2025-08,SIRKA OC,Ministry of Coal,615822,,,Jharkhand,05/2020,03/2028,,222.82,222.82,139.31,53.0,FlashReport_August_2025_page39_table1.csv,39,2026-08-28T21:13:48.538944
615822,13,2025-09,SIRKA OC,Ministry of Coal,615822,,,Jharkhand,05/2020,03/2028,,222.82,222.82,140.58,53.0,FlashReport_September_2025_page44_table1.csv,44,2026-08-28T21:13:53.803703
615843,13,2025-07,TETARIAKHAR OC,Ministry of Coal,615843,,,Jharkhand,11/2019,03/2025,,243.52,243.52,44.64,28.0,FlashReport_July_2025_page39_table1.csv,39,2026-08-28T21:13:50.707543
615843,13,2025-08,TETARIAKHAR OC,Ministry of Coal,615843,,,Jharkhand,11/2019,03/2025,03/2027,243.52,243.52,44.64,30.0,FlashReport_August_2025_page39_table1.csv,39,2026-08-28T21:13:48.539071
615843,13,2025-09,TETARIAKHAR OC,Ministry of Coal,615843,,,Jharkhand,11/2019,03/2025,03/2027,243.52,243.52,44.64,29.0,FlashReport_September_2025_page44_table1.csv,44,2026-08-28T21:13:53.803876
616225,13,2025-07,CHUPERBHITA SIMLONG OCP MDO 6 MTY,Eastern Coal Fields Limited [ECL],616225,,,Jharkhand,12/2023,03/2037,,979.08,979.08,0.0,0.0,FlashReport_July_2025_page39_table1.csv,39,2026-08-28T21:13:50.707623
616225,13,2025-08,CHUPERBHITA SIMLONG OCP MDO 6 MTY,Eastern Coal Fields Limited [ECL],616225,,,Jharkhand,12/2023,03/2037,,979.08,979.08,0.0,0.0,FlashReport_August_2025_page39_table1.csv,39,2026-08-28T21:13:48.539215
616225,13,2025-09,CHUPERBHITA SIMLONG OCP MDO 6 MTY,Eastern Coal Fields Limited [ECL],616225,,,Jharkhand,12/2023,03/2037,,979.08,979.08,0.0,0.0,FlashReport_September_2025_page44_table1.csv,44,2026-08-28T21:13:53.804022
616236,13,2025-07,JARANGDIH EXPN. OCP 1.5 MTY,CCL - CIL,616236,,,Jharkhand,02/2020,03/2029,,414.37,414.37,85.6,26.0,FlashReport_July_2025_page39_table1.csv,39,2026-08-28T21:13:50.707695
616236,13,2025-08,JARANGDIH EXPN. OCP 1.5 MTY,CCL - CIL,616236,,,Jharkhand,02/2020,03/2029,,414.37,414.37,85.6,33.0,FlashReport_August_2025_page39_table1.csv,39,2026-08-28T21:13:48.539352
616236,13,2025-09,JARANGDIH EXPN. OCP 1.5 MTY,CCL - CIL,616236,,,Jharkhand,02/2020,03/2029,,414.37,414.37,85.6,32.0,FlashReport_September_2025_page44_table1.csv,44,2026-08-28T21:13:53.804157
616253,13,2025-07,BLOCK E OCP,Ministry of Coal,616253,,,Jharkhand,03/2024,03/2029,,5850.83,5850.83,0.0,2.0,FlashReport_July_2025_page39_table1.csv,39,2026-08-28T21:13:50.707766
616253,13,2025-08,BLOCK E OCP,Ministry of Coal,616253,,,Jharkhand,03/2024,03/2029,,5850.83,5850.83,20.32,3.0,FlashReport_August_2025_page39_table1.csv,39,2026-08-28T21:13:48.539483
616253,13,2025-09,BLOCK E OCP,Ministry of Coal,616253,,,Jharkhand,03/2024,03/2029,,5850.83,5850.83,20.32,3.0,FlashReport_September_2025_page44_table1.csv,44,2026-08-28T21:13:53.804302
617416,12,2025-09,"Revised Jharia Master Plan for Dealing with Fire, Subsidence & Rehabilitation of affected families in Jharia Coalfield- Reg.",Bharat Coking Coal Limited (BCCL,617416,Department of Telecommunications,Coal,Jharkhand,06/2025,12/2028,,5940.47,,,,FlashReport_September_2025_page35_table1.csv,35,2026-08-28T21:13:53.767244
400148,13,2025-07,AMADAND OCP[4.0MTY],Ministry of Coal,400148,,,Madhya Pradesh,03/2016,03/2021,,869.44,869.44,274.45,75.0,FlashReport_July_2025_page39_table1.csv,39,2026-08-28T21:13:50.707835
400148,13,2025-08,AMADAND OCP[4.0MTY],South Eastern Coalfields Limited [SECL],400148,,,Madhya Pradesh,03/2016,03/2021,03/2027,869.44,869.44,273.45,75.0,FlashReport_August_2025_page39_table1.csv,39,2026-08-28T21:13:48.539623
400148,13,2025-09,AMADAND OCP[4.0MTY],Ministry of Coal,400148,,,Madhya Pradesh,03/2016,03/2021,03/2027,869.44,869.44,275.35,75.0,FlashReport_September_2025_page44_table1.csv,44,2026-08-28T21:13:53.804621
400162,13,2025-07,BLOCK B EXPANSION [3.5 TO 8.0 MTPA] OPENCAST COAL MINING PROJECT,Northern Coalfields Limited [NCL],400162,,,Madhya Pradesh,07/2019,03/2023,,998.71,998.71,458.01,46.0,FlashReport_July_2025_page39_table1.csv,39,2026-08-28T21:13:50.708004
400162,13,2025-08,BLOCK B EXPANSION [3.5 TO 8.0,Northern Coalfields Limited [NCL],400162,,,Madhya Pradesh,07/2019,03/2023,03/2027,998.71,998.71,457.2,47.0,FlashReport_August_2025_page39_table1.csv,39,2026-08-28T21:13:48.539952
400162,13,2025-09,BLOCK B EXPANSION [3.5 TO 8.0,Northern Coalfields Limited [NCL],400162,,,Madhya Pradesh,07/2019,03/2023,03/2027,998.71,998.71,468.13,47.0,FlashReport_September_2025_page44_table1.csv,44,2026-08-28T21:13:53.804857
400321,13,2025-07,NIGAHI EXPANSION [15 TO 25 MTPA] OPENCAST MINING PROJECT,Northern Coalfields Limited [NCL],400321,,,Madhya Pradesh,11/2020,03/2025,,1729.68,1729.68,772.91,44.0,FlashReport_July_2025_page39_table1.csv,39,2026-08-28T21:13:50.708107
400321,13,2025-08,NIGAHI EXPANSION [15 TO 25 MTP,Northern Coalfields Limited [NCL],400321,,,Madhya Pradesh,11/2020,03/2025,03/2028,1729.68,1729.68,804.11,48.0,FlashReport_August_2025_page39_table1.csv,39,2026-08-28T21:13:48.540101
400321,13,2025-09,NIGAHI EXPANSION [15 TO 25 MTP,Northern Coalfields Limited [NCL],400321,,,Madhya Pradesh,11/2020,03/2025,03/2028,1729.68,1729.68,827.47,47.0,FlashReport_September_2025_page44_table1.csv,44,2026-08-28T21:13:53.804936
613802,13,2025-07,KANCHAN OC EXP,South Eastern Coalfields Limited [SECL],613802,,,Madhya Pradesh,12/2014,03/2026,,371.04,371.04,144.61,47.0,FlashReport_July_2025_page39_table1.csv,39,2026-08-28T21:13:50.708199
613802,13,2025-08,KANCHAN OC EXP,South Eastern Coalfields Limited [SECL],613802,,,Madhya Pradesh,12/2014,03/2026,,371.04,371.04,144.61,47.0,FlashReport_August_2025_page39_table1.csv,39,2026-08-28T21:13:48.540240
613802,13,2025-09,KANCHAN OC EXP,South Eastern Coalfields Limited [SECL],613802,,,Madhya Pradesh,12/2014,03/2026,,371.04,371.04,144.61,58.0,FlashReport_September_2025_page44_table1.csv,44,2026-08-28T21:13:53.805018
613803,13,2025-07,JHIRIA WEST OCP [1.5 MTY],South Eastern Coalfields Limited [SECL],613803,,,Madhya Pradesh,01/2024,03/2026,,366.94,366.94,25.07,41.0,FlashReport_July_2025_page39_table1.csv,39,2026-08-28T21:13:50.708272
613803,13,2025-08,JHIRIA WEST OCP [1.5 MTY],South Eastern Coalfields Limited [SECL],613803,,,Madhya Pradesh,01/2024,03/2026,,366.94,366.94,34.05,41.0,FlashReport_August_2025_page39_table1.csv,39,2026-08-28T21:13:48.540388
613803,13,2025-09,JHIRIA WEST OCP [1.5 MTY],South Eastern Coalfields Limited [SECL],613803,,,Madhya Pradesh,01/2024,03/2029,,366.94,366.94,34.06,41.0,FlashReport_September_2025_page44_table1.csv,44,2026-08-28T21:13:53.805093
613804,13,2025-07,RPR TAWA-III UG 0.84 MTY,WCL - CIL,613804,,,Madhya Pradesh,12/2021,03/2027,,314.09,314.09,5.7,17.0,FlashReport_July_2025_page39_table1.csv,39,2026-08-28T21:13:50.708340
613804,13,2025-08,RPR TAWA-III UG 0.84 MTY,Western Coalfields Limited [WCL],613804,,,Madhya Pradesh,12/2021,03/2027,,314.09,314.09,5.79,17.0,FlashReport_August_2025_page39_table1.csv,39,2026-08-28T21:13:48.540519
613804,13,2025-09,RPR TAWA-III UG 0.84 MTY,Western Coalfields Limited [WCL],613804,,,Madhya Pradesh,12/2021,03/2027,,314.09,314.09,5.87,17.0,FlashReport_September_2025_page44_table1.csv,44,2026-08-28T21:13:53.805167
615185,13,2025-07,AMALGAMATED DHANKASA & JAMUNIA UG,Western Coalfields Limited [WCL],615185,,,Madhya Pradesh,09/2022,03/2027,,399.2,399.2,72.21,67.0,FlashReport_July_2025_page39_table1.csv,39,2026-08-28T21:13:50.708417
615185,13,2025-08,AMALGAMATED DHANKASA & JAMUNIA,Western Coalfields Limited [WCL],615185,,,Madhya Pradesh,09/2022,03/2027,,399.2,399.2,91.67,66.0,FlashReport_August_2025_page39_table1.csv,39,2026-08-28T21:13:48.540659
615185,13,2025-09,AMALGAMATED DHANKASA & JAMUNIA,Western Coalfields Limited [WCL],615185,,,Madhya Pradesh,09/2022,03/2027,,399.2,399.2,92.44,66.0,FlashReport_September_2025_page44_table1.csv,44,2026-08-28T21:13:53.805242
615187,13,2025-07,RPR OF VISHNUPURI UG TO OC,Western Coalfields Limited [WCL],615187,,,Madhya Pradesh,11/2022,03/2029,,220.62,220.62,0.0,11.0,FlashReport_July_2025_page39_table1.csv,39,2026-08-28T21:13:50.708493
615187,13,2025-08,RPR OF VISHNUPURI UG TO OC,Western Coalfields Limited [WCL],615187,,,Madhya Pradesh,11/2022,03/2029,,220.62,220.62,0.0,11.0,FlashReport_August_2025_page39_table1.csv,39,2026-08-28T21:13:48.540799
615187,13,2025-09,RPR OF VISHNUPURI UG TO OC,Western Coalfields Limited [WCL],615187,,,Madhya Pradesh,11/2022,03/2029,,220.62,220.62,0.0,11.0,FlashReport_September_2025_page44_table1.csv,44,2026-08-28T21:13:53.805320
615194,13,2025-07,URDHAN EXPANSION OC COST PLUS,Western Coalfields Limited [WCL],615194,,,Madhya Pradesh,01/2023,03/2031,,206.88,206.88,23.22,1.0,FlashReport_July_2025_page39_table1.csv,39,2026-08-28T21:13:50.708564
615194,13,2025-08,URDHAN EXPANSION OC COST PLUS,Western Coalfields Limited [WCL],615194,,,Madhya Pradesh,07/2022,03/2031,,206.88,206.88,27.19,1.0,FlashReport_August_2025_page39_table1.csv,39,2026-08-28T21:13:48.540937
615194,13,2025-09,URDHAN EXPANSION OC COST PLUS,Western Coalfields Limited [WCL],615194,,,Madhya Pradesh,07/2022,03/2031,,206.88,206.88,27.19,0.0,FlashReport_September_2025_page44_table1.csv,44,2026-08-28T21:13:53.805396
615195,13,2025-07,SHARDA UG MINE,Western Coalfields Limited [WCL],615195,,,Madhya Pradesh,09/2023,03/2028,,166.25,166.25,2.78,9.0,FlashReport_July_2025_page39_table1.csv,39,2026-08-28T21:13:50.708632
615195,13,2025-08,SHARDA UG MINE,Western Coalfields Limited [WCL],615195,,,Madhya Pradesh,07/2023,03/2028,,166.25,166.25,3.96,9.0,FlashReport_August_2025_page39_table1.csv,39,2026-08-28T21:13:48.541072
615195,13,2025-09,SHARDA UG MINE,Western Coalfields Limited [WCL],615195,,,Madhya Pradesh,07/2022,03/2028,,166.25,166.25,4.35,9.0,FlashReport_September_2025_page44_table1.csv,44,2026-08-28T21:13:53.805471
615206,13,2025-07,GANDHIGRAM UG MINE,Western Coalfields Limited [WCL],615206,,,Madhya Pradesh,08/2019,03/2026,,414.15,414.15,13.27,57.0,FlashReport_July_2025_page39_table1.csv,39,2026-08-28T21:13:50.708699
615206,13,2025-08,GANDHIGRAM UG MINE,Western Coalfields Limited [WCL],615206,,,Madhya Pradesh,08/2019,03/2026,,414.15,414.15,13.38,57.0,FlashReport_August_2025_page39_table1.csv,39,2026-08-28T21:13:48.541201
615206,13,2025-09,GANDHIGRAM UG MINE,Western Coalfields Limited [WCL],615206,,,Madhya Pradesh,08/2019,03/2026,,414.15,414.15,13.38,57.0,FlashReport_September_2025_page44_table1.csv,44,2026-08-28T21:13:53.805543
400033,13,2025-07,BHATADI EXPANSION OC,Western Coalfields Limited [WCL],400033,,,Maharashtra,05/2022,03/2028,,580.61,580.61,20.52,26.0,FlashReport_July_2025_page40_table1.csv,40,2026-08-28T21:13:50.710653
400033,13,2025-08,BHATADI EXPANSION OC,Western Coalfields Limited [WCL],400033,,,Maharashtra,02/2020,03/2028,,580.61,580.61,69.73,26.0,FlashReport_August_2025_page39_table1.csv,39,2026-08-28T21:13:48.541336
400033,13,2025-09,BHATADI EXPANSION OC,Western Coalfields Limited [WCL],400033,,,Maharashtra,02/2020,03/2028,,580.61,580.61,69.77,28.0,FlashReport_September_2025_page44_table1.csv,44,2026-08-28T21:13:53.805613
400177,13,2025-07,AMALGAMATED YEKONA I & YEKONA II OC,Western Coalfields Limited [WCL],400177,,,Maharashtra,08/2015,03/2025,,727.28,727.28,524.54,80.0,FlashReport_July_2025_page40_table1.csv,40,2026-08-28T21:13:50.710743
400177,13,2025-08,AMALGAMATED YEKONA I & YEKONA,Western Coalfields Limited [WCL],400177,,,Maharashtra,08/2015,03/2025,03/2026,727.28,727.28,535.96,80.0,FlashReport_August_2025_page39_table1.csv,39,2026-08-28T21:13:48.541475
400177,13,2025-09,AMALGAMATED YEKONA I & YEKONA,Western Coalfields Limited [WCL],400177,,,Maharashtra,08/2015,03/2025,03/2026,727.28,727.28,538.4,80.0,FlashReport_September_2025_page44_table1.csv,44,2026-08-28T21:13:53.805687
400178,13,2025-07,DINESH[MAKARDHOKRA-III] OC,Western Coalfields Limited [WCL],400178,,,Maharashtra,02/2020,03/2027,,822.88,822.88,621.73,35.0,FlashReport_July_2025_page40_table1.csv,40,2026-08-28T21:13:50.710846
400178,13,2025-08,DINESH[MAKARDHOKRA-III] OC,Western Coalfields Limited [WCL],400178,,,Maharashtra,02/2020,03/2027,,822.88,822.88,621.73,35.0,FlashReport_August_2025_page39_table1.csv,39,2026-08-28T21:13:48.541604
400178,13,2025-09,DINESH[MAKARDHOKRA-III] OC,Western Coalfields Limited [WCL],400178,,,Maharashtra,02/2020,03/2027,,822.88,822.88,621.73,35.0,FlashReport_September_2025_page45_table1.csv,45,2026-08-28T21:13:53.807597
400353,13,2025-07,DHUPTALA OC [SASTI UG TO OC ],Western Coalfields Limited [WCL],400353,,,Maharashtra,10/2021,03/2028,,711.01,711.01,80.33,17.0,FlashReport_July_2025_page40_table1.csv,40,2026-08-28T21:13:50.710962
400353,13,2025-08,DHUPTALA OC [SASTI UG TO OC ],Western Coalfields Limited [WCL],400353,,,Maharashtra,10/2021,03/2028,,711.01,711.01,80.61,17.0,FlashReport_August_2025_page40_table1.csv,40,2026-08-28T21:13:48.544448
400353,13,2025-09,DHUPTALA OC [SASTI UG TO OC ],Western Coalfields Limited [WCL],400353,,,Maharashtra,10/2021,03/2028,,711.01,711.01,80.61,17.0,FlashReport_September_2025_page45_table1.csv,45,2026-08-28T21:13:53.807720
615184,13,2025-07,SAONER UG MINE -1 EXPANSION 1.2 MTY,Western Coalfields Limited [WCL],615184,,,Maharashtra,01/2022,03/2028,,228.64,228.64,139.81,68.0,FlashReport_July_2025_page40_table1.csv,40,2026-08-28T21:13:50.711075
615184,13,2025-08,SAONER UG MINE -1 EXPANSION 1.,Western Coalfields Limited [WCL],615184,,,Maharashtra,01/2022,03/2028,,228.64,228.64,141.21,68.0,FlashReport_August_2025_page40_table1.csv,40,2026-08-28T21:13:48.544603
615184,13,2025-09,SAONER UG MINE -1 EXPANSION 1.,Western Coalfields Limited [WCL],615184,,,Maharashtra,01/2022,03/2028,,228.64,228.64,142.4,68.0,FlashReport_September_2025_page45_table1.csv,45,2026-08-28T21:13:53.807828
615186,13,2025-07,SASTI EXPANSION OPENCAST,Western Coalfields Limited [WCL],615186,,,Maharashtra,08/2020,03/2026,,319.04,319.04,90.96,20.0,FlashReport_July_2025_page40_table1.csv,40,2026-08-28T21:13:50.711194
615186,13,2025-08,SASTI EXPANSION OPENCAST,Western Coalfields Limited [WCL],615186,,,Maharashtra,08/2020,03/2026,,319.04,319.04,90.31,20.0,FlashReport_August_2025_page40_table1.csv,40,2026-08-28T21:13:48.544739
615186,13,2025-09,SASTI EXPANSION OPENCAST,Western Coalfields Limited [WCL],615186,,,Maharashtra,08/2020,03/2026,,319.04,319.04,90.31,20.0,FlashReport_September_2025_page45_table1.csv,45,2026-08-28T21:13:53.807904
615188,13,2025-07,NEW MAJRI UG TO OC 3 MTY COST PLUS,Western Coalfields Limited [WCL],615188,,,Maharashtra,09/2022,03/2027,,402.27,402.27,41.08,24.0,FlashReport_July_2025_page40_table1.csv,40,2026-08-28T21:13:50.711325
615188,13,2025-08,NEW MAJRI UG TO OC 3 MTY COST,Western Coalfields Limited [WCL],615188,,,Maharashtra,05/2019,03/2027,,402.27,402.27,55.44,24.0,FlashReport_August_2025_page40_table1.csv,40,2026-08-28T21:13:48.544875
615188,13,2025-09,NEW MAJRI UG TO OC 3 MTY COST,Western Coalfields Limited [WCL],615188,,,Maharashtra,05/2019,03/2027,,402.27,402.27,55.44,24.0,FlashReport_September_2025_page45_table1.csv,45,2026-08-28T21:13:53.807978
615189,13,2025-07,MAKARDHOKRA EXPN OC 4.9 MTY,Western Coalfields Limited [WCL],615189,,,Maharashtra,06/2022,03/2026,,361.87,361.87,67.64,12.0,FlashReport_July_2025_page40_table1.csv,40,2026-08-28T21:13:50.711447
615189,13,2025-08,MAKARDHOKRA EXPN OC 4.9 MTY,Western Coalfields Limited [WCL],615189,,,Maharashtra,06/2022,03/2026,,361.87,361.87,70.22,12.0,FlashReport_August_2025_page40_table1.csv,40,2026-08-28T21:13:48.545006
615189,13,2025-09,MAKARDHOKRA EXPN OC 4.9 MTY,Western Coalfields Limited [WCL],615189,,,Maharashtra,06/2022,03/2026,,361.87,361.87,70.22,11.0,FlashReport_September_2025_page45_table1.csv,45,2026-08-28T21:13:53.808050
615190,13,2025-07,SINGHORI DEEP OC MIN 2.0 MTY,Western Coalfields Limited [WCL],615190,,,Maharashtra,05/2022,03/2029,,335.75,335.75,26.64,6.0,FlashReport_July_2025_page40_table1.csv,40,2026-08-28T21:13:50.711575
615190,13,2025-08,SINGHORI DEEP OC MIN 2.0 MTY,Western Coalfields Limited [WCL],615190,,,Maharashtra,05/2022,03/2029,,335.75,335.75,26.79,6.0,FlashReport_August_2025_page40_table1.csv,40,2026-08-28T21:13:48.545146
615190,13,2025-09,SINGHORI DEEP OC MIN 2.0 MTY,Western Coalfields Limited [WCL],615190,,,Maharashtra,05/2022,03/2029,,335.75,335.75,26.98,6.0,FlashReport_September_2025_page45_table1.csv,45,2026-08-28T21:13:53.808125
615192,13,2025-07,GOKUL EXTENSION OC MINE,Western Coalfields Limited [WCL],615192,,,Maharashtra,04/2021,03/2026,,309.58,309.58,29.85,8.0,FlashReport_July_2025_page40_table1.csv,40,2026-08-28T21:13:50.711698
615192,13,2025-08,GOKUL EXTENSION OC MINE,Western Coalfields Limited [WCL],615192,,,Maharashtra,04/2021,03/2026,,309.58,309.58,40.06,8.0,FlashReport_August_2025_page40_table1.csv,40,2026-08-28T21:13:48.545278
615192,13,2025-09,GOKUL EXTENSION OC MINE,Western Coalfields Limited [WCL],615192,,,Maharashtra,04/2021,03/2026,,309.58,309.58,42.75,8.0,FlashReport_September_2025_page45_table1.csv,45,2026-08-28T21:13:53.808200
615199,13,2025-07,KOLGAON EXPANSION DEEP OC MINE 0.80 MTY,Western Coalfields Limited [WCL],615199,,,Maharashtra,09/2023,03/2027,,198.71,198.71,0.71,3.0,FlashReport_July_2025_page40_table1.csv,40,2026-08-28T21:13:50.711820
615199,13,2025-08,KOLGAON EXPANSION DEEP OC MINE 0.80 MTY,Western Coalfields Limited [WCL],615199,,,Maharashtra,09/2023,03/2027,,198.71,198.71,0.71,3.0,FlashReport_August_2025_page40_table1.csv,40,2026-08-28T21:13:48.545422
615199,13,2025-09,KOLGAON EXPANSION DEEP OC MINE 0.80 MTY,Western Coalfields Limited [WCL],615199,,,Maharashtra,01/2023,03/2027,,198.71,198.71,0.71,2.0,FlashReport_September_2025_page45_table1.csv,45,2026-08-28T21:13:53.808272
615330,13,2025-07,BALLARPUR NORTH WEST OC MINE,Western Coalfields Limited [WCL],615330,,,Maharashtra,12/2022,03/2029,,360.81,360.81,0.0,4.0,FlashReport_July_2025_page40_table1.csv,40,2026-08-28T21:13:50.711937
615330,13,2025-08,BALLARPUR NORTH WEST OC MINE,Western Coalfields Limited [WCL],615330,,,Maharashtra,12/2022,03/2029,,360.81,360.81,0.02,4.0,FlashReport_August_2025_page40_table1.csv,40,2026-08-28T21:13:48.545560
615330,13,2025-09,BALLARPUR NORTH WEST OC MINE,Western Coalfields Limited [WCL],615330,,,Maharashtra,12/2022,03/2029,,360.81,360.81,0.02,4.0,FlashReport_September_2025_page45_table1.csv,45,2026-08-28T21:13:53.808346
615331,13,2025-07,GADEGAON OC 3 MTY,Western Coalfields Limited [WCL],615331,,,Maharashtra,10/2023,03/2030,,497.41,497.41,0.0,0.0,FlashReport_July_2025_page40_table1.csv,40,2026-08-28T21:13:50.712054
615331,13,2025-08,GADEGAON OC 3 MTY,Western Coalfields Limited [WCL],615331,,,Maharashtra,10/2023,03/2030,,497.41,497.41,0.08,0.0,FlashReport_August_2025_page40_table1.csv,40,2026-08-28T21:13:48.545689
615331,13,2025-09,GADEGAON OC 3 MTY,Western Coalfields Limited [WCL],615331,,,Maharashtra,10/2023,03/2030,,497.41,497.41,0.08,0.0,FlashReport_September_2025_page45_table1.csv,45,2026-08-28T21:13:53.808416
615914,13,2025-07,GHONSA EXPANSION DEEP OC MINE 1.5 MTY,Western Coalfields Limited [WCL],615914,,,Maharashtra,03/2021,03/2029,,184.71,184.71,10.48,6.0,FlashReport_July_2025_page40_table1.csv,40,2026-08-28T21:13:50.712221
615914,13,2025-08,GHONSA EXPANSION DEEP OC MINE,Western Coalfields Limited [WCL],615914,,,Maharashtra,03/2021,03/2029,,184.71,184.71,11.48,6.0,FlashReport_August_2025_page40_table1.csv,40,2026-08-28T21:13:48.545833
615914,13,2025-09,GHONSA EXPANSION DEEP OC MINE,Western Coalfields Limited [WCL],615914,,,Maharashtra,03/2021,03/2029,,184.71,184.71,11.48,5.0,FlashReport_September_2025_page45_table1.csv,45,2026-08-28T21:13:53.808487
615916,13,2025-07,AMLG GAURI PAUNI EXPANSION OC - 9.0 MTY,Western Coalfields Limited [WCL],615916,,,Maharashtra,04/2024,03/2030,,1225.21,1225.21,78.41,1.0,FlashReport_July_2025_page40_table1.csv,40,2026-08-28T21:13:50.712358
615916,13,2025-08,AMLG GAURI PAUNI EXPANSION OC,Western Coalfields Limited [WCL],615916,,,Maharashtra,04/2024,03/2030,,1225.21,1225.21,78.87,1.0,FlashReport_August_2025_page40_table1.csv,40,2026-08-28T21:13:48.545997
615916,13,2025-09,AMLG GAURI PAUNI EXPANSION OC,Western Coalfields Limited [WCL],615916,,,Maharashtra,04/2024,03/2030,,1225.21,1225.21,78.68,1.0,FlashReport_September_2025_page45_table1.csv,45,2026-08-28T21:13:53.808598
615917,13,2025-07,GAURIDEEP/GAURI CENTRAL OCP 7.00 MTY CP,Western Coalfields Limited [WCL],615917,,,Maharashtra,06/2024,03/2030,,973.07,973.07,0.11,0.0,FlashReport_July_2025_page40_table1.csv,40,2026-08-28T21:13:50.712495
615917,13,2025-08,GAURIDEEP/GAURI CENTRAL OCP 7.,Western Coalfields Limited [WCL],615917,,,Maharashtra,06/2024,03/2030,,973.07,973.07,0.24,0.0,FlashReport_August_2025_page40_table1.csv,40,2026-08-28T21:13:48.546137
615917,13,2025-09,GAURIDEEP/GAURI CENTRAL OCP 7.,Western Coalfields Limited [WCL],615917,,,Maharashtra,08/2023,03/2030,,973.07,973.07,0.24,0.0,FlashReport_September_2025_page45_table1.csv,45,2026-08-28T21:13:53.808675
615918,13,2025-07,RPR OF BHANEGAON OC,Western Coalfields Limited [WCL],615918,,,Maharashtra,09/2022,03/2028,,405.2,405.2,11.71,8.0,FlashReport_July_2025_page40_table1.csv,40,2026-08-28T21:13:50.712633
615918,13,2025-08,RPR OF BHANEGAON OC,Western Coalfields Limited [WCL],615918,,,Maharashtra,02/2017,03/2028,,405.2,405.2,12.36,8.0,FlashReport_August_2025_page40_table1.csv,40,2026-08-28T21:13:48.546278
615918,13,2025-09,RPR OF BHANEGAON OC,Western Coalfields Limited [WCL],615918,,,Maharashtra,02/2017,03/2028,,405.2,405.2,12.36,7.0,FlashReport_September_2025_page45_table1.csv,45,2026-08-28T21:13:53.808748
615919,13,2025-07,N. EXTN. MUNGOLI NIRGUDA D OCP 6.125 MTY,Western Coalfields Limited [WCL],615919,,,Maharashtra,06/2024,03/2030,,1024.91,1024.91,165.54,0.0,FlashReport_July_2025_page40_table1.csv,40,2026-08-28T21:13:50.712776
615919,13,2025-08,N. EXTN. MUNGOLI NIRGUDA D OCP,Western Coalfields Limited [WCL],615919,,,Maharashtra,06/2024,03/2030,,1024.91,1024.91,168.59,0.0,FlashReport_August_2025_page40_table1.csv,40,2026-08-28T21:13:48.546428
615919,13,2025-09,N. EXTN. MUNGOLI NIRGUDA D OCP,Western Coalfields Limited [WCL],615919,,,Maharashtra,06/2024,03/2029,,1024.91,1024.91,169.91,0.0,FlashReport_September_2025_page45_table1.csv,45,2026-08-28T21:13:53.808824
615982,13,2025-07,NILJAI EXPANSION DEEP OCP,Western Coalfields Limited [WCL],615982,,,Maharashtra,08/2016,03/2022,,319.75,319.75,367.6,79.0,FlashReport_July_2025_page40_table1.csv,40,2026-08-28T21:13:50.712969
615982,13,2025-08,NILJAI EXPANSION DEEP OCP,Western Coalfields Limited [WCL],615982,,,Maharashtra,08/2016,03/2022,03/2026,319.75,319.75,367.6,79.0,FlashReport_August_2025_page40_table1.csv,40,2026-08-28T21:13:48.546563
615982,13,2025-09,NILJAI EXPANSION DEEP OCP,Western Coalfields Limited [WCL],615982,,,Maharashtra,08/2016,03/2024,03/2026,319.75,319.75,367.6,79.0,FlashReport_September_2025_page45_table1.csv,45,2026-08-28T21:13:53.808896
616044,13,2025-07,UKNI DEEP OC MINE -COST PLUS,Western Coalfields Limited [WCL],616044,,,Maharashtra,01/2019,03/2021,,237.06,237.06,159.21,87.0,FlashReport_July_2025_page40_table1.csv,40,2026-08-28T21:13:50.713284
616044,13,2025-08,UKNI DEEP OC MINE -COST PLUS,Western Coalfields Limited [WCL],616044,,,Maharashtra,01/2019,03/2021,03/2026,237.06,237.06,165.57,87.0,FlashReport_August_2025_page40_table1.csv,40,2026-08-28T21:13:48.546705
616044,13,2025-09,UKNI DEEP OC MINE -COST PLUS,Western Coalfields Limited [WCL],616044,,,Maharashtra,11/2018,03/2021,03/2026,237.06,237.06,165.57,87.0,FlashReport_September_2025_page45_table1.csv,45,2026-08-28T21:13:53.808970
616050,13,2025-07,AMALGAMATED INDER-KAMPTEE DEEP OC,Western Coalfields Limited [WCL],616050,,,Maharashtra,09/2018,03/2024,,235.9,235.9,237.12,98.0,FlashReport_July_2025_page40_table1.csv,40,2026-08-28T21:13:50.713465
616050,13,2025-08,AMALGAMATED INDER-KAMPTEE DEEP OC,Western Coalfields Limited [WCL],616050,,,Maharashtra,09/2018,03/2024,03/2026,235.9,235.9,237.12,98.0,FlashReport_August_2025_page40_table1.csv,40,2026-08-28T21:13:48.546849
616050,13,2025-09,AMALGAMATED INDER-KAMPTEE DEEP OC,Western Coalfields Limited [WCL],616050,,,Maharashtra,09/2018,03/2024,03/2026,235.9,235.9,237.12,98.0,FlashReport_September_2025_page45_table1.csv,45,2026-08-28T21:13:53.809044
616223,13,2025-07,ADASA UG TO OC MINE,Western Coalfields Limited [WCL],616223,,,Maharashtra,11/2018,03/2024,,316.0,316.0,308.84,86.0,FlashReport_July_2025_page40_table1.csv,40,2026-08-28T21:13:50.713638
616223,13,2025-08,ADASA UG TO OC MINE,Western Coalfields Limited [WCL],616223,,,Maharashtra,11/2018,03/2024,03/2026,316.0,316.0,308.84,86.0,FlashReport_August_2025_page40_table1.csv,40,2026-08-28T21:13:48.546982
616223,13,2025-09,ADASA UG TO OC MINE,Western Coalfields Limited [WCL],616223,,,Maharashtra,11/2018,03/2024,03/2026,316.0,316.0,308.84,86.0,FlashReport_September_2025_page45_table1.csv,45,2026-08-28T21:13:53.809119
616229,13,2025-07,AMAL GONDEGAON GHATROHANA EXPN OCP,Western Coalfields Limited [WCL],616229,,,Maharashtra,09/2024,03/2030,,668.54,668.54,0.53,0.0,FlashReport_July_2025_page40_table1.csv,40,2026-08-28T21:13:50.713793
616229,13,2025-08,AMAL GONDEGAON GHATROHANA EXPN,Western Coalfields Limited [WCL],616229,,,Maharashtra,09/2024,03/2030,,668.54,668.54,1.18,0.0,FlashReport_August_2025_page40_table1.csv,40,2026-08-28T21:13:48.547115
616229,13,2025-09,AMAL GONDEGAON GHATROHANA EXPN,Western Coalfields Limited [WCL],616229,,,Maharashtra,09/2024,03/2029,,668.54,668.54,1.21,0.0,FlashReport_September_2025_page45_table1.csv,45,2026-08-28T21:13:53.809194
617233,13,2025-07,WAGHODA UG MINE [1.02 MTY],Western Coalfields Limited [WCL],617233,,,Maharashtra,01/2025,03/2030,,379.3,379.3,0.0,0.0,FlashReport_July_2025_page40_table1.csv,40,2026-08-28T21:13:50.713931
617233,13,2025-08,WAGHODA UG MINE [1.02 MTY],Western Coalfields Limited [WCL],617233,,,Maharashtra,01/2024,03/2030,,379.3,379.3,0.0,0.0,FlashReport_August_2025_page40_table1.csv,40,2026-08-28T21:13:48.547252
617233,13,2025-09,WAGHODA UG MINE [1.02 MTY],Western Coalfields Limited [WCL],617233,,,Maharashtra,01/2024,03/2030,,379.3,379.3,0.0,0.0,FlashReport_September_2025_page45_table1.csv,45,2026-08-28T21:13:53.809267
617278,13,2025-07,KOLARPIMPRI EXPANSION OC [2.5 MTY],Western Coalfields Limited [WCL],617278,,,Maharashtra,02/2025,03/2030,,630.37,630.37,0.0,0.0,FlashReport_July_2025_page40_table1.csv,40,2026-08-28T21:13:50.714067
617278,13,2025-08,KOLARPIMPRI EXPANSION OC [2.5 MTY],Western Coalfields Limited [WCL],617278,,,Maharashtra,06/2024,03/2030,,630.37,630.37,0.0,0.0,FlashReport_August_2025_page40_table1.csv,40,2026-08-28T21:13:48.547388
617278,13,2025-09,KOLARPIMPRI EXPANSION OC [2.5 MTY],Western Coalfields Limited [WCL],617278,,,Maharashtra,06/2024,03/2030,,630.37,630.37,0.0,0.0,FlashReport_September_2025_page45_table1.csv,45,2026-08-28T21:13:53.809341
400369,13,2025-07,BINA KAKRI AMALGAMATION EXPANSION OPENCAST MINING PROJECT [14 MTPA],Northern Coalfields Limited [NCL],400369,,,"Multi-States (Madhya Pradesh, Uttar Pradesh)",08/2020,03/2024,,836.42,836.42,778.77,89.0,FlashReport_July_2025_page40_table1.csv,40,2026-08-28T21:13:50.714386
400369,13,2025-08,BINA KAKRI AMALGAMATION EXPANS,Northern Coalfields Limited [NCL],400369,,,"Multi-States (Madhya Pradesh, Uttar Pradesh)",08/2020,03/2024,03/2027,836.42,836.42,786.99,89.0,FlashReport_August_2025_page40_table1.csv,40,2026-08-28T21:13:48.547700
400369,13,2025-09,BINA KAKRI AMALGAMATION EXPANS,Northern Coalfields Limited [NCL],400369,,,"Multi-States (Madhya Pradesh, Uttar Pradesh)",08/2020,03/2024,03/2027,836.42,836.42,805.98,89.0,FlashReport_September_2025_page45_table1.csv,45,2026-08-28T21:13:53.809503
615183,13,2025-07,KHADIA EXPANSION [10 TO 16 MTPA] OPENCAST MINING PROJECT,Northern Coalfields Limited [NCL],615183,,,"Multi-States (Madhya Pradesh, Uttar Pradesh)",06/2021,03/2025,,491.67,491.67,202.18,40.0,FlashReport_July_2025_page40_table1.csv,40,2026-08-28T21:13:50.714549
615183,13,2025-08,KHADIA EXPANSION [10 TO 16 MTP,Northern Coalfields Limited [NCL],615183,,,"Multi-States (Madhya Pradesh, Uttar Pradesh)",06/2021,03/2025,03/2027,491.67,491.67,230.32,45.0,FlashReport_August_2025_page40_table1.csv,40,2026-08-28T21:13:48.547847
615183,13,2025-09,KHADIA EXPANSION [10 TO 16 MTP,Northern Coalfields Limited [NCL],615183,,,"Multi-States (Madhya Pradesh, Uttar Pradesh)",06/2021,03/2025,03/2027,491.67,491.67,236.02,46.0,FlashReport_September_2025_page45_table1.csv,45,2026-08-28T21:13:53.809637
400165,13,2025-07,SUBHADRA OCP,Mahanadi Coalfields Limited (MCL,400165,,,Odisha,05/2021,03/2029,,1693.81,1693.81,1278.66,42.0,FlashReport_July_2025_page40_table1.csv,40,2026-08-28T21:13:50.714679
400165,13,2025-08,SUBHADRA OCP,Mahanadi Coalfields Limited [MCL],400165,,,Odisha,05/2021,04/2032,,1693.81,1693.81,1321.15,42.0,FlashReport_August_2025_page40_table1.csv,40,2026-08-28T21:13:48.548006
400165,13,2025-09,SUBHADRA OCP,Mahanadi Coalfields Limited [MCL],400165,,,Odisha,05/2021,04/2032,,1693.81,1693.81,1323.54,42.0,FlashReport_September_2025_page45_table1.csv,45,2026-08-28T21:13:53.809731
400166,13,2025-07,SIARMAL OCP,Mahanadi Coalfields Limited (MCL,400166,,,Odisha,02/2021,03/2029,,5194.95,5194.95,3455.65,54.0,FlashReport_July_2025_page40_table1.csv,40,2026-08-28T21:13:50.714815
400166,13,2025-08,SIARMAL OCP,Mahanadi Coalfields Limited [MCL],400166,,,Odisha,02/2021,03/2029,,5194.95,5194.95,3456.05,55.0,FlashReport_August_2025_page40_table1.csv,40,2026-08-28T21:13:48.548143
400166,13,2025-09,SIARMAL OCP,Mahanadi Coalfields Limited [MCL],400166,,,Odisha,02/2021,03/2029,,5194.95,5194.95,3456.71,55.0,FlashReport_September_2025_page45_table1.csv,45,2026-08-28T21:13:53.809803
400183,13,2025-07,BALARAM EXPANSION OCP,Mahanadi Coalfields Limited (MCL,400183,,,Odisha,08/2020,03/2029,,3504.21,3504.21,1027.23,52.0,FlashReport_July_2025_page41_table1.csv,41,2026-08-28T21:13:50.717300
400183,13,2025-08,BALARAM EXPANSION OCP,Mahanadi Coalfields Limited (MCL,400183,,,Odisha,06/2020,03/2029,,3504.21,3504.21,1028.92,52.0,FlashReport_August_2025_page40_table1.csv,40,2026-08-28T21:13:48.548280
400183,13,2025-09,BALARAM EXPANSION OCP,Mahanadi Coalfields Limited (MCL,400183,,,Odisha,06/2020,03/2029,,3504.21,3504.21,774.52,53.0,FlashReport_September_2025_page45_table1.csv,45,2026-08-28T21:13:53.809874
400185,13,2025-07,GOPALJI KANIHA OCP [10 TO 30 MTY],Mahanadi Coalfields Limited (MCL,400185,,,Odisha,04/2022,03/2030,,8416.19,6107.87,1694.31,17.0,FlashReport_July_2025_page41_table1.csv,41,2026-08-28T21:13:50.717445
400185,13,2025-08,GOPALJI KANIHA OCP [10 TO 30 M,MCL - CIL,400185,,,Odisha,04/2022,03/2030,,8416.19,6107.87,1708.88,17.0,FlashReport_August_2025_page40_table1.csv,40,2026-08-28T21:13:48.548417
400185,13,2025-09,GOPALJI KANIHA OCP [10 TO 30 M,MCL - CIL,400185,,,Odisha,04/2022,03/2030,,8416.19,6107.87,1730.11,17.0,FlashReport_September_2025_page45_table1.csv,45,2026-08-28T21:13:53.809947
400187,13,2025-07,INTEGRATED LAKHANPUR-BELPAHAR-LILARI OCP,Mahanadi Coalfields Limited (MCL,400187,,,Odisha,05/2018,03/2027,,2434.75,2434.75,1805.65,61.0,FlashReport_July_2025_page41_table1.csv,41,2026-08-28T21:13:50.717565
400187,13,2025-08,INTEGRATED LAKHANPUR-BELPAHAR-,Mahanadi Coalfields Limited [MCL],400187,,,Odisha,05/2018,03/2027,,2434.75,2434.75,1813.26,69.0,FlashReport_August_2025_page40_table1.csv,40,2026-08-28T21:13:48.548549
400187,13,2025-09,INTEGRATED LAKHANPUR-BELPAHAR-,Mahanadi Coalfields Limited [MCL],400187,,,Odisha,05/2018,03/2027,,2434.75,2434.75,1814.65,69.0,FlashReport_September_2025_page45_table1.csv,45,2026-08-28T21:13:53.810019
400392,13,2025-07,BHARATPUR RE-ORGANIZATION OCP,Mahanadi Coalfields Limited (MCL,400392,,,Odisha,11/2018,03/2029,,2838.86,2838.86,1748.9,47.0,FlashReport_July_2025_page41_table1.csv,41,2026-08-28T21:13:50.717714
400392,13,2025-08,BHARATPUR RE-ORGANIZATION OCP,Mahanadi Coalfields Limited (MCL,400392,,,Odisha,11/2018,03/2029,,2838.86,2838.86,1748.41,47.0,FlashReport_August_2025_page40_table1.csv,40,2026-08-28T21:13:48.548685
400392,13,2025-09,BHARATPUR RE-ORGANIZATION OCP,Mahanadi Coalfields Limited (MCL,400392,,,Odisha,11/2018,03/2029,,2838.86,2838.86,1672.82,47.0,FlashReport_September_2025_page46_table1.csv,46,2026-08-28T21:13:53.811622
615193,10,2025-07,BASUNDHARA WEST EXTENSION OPENCAST PRO,Mahanadi Coalfields Limited (MCL,615193,,,Odisha,05/2014,03/2027,,479.15,479.15,259.2,62.0,FlashReport_July_2025_page41_table1.csv,41,2026-08-28T21:13:50.717838
615193,10,2025-08,BASUNDHARA WEST EXTENSION OPEN,MCL - CIL,615193,,,Odisha,05/2014,03/2019,03/2029,479.15,479.15,281.01,64.0,FlashReport_August_2025_page41_table1.csv,41,2026-08-28T21:13:48.551139
615193,10,2025-09,BASUNDHARA WEST EXTENSION OPEN,MCL - CIL,615193,,,Odisha,05/2014,03/2019,03/2029,479.15,479.15,273.75,64.0,FlashReport_September_2025_page46_table1.csv,46,2026-08-28T21:13:53.811749
615857,13,2025-07,Naini Coal Mine,Singareni Collieries Company Limited [SCCL],615857,,,Odisha,03/2020,03/2026,,494.3,494.3,491.33,80.0,FlashReport_July_2025_page41_table1.csv,41,2026-08-28T21:13:50.718090
615857,13,2025-08,Naini Coal Mine,Singareni Collieries Company Limited [SCCL],615857,,,Odisha,03/2020,03/2026,,494.3,494.3,491.33,80.0,FlashReport_August_2025_page41_table1.csv,41,2026-08-28T21:13:48.551305
615857,13,2025-09,Naini Coal Mine,Singareni Collieries Company Limited [SCCL],615857,,,Odisha,03/2020,03/2026,,494.3,494.3,491.33,80.0,FlashReport_September_2025_page46_table1.csv,46,2026-08-28T21:13:53.811856
616226,13,2025-07,INTEGRATED KULDA GARJANBAHAL OCP 40 MTY,Mahanadi Coalfields Limited (MCL,616226,,,Odisha,04/2023,03/2033,,3563.5,3563.5,150.7,3.0,FlashReport_July_2025_page41_table1.csv,41,2026-08-28T21:13:50.718196
616226,13,2025-08,INTEGRATED KULDA GARJANBAHAL O,Mahanadi Coalfields Limited (MCL,616226,,,Odisha,04/2023,03/2033,,3563.5,3563.5,540.62,4.0,FlashReport_August_2025_page41_table1.csv,41,2026-08-28T21:13:48.551475
616226,13,2025-09,INTEGRATED KULDA GARJANBAHAL O,Mahanadi Coalfields Limited [MCL],616226,,,Odisha,04/2023,03/2033,,3563.5,3563.5,568.54,3.0,FlashReport_September_2025_page46_table1.csv,46,2026-08-28T21:13:53.811938
616231,13,2025-07,BHUBANESWARI EXPN OCP 50 MTY,Mahanadi Coalfields Limited (MCL,616231,,,Odisha,03/2024,03/2033,,5366.27,5366.27,0.0,3.0,FlashReport_July_2025_page41_table1.csv,41,2026-08-28T21:13:50.718275
616231,13,2025-08,BHUBANESWARI EXPN OCP 50 MTY,MCL - CIL,616231,,,Odisha,03/2024,03/2033,,5366.27,5366.27,465.31,14.0,FlashReport_August_2025_page41_table1.csv,41,2026-08-28T21:13:48.551618
616231,13,2025-09,BHUBANESWARI EXPN OCP 50 MTY,MCL - CIL,616231,,,Odisha,03/2024,03/2033,,5366.27,5366.27,466.03,14.0,FlashReport_September_2025_page46_table1.csv,46,2026-08-28T21:13:53.812012
616232,13,2025-07,HINGULA II OC EXPN PH III 15 MTY,Mahanadi Coalfields Limited (MCL,616232,,,Odisha,11/2022,03/2029,,1561.85,1561.85,50.15,23.0,FlashReport_July_2025_page41_table1.csv,41,2026-08-28T21:13:50.718350
616232,13,2025-08,HINGULA II OC EXPN PH III 15 M,MCL - CIL,616232,,,Odisha,11/2022,03/2029,,1561.85,1561.85,269.61,23.0,FlashReport_August_2025_page41_table1.csv,41,2026-08-28T21:13:48.551749
616232,13,2025-09,HINGULA II OC EXPN PH III 15 M,MCL - CIL,616232,,,Odisha,11/2022,03/2029,,1561.85,1561.85,271.74,24.0,FlashReport_September_2025_page46_table1.csv,46,2026-08-28T21:13:53.812085
616233,13,2025-07,BALABHADRA OCP,Mahanadi Coalfields Limited (MCL,616233,,,Odisha,04/2023,03/2030,,978.44,978.44,211.36,8.0,FlashReport_July_2025_page41_table1.csv,41,2026-08-28T21:13:50.718420
616233,13,2025-08,BALABHADRA OCP,MCL - CIL,616233,,,Odisha,04/2023,03/2030,,978.44,978.44,211.37,11.0,FlashReport_August_2025_page41_table1.csv,41,2026-08-28T21:13:48.551878
616233,13,2025-09,BALABHADRA OCP,MCL - CIL,616233,,,Odisha,04/2023,03/2030,,978.44,978.44,211.37,11.0,FlashReport_September_2025_page46_table1.csv,46,2026-08-28T21:13:53.812154
615818,13,2025-07,Jawahar Khani Open Cast Mine,Singareni Collieries Company Limited [SCCL],615818,,,Telangana,12/2021,03/2025,,297.88,297.88,46.39,20.0,FlashReport_July_2025_page41_table1.csv,41,2026-08-28T21:13:50.718492
615818,13,2025-08,Jawahar Khani Open Cast Mine,Singareni Collieries Company Limited [SCCL],615818,,,Telangana,12/2021,03/2025,03/2027,297.88,297.88,46.39,20.0,FlashReport_August_2025_page41_table1.csv,41,2026-08-28T21:13:48.552046
615818,13,2025-09,Jawahar Khani Open Cast Mine,Singareni Collieries Company Limited [SCCL],615818,,,Telangana,12/2021,03/2025,03/2027,297.88,297.88,46.82,20.0,FlashReport_September_2025_page46_table1.csv,46,2026-08-28T21:13:53.812231
615858,13,2025-07,Kalyanikhani Opencast Project,Singareni Collieries Company Limited [SCCL],615858,,,Telangana,05/2017,03/2026,,384.32,384.32,281.83,75.0,FlashReport_July_2025_page41_table1.csv,41,2026-08-28T21:13:50.718563
615858,13,2025-08,Kalyanikhani Opencast Project,Singareni Collieries Company Limited [SCCL],615858,,,Telangana,03/2016,03/2026,,384.32,384.32,281.83,75.0,FlashReport_August_2025_page41_table1.csv,41,2026-08-28T21:13:48.552186
615858,13,2025-09,Kalyanikhani Opencast Project,Singareni Collieries Company Limited [SCCL],615858,,,Telangana,03/2016,03/2026,,384.32,384.32,281.83,75.0,FlashReport_September_2025_page46_table1.csv,46,2026-08-28T21:13:53.812305
615860,13,2025-07,Godavarikhani Coal Mine - 5,Singareni Collieries Company Limited [SCCL],615860,,,Telangana,05/2019,03/2025,,607.04,607.04,178.82,71.0,FlashReport_July_2025_page41_table1.csv,41,2026-08-28T21:13:50.718710
615860,13,2025-08,Godavarikhani Coal Mine - 5,Singareni Collieries Company Limited [SCCL],615860,,,Telangana,07/2019,03/2025,03/2026,607.04,607.04,188.15,71.0,FlashReport_August_2025_page41_table1.csv,41,2026-08-28T21:13:48.552477
615860,13,2025-09,Godavarikhani Coal Mine - 5,Singareni Collieries Company Limited [SCCL],615860,,,Telangana,07/2019,03/2025,03/2026,607.04,607.04,191.08,71.0,FlashReport_September_2025_page46_table1.csv,46,2026-08-28T21:13:53.812464
615861,13,2025-07,Indaram Opencast Project,Singareni Collieries Company Limited [SCCL],615861,,,Telangana,12/2022,03/2025,,424.81,424.81,402.64,80.0,FlashReport_July_2025_page41_table1.csv,41,2026-08-28T21:13:50.718829
615861,13,2025-08,Indaram Opencast Project,Singareni Collieries Company Limited [SCCL],615861,,,Telangana,08/2017,03/2025,03/2026,424.81,424.81,402.64,80.0,FlashReport_August_2025_page41_table1.csv,41,2026-08-28T21:13:48.552623
615861,13,2025-09,Indaram Opencast Project,Singareni Collieries Company Limited [SCCL],615861,,,Telangana,08/2017,03/2025,03/2026,424.81,424.81,402.64,80.0,FlashReport_September_2025_page46_table1.csv,46,2026-08-28T21:13:53.812536
615862,13,2025-07,Goleti Opencast Mine,Singareni Collieries Company Limited [SCCL],615862,,,Telangana,08/2021,03/2026,,345.6,345.6,73.25,20.0,FlashReport_July_2025_page41_table1.csv,41,2026-08-28T21:13:50.718967
615862,13,2025-08,Goleti Opencast Mine,Singareni Collieries Company Limited [SCCL],615862,,,Telangana,07/2021,03/2026,,345.6,345.6,74.59,20.0,FlashReport_August_2025_page41_table1.csv,41,2026-08-28T21:13:48.552759
615862,13,2025-09,Goleti Opencast Mine,Singareni Collieries Company Limited [SCCL],615862,,,Telangana,07/2021,03/2026,,345.6,345.6,75.87,21.0,FlashReport_September_2025_page46_table1.csv,46,2026-08-28T21:13:53.812630
615863,13,2025-07,Venkatesh Khani Coal Mine,Singareni Collieries Company Limited [SCCL],615863,,,Telangana,06/2020,03/2026,,484.5,484.5,434.44,75.0,FlashReport_July_2025_page41_table1.csv,41,2026-08-28T21:13:50.719070
615863,13,2025-08,Venkatesh Khani Coal Mine,Singareni Collieries Company Limited [SCCL],615863,,,Telangana,10/2020,03/2026,,484.5,484.5,460.67,95.0,FlashReport_August_2025_page41_table1.csv,41,2026-08-28T21:13:48.552896
615863,13,2025-09,Venkatesh Khani Coal Mine,Singareni Collieries Company Limited [SCCL],615863,,,Telangana,10/2020,03/2026,,484.5,484.5,466.62,96.0,FlashReport_September_2025_page46_table1.csv,46,2026-08-28T21:13:53.812705
615865,13,2025-07,Kakatiyakhani OC - 2 Project,Singareni Collieries Company Limited [SCCL],615865,,,Telangana,09/2017,03/2025,,442.42,442.42,203.15,63.0,FlashReport_July_2025_page41_table1.csv,41,2026-08-28T21:13:50.719220
615865,13,2025-08,Kakatiyakhani OC - 2 Project,Singareni Collieries Company Limited [SCCL],615865,,,Telangana,08/2017,03/2025,03/2026,442.42,442.42,205.0,63.0,FlashReport_August_2025_page41_table1.csv,41,2026-08-28T21:13:48.553162
615865,13,2025-09,Kakatiyakhani OC - 2 Project,Singareni Collieries Company Limited [SCCL],615865,,,Telangana,08/2017,03/2025,03/2026,442.42,442.42,205.79,63.0,FlashReport_September_2025_page46_table1.csv,46,2026-08-28T21:13:53.812852
400173,13,2025-07,MOHANPUR EXPANSION OC -PHASE II,Eastern Coal Fields Limited [ECL],400173,,,West Bengal,11/2020,03/2026,,888.99,888.99,85.51,30.0,FlashReport_July_2025_page41_table1.csv,41,2026-08-28T21:13:50.719331
400173,13,2025-08,MOHANPUR EXPANSION OC -PHASE II,Eastern Coal Fields Limited [ECL],400173,,,West Bengal,11/2020,03/2026,,888.99,888.99,93.0,30.0,FlashReport_August_2025_page41_table1.csv,41,2026-08-28T21:13:48.553313
400173,13,2025-09,MOHANPUR EXPANSION OC -PHASE II,Eastern Coal Fields Limited [ECL],400173,,,West Bengal,11/2020,03/2026,,888.99,888.99,108.25,30.0,FlashReport_September_2025_page46_table1.csv,46,2026-08-28T21:13:53.812927
400180,13,2025-07,BONJEMEHARI EXPANSION OCP,Eastern Coal Fields Limited [ECL],400180,,,West Bengal,08/2021,03/2026,,570.11,570.11,81.29,16.0,FlashReport_July_2025_page41_table1.csv,41,2026-08-28T21:13:50.719433
400180,13,2025-08,BONJEMEHARI EXPANSION OCP,Eastern Coal Fields Limited [ECL],400180,,,West Bengal,08/2021,03/2026,03/2026,570.11,570.11,81.95,16.0,FlashReport_August_2025_page41_table1.csv,41,2026-08-28T21:13:48.553447
400180,13,2025-09,BONJEMEHARI EXPANSION OCP,Eastern Coal Fields Limited [ECL],400180,,,West Bengal,08/2021,03/2026,03/2026,570.11,570.11,81.9,16.0,FlashReport_September_2025_page46_table1.csv,46,2026-08-28T21:13:53.813000
400181,13,2025-07,NAKRAKONDA KUMARDIH- B OCP,Eastern Coal Fields Limited [ECL],400181,,,West Bengal,08/2018,03/2029,,502.68,502.68,70.97,25.0,FlashReport_July_2025_page41_table1.csv,41,2026-08-28T21:13:50.719505
400181,13,2025-08,NAKRAKONDA KUMARDIH- B OCP,Eastern Coal Fields Limited [ECL],400181,,,West Bengal,08/2018,03/2029,,502.68,502.67,67.61,26.0,FlashReport_August_2025_page41_table1.csv,41,2026-08-28T21:13:48.553594
400181,13,2025-09,NAKRAKONDA KUMARDIH- B OCP,Eastern Coal Fields Limited [ECL],400181,,,West Bengal,08/2018,03/2029,,502.68,502.67,67.68,26.0,FlashReport_September_2025_page46_table1.csv,46,2026-08-28T21:13:53.813072
400182,10,2025-07,SIDULI [OC & UG],ECL - CIL,400182,,,West Bengal,05/2018,03/2027,,535.18,535.18,5.05,14.0,FlashReport_July_2025_page41_table1.csv,41,2026-08-28T21:13:50.719574
400182,10,2025-08,SIDULI [OC & UG],ECL - CIL,400182,,,West Bengal,05/2018,03/2027,,535.18,535.17,5.05,14.0,FlashReport_August_2025_page41_table1.csv,41,2026-08-28T21:13:48.553726
400182,10,2025-09,SIDULI [OC & UG],ECL - CIL,400182,,,West Bengal,05/2018,03/2027,,535.18,535.17,5.27,14.0,FlashReport_September_2025_page46_table1.csv,46,2026-08-28T21:13:53.813141
400186,13,2025-07,TILABONI UG,Eastern Coal Fields Limited [ECL],400186,,,West Bengal,03/2023,03/2029,,749.08,749.08,51.73,10.0,FlashReport_July_2025_page41_table1.csv,41,2026-08-28T21:13:50.719642
400186,13,2025-08,TILABONI UG,Eastern Coal Fields Limited [ECL],400186,,,West Bengal,01/2023,03/2029,03/2029,749.08,749.08,52.18,10.0,FlashReport_August_2025_page41_table1.csv,41,2026-08-28T21:13:48.553857
400186,13,2025-09,TILABONI UG,Eastern Coal Fields Limited [ECL],400186,,,West Bengal,01/2023,03/2029,03/2029,749.08,749.08,52.18,10.0,FlashReport_September_2025_page46_table1.csv,46,2026-08-28T21:13:53.813216
400312,13,2025-07,JHANJRA EXPANSION UG,Eastern Coal Fields Limited [ECL],400312,,,West Bengal,04/2020,03/2029,,1210.12,1210.12,514.93,40.0,FlashReport_July_2025_page41_table1.csv,41,2026-08-28T21:13:50.719712
400312,13,2025-08,JHANJRA EXPANSION UG,Eastern Coal Fields Limited [ECL],400312,,,West Bengal,04/2020,03/2029,,1210.12,1210.12,527.67,41.0,FlashReport_August_2025_page41_table1.csv,41,2026-08-28T21:13:48.554013
400312,13,2025-09,JHANJRA EXPANSION UG,Eastern Coal Fields Limited [ECL],400312,,,West Bengal,04/2020,03/2029,,1210.12,1210.12,534.84,44.0,FlashReport_September_2025_page46_table1.csv,46,2026-08-28T21:13:53.813288
400315,13,2025-07,SONEPUR BAZARI EXPANSION OCP [12 MTY],Eastern Coal Fields Limited [ECL],400315,,,West Bengal,07/2021,03/2029,,5365.88,5365.88,571.02,17.0,FlashReport_July_2025_page41_table1.csv,41,2026-08-28T21:13:50.719784
400315,13,2025-08,SONEPUR BAZARI EXPANSION OCP [12 MTY],Eastern Coal Fields Limited [ECL],400315,,,West Bengal,07/2021,03/2029,,5365.88,5365.88,565.26,17.0,FlashReport_August_2025_page41_table1.csv,41,2026-08-28T21:13:48.554161
400315,13,2025-09,SONEPUR BAZARI EXPANSION OCP [12 MTY],Eastern Coal Fields Limited [ECL],400315,,,West Bengal,07/2021,03/2029,,5365.88,5365.88,570.02,17.0,FlashReport_September_2025_page46_table1.csv,46,2026-08-28T21:13:53.813360
611016,10,2025-07,2.0 MTPA BHOJUDIH NLW WASHERY,Ministry of Coal,611016,,,West Bengal,03/2019,09/2020,,384.57,384.57,353.21,97.0,FlashReport_July_2025_page41_table1.csv,41,2026-08-28T21:13:50.719852
611016,10,2025-08,2.0 MTPA BHOJUDIH NLW WASHERY,Ministry of Coal,611016,,,West Bengal,12/2015,09/2020,10/2025,384.57,384.57,353.21,97.0,FlashReport_August_2025_page41_table1.csv,41,2026-08-28T21:13:48.554300
611016,10,2025-09,2.0 MTPA BHOJUDIH NLW WASHERY,Ministry of Coal,611016,,,West Bengal,12/2015,09/2020,11/2025,384.57,384.57,354.75,97.0,FlashReport_September_2025_page46_table1.csv,46,2026-08-28T21:13:53.813432
612816,13,2025-07,ITAPARA OCP,Eastern Coal Fields Limited [ECL],612816,,,West Bengal,12/2023,03/2030,,929.1,929.1,65.61,7.0,FlashReport_July_2025_page41_table1.csv,41,2026-08-28T21:13:50.719923
612816,13,2025-08,ITAPARA OCP,Eastern Coal Fields Limited [ECL],612816,,,West Bengal,12/2023,03/2030,,929.1,929.1,67.6,7.0,FlashReport_August_2025_page41_table1.csv,41,2026-08-28T21:13:48.554441
612816,13,2025-09,ITAPARA OCP,Eastern Coal Fields Limited [ECL],612816,,,West Bengal,12/2023,03/2030,,929.1,929.1,68.14,7.0,FlashReport_September_2025_page46_table1.csv,46,2026-08-28T21:13:53.813504
613793,13,2025-07,SHYAMSUNDARPUR UG INCLUDING SARPI,Eastern Coal Fields Limited [ECL],613793,,,West Bengal,04/2020,03/2026,,483.65,483.65,55.89,12.0,FlashReport_July_2025_page41_table1.csv,41,2026-08-28T21:13:50.719997
613793,13,2025-08,SHYAMSUNDARPUR UG INCLUDING SA,Eastern Coal Fields Limited [ECL],613793,,,West Bengal,04/2020,03/2026,,483.65,483.65,59.04,12.0,FlashReport_August_2025_page41_table1.csv,41,2026-08-28T21:13:48.554589
613793,13,2025-09,SHYAMSUNDARPUR UG INCLUDING SA,Eastern Coal Fields Limited [ECL],613793,,,West Bengal,04/2020,03/2026,,483.65,483.65,59.03,12.0,FlashReport_September_2025_page46_table1.csv,46,2026-08-28T21:13:53.813578
613794,13,2025-07,PARASEA-BELBAID UG PROJECT,Eastern Coal Fields Limited [ECL],613794,,,West Bengal,01/2023,03/2028,,389.1,389.1,131.42,16.0,FlashReport_July_2025_page41_table1.csv,41,2026-08-28T21:13:50.720067
613794,13,2025-08,PARASEA-BELBAID UG PROJECT,Eastern Coal Fields Limited [ECL],613794,,,West Bengal,01/2023,03/2028,,389.1,389.1,131.42,17.0,FlashReport_August_2025_page41_table1.csv,41,2026-08-28T21:13:48.554724
613794,13,2025-09,PARASEA-BELBAID UG PROJECT,Eastern Coal Fields Limited [ECL],613794,,,West Bengal,01/2023,03/2028,,389.1,389.1,131.42,17.0,FlashReport_September_2025_page46_table1.csv,46,2026-08-28T21:13:53.813649
616230,13,2025-07,PARASCOLE JAMBAD OCP,Eastern Coal Fields Limited [ECL],616230,,,West Bengal,11/2024,03/2037,,1193.55,1193.55,6.79,0.0,FlashReport_July_2025_page41_table1.csv,41,2026-08-28T21:13:50.720138
616230,13,2025-08,PARASCOLE JAMBAD OCP,Eastern Coal Fields Limited [ECL],616230,,,West Bengal,11/2024,03/2037,,1193.55,1193.55,9.46,0.0,FlashReport_August_2025_page41_table1.csv,41,2026-08-28T21:13:48.554860
616230,13,2025-09,PARASCOLE JAMBAD OCP,Eastern Coal Fields Limited [ECL],616230,,,West Bengal,11/2024,03/2037,,1193.55,1193.55,9.52,0.0,FlashReport_September_2025_page46_table1.csv,46,2026-08-28T21:13:53.813721
617299,13,2025-07,50 MW Wind Power Project,NLC India Limited [NLCIL],617299,Electricity Generation,,Gujarat,02/2024,06/2025,,383.84,383.84,303.5,41.0,FlashReport_July_2025_page42_table1.csv,42,2026-08-28T21:13:50.721897
617299,13,2025-08,50 MW Wind Power Project,NLC India Limited [NLCIL],617299,Electricity Generation,,Gujarat,07/2022,06/2025,01/2026,383.84,383.84,303.5,41.0,FlashReport_August_2025_page41_table1.csv,41,2026-08-28T21:13:48.555048
617299,13,2025-09,50 MW Wind Power Project,NLC India Limited [NLCIL],617299,Electricity Generation,,Gujarat,07/2022,06/2025,01/2026,383.84,383.84,303.5,41.0,FlashReport_September_2025_page46_table1.csv,46,2026-08-28T21:13:53.813826
400231,13,2025-07,NLC Talabira Thermal Power Project,NLC India Limited [NLCIL],400231,Electricity Generation,,Odisha,01/2024,03/2030,,27212.96,27213.0,1938.68,1.0,FlashReport_July_2025_page42_table1.csv,42,2026-08-28T21:13:50.721999
400231,13,2025-08,NLC Talabira Thermal Power Project,NLC India Limited [NLCIL],400231,Electricity Generation,,Odisha,01/2024,03/2030,,27212.96,27213.0,1953.52,1.0,FlashReport_August_2025_page41_table1.csv,41,2026-08-28T21:13:48.555184
400231,13,2025-09,NLC Talabira Thermal Power Project,NLC India Limited [NLCIL],400231,Electricity Generation,,Odisha,01/2017,03/2030,,27212.96,27213.0,2517.13,1.0,FlashReport_September_2025_page46_table1.csv,46,2026-08-28T21:13:53.813905
612819,10,2025-07,300 MW SPP part of 510 MW CPSU scheme,NLC India Limited [NLCIL],612819,Electricity Generation,,Rajasthan,03/2023,09/2024,,1813.0,1813.0,769.57,68.0,FlashReport_July_2025_page42_table1.csv,42,2026-08-28T21:13:50.722081
612819,10,2025-08,300 MW SPP part of 510 MW CPSU scheme,NLC India Limited [NLCIL],612819,Electricity Generation,,Rajasthan,03/2023,09/2024,09/2025,1813.0,1813.0,874.14,70.0,FlashReport_August_2025_page41_table1.csv,41,2026-08-28T21:13:48.555326
612819,10,2025-09,300 MW SPP part of 510 MW CPSU scheme,NLC India Limited [NLCIL],612819,,,Rajasthan,07/2022,09/2024,12/2025,1813.0,1813.0,1038.13,79.0,FlashReport_September_2025_page47_table1.csv,47,2026-08-28T21:13:53.816672
615327,10,2025-07,50 MW Solar PP Minedout Area,NLC India Limited [NLCIL],615327,Electricity Generation,,Tamil Nadu,02/2024,03/2025,,218.03,218.03,160.93,46.0,FlashReport_July_2025_page42_table1.csv,42,2026-08-28T21:13:50.722156
615327,10,2025-08,50 MW Solar PP Minedout Area,NLC India Limited [NLCIL],615327,,,Tamil Nadu,02/2024,03/2025,09/2025,218.03,218.03,161.73,50.0,FlashReport_August_2025_page42_table1.csv,42,2026-08-28T21:13:48.557793
615327,10,2025-09,50 MW Solar PP Minedout Area,NLC India Limited [NLCIL],615327,,,Tamil Nadu,08/2023,03/2025,12/2025,218.03,218.03,161.73,64.0,FlashReport_September_2025_page47_table1.csv,47,2026-08-28T21:13:53.816840
400259,10,2025-07,Ghatampur Thermal Power Plant 3 X 660 MW,NLC India Limited [NLCIL],400259,Electricity Generation,,Uttar Pradesh,08/2016,11/2020,,17237.8,21780.9,20135.48,92.0,FlashReport_July_2025_page42_table1.csv,42,2026-08-28T21:13:50.722235
400259,10,2025-08,Ghatampur Thermal Power Plant 3 X 660 MW,NLC India Limited [NLCIL],400259,,,Uttar Pradesh,08/2016,11/2020,10/2025,17237.8,21780.9,20269.54,92.0,FlashReport_August_2025_page42_table1.csv,42,2026-08-28T21:13:48.557958
400259,10,2025-09,Ghatampur Thermal Power Plant 3 X 660 MW,NLC India Limited [NLCIL],400259,,,Uttar Pradesh,07/2015,11/2020,12/2025,17237.8,21780.9,20510.47,92.0,FlashReport_September_2025_page47_table1.csv,47,2026-08-28T21:13:53.816992
400203,13,2025-07,Dharamjaigarh-Korba,WR,400203,Electricity Generation,Railways,Chhattisgarh,03/2017,12/2026,,1686.22,1686.22,342.96,40.0,FlashReport_July_2025_page42_table1.csv,42,2026-08-28T21:13:50.722348
400203,13,2025-08,Dharamjaigarh-Korba,Railway,400203,Railways,,Chhattisgarh,05/2018,12/2026,08/2026,1686.22,1686.22,347.96,41.0,FlashReport_August_2025_page42_table1.csv,42,2026-08-28T21:13:48.558161
400203,13,2025-09,Dharamjaigarh-Korba,Railway,400203,Railways,,Chhattisgarh,05/2018,12/2026,08/2026,1686.22,1686.22,350.21,41.0,FlashReport_September_2025_page47_table1.csv,47,2026-08-28T21:13:53.817166
400416,13,2025-07,Shivpur-Kathautia New Rail [BG] Line [49 km] [Package II of Tori-Shivpur-Kathautia line],Ministry of Coal,400416,Electricity Generation,Railways,Jharkhand,05/2022,06/2025,,1799.64,1799.64,1293.71,60.0,FlashReport_July_2025_page42_table1.csv,42,2026-08-28T21:13:50.722433
400416,13,2025-08,Shivpur-Kathautia New Rail [BG] Line [49 km] [Package II of Tori-Shivpur-Kathautia line],Ministry of Coal,400416,Railways,,Jharkhand,02/2018,06/2025,,1799.64,1799.64,1293.71,60.0,FlashReport_August_2025_page42_table1.csv,42,2026-08-28T21:13:48.558314
400416,13,2025-09,Shivpur-Kathautia New Rail [BG] Line [49 km] [Package II of Tori-Shivpur-Kathautia line],Ministry of Coal,400416,Railways,,Jharkhand,02/2018,06/2025,06/2026,1799.64,2564.34,1462.35,61.0,FlashReport_September_2025_page47_table1.csv,47,2026-08-28T21:13:53.817319
400192,13,2025-07,Tubed Coal Mine,Damodar Valley Corporation,400192,Electricity Generation,Coal,Jharkhand,10/2016,05/2026,,1581.0,1581.0,599.18,34.0,FlashReport_July_2025_page42_table1.csv,42,2026-08-28T21:13:50.722538
400192,13,2025-08,Tubed Coal Mine,Damodar Valley Corporation,400192,Railways,Coal,Jharkhand,10/2016,05/2026,05/2026,1581.0,1581.0,596.94,34.0,FlashReport_August_2025_page42_table1.csv,42,2026-08-28T21:13:48.558507
400192,13,2025-09,Tubed Coal Mine,Damodar Valley Corporation,400192,Railways,Coal,Jharkhand,07/2016,05/2026,05/2026,1581.0,1581.0,597.5,35.0,FlashReport_September_2025_page47_table1.csv,47,2026-08-28T21:13:53.817519
603293,13,2025-07,Badam Coal Mining project of NTPC,National Thermal Power Corporation [NTPC],603293,Electricity Generation,Coal,Jharkhand,09/2019,12/2056,,502.0,784.0,302.2,59.0,FlashReport_July_2025_page42_table1.csv,42,2026-08-28T21:13:50.722613
603293,13,2025-08,Badam Coal Mining project of NTPC,National Thermal Power Corporation [NTPC],603293,Railways,Coal,Jharkhand,02/2019,12/2056,04/2027,502.0,784.0,313.88,59.0,FlashReport_August_2025_page42_table1.csv,42,2026-08-28T21:13:48.558642
603293,13,2025-09,Badam Coal Mining project of NTPC,National Thermal Power Corporation [NTPC],603293,Railways,Coal,Jharkhand,02/2019,12/2056,04/2027,502.0,784.0,313.88,59.0,FlashReport_September_2025_page47_table1.csv,47,2026-08-28T21:13:53.817669
602579,13,2025-07,Buxar Thermal Power Project [1320 MW],Satluj Jal Vidyut Nigam [SJVN] Thermal Limited,602579,Electricity Generation,Electricity Generation,Bihar,06/2019,01/2024,,10439.09,13756.6,11970.96,92.0,FlashReport_July_2025_page42_table1.csv,42,2026-08-28T21:13:50.722941
602579,13,2025-08,Buxar Thermal Power Project [1320 MW],Satluj Jal Vidyut Nigam [SJVN] Thermal Limited,602579,Railways,Electricity Generation,Bihar,03/2019,01/2024,12/2025,10439.09,13756.6,12148.46,92.0,FlashReport_August_2025_page42_table1.csv,42,2026-08-28T21:13:48.559242
602579,13,2025-09,Buxar Thermal Power Project [1320 MW],Satluj Jal Vidyut Nigam [SJVN] Thermal Limited,602579,Railways,Electricity Generation,Bihar,03/2019,01/2024,12/2025,10439.09,13756.6,12426.32,92.0,FlashReport_September_2025_page47_table1.csv,47,2026-08-28T21:13:53.818488
611930,13,2025-07,Lara Super Thermal Power Project Stage-II [2 x 800 MW],National Thermal Power Corporation [NTPC],611930,Electricity Generation,Electricity Generation,Chhattisgarh,08/2023,06/2028,,15530.0,15530.0,2288.0,14.0,FlashReport_July_2025_page42_table1.csv,42,2026-08-28T21:13:50.723018
611930,13,2025-08,Lara Super Thermal Power Project Stage-II [2 x 800 MW],National Thermal Power Corporation [NTPC],611930,Railways,Electricity Generation,Chhattisgarh,08/2023,06/2028,,15530.0,15530.0,2480.0,16.0,FlashReport_August_2025_page42_table1.csv,42,2026-08-28T21:13:48.559382
611930,13,2025-09,Lara Super Thermal Power Project Stage-II [2 x 800 MW],National Thermal Power Corporation [NTPC],611930,Railways,Electricity Generation,Chhattisgarh,08/2023,06/2028,,15530.0,15530.0,2812.0,15.0,FlashReport_September_2025_page47_table1.csv,47,2026-08-28T21:13:53.818668
617188,13,2025-07,"Sipat Super Thermal Power Project, Stage-III [1x800 MW]",National Thermal Power Corporation [NTPC],617188,Electricity Generation,Electricity Generation,Chhattisgarh,09/2024,09/2029,,9791.0,9791.0,0.0,0.0,FlashReport_July_2025_page42_table1.csv,42,2026-08-28T21:13:50.723094
617188,13,2025-08,"Sipat Super Thermal Power Project, Stage-III [1x800 MW]",National Thermal Power Corporation [NTPC],617188,Railways,Electricity Generation,Chhattisgarh,09/2024,09/2029,,9791.0,9791.0,0.0,0.0,FlashReport_August_2025_page42_table1.csv,42,2026-08-28T21:13:48.559518
617188,13,2025-09,"Sipat Super Thermal Power Project, Stage-III [1x800 MW]",National Thermal Power Corporation [NTPC],617188,Railways,Electricity Generation,Chhattisgarh,09/2024,09/2029,,9791.0,9791.0,865.06,8.0,FlashReport_September_2025_page47_table1.csv,47,2026-08-28T21:13:53.818825
709747,13,2025-07,Bagodara Solar Power Project,Satluj Jal Vidyut Nigam [SJVN] Thermal Limited,709747,Electricity Generation,Electricity Generation,Gujarat,05/2021,12/2025,,339.35,339.35,317.59,51.0,FlashReport_July_2025_page42_table1.csv,42,2026-08-28T21:13:50.723168
709747,13,2025-08,Bagodara Solar Power Project,Satluj Jal Vidyut Nigam [SJVN] Thermal Limited,709747,Railways,Electricity Generation,Gujarat,03/2021,12/2025,12/2025,339.35,339.35,317.59,51.0,FlashReport_August_2025_page42_table1.csv,42,2026-08-28T21:13:48.559653
709747,13,2025-09,Bagodara Solar Power Project,Satluj Jal Vidyut Nigam [SJVN] Thermal Limited,709747,Railways,Electricity Generation,Gujarat,03/2021,12/2025,12/2025,339.35,339.35,317.59,51.0,FlashReport_September_2025_page47_table1.csv,47,2026-08-28T21:13:53.818975
602582,13,2025-07,Dhaulasidh Hydro Electric Project [66 MW],Satluj Jal Vidyut Nigam [SJVN] Thermal Limited,602582,Electricity Generation,Electricity Generation,Himachal Pradesh,05/2021,11/2025,,687.97,1511.87,908.65,67.0,FlashReport_July_2025_page42_table1.csv,42,2026-08-28T21:13:50.723244
602582,13,2025-08,Dhaulasidh Hydro Electric Project [66 MW],Satluj Jal Vidyut Nigam [SJVN] Thermal Limited,602582,Railways,Electricity Generation,Himachal Pradesh,10/2020,11/2025,03/2027,687.97,1511.87,927.3,68.0,FlashReport_August_2025_page42_table1.csv,42,2026-08-28T21:13:48.559791
602582,13,2025-09,Dhaulasidh Hydro Electric Project [66 MW],Satluj Jal Vidyut Nigam [SJVN] Thermal Limited,602582,Railways,Electricity Generation,Himachal Pradesh,10/2020,11/2025,03/2027,687.97,1511.87,949.59,68.0,FlashReport_September_2025_page47_table1.csv,47,2026-08-28T21:13:53.819126
602593,13,2025-07,Luhri Stage-I Hydro Electric Project [210 MW],Satluj Jal Vidyut Nigam [SJVN] Thermal Limited,602593,Electricity Generation,Electricity Generation,Himachal Pradesh,11/2020,01/2026,,1810.56,3584.53,1742.92,51.0,FlashReport_July_2025_page42_table1.csv,42,2026-08-28T21:13:50.723334
602593,13,2025-08,Luhri Stage-I Hydro Electric Project [210 MW],Satluj Jal Vidyut Nigam [SJVN] Thermal Limited,602593,Railways,Electricity Generation,Himachal Pradesh,11/2020,01/2026,10/2029,1810.56,3584.53,1751.6,51.0,FlashReport_August_2025_page42_table1.csv,42,2026-08-28T21:13:48.559933
602593,13,2025-09,Luhri Stage-I Hydro Electric Project [210 MW],Satluj Jal Vidyut Nigam [SJVN] Thermal Limited,602593,Railways,Electricity Generation,Himachal Pradesh,11/2020,01/2026,10/2029,1810.56,3584.53,1781.54,51.0,FlashReport_September_2025_page47_table1.csv,47,2026-08-28T21:13:53.819280
611586,13,2025-07,Sunni Dam Hydro Electric Project [382 MW],Satluj Jal Vidyut Nigam [SJVN] Thermal Limited,611586,Electricity Generation,Electricity Generation,Himachal Pradesh,01/2023,04/2028,,2614.51,4540.71,956.76,29.0,FlashReport_July_2025_page42_table1.csv,42,2026-08-28T21:13:50.723493
611586,13,2025-08,Sunni Dam Hydro Electric Project [382 MW],Satluj Jal Vidyut Nigam [SJVN] Thermal Limited,611586,Railways,Electricity Generation,Himachal Pradesh,01/2023,04/2028,12/2029,2614.51,4540.71,962.66,29.0,FlashReport_August_2025_page42_table1.csv,42,2026-08-28T21:13:48.560243
611586,13,2025-09,Sunni Dam Hydro Electric Project [382 MW],Satluj Jal Vidyut Nigam [SJVN] Thermal Limited,611586,Railways,Electricity Generation,Himachal Pradesh,01/2023,04/2028,12/2029,2614.51,4540.71,970.01,30.0,FlashReport_September_2025_page47_table1.csv,47,2026-08-28T21:13:53.819575
602525,13,2025-07,"Pakal Dul [Drangdhuran] Hydroelectric Project, 1000 MW",National Highways & Infrastructure Development Corporation Ltd. [NHIDCL],602525,Electricity Generation,Electricity Generation,Jammu and Kashmir,02/2018,04/2020,,8112.12,8112.12,6916.1,71.0,FlashReport_July_2025_page42_table1.csv,42,2026-08-28T21:13:50.723703
602525,13,2025-08,"Pakal Dul [Drangdhuran] Hydroelectric Project, 1000 MW",National Highways & Infrastructure Development Corporation Ltd. [NHIDCL],602525,Railways,Electricity Generation,Jammu and Kashmir,10/2014,04/2020,12/2026,8112.12,12728.0,7238.73,72.0,FlashReport_August_2025_page42_table1.csv,42,2026-08-28T21:13:48.560391
602525,13,2025-09,"Pakal Dul [Drangdhuran] Hydroelectric Project, 1000 MW",National Hydroelectric Power Corporation Limited [NHPC],602525,Railways,Electricity Generation,Jammu and Kashmir,10/2014,04/2020,12/2026,8112.12,12728.0,7457.57,73.0,FlashReport_September_2025_page47_table1.csv,47,2026-08-28T21:13:53.819718
602532,13,2025-07,Kiru HE Project,National Highways & Infrastructure Development Corporation Ltd. [NHIDCL],602532,Electricity Generation,Electricity Generation,Jammu and Kashmir,03/2019,09/2023,,4287.59,4287.59,3055.87,66.0,FlashReport_July_2025_page42_table1.csv,42,2026-08-28T21:13:50.723843
602532,13,2025-08,Kiru HE Project,National Highways & Infrastructure Development Corporation Ltd. [NHIDCL],602532,Railways,Electricity Generation,Jammu and Kashmir,03/2019,09/2023,12/2026,4287.59,5409.0,3157.49,68.0,FlashReport_August_2025_page42_table1.csv,42,2026-08-28T21:13:48.560529
602532,13,2025-09,Kiru HE Project,National Hydroelectric Power Corporation Limited [NHPC],602532,Railways,Electricity Generation,Jammu and Kashmir,03/2019,09/2023,12/2026,4287.59,5409.0,3035.03,70.0,FlashReport_September_2025_page47_table1.csv,47,2026-08-28T21:13:53.819857
602535,13,2025-07,"Ratle HE Project - 850 MW, Ratle Hydroelectric Power Corporation Limited.",National Highways & Infrastructure Development Corporation Ltd. [NHIDCL],602535,Electricity Generation,Electricity Generation,Jammu and Kashmir,02/2021,02/2026,,5281.94,5281.94,1009.79,24.0,FlashReport_July_2025_page42_table1.csv,42,2026-08-28T21:13:50.723933
602535,13,2025-08,"Ratle HE Project - 850 MW, Ratle Hydroelectric Power Corporation Limited.",National Highways & Infrastructure Development Corporation Ltd. [NHIDCL],602535,Railways,Electricity Generation,Jammu and Kashmir,02/2021,02/2026,08/2029,5281.94,5281.94,1009.79,24.0,FlashReport_August_2025_page42_table1.csv,42,2026-08-28T21:13:48.560685
602535,13,2025-09,"Ratle HE Project - 850 MW, Ratle Hydroelectric Power Corporation Limited.",National Hydroelectric Power Corporation Limited [NHPC],602535,Railways,Electricity Generation,Jammu and Kashmir,02/2021,02/2026,08/2029,5281.94,5281.94,1029.67,24.0,FlashReport_September_2025_page47_table1.csv,47,2026-08-28T21:13:53.820023
605155,13,2025-07,Kwar HE Project,National Highways & Infrastructure Development Corporation Ltd. [NHIDCL],605155,Electricity Generation,Electricity Generation,Jammu and Kashmir,05/2022,11/2026,,4526.12,4526.12,1078.61,23.0,FlashReport_July_2025_page42_table1.csv,42,2026-08-28T21:13:50.724079
605155,13,2025-08,Kwar HE Project,National Highways & Infrastructure Development Corporation Ltd. [NHIDCL],605155,Railways,Electricity Generation,Jammu and Kashmir,05/2022,11/2026,03/2028,4526.12,4526.12,1119.59,23.0,FlashReport_August_2025_page42_table1.csv,42,2026-08-28T21:13:48.560819
605155,13,2025-09,Kwar HE Project,National Hydroelectric Power Corporation Limited [NHPC],605155,Railways,Electricity Generation,Jammu and Kashmir,05/2022,11/2026,03/2028,4526.12,4526.12,1156.37,24.0,FlashReport_September_2025_page47_table1.csv,47,2026-08-28T21:13:53.820165
400261,13,2025-07,Patratu Thermal Power Station Expansion Project Phase-I [3x800 MW],National Thermal Power Corporation [NTPC],400261,Electricity Generation,Electricity Generation,Jharkhand,11/2017,03/2023,,17112.0,20302.0,17365.0,81.0,FlashReport_July_2025_page42_table1.csv,42,2026-08-28T21:13:50.724168
400261,13,2025-08,Patratu Thermal Power Station Expansion Project Phase-I [3x800 MW],National Thermal Power Corporation [NTPC],400261,Railways,Electricity Generation,Jharkhand,11/2017,03/2023,11/2026,17112.0,20302.0,17475.0,85.0,FlashReport_August_2025_page42_table1.csv,42,2026-08-28T21:13:48.560957
400261,13,2025-09,Patratu Thermal Power Station Expansion Project Phase-I [3x800 MW],National Thermal Power Corporation [NTPC],400261,Railways,Electricity Generation,Jharkhand,07/2017,03/2023,11/2026,17112.0,20302.0,17860.0,85.0,FlashReport_September_2025_page47_table1.csv,47,2026-08-28T21:13:53.820324
611509,13,2025-07,"Koderma Thermal Power Station Phase II [2X800 MW] At Koderma, Jharkhand",Damodar Valley Corporation,611509,Electricity Generation,Electricity Generation,Jharkhand,11/2024,03/2029,,14358.0,14358.0,1116.7,1.0,FlashReport_July_2025_page42_table1.csv,42,2026-08-28T21:13:50.724249
611509,13,2025-08,"Koderma Thermal Power Station Phase II [2X800 MW] At Koderma, Jharkhand",Damodar Valley Corporation,611509,Railways,Electricity Generation,Jharkhand,11/2024,03/2029,,14358.0,14358.0,1131.57,3.0,FlashReport_August_2025_page42_table1.csv,42,2026-08-28T21:13:48.561095
611509,13,2025-09,"Koderma Thermal Power Station Phase II [2X800 MW] At Koderma, Jharkhand",Damodar Valley Corporation,611509,Railways,Electricity Generation,Jharkhand,04/2023,03/2029,,14358.0,14358.0,1255.79,3.0,FlashReport_September_2025_page47_table1.csv,47,2026-08-28T21:13:53.820476
602961,13,2025-07,Talcher Thermal Power Station Stage III [2 x 660 MW] Expansion,National Thermal Power Corporation [NTPC],602961,,,Odisha,09/2022,05/2027,,11843.75,12543.0,3975.0,26.0,FlashReport_July_2025_page43_table1.csv,43,2026-08-28T21:13:50.726298
602961,13,2025-08,Talcher Thermal Power Station Stage III [2 x 660 MW] Expansion,National Thermal Power Corporation [NTPC],602961,Railways,Electricity Generation,Odisha,08/2022,05/2027,03/2028,11843.75,12543.0,4161.68,32.0,FlashReport_August_2025_page42_table1.csv,42,2026-08-28T21:13:48.561390
602961,13,2025-09,Talcher Thermal Power Station Stage III [2 x 660 MW] Expansion,National Thermal Power Corporation [NTPC],602961,Railways,Electricity Generation,Odisha,08/2022,05/2027,03/2028,11843.75,12543.0,4574.68,34.0,FlashReport_September_2025_page47_table1.csv,47,2026-08-28T21:13:53.820812
612142,13,2025-07,"Singrauli Super Thermal Power Project, Stage-III [2x800 MW]",National Thermal Power Corporation [NTPC],612142,,,Uttar Pradesh,03/2024,02/2030,,17195.0,17195.0,1626.0,8.0,FlashReport_July_2025_page43_table1.csv,43,2026-08-28T21:13:50.726765
612142,13,2025-08,"Singrauli Super Thermal Power Project, Stage-III [2x800 MW]",National Thermal Power Corporation [NTPC],612142,,,Uttar Pradesh,03/2024,02/2030,,17195.0,17195.0,1739.0,9.0,FlashReport_August_2025_page43_table1.csv,43,2026-08-28T21:13:48.564674
612142,13,2025-09,"Singrauli Super Thermal Power Project, Stage-III [2x800 MW]",National Thermal Power Corporation [NTPC],612142,,,Uttar Pradesh,03/2024,02/2030,,17195.0,17195.0,1916.0,10.0,FlashReport_September_2025_page48_table1.csv,48,2026-08-28T21:13:53.823918
602185,13,2025-07,Tapovan-Vishnugad HEP [4x130 MW],National Thermal Power Corporation [NTPC],602185,,,Uttarakhand,11/2006,03/2013,,2978.0,10907.3,7123.58,77.0,FlashReport_July_2025_page43_table1.csv,43,2026-08-28T21:13:50.726843
602185,13,2025-08,Tapovan-Vishnugad HEP [4x130 MW],National Thermal Power Corporation [NTPC],602185,,,Uttarakhand,11/2006,03/2013,04/2029,2978.0,10907.3,7195.58,77.0,FlashReport_August_2025_page43_table1.csv,43,2026-08-28T21:13:48.564821
602185,13,2025-09,Tapovan-Vishnugad HEP [4x130 MW],National Thermal Power Corporation [NTPC],602185,,,Uttarakhand,11/2006,03/2013,04/2029,2978.0,10907.3,7260.25,77.0,FlashReport_September_2025_page48_table1.csv,48,2026-08-28T21:13:53.824001
602195,13,2025-07,Vishnugad Pipalkoti Hydro Electric Project [444 MW],THDC India Limited,602195,,,Uttarakhand,01/2014,12/2022,,3860.35,6823.72,4828.89,72.0,FlashReport_July_2025_page43_table1.csv,43,2026-08-28T21:13:50.726989
602195,13,2025-08,Vishnugad Pipalkoti Hydro Electric Project [444 MW],THDC India Limited,602195,,,Uttarakhand,08/2008,12/2022,03/2027,3860.35,6823.72,5101.06,72.0,FlashReport_August_2025_page43_table1.csv,43,2026-08-28T21:13:48.565110
602195,13,2025-09,Vishnugad Pipalkoti Hydro Electric Project [444 MW],THDC India Limited,602195,,,Uttarakhand,08/2008,12/2022,03/2027,3860.35,6823.72,5186.68,72.0,FlashReport_September_2025_page48_table1.csv,48,2026-08-28T21:13:53.824202
400062,13,2025-07,"Raghunathpur Thermal Power Station Phase II [2X660 MW] at Raghunathpur, Purulia, West Bengal",Damodar Valley Corporation,400062,,,West Bengal,02/2025,06/2029,,17673.0,17673.0,1183.7,1.0,FlashReport_July_2025_page43_table1.csv,43,2026-08-28T21:13:50.727075
400062,13,2025-08,"Raghunathpur Thermal Power Station Phase II [2X660 MW] at Raghunathpur, Purulia, West Bengal",Damodar Valley Corporation,400062,,,West Bengal,02/2025,06/2029,,17673.0,17673.0,1192.71,1.0,FlashReport_August_2025_page43_table1.csv,43,2026-08-28T21:13:48.565270
400062,13,2025-09,"Raghunathpur Thermal Power Station Phase II [2X660 MW] at Raghunathpur, Purulia, West Bengal",Damodar Valley Corporation,400062,,,West Bengal,01/2023,06/2029,,17673.0,17673.0,1372.17,2.0,FlashReport_September_2025_page48_table1.csv,48,2026-08-28T21:13:53.824312
602184,13,2025-07,Rammam-III HEPP [3x40 MW],National Thermal Power Corporation [NTPC],602184,,,West Bengal,09/2014,09/2019,,1381.84,1381.84,1266.0,45.0,FlashReport_July_2025_page43_table1.csv,43,2026-08-28T21:13:50.727149
602184,13,2025-08,Rammam-III HEPP [3x40 MW],National Thermal Power Corporation [NTPC],602184,,,West Bengal,09/2024,09/2019,03/2029,1381.84,1381.84,1281.85,47.0,FlashReport_August_2025_page43_table1.csv,43,2026-08-28T21:13:48.565395
602184,13,2025-09,Rammam-III HEPP [3x40 MW],National Thermal Power Corporation [NTPC],602184,,,West Bengal,10/2014,09/2019,03/2029,1381.84,1381.84,1303.42,47.0,FlashReport_September_2025_page48_table1.csv,48,2026-08-28T21:13:53.824442
602538,13,2025-07,Installation of FGD for 4x210 & 2x250 MW MTPS U 1-6,Damodar Valley Corporation,602538,,,West Bengal,02/2021,01/2024,,1037.0,1106.0,1085.39,91.0,FlashReport_July_2025_page43_table1.csv,43,2026-08-28T21:13:50.727228
602538,13,2025-08,Installation of FGD for 4x210 & 2x250 MW MTPS U 1-6,Damodar Valley Corporation,602538,,,West Bengal,02/2021,01/2024,12/2025,1037.0,1106.0,1092.27,92.0,FlashReport_August_2025_page43_table1.csv,43,2026-08-28T21:13:48.565548
602538,13,2025-09,Installation of FGD for 4x210 & 2x250 MW MTPS U 1-6,Damodar Valley Corporation,602538,,,West Bengal,06/2019,01/2024,12/2025,1037.0,1106.0,1098.16,92.0,FlashReport_September_2025_page48_table1.csv,48,2026-08-28T21:13:53.824620
611967,11,2025-07,Transmission Scheme for Solar Energy Zone in Ananthpuram 2500MW and Kurnool 1000MW,Power Grid Corporation of India Limited [POWERGRID],611967,Transmission & Distribution,,Andhra Pradesh,09/2023,09/2025,,1248.69,1248.69,820.26,78.0,FlashReport_July_2025_page43_table1.csv,43,2026-08-28T21:13:50.727347
611967,11,2025-08,Transmission Scheme for Solar Energy Zone in Ananthpuram 2500MW and Kurnool 1000MW,Power Grid Corporation of India Limited [POWERGRID],611967,Transmission & Distribution,,Andhra Pradesh,09/2023,09/2025,04/2026,1248.69,1248.69,860.97,82.0,FlashReport_August_2025_page43_table1.csv,43,2026-08-28T21:13:48.565768
611967,11,2025-09,Transmission Scheme for Solar Energy Zone in Ananthpuram 2500MW and Kurnool 1000MW,Power Grid Corporation of India Limited [POWERGRID],611967,Transmission & Distribution,,Andhra Pradesh,09/2023,09/2025,03/2026,1248.69,1248.69,924.03,84.0,FlashReport_September_2025_page48_table1.csv,48,2026-08-28T21:13:53.824849
617183,13,2025-07,Transmission system strengthening at Kurnool- III PS for integration of additional RE generation projects [POWERGRID Kurnool III PS RE Transmission Limited],Power Grid Corporation of India Limited [POWERGRID],617183,Transmission & Distribution,,Andhra Pradesh,03/2025,12/2027,,2886.0,2886.0,28.86,0.0,FlashReport_July_2025_page43_table1.csv,43,2026-08-28T21:13:50.727528
617183,13,2025-08,Transmission system strengthening at Kurnool- III PS for integration of additional RE generation projects [POWERGRID Kurnool III PS RE Transmission Limited],Power Grid Corporation of India Limited [POWERGRID],617183,Transmission & Distribution,,Andhra Pradesh,03/2025,12/2027,,2886.0,2886.0,117.86,0.0,FlashReport_August_2025_page43_table1.csv,43,2026-08-28T21:13:48.566132
617183,13,2025-09,Transmission system strengthening at Kurnool- III PS for integration of additional RE generation projects [POWERGRID Kurnool III PS RE Transmission Limited],Power Grid Corporation of India Limited [POWERGRID],617183,Transmission & Distribution,,Andhra Pradesh,03/2025,12/2027,,2886.0,2886.0,129.86,0.0,FlashReport_September_2025_page48_table1.csv,48,2026-08-28T21:13:53.825194
612139,13,2025-07,Transmission system for Evacuation of Additional 7 GW RE power from Khavda RE park under Phase-III Part B [Vataman Transmission Limited],Power Grid Corporation of India Limited [POWERGRID],612139,Transmission & Distribution,,Gujarat,12/2023,12/2025,,3751.82,3751.82,1500.72,21.0,FlashReport_July_2025_page43_table1.csv,43,2026-08-28T21:13:50.728374
612139,13,2025-08,Transmission system for Evacuation of Additional 7 GW RE power from Khavda RE park under Phase-III Part B [Vataman Transmission Limited],Power Grid Corporation of India Limited [POWERGRID],612139,Transmission & Distribution,,Gujarat,12/2023,12/2025,06/2026,3751.82,3751.82,1575.72,22.0,FlashReport_August_2025_page43_table1.csv,43,2026-08-28T21:13:48.567341
612139,13,2025-09,Transmission system for Evacuation of Additional 7 GW RE power from Khavda RE park under Phase-III Part B [Vataman Transmission Limited],Power Grid Corporation of India Limited [POWERGRID],612139,Transmission & Distribution,,Gujarat,12/2023,12/2025,12/2026,3751.82,3751.82,1688.32,25.0,FlashReport_September_2025_page48_table1.csv,48,2026-08-28T21:13:53.826228
612855,13,2025-07,Transmission System for Evacuation of Power from Potential Energy Renewable Zone in Khavda Area of Gujarat under Ph-IV [7GW] Part E2,Power Grid Corporation of India Limited [POWERGRID],612855,Transmission & Distribution,,Gujarat,05/2024,05/2026,,679.0,679.0,81.48,18.0,FlashReport_July_2025_page43_table1.csv,43,2026-08-28T21:13:50.728743
612855,13,2025-08,Transmission System for Evacuation of Power from Potential Energy Renewable Zone in Khavda Area of Gujarat under Ph-IV [7GW] Part E2,Power Grid Corporation of India Limited [POWERGRID],612855,Transmission & Distribution,,Gujarat,05/2024,05/2026,02/2026,679.0,679.0,97.23,19.0,FlashReport_August_2025_page43_table1.csv,43,2026-08-28T21:13:48.567695
612855,13,2025-09,Transmission System for Evacuation of Power from Potential Energy Renewable Zone in Khavda Area of Gujarat under Ph-IV [7GW] Part E2,Power Grid Corporation of India Limited [POWERGRID],612855,Transmission & Distribution,,Gujarat,05/2024,05/2026,06/2026,679.0,679.0,101.85,24.0,FlashReport_September_2025_page48_table1.csv,48,2026-08-28T21:13:53.826409
615342,13,2025-07,Augmentation of Transformation Capacity at jam Khambhaliya PS [GIS] [SPV Name POWERGRID Jam Khambhaliya Transmission Limited],Power Grid Corporation of India Limited [POWERGRID],615342,Transmission & Distribution,,Gujarat,10/2024,07/2026,,329.0,329.0,9.97,1.0,FlashReport_July_2025_page43_table1.csv,43,2026-08-28T21:13:50.728904
615342,13,2025-08,Augmentation of Transformation Capacity at jam Khambhaliya PS [GIS] [SPV Name POWERGRID Jam Khambhaliya Transmission Limited],Power Grid Corporation of India Limited [POWERGRID],615342,Transmission & Distribution,,Gujarat,10/2024,07/2026,,329.0,329.0,10.07,1.0,FlashReport_August_2025_page43_table1.csv,43,2026-08-28T21:13:48.567864
615342,13,2025-09,Augmentation of Transformation Capacity at jam Khambhaliya PS [GIS] [SPV Name POWERGRID Jam Khambhaliya Transmission Limited],Power Grid Corporation of India Limited [POWERGRID],615342,Transmission & Distribution,,Gujarat,10/2024,07/2026,,329.0,329.0,10.17,2.0,FlashReport_September_2025_page48_table1.csv,48,2026-08-28T21:13:53.826501
615343,13,2025-07,Provision of Dynamic Reactive Compensation at Khavda pooling Station 1 [KPS1] and Khavda Pooling station 3 [KPS3],Power Grid Corporation of India Limited [POWERGRID],615343,Transmission & Distribution,,Gujarat,11/2024,11/2026,,501.0,501.0,5.01,1.0,FlashReport_July_2025_page43_table1.csv,43,2026-08-28T21:13:50.729239
615343,13,2025-08,Provision of Dynamic Reactive Compensation at Khavda pooling Station 1 [KPS1] and Khavda Pooling station 3 [KPS3],Power Grid Corporation of India Limited [POWERGRID],615343,Transmission & Distribution,,Gujarat,11/2024,11/2026,,501.0,501.0,6.01,1.0,FlashReport_August_2025_page43_table1.csv,43,2026-08-28T21:13:48.568029
615343,13,2025-09,Provision of Dynamic Reactive Compensation at Khavda pooling Station 1 [KPS1] and Khavda Pooling station 3 [KPS3],Power Grid Corporation of India Limited [POWERGRID],615343,Transmission & Distribution,,Gujarat,11/2024,11/2026,,501.0,501.0,6.11,1.0,FlashReport_September_2025_page48_table1.csv,48,2026-08-28T21:13:53.826678
615345,13,2025-07,Transmission System for Evacuation of Power from Potential Renewable Energy Zone in Khavda area of Gujarat under Phase-IV [7GW] Part B [SPV Name POWERGRID South Olpad Transmission Limited],Power Grid Corporation of India Limited [POWERGRID],615345,,,Gujarat,10/2024,10/2026,,4766.0,4766.0,513.29,5.0,FlashReport_July_2025_page44_table1.csv,44,2026-08-28T21:13:50.731936
615345,13,2025-08,Transmission System for Evacuation of Power from Potential Renewable Energy Zone in Khavda area of Gujarat under Phase-IV [7GW] Part B [SPV Name POWERGRID South Olpad Transmission Limited],Power Grid Corporation of India Limited [POWERGRID],615345,Transmission & Distribution,,Gujarat,10/2024,10/2026,,4766.0,4766.0,564.77,7.0,FlashReport_August_2025_page43_table1.csv,43,2026-08-28T21:13:48.568355
615345,13,2025-09,Transmission System for Evacuation of Power from Potential Renewable Energy Zone in Khavda area of Gujarat under Phase-IV [7GW] Part B [SPV Name POWERGRID South Olpad Transmission Limited],Power Grid Corporation of India Limited [POWERGRID],615345,Transmission & Distribution,,Gujarat,10/2024,10/2026,03/2027,4766.0,4766.0,667.24,8.0,FlashReport_September_2025_page48_table1.csv,48,2026-08-28T21:13:53.826806
617069,13,2025-07,Augmentation of Transformation Capacity at KPS1 [GIS] and KPS2 [GIS] [Phase-V Part B1 and Part B2 Scheme] [SPV Name- POWERGRID KPS1 and 2 Augmentation Transmission Limited],Power Grid Corporation of India Limited [POWERGRID],617069,,,Gujarat,02/2025,02/2027,,466.0,466.0,6.99,0.0,FlashReport_July_2025_page44_table1.csv,44,2026-08-28T21:13:50.732368
617069,13,2025-08,Augmentation of Transformation Capacity at KPS1 [GIS] and KPS2 [GIS] [Phase-V Part B1 and Part B2 Scheme] [SPV Name- POWERGRID KPS1 and 2 Augmentation Transmission Limited],Power Grid Corporation of India Limited [POWERGRID],617069,Transmission & Distribution,,Gujarat,02/2025,02/2027,,466.0,466.0,13.99,1.0,FlashReport_August_2025_page43_table1.csv,43,2026-08-28T21:13:48.568546
617069,13,2025-09,Augmentation of Transformation Capacity at KPS1 [GIS] and KPS2 [GIS] [Phase-V Part B1 and Part B2 Scheme] [SPV Name- POWERGRID KPS1 and 2 Augmentation Transmission Limited],Power Grid Corporation of India Limited [POWERGRID],617069,,,Gujarat,02/2025,02/2027,,466.0,466.0,23.3,1.0,FlashReport_September_2025_page49_table1.csv,49,2026-08-28T21:13:53.829267
617182,13,2025-07,Augmentation of Banaskantha [Raghanesda] PS [GIS] [POWERGRID Banaskantha Transco Limited],Power Grid Corporation of India Limited [POWERGRID],617182,,,Gujarat,03/2025,03/2027,,172.0,172.0,1.72,0.0,FlashReport_July_2025_page44_table1.csv,44,2026-08-28T21:13:50.732563
617182,13,2025-08,Augmentation of Banaskantha [Raghanesda] PS [GIS] [POWERGRID Banaskantha Transco Limited],Power Grid Corporation of India Limited [POWERGRID],617182,,,Gujarat,03/2025,03/2027,,172.0,172.0,7.27,3.0,FlashReport_August_2025_page44_table1.csv,44,2026-08-28T21:13:48.571069
617182,13,2025-09,Augmentation of Banaskantha [Raghanesda] PS [GIS] [POWERGRID Banaskantha Transco Limited],Power Grid Corporation of India Limited [POWERGRID],617182,,,Gujarat,03/2025,03/2027,,172.0,172.0,7.37,3.0,FlashReport_September_2025_page49_table1.csv,49,2026-08-28T21:13:53.829434
617391,12,2025-09,Augmentation of Transformation Capacity at Bhuj-II PS [GIS],Power Grid Corporation of India Limited [POWERGRID],617391,Department of Telecommunications,Transmission & Distribution,Gujarat,02/2025,11/2026,03/2027,488.29,,,,FlashReport_September_2025_page35_table1.csv,35,2026-08-28T21:13:53.769031
617405,12,2025-09,Jamnagar Transmission Limited,Adani Transmission Limited,617405,Department of Telecommunications,Transmission & Distribution,Gujarat,10/2024,10/2026,,4000.0,,,,FlashReport_September_2025_page35_table1.csv,35,2026-08-28T21:13:53.769140
617179,13,2025-07,Transmission Scheme for evacuation of Power from Ratle HEP [850 MW] & kiru [624 MW] Part B,Power Grid Corporation of India Limited [POWERGRID],617179,,,Jammu and Kashmir,07/2024,07/2026,,218.6,218.6,0.0,0.0,FlashReport_July_2025_page44_table1.csv,44,2026-08-28T21:13:50.733069
617179,13,2025-08,Transmission Scheme for evacuation of Power from Ratle HEP [850 MW] & kiru [624 MW] Part B,Power Grid Corporation of India Limited [POWERGRID],617179,,,Jammu and Kashmir,07/2024,07/2026,,218.6,218.6,1.01,0.0,FlashReport_August_2025_page44_table1.csv,44,2026-08-28T21:13:48.571627
617179,13,2025-09,Transmission Scheme for evacuation of Power from Ratle HEP [850 MW] & kiru [624 MW] Part B,Power Grid Corporation of India Limited [POWERGRID],617179,,,Jammu and Kashmir,07/2024,07/2026,03/2027,218.6,218.6,1.01,0.0,FlashReport_September_2025_page49_table1.csv,49,2026-08-28T21:13:53.830249
617326,12,2025-09,Implementation of Transmission Systems in the State of Jharkhand consisting of 400/220/132/33 kV transmission lines and substations under Jharkhand Consultancy Project,Power Grid Corporation of India Limited [POWERGRID],617326,Department of Telecommunications,Transmission & Distribution,Jharkhand,02/2012,03/2026,,1842.25,,,,FlashReport_September_2025_page35_table1.csv,35,2026-08-28T21:13:53.769282
612140,13,2025-07,Transmission Scheme for Integration of Renewable Energy Zone [Phase II] in Koppal II [Phase A&B] and gadag II[Phase A] in Karnataka [POWERGRID KOPPAL GADAG TRANSMISSION LIMITED],Power Grid Corporation of India Limited [POWERGRID],612140,,,Karnataka,12/2023,12/2025,,2889.39,2889.39,1154.31,37.0,FlashReport_July_2025_page44_table1.csv,44,2026-08-28T21:13:50.733252
612140,13,2025-08,Transmission Scheme for Integration of Renewable Energy Zone [Phase II] in Koppal II [Phase A&B] and gadag II[Phase A] in Karnataka [POWERGRID KOPPAL GADAG TRANSMISSION LIMITED],Power Grid Corporation of India Limited [POWERGRID],612140,,,Karnataka,12/2023,12/2025,03/2026,2889.39,2889.39,1332.21,46.0,FlashReport_August_2025_page44_table1.csv,44,2026-08-28T21:13:48.571825
612140,13,2025-09,Transmission Scheme for Integration of Renewable Energy Zone [Phase II] in Koppal II [Phase A&B] and gadag II[Phase A] in Karnataka [POWERGRID KOPPAL GADAG TRANSMISSION LIMITED],Power Grid Corporation of India Limited [POWERGRID],612140,,,Karnataka,12/2023,12/2025,03/2026,2889.39,2889.39,1462.89,50.0,FlashReport_September_2025_page49_table1.csv,49,2026-08-28T21:13:53.830599
616672,13,2025-07,System Strengthening at Koppal-II and GadagII for integration of RE generation projects [SPV Name POWERGRID Koppal Gadag Augmentation Transmission Limited],Power Grid Corporation of India Limited [POWERGRID],616672,,,Karnataka,01/2025,06/2027,,1354.0,1354.0,16.65,0.0,FlashReport_July_2025_page44_table1.csv,44,2026-08-28T21:13:50.733418
616672,13,2025-08,System Strengthening at Koppal-II and GadagII for integration of RE generation projects [SPV Name POWERGRID Koppal Gadag Augmentation Transmission Limited],Power Grid Corporation of India Limited [POWERGRID],616672,,,Karnataka,01/2025,06/2027,,1354.0,1354.0,17.73,0.0,FlashReport_August_2025_page44_table1.csv,44,2026-08-28T21:13:48.572014
616672,13,2025-09,System Strengthening at Koppal-II and GadagII for integration of RE generation projects [SPV Name POWERGRID Koppal Gadag Augmentation Transmission Limited],Power Grid Corporation of India Limited [POWERGRID],616672,,,Karnataka,01/2025,06/2027,,1354.0,1354.0,18.14,0.0,FlashReport_September_2025_page49_table1.csv,49,2026-08-28T21:13:53.830801
617068,13,2025-07,"Augmentation of Transformation Capacity by 3x500 MVA, 400/220 KV ICTS [6th-8th] and 1x1500 MVA, 765/400 KV ICT [4th] at Bidar PS [SPV Name- POWERGRID Bidar Augmentation Transmission Limited]",Power Grid Corporation of India Limited [POWERGRID],617068,,,Karnataka,02/2025,06/2027,,288.0,288.0,5.76,0.0,FlashReport_July_2025_page44_table1.csv,44,2026-08-28T21:13:50.733594
617068,13,2025-08,"Augmentation of Transformation Capacity by 3x500 MVA, 400/220 KV ICTS [6th-8th] and 1x1500 MVA, 765/400 KV ICT [4th] at Bidar PS [SPV Name- POWERGRID Bidar Augmentation Transmission Limited]",Power Grid Corporation of India Limited [POWERGRID],617068,,,Karnataka,02/2025,06/2027,,288.0,288.0,6.79,0.0,FlashReport_August_2025_page44_table1.csv,44,2026-08-28T21:13:48.572236
617068,13,2025-09,"Augmentation of Transformation Capacity by 3x500 MVA, 400/220 KV ICTS [6th-8th] and 1x1500 MVA, 765/400 KV ICT [4th] at Bidar PS [SPV Name- POWERGRID Bidar Augmentation Transmission Limited]",Power Grid Corporation of India Limited [POWERGRID],617068,,,Karnataka,02/2025,06/2027,,288.0,288.0,6.89,0.0,FlashReport_September_2025_page49_table1.csv,49,2026-08-28T21:13:53.830990
617184,13,2025-07,Transmission Scheme for integration of Davanagere/ Chitradurga and Bellary REZ in Karnataka [POWERGRID Chitradurga Bellary REZ Transmission Limited],Power Grid Corporation of India Limited [POWERGRID],617184,,,Karnataka,03/2025,09/2027,,3453.0,3453.0,20.7,0.0,FlashReport_July_2025_page44_table1.csv,44,2026-08-28T21:13:50.733760
617184,13,2025-08,Transmission Scheme for integration of Davanagere/ Chitradurga and Bellary REZ in Karnataka [POWERGRID Chitradurga Bellary REZ Transmission Limited],Power Grid Corporation of India Limited [POWERGRID],617184,,,Karnataka,03/2025,09/2027,,3453.0,3453.0,33.14,0.0,FlashReport_August_2025_page44_table1.csv,44,2026-08-28T21:13:48.572418
617184,13,2025-09,Transmission Scheme for integration of Davanagere/ Chitradurga and Bellary REZ in Karnataka [POWERGRID Chitradurga Bellary REZ Transmission Limited],Power Grid Corporation of India Limited [POWERGRID],617184,,,Karnataka,03/2025,09/2027,,3453.0,3453.0,47.99,0.0,FlashReport_September_2025_page49_table1.csv,49,2026-08-28T21:13:53.831145
615344,13,2025-07,Transmission System for Evacuation of Power from Rajasthan REZ Ph-IV [Part-2 5.5GW] [Jaisalmer/Barmer Complex] Part H1 [POWERGRID KURAWAR TRANSMISSION LIMITED],Power Grid Corporation of India Limited [POWERGRID],615344,,,Madhya Pradesh,10/2024,10/2026,,3674.0,3674.0,408.18,13.0,FlashReport_July_2025_page44_table1.csv,44,2026-08-28T21:13:50.733933
615344,13,2025-08,Transmission System for Evacuation of Power from Rajasthan REZ Ph-IV [Part-2 5.5GW] [Jaisalmer/Barmer Complex] Part H1 [POWERGRID KURAWAR TRANSMISSION LIMITED],Power Grid Corporation of India Limited [POWERGRID],615344,,,Madhya Pradesh,10/2024,10/2026,,3674.0,3674.0,495.18,14.0,FlashReport_August_2025_page44_table1.csv,44,2026-08-28T21:13:48.572603
615344,13,2025-09,Transmission System for Evacuation of Power from Rajasthan REZ Ph-IV [Part-2 5.5GW] [Jaisalmer/Barmer Complex] Part H1 [POWERGRID KURAWAR TRANSMISSION LIMITED],Power Grid Corporation of India Limited [POWERGRID],615344,,,Madhya Pradesh,10/2024,10/2026,03/2027,3674.0,3674.0,551.1,14.0,FlashReport_September_2025_page49_table1.csv,49,2026-08-28T21:13:53.831315
615346,13,2025-07,Transmission System for Evacuation of Power from Rajasthan REZ Ph-IV [Part-2 5.5 GW] [Jaisalmer/Barmer Complex] Part C [SPV Name POWERGRID Mandsaur Transmission Limited],Power Grid Corporation of India Limited [POWERGRID],615346,,,Madhya Pradesh,08/2024,08/2026,,2708.0,2708.0,649.92,26.0,FlashReport_July_2025_page44_table1.csv,44,2026-08-28T21:13:50.734142
615346,13,2025-08,Transmission System for Evacuation of Power from Rajasthan REZ Ph-IV [Part-2 5.5 GW] [Jaisalmer/Barmer Complex] Part C [SPV Name POWERGRID Mandsaur Transmission Limited],Power Grid Corporation of India Limited [POWERGRID],615346,,,Madhya Pradesh,08/2024,08/2026,,2708.0,2708.0,812.4,35.0,FlashReport_August_2025_page44_table1.csv,44,2026-08-28T21:13:48.572786
615346,13,2025-09,Transmission System for Evacuation of Power from Rajasthan REZ Ph-IV [Part-2 5.5 GW] [Jaisalmer/Barmer Complex] Part C [SPV Name POWERGRID Mandsaur Transmission Limited],Power Grid Corporation of India Limited [POWERGRID],615346,,,Madhya Pradesh,08/2024,08/2026,12/2026,2708.0,2708.0,920.72,37.0,FlashReport_September_2025_page49_table1.csv,49,2026-08-28T21:13:53.831500
617272,13,2025-07,Implementation of LILO of both circuits of 400KV vindhyachal PS-Sasan D/C Line at Hindalco Switchyard,Power Grid Corporation of India Limited [POWERGRID],617272,,,Haryana,06/2024,12/2026,,370.0,370.0,1.0,1.0,FlashReport_July_2025_page44_table1.csv,44,2026-08-28T21:13:50.732737
617272,13,2025-08,Implementation of LILO of both circuits of 400KV vindhyachal PS-Sasan D/C Line at Hindalco Switchyard,Power Grid Corporation of India Limited [POWERGRID],617272,,,Haryana,06/2024,12/2026,,370.0,370.0,3.7,1.0,FlashReport_August_2025_page44_table1.csv,44,2026-08-28T21:13:48.571263
617272,13,2025-09,Implementation of LILO of both circuits of 400KV vindhyachal PS-Sasan D/C Line at Hindalco Switchyard,Power Grid Corporation of India Limited [POWERGRID],617272,,,Haryana,06/2024,12/2026,,370.0,370.0,5.55,1.0,FlashReport_September_2025_page49_table1.csv,49,2026-08-28T21:13:53.829931
617279,13,2025-07,Transmission System for evacuation of power from Mahan Energen Limited Generating Station in Madhya Pradesh [SPV Name - POWERGRID MEL Power Transmission Limited],Power Grid Corporation of India Limited [POWERGRID],617279,,,Madhya Pradesh,06/2025,12/2027,,558.0,558.0,5.58,0.0,FlashReport_July_2025_page44_table1.csv,44,2026-08-28T21:13:50.734323
617279,13,2025-08,Transmission System for evacuation of power from Mahan Energen Limited Generating Station in Madhya Pradesh [SPV Name - POWERGRID MEL Power Transmission Limited],Power Grid Corporation of India Limited [POWERGRID],617279,,,Madhya Pradesh,06/2025,12/2027,,558.0,558.0,16.74,0.0,FlashReport_August_2025_page44_table1.csv,44,2026-08-28T21:13:48.572983
617279,13,2025-09,Transmission System for evacuation of power from Mahan Energen Limited Generating Station in Madhya Pradesh [SPV Name - POWERGRID MEL Power Transmission Limited],Power Grid Corporation of India Limited [POWERGRID],617279,,,Madhya Pradesh,06/2025,12/2027,,558.0,558.0,27.9,0.0,FlashReport_September_2025_page49_table1.csv,49,2026-08-28T21:13:53.831681
611966,12,2025-07,Transmission System for Evacuation of power from Potential RE Zone in Khavda Area of Gujarat under phase IV 7GW-Part E4,Power Grid Corporation of India Limited [POWERGRID],611966,,,Maharashtra,11/2023,07/2025,,224.41,224.41,22.44,9.0,FlashReport_July_2025_page44_table1.csv,44,2026-08-28T21:13:50.734492
611966,12,2025-08,Transmission System for Evacuation of power from Potential RE Zone in Khavda Area of Gujarat under phase IV 7GW-Part E4,Power Grid Corporation of India Limited [POWERGRID],611966,,,Maharashtra,11/2023,07/2025,12/2025,224.41,224.41,24.64,10.0,FlashReport_August_2025_page44_table1.csv,44,2026-08-28T21:13:48.573145
611966,12,2025-09,Transmission System for Evacuation of power from Potential RE Zone in Khavda Area of Gujarat under phase IV 7GW-Part E4,Power Grid Corporation of India Limited [POWERGRID],611966,,,Maharashtra,11/2023,07/2025,12/2025,224.41,224.41,25.8,12.0,FlashReport_September_2025_page49_table1.csv,49,2026-08-28T21:13:53.831841
617185,13,2025-07,Transmission System for Integration of Kurnool-IV REZ Phase-I [for 4.5 GW] [POWERGRID Kurnool-IV Transmission Limited],Power Grid Corporation of India Limited [POWERGRID],617185,,,"Multi-States (Andhra Pradesh, Karnataka)",03/2025,03/2027,,5550.0,5550.0,111.0,0.0,FlashReport_July_2025_page44_table1.csv,44,2026-08-28T21:13:50.734675
617185,13,2025-08,Transmission System for Integration of Kurnool-IV REZ Phase-I [for 4.5 GW] [POWERGRID Kurnool-IV Transmission Limited],Power Grid Corporation of India Limited [POWERGRID],617185,,,"Multi-States (Andhra Pradesh, Karnataka)",03/2025,03/2027,,5550.0,5550.0,281.0,0.0,FlashReport_August_2025_page44_table1.csv,44,2026-08-28T21:13:48.573309
617185,13,2025-09,Transmission System for Integration of Kurnool-IV REZ Phase-I [for 4.5 GW] [POWERGRID Kurnool-IV Transmission Limited],Power Grid Corporation of India Limited [POWERGRID],617185,,,"Multi-States (Andhra Pradesh, Karnataka)",03/2025,03/2027,,5550.0,5550.0,319.68,0.0,FlashReport_September_2025_page49_table1.csv,49,2026-08-28T21:13:53.832007
900808,11,2025-07,Transmission System for Kurnool Wind Energy Zone/ Solar Energy Zone Part-A and Part-B,Power Grid Corporation of India Limited [POWERGRID],900808,,,"Multi-States (Andhra Pradesh, Telangana)",03/2023,11/2024,,3546.94,3546.94,3121.3,94.0,FlashReport_July_2025_page44_table1.csv,44,2026-08-28T21:13:50.734846
900808,11,2025-08,Transmission System for Kurnool Wind Energy Zone/ Solar Energy Zone Part-A and Part-B,Power Grid Corporation of India Limited [POWERGRID],900808,,,"Multi-States (Andhra Pradesh, Telangana)",11/2022,11/2024,12/2025,3546.94,3546.94,3192.25,95.0,FlashReport_August_2025_page44_table1.csv,44,2026-08-28T21:13:48.573466
900808,11,2025-09,Transmission System for Kurnool Wind Energy Zone/ Solar Energy Zone Part-A and Part-B,Power Grid Corporation of India Limited [POWERGRID],900808,,,"Multi-States (Andhra Pradesh, Telangana)",11/2022,11/2024,12/2025,3546.94,3546.94,3263.18,96.0,FlashReport_September_2025_page49_table1.csv,49,2026-08-28T21:13:53.832170
617271,13,2025-07,Eastern Region Expansion Scheme-43 [ERES-43],Power Grid Corporation of India Limited [POWERGRID],617271,,,"Multi-States (Bihar, Odisha, West Bengal)",09/2024,03/2026,,342.69,342.69,0.2,0.0,FlashReport_July_2025_page44_table1.csv,44,2026-08-28T21:13:50.735340
617271,13,2025-08,Eastern Region Expansion Scheme-43 [ERES-43],Power Grid Corporation of India Limited [POWERGRID],617271,,,"Multi-States (Bihar, Odisha, West Bengal)",09/2024,03/2026,,342.69,342.69,0.6,0.0,FlashReport_August_2025_page44_table1.csv,44,2026-08-28T21:13:48.573990
617271,13,2025-09,Eastern Region Expansion Scheme-43 [ERES-43],Power Grid Corporation of India Limited [POWERGRID],617271,,,"Multi-States (Bihar, Odisha, West Bengal)",09/2024,03/2026,06/2026,342.69,342.69,0.7,0.0,FlashReport_September_2025_page49_table1.csv,49,2026-08-28T21:13:53.832716
617270,13,2025-07,Eastern Region Expansion Scheme-44 [ERES-44],Power Grid Corporation of India Limited [POWERGRID],617270,,,"Multi-States (Bihar, West Bengal)",11/2024,05/2026,,408.94,408.94,0.2,0.0,FlashReport_July_2025_page44_table1.csv,44,2026-08-28T21:13:50.735487
617270,13,2025-08,Eastern Region Expansion Scheme-44 [ERES-44],Power Grid Corporation of India Limited [POWERGRID],617270,,,"Multi-States (Bihar, West Bengal)",11/2024,05/2026,,408.94,408.94,0.3,0.0,FlashReport_August_2025_page44_table1.csv,44,2026-08-28T21:13:48.574171
617270,13,2025-09,Eastern Region Expansion Scheme-44 [ERES-44],Power Grid Corporation of India Limited [POWERGRID],617270,,,"Multi-States (Bihar, West Bengal)",11/2024,05/2026,03/2027,408.94,408.94,0.31,0.0,FlashReport_September_2025_page49_table1.csv,49,2026-08-28T21:13:53.832871
400005,10,2025-07,Transmission Network Expansion in Gujarat to increase its ATC from ISTS Part B,Power Grid Corporation of India Limited [POWERGRID],400005,,,"Multi-States (Dadra & Nagar Haveli and Daman & Diu, Gujarat, Maharashtra)",07/2022,06/2023,,4546.26,4546.26,4148.46,93.0,FlashReport_July_2025_page44_table1.csv,44,2026-08-28T21:13:50.735658
400005,10,2025-08,Transmission Network Expansion in Gujarat to increase its ATC from ISTS Part B,Power Grid Corporation of India Limited [POWERGRID],400005,,,"Multi-States (Dadra & Nagar Haveli and Daman & Diu, Gujarat, Maharashtra)",01/2022,06/2023,12/2025,4546.26,4546.26,4172.96,93.0,FlashReport_August_2025_page44_table1.csv,44,2026-08-28T21:13:48.574351
400005,10,2025-09,Transmission Network Expansion in Gujarat to increase its ATC from ISTS Part B,Power Grid Corporation of India Limited [POWERGRID],400005,,,"Multi-States (Dadra & Nagar Haveli and Daman & Diu, Gujarat, Maharashtra)",01/2022,06/2023,12/2025,4546.26,4546.26,4210.29,93.0,FlashReport_September_2025_page50_table1.csv,50,2026-08-28T21:13:53.836024
611735,13,2025-07,Transmission system for evacuation of power from REZ in Rajasthan 20GW under Phase-III Part J,Power Grid Corporation of India Limited [POWERGRID],611735,,,"Multi-States (Delhi, Rajasthan)",12/2022,03/2025,,331.0,331.0,75.92,28.0,FlashReport_July_2025_page45_table1.csv,45,2026-08-28T21:13:50.738470
611735,13,2025-08,Transmission system for evacuation of power from REZ in Rajasthan 20GW under Phase-III Part J,Power Grid Corporation of India Limited [POWERGRID],611735,,,"Multi-States (Delhi, Rajasthan)",12/2022,03/2025,04/2026,331.0,331.0,82.72,29.0,FlashReport_August_2025_page44_table1.csv,44,2026-08-28T21:13:48.574702
611735,13,2025-09,Transmission system for evacuation of power from REZ in Rajasthan 20GW under Phase-III Part J,Power Grid Corporation of India Limited [POWERGRID],611735,,,"Multi-States (Delhi, Rajasthan)",12/2022,03/2025,04/2026,331.0,331.0,129.09,30.0,FlashReport_September_2025_page50_table1.csv,50,2026-08-28T21:13:53.836404
612132,13,2025-07,Transmission Scheme for Evacuation of power from REZ in Rajasthan [20 GW] under Phase-III Part D [Sikar Khetri Transmission Ltd],Power Grid Corporation of India Limited [POWERGRID],612132,,,"Multi-States (Delhi, Rajasthan)",02/2024,08/2025,,2000.0,2000.0,1314.8,59.0,FlashReport_July_2025_page45_table1.csv,45,2026-08-28T21:13:50.738665
612132,13,2025-08,Transmission Scheme for Evacuation of power from REZ in Rajasthan [20 GW] under Phase-III Part D [Sikar Khetri Transmission Ltd],Power Grid Corporation of India Limited [POWERGRID],612132,,,"Multi-States (Delhi, Rajasthan)",02/2024,08/2025,05/2026,2000.0,2000.0,1380.2,62.0,FlashReport_August_2025_page44_table1.csv,44,2026-08-28T21:13:48.574885
612132,13,2025-09,Transmission Scheme for Evacuation of power from REZ in Rajasthan [20 GW] under Phase-III Part D [Sikar Khetri Transmission Ltd],Power Grid Corporation of India Limited [POWERGRID],612132,,,"Multi-States (Delhi, Rajasthan)",02/2024,08/2025,05/2026,2000.0,2000.0,1420.0,65.0,FlashReport_September_2025_page50_table1.csv,50,2026-08-28T21:13:53.836580
615347,13,2025-07,TRANSMISSION SYSTEM FOR EVACUATION OF POWER FROM POTENTIAL RENEWABLE ENERGY ZONE IN KHAVDA AREA OF GUJARAT UNDER PHASE-V [8 GW] PART A [SPV Name POWERGRID West Central Transmission Limited],Power Grid Corporation of India Limited [POWERGRID],615347,,,"Multi-States (Gujarat, Maharashtra)",11/2024,05/2029,,24819.0,24819.0,1489.14,1.0,FlashReport_July_2025_page45_table1.csv,45,2026-08-28T21:13:50.739049
615347,13,2025-08,TRANSMISSION SYSTEM FOR EVACUATION OF POWER FROM POTENTIAL RENEWABLE ENERGY ZONE IN KHAVDA AREA OF GUJARAT UNDER PHASE-V [8 GW] PART A [SPV Name POWERGRID West Central Transmission Limited],Power Grid Corporation of India Limited [POWERGRID],615347,,,"Multi-States (Gujarat, Maharashtra)",11/2024,05/2029,,24819.0,24819.0,1796.14,1.0,FlashReport_August_2025_page45_table1.csv,45,2026-08-28T21:13:48.577505
615347,13,2025-09,TRANSMISSION SYSTEM FOR EVACUATION OF POWER FROM POTENTIAL RENEWABLE ENERGY ZONE IN KHAVDA AREA OF GUJARAT UNDER PHASE-V [8 GW] PART A [SPV Name POWERGRID West Central Transmission Limited],Power Grid Corporation of India Limited [POWERGRID],615347,,,"Multi-States (Gujarat, Maharashtra)",11/2024,05/2029,,24819.0,24819.0,1856.46,1.0,FlashReport_September_2025_page50_table1.csv,50,2026-08-28T21:13:53.836816
615339,13,2025-07,Transmission system for evacuation of power from Rajasthan REZ Ph-IV [Part- 3/6GW] [Bikaner complex] Part A [SPV Name POWERGRID Bikaner IV Transmission Limited],Power Grid Corporation of India Limited [POWERGRID],615339,,,"Multi-States (Haryana, Punjab, Rajasthan)",11/2024,11/2026,,5969.0,5969.0,167.13,4.0,FlashReport_July_2025_page45_table1.csv,45,2026-08-28T21:13:50.739232
615339,13,2025-08,Transmission system for evacuation of power from Rajasthan REZ Ph-IV [Part- 3/6GW] [Bikaner complex] Part A [SPV Name POWERGRID Bikaner IV Transmission Limited],Power Grid Corporation of India Limited [POWERGRID],615339,,,"Multi-States (Haryana, Punjab, Rajasthan)",11/2024,11/2026,,5969.0,5969.0,218.47,5.0,FlashReport_August_2025_page45_table1.csv,45,2026-08-28T21:13:48.577709
615339,13,2025-09,Transmission system for evacuation of power from Rajasthan REZ Ph-IV [Part- 3/6GW] [Bikaner complex] Part A [SPV Name POWERGRID Bikaner IV Transmission Limited],Power Grid Corporation of India Limited [POWERGRID],615339,,,"Multi-States (Haryana, Punjab, Rajasthan)",11/2024,11/2026,03/2027,5969.0,5969.0,344.41,8.0,FlashReport_September_2025_page50_table1.csv,50,2026-08-28T21:13:53.836994
615340,13,2025-07,TRANSMISSION SYSTEM FOR EVACUATION OF POWER FROM RAJASTHAN REZ PH-IV [PART-3/ 6 GW] [BIKANER COMPLEX] PART B [SPV Name POWERGRID Siwani Transmission Limited],Power Grid Corporation of India Limited [POWERGRID],615340,,,"Multi-States (Haryana, Rajasthan)",11/2024,11/2026,,5357.0,5357.0,267.85,8.0,FlashReport_July_2025_page45_table1.csv,45,2026-08-28T21:13:50.739412
615340,13,2025-08,TRANSMISSION SYSTEM FOR EVACUATION OF POWER FROM RAJASTHAN REZ PH-IV [PART-3/ 6 GW] [BIKANER COMPLEX] PART B [SPV Name POWERGRID Siwani Transmission Limited],Power Grid Corporation of India Limited [POWERGRID],615340,,,"Multi-States (Haryana, Rajasthan)",11/2024,11/2026,,5357.0,5357.0,267.85,9.0,FlashReport_August_2025_page45_table1.csv,45,2026-08-28T21:13:48.577895
615340,13,2025-09,TRANSMISSION SYSTEM FOR EVACUATION OF POWER FROM RAJASTHAN REZ PH-IV [PART-3/ 6 GW] [BIKANER COMPLEX] PART B [SPV Name POWERGRID Siwani Transmission Limited],Power Grid Corporation of India Limited [POWERGRID],615340,,,"Multi-States (Haryana, Rajasthan)",11/2024,11/2026,03/2027,5357.0,5357.0,348.2,11.0,FlashReport_September_2025_page50_table1.csv,50,2026-08-28T21:13:53.837177
612138,13,2025-07,"Transmission Scheme for Solar Energy Zone in Bidar [2500 MW], Karnataka [Bidar Transmission Ltd]",Power Grid Corporation of India Limited [POWERGRID],612138,,,"Multi-States (Karnataka, Telangana)",02/2024,02/2026,,2147.62,2147.62,1068.65,55.0,FlashReport_July_2025_page45_table1.csv,45,2026-08-28T21:13:50.739738
612138,13,2025-08,"Transmission Scheme for Solar Energy Zone in Bidar [2500 MW], Karnataka [Bidar Transmission Ltd]",Power Grid Corporation of India Limited [POWERGRID],612138,,,"Multi-States (Karnataka, Telangana)",02/2024,02/2026,,2147.62,2147.62,1144.89,61.0,FlashReport_August_2025_page45_table1.csv,45,2026-08-28T21:13:48.578271
612138,13,2025-09,"Transmission Scheme for Solar Energy Zone in Bidar [2500 MW], Karnataka [Bidar Transmission Ltd]",Power Grid Corporation of India Limited [POWERGRID],612138,,,"Multi-States (Karnataka, Telangana)",02/2024,02/2026,06/2026,2147.62,2147.62,1310.04,64.0,FlashReport_September_2025_page50_table1.csv,50,2026-08-28T21:13:53.837515
615333,13,2025-07,Transmission System for Evacuation of Power from Rajasthan REZ Ph-IV [Part-2 5.5 GW] [Jaisalmer/Barmer Complex] Part D [SPV Name POWERGRID Beawar Mandsaur Transmission Limited],Power Grid Corporation of India Limited [POWERGRID],615333,,,"Multi-States (Madhya Pradesh, Rajasthan)",08/2024,08/2026,,2227.0,2227.0,534.48,19.0,FlashReport_July_2025_page45_table1.csv,45,2026-08-28T21:13:50.739928
615333,13,2025-08,Transmission System for Evacuation of Power from Rajasthan REZ Ph-IV [Part-2 5.5 GW] [Jaisalmer/Barmer Complex] Part D [SPV Name POWERGRID Beawar Mandsaur Transmission Limited],Power Grid Corporation of India Limited [POWERGRID],615333,,,"Multi-States (Madhya Pradesh, Rajasthan)",08/2024,08/2026,,2227.0,2227.0,622.89,20.0,FlashReport_August_2025_page45_table1.csv,45,2026-08-28T21:13:48.578462
615333,13,2025-09,Transmission System for Evacuation of Power from Rajasthan REZ Ph-IV [Part-2 5.5 GW] [Jaisalmer/Barmer Complex] Part D [SPV Name POWERGRID Beawar Mandsaur Transmission Limited],Power Grid Corporation of India Limited [POWERGRID],615333,,,"Multi-States (Madhya Pradesh, Rajasthan)",08/2024,08/2026,,2227.0,2227.0,779.45,21.0,FlashReport_September_2025_page50_table1.csv,50,2026-08-28T21:13:53.837710
615334,13,2025-07,Transmission System for Evacuation of Power from Rajasthan REZ Ph-IV [Part-2 5.5 GW] [Jaisalmer/Barmer Complex] Part E [SPV Name POWERGRID Mewar Transmission Limited],Power Grid Corporation of India Limited [POWERGRID],615334,,,"Multi-States (Madhya Pradesh, Rajasthan)",08/2024,08/2026,,3251.0,3251.0,685.96,17.0,FlashReport_July_2025_page45_table1.csv,45,2026-08-28T21:13:50.740145
615334,13,2025-08,Transmission System for Evacuation of Power from Rajasthan REZ Ph-IV [Part-2 5.5 GW] [Jaisalmer/Barmer Complex] Part E [SPV Name POWERGRID Mewar Transmission Limited],Power Grid Corporation of India Limited [POWERGRID],615334,,,"Multi-States (Madhya Pradesh, Rajasthan)",08/2024,08/2026,,3251.0,3251.0,780.24,18.0,FlashReport_August_2025_page45_table1.csv,45,2026-08-28T21:13:48.578648
615334,13,2025-09,Transmission System for Evacuation of Power from Rajasthan REZ Ph-IV [Part-2 5.5 GW] [Jaisalmer/Barmer Complex] Part E [SPV Name POWERGRID Mewar Transmission Limited],Power Grid Corporation of India Limited [POWERGRID],615334,,,"Multi-States (Madhya Pradesh, Rajasthan)",08/2024,08/2026,03/2027,3251.0,3251.0,910.28,20.0,FlashReport_September_2025_page50_table1.csv,50,2026-08-28T21:13:53.837898
617186,13,2025-07,Rajasthan REZ Ph-V [Part-1- 4 GW] [Sirohi/Nagaur] Complex [Rajasthan V Power Transmission Limited],Power Grid Corporation of India Limited [POWERGRID],617186,,,"Multi-States (Madhya Pradesh, Rajasthan)",03/2025,03/2027,,5028.0,5028.0,139.2,1.0,FlashReport_July_2025_page45_table1.csv,45,2026-08-28T21:13:50.740321
617186,13,2025-08,Rajasthan REZ Ph-V [Part-1- 4 GW] [Sirohi/Nagaur] Complex [Rajasthan V Power Transmission Limited],Power Grid Corporation of India Limited [POWERGRID],617186,,,"Multi-States (Madhya Pradesh, Rajasthan)",03/2025,03/2027,,5028.0,5028.0,203.2,1.0,FlashReport_August_2025_page45_table1.csv,45,2026-08-28T21:13:48.578818
617186,13,2025-09,Rajasthan REZ Ph-V [Part-1- 4 GW] [Sirohi/Nagaur] Complex [Rajasthan V Power Transmission Limited],Power Grid Corporation of India Limited [POWERGRID],617186,,,"Multi-States (Madhya Pradesh, Rajasthan)",03/2025,03/2027,,5028.0,5028.0,256.93,1.0,FlashReport_September_2025_page50_table1.csv,50,2026-08-28T21:13:53.838076
612133,13,2025-07,Transmission System for Evacuation of power from Rajasthan REZ Ph-IV [Part-1] [Bikaner Complex] Part D [Neemrana Bareilly Transmission Ltd],Power Grid Corporation of India Limited [POWERGRID],612133,,,"Multi-States (Rajasthan, Uttar Pradesh)",12/2023,12/2025,,2056.0,2056.0,1336.4,55.0,FlashReport_July_2025_page45_table1.csv,45,2026-08-28T21:13:50.740500
612133,13,2025-08,Transmission System for Evacuation of power from Rajasthan REZ Ph-IV [Part-1] [Bikaner Complex] Part D [Neemrana Bareilly Transmission Ltd],Power Grid Corporation of India Limited [POWERGRID],612133,,,"Multi-States (Rajasthan, Uttar Pradesh)",12/2023,12/2025,06/2026,2056.0,2056.0,1356.96,58.0,FlashReport_August_2025_page45_table1.csv,45,2026-08-28T21:13:48.579002
612133,13,2025-09,Transmission System for Evacuation of power from Rajasthan REZ Ph-IV [Part-1] [Bikaner Complex] Part D [Neemrana Bareilly Transmission Ltd],Power Grid Corporation of India Limited [POWERGRID],612133,,,"Multi-States (Rajasthan, Uttar Pradesh)",12/2023,12/2025,06/2026,2056.0,2056.0,1583.12,60.0,FlashReport_September_2025_page50_table1.csv,50,2026-08-28T21:13:53.838274
616670,13,2025-07,Transmission System for evacuation of Power from Rajasthan REZ Ph-IV [Part-4 3.5 GW] Part A [SPV name POWERGRID Ghiror Transmission Limited],Power Grid Corporation of India Limited [POWERGRID],616670,,,"Multi-States (Rajasthan, Uttar Pradesh)",12/2024,12/2026,,5846.0,5846.0,236.18,3.0,FlashReport_July_2025_page45_table1.csv,45,2026-08-28T21:13:50.740675
616670,13,2025-08,Transmission System for evacuation of Power from Rajasthan REZ Ph-IV [Part-4 3.5 GW] Part A [SPV name POWERGRID Ghiror Transmission Limited],Power Grid Corporation of India Limited [POWERGRID],616670,,,"Multi-States (Rajasthan, Uttar Pradesh)",12/2024,12/2026,,5846.0,5846.0,293.47,4.0,FlashReport_August_2025_page45_table1.csv,45,2026-08-28T21:13:48.579182
616670,13,2025-09,Transmission System for evacuation of Power from Rajasthan REZ Ph-IV [Part-4 3.5 GW] Part A [SPV name POWERGRID Ghiror Transmission Limited],Power Grid Corporation of India Limited [POWERGRID],616670,,,"Multi-States (Rajasthan, Uttar Pradesh)",12/2024,12/2026,03/2027,5846.0,5846.0,391.68,6.0,FlashReport_September_2025_page50_table1.csv,50,2026-08-28T21:13:53.838459
611947,10,2025-07,Transmission System for Evacuation of Power from REZ in Rajasthan 20GW under Phase III- Part E2,Power Grid Corporation of India Limited [POWERGRID],611947,,,Rajasthan,11/2023,06/2025,,428.3,428.3,107.07,46.0,FlashReport_July_2025_page45_table1.csv,45,2026-08-28T21:13:50.741009
611947,10,2025-08,Transmission System for Evacuation of Power from REZ in Rajasthan 20GW under Phase III- Part E2,Power Grid Corporation of India Limited [POWERGRID],611947,,,Rajasthan,11/2023,06/2025,12/2025,428.3,428.3,179.89,51.0,FlashReport_August_2025_page45_table1.csv,45,2026-08-28T21:13:48.579494
611947,10,2025-09,Transmission System for Evacuation of Power from REZ in Rajasthan 20GW under Phase III- Part E2,Power Grid Corporation of India Limited [POWERGRID],611947,,,Rajasthan,11/2023,06/2025,12/2025,428.3,428.3,205.58,54.0,FlashReport_September_2025_page50_table1.csv,50,2026-08-28T21:13:53.838837
611948,11,2025-07,Transmission system for evacuation of power from REZ in Rajasthan 20 GW under Phase-III part H,Power Grid Corporation of India Limited [POWERGRID],611948,,,Rajasthan,10/2023,04/2025,,2211.29,2211.29,1780.53,72.0,FlashReport_July_2025_page45_table1.csv,45,2026-08-28T21:13:50.741171
611948,11,2025-08,Transmission system for evacuation of power from REZ in Rajasthan 20 GW under Phase-III part H,Power Grid Corporation of India Limited [POWERGRID],611948,,,Rajasthan,10/2023,04/2025,12/2025,2211.29,2211.29,1817.46,80.0,FlashReport_August_2025_page45_table1.csv,45,2026-08-28T21:13:48.579652
611948,11,2025-09,Transmission system for evacuation of power from REZ in Rajasthan 20 GW under Phase-III part H,Power Grid Corporation of India Limited [POWERGRID],611948,,,Rajasthan,10/2023,04/2025,12/2025,2211.29,2211.29,1879.59,84.0,FlashReport_September_2025_page50_table1.csv,50,2026-08-28T21:13:53.839010
611949,13,2025-07,Transmission system for evacuation of power from REZ in Rajasthan 20 GW under Phase-III part C1,Power Grid Corporation of India Limited [POWERGRID],611949,,,Rajasthan,10/2023,04/2025,,1796.02,1796.02,1201.17,79.0,FlashReport_July_2025_page45_table1.csv,45,2026-08-28T21:13:50.741327
611949,13,2025-08,Transmission system for evacuation of power from REZ in Rajasthan 20 GW under Phase-III part C1,Power Grid Corporation of India Limited [POWERGRID],611949,,,Rajasthan,10/2023,04/2025,10/2025,1796.02,1796.02,1247.87,83.0,FlashReport_August_2025_page45_table1.csv,45,2026-08-28T21:13:48.579816
611949,13,2025-09,Transmission system for evacuation of power from REZ in Rajasthan 20 GW under Phase-III part C1,Power Grid Corporation of India Limited [POWERGRID],611949,,,Rajasthan,10/2023,04/2025,03/2026,1796.02,1796.02,1347.01,85.0,FlashReport_September_2025_page50_table1.csv,50,2026-08-28T21:13:53.839177
612134,13,2025-07,Transmission System for Evacuation of power from Rajasthan REZ Ph-IV [Part-1] [Bikaner Complex] Part A [Bikaner Neemrana Transmission Ltd],Power Grid Corporation of India Limited [POWERGRID],612134,,,Rajasthan,12/2023,12/2025,,2998.34,2998.34,1592.11,49.0,FlashReport_July_2025_page45_table1.csv,45,2026-08-28T21:13:50.741800
612134,13,2025-08,Transmission System for Evacuation of power from Rajasthan REZ Ph-IV [Part-1] [Bikaner Complex] Part A [Bikaner Neemrana Transmission Ltd],Power Grid Corporation of India Limited [POWERGRID],612134,,,Rajasthan,12/2023,12/2025,03/2026,2998.34,2998.34,1703.11,51.0,FlashReport_August_2025_page45_table1.csv,45,2026-08-28T21:13:48.580340
612134,13,2025-09,Transmission System for Evacuation of power from Rajasthan REZ Ph-IV [Part-1] [Bikaner Complex] Part A [Bikaner Neemrana Transmission Ltd],Power Grid Corporation of India Limited [POWERGRID],612134,,,Rajasthan,12/2023,12/2025,06/2026,2998.34,2998.34,1978.9,54.0,FlashReport_September_2025_page50_table1.csv,50,2026-08-28T21:13:53.839683
615332,13,2025-07,Transmission System for Evacuation of Power from Rajasthan REZ Ph-IV [Part-2 5.5 GW][Jaisalmer/Barmer Complex] Part B [SPV Name POWERGRID Sirohi Transmission Limited],Power Grid Corporation of India Limited [POWERGRID],615332,,,Rajasthan,08/2024,08/2026,,3279.0,3279.0,547.59,19.0,FlashReport_July_2025_page45_table1.csv,45,2026-08-28T21:13:50.741973
615332,13,2025-08,Transmission System for Evacuation of Power from Rajasthan REZ Ph-IV [Part-2 5.5 GW][Jaisalmer/Barmer Complex] Part B [SPV Name POWERGRID Sirohi Transmission Limited],Power Grid Corporation of India Limited [POWERGRID],615332,,,Rajasthan,08/2024,08/2026,,3279.0,3279.0,688.59,21.0,FlashReport_August_2025_page45_table1.csv,45,2026-08-28T21:13:48.580520
615332,13,2025-09,Transmission System for Evacuation of Power from Rajasthan REZ Ph-IV [Part-2 5.5 GW][Jaisalmer/Barmer Complex] Part B [SPV Name POWERGRID Sirohi Transmission Limited],Power Grid Corporation of India Limited [POWERGRID],615332,,,Rajasthan,08/2024,08/2026,12/2026,3279.0,3279.0,819.75,23.0,FlashReport_September_2025_page50_table1.csv,50,2026-08-28T21:13:53.839862
615335,11,2025-07,Transmission System Strengthening for Interconnections of Bhadla-III & Bikaner III Complex [SPV Name POWERGRID BHADLA BIKANER TRANSMISSION LIMITED],Power Grid Corporation of India Limited [POWERGRID],615335,,,Rajasthan,08/2024,08/2026,,1382.0,1382.0,41.46,2.0,FlashReport_July_2025_page45_table1.csv,45,2026-08-28T21:13:50.742169
615335,11,2025-08,Transmission System Strengthening for Interconnections of Bhadla-III & Bikaner III Complex [SPV Name POWERGRID BHADLA BIKANER TRANSMISSION LIMITED],Power Grid Corporation of India Limited [POWERGRID],615335,,,Rajasthan,08/2024,08/2026,,1382.0,1382.0,41.46,4.0,FlashReport_August_2025_page45_table1.csv,45,2026-08-28T21:13:48.580693
615337,11,2025-07,Additional Transmission System for evacuation of Power from Bhadla-III PS as part of Rajasthan REZ Phase III Scheme [20 GW] [SPV Name POWERGRID Bhadla-III Power Transmission Limited],Power Grid Corporation of India Limited [POWERGRID],615337,,,Rajasthan,08/2024,02/2026,,369.0,369.0,17.82,6.0,FlashReport_July_2025_page46_table1.csv,46,2026-08-28T21:13:50.744853
615337,11,2025-08,Additional Transmission System for evacuation of Power from Bhadla-III PS as part of Rajasthan REZ Phase III Scheme [20 GW] [SPV Name POWERGRID Bhadla-III Power Transmission Limited],Power Grid Corporation of India Limited [POWERGRID],615337,,,Rajasthan,08/2024,02/2026,,369.0,369.0,58.26,16.0,FlashReport_August_2025_page45_table1.csv,45,2026-08-28T21:13:48.580879
615338,11,2025-07,TRANSMISSION SYSTEM FOR EVACUATION OF POWER FROM RAJASTHAN REZ PH -IV [PART-2 5.5 GW] [JAISALMER/BARMER COMPLEX] PART F [SPV Name POWERGRID BARMER I TRANSMISSION LIMITED],Power Grid Corporation of India Limited [POWERGRID],615338,,,Rajasthan,11/2024,11/2026,,2735.0,2735.0,81.42,5.0,FlashReport_July_2025_page46_table1.csv,46,2026-08-28T21:13:50.745084
615338,11,2025-08,TRANSMISSION SYSTEM FOR EVACUATION OF POWER FROM RAJASTHAN REZ PH -IV [PART-2 5.5 GW] [JAISALMER/BARMER COMPLEX] PART F [SPV Name POWERGRID BARMER I TRANSMISSION LIMITED],Power Grid Corporation of India Limited [POWERGRID],615338,,,Rajasthan,11/2024,11/2026,,2735.0,2735.0,82.05,8.0,FlashReport_August_2025_page45_table1.csv,45,2026-08-28T21:13:48.581061
617181,11,2025-07,"Augmentation at Fatehgarh-II PS, Fatehgarh-IV PS [Section-II] and Barmer-I PS [POWERGRID Fatehgarh Barmer Augmentation Transmission Limited]",Power Grid Corporation of India Limited [POWERGRID],617181,,,Rajasthan,03/2025,12/2026,,404.0,404.0,4.04,0.0,FlashReport_July_2025_page46_table1.csv,46,2026-08-28T21:13:50.745253
617181,11,2025-08,"Augmentation at Fatehgarh-II PS, Fatehgarh-IV PS [Section-II] and Barmer-I PS [POWERGRID Fatehgarh Barmer Augmentation Transmission Limited]",Power Grid Corporation of India Limited [POWERGRID],617181,,,Rajasthan,03/2025,12/2026,,404.0,404.0,8.04,0.0,FlashReport_August_2025_page45_table1.csv,45,2026-08-28T21:13:48.581231
616671,11,2025-07,Transmission System under ISTS for evacuation of Power from Kudankulam Unit-3&4 [2x1000 MW] [SPV Name POWERGRID Kudankulam Tarnsmission Limited],Power Grid Corporation of India Limited [POWERGRID],616671,,,Tamil Nadu,01/2025,12/2026,,548.0,548.0,10.96,4.0,FlashReport_July_2025_page46_table1.csv,46,2026-08-28T21:13:50.745438
616671,11,2025-08,Transmission System under ISTS for evacuation of Power from Kudankulam Unit-3&4 [2x1000 MW] [SPV Name POWERGRID Kudankulam Tarnsmission Limited],Power Grid Corporation of India Limited [POWERGRID],616671,,,Tamil Nadu,01/2025,12/2026,12/2026,548.0,548.0,14.68,6.0,FlashReport_August_2025_page46_table1.csv,46,2026-08-28T21:13:48.583656
617269,11,2025-07,Transmission System for Strengthening to facilitate evacuation of power from Bhadla/Bikaner Complex,Power Grid Corporation of India Limited [POWERGRID],617269,,,Uttar Pradesh,12/2024,06/2026,,212.81,212.81,0.2,0.0,FlashReport_July_2025_page46_table1.csv,46,2026-08-28T21:13:50.745601
617269,11,2025-08,Transmission System for Strengthening to facilitate evacuation of power from Bhadla/Bikaner Complex,Power Grid Corporation of India Limited [POWERGRID],617269,,,Uttar Pradesh,12/2024,06/2026,,212.81,212.81,0.2,0.0,FlashReport_August_2025_page46_table1.csv,46,2026-08-28T21:13:48.583861
617412,10,2025-09,"Construction of One Tower of Office Complex and another Tower of Residential quarters consisting of 10Nos. Type-V, 10Nos. Type-VI & 1No.Type-VII Quarters i/c internal water supply, sanitary installation and all development and bulk services, Horticulture works on EPC Mode-I basis i/c comprehensive operation and maintenance of Civil, E&M services for 7 years after completion of original construction work for Ranga Reddy, Secunderabad, Medchal, AuditI, Audit-II Commissionerates of Central Tax at Khajaguda, Serilingampally, Hyderabad.",Central Public Works Department - CPWD,617412,Department of Telecommunications,Construction,Telangana,03/2024,09/2027,,644.0,,,,FlashReport_September_2025_page35_table1.csv,35,2026-08-28T21:13:53.767588
707229,11,2025-07,"Integrated Command control Center [ICCC] - Construction and Development of Integrated Command Control Center with Security, Surveillance, ITMS, Connecting Port, Ship Service, Smart Solid Waste Management, Smart Public Transport System",Smart City Mission,707229,Ministry of Housing & Urban Affairs,Real Estate,Andaman & Nicobar,11/2021,05/2023,,209.88,209.88,0.0,0.0,FlashReport_July_2025_page46_table1.csv,46,2026-08-28T21:13:50.746308
707229,11,2025-08,"Integrated Command control Center [ICCC] - Construction and Development of Integrated Command Control Center with Security, Surveillance, ITMS, Connecting Port, Ship Service, Smart Solid Waste Management, Smart Public Transport System",ministry of housing and urban affairs,707229,Ministry of Housing & Urban Affairs,Real Estate,Andaman & Nicobar,07/2021,05/2023,,209.88,209.88,0.0,70.0,FlashReport_August_2025_page46_table1.csv,46,2026-08-28T21:13:48.584649
400188,11,2025-07,Redevelopment of Seven General Pool Residential Accommodation [GPRA] Colonies in Delhi,National Buildings Construction Corporation [NBCC],400188,Ministry of Housing & Urban Affairs,Real Estate,Delhi,05/2018,12/2022,,32850.0,32850.0,0.0,0.0,FlashReport_July_2025_page46_table1.csv,46,2026-08-28T21:13:50.746848
400188,11,2025-08,Redevelopment of Seven General Pool Residential Accommodation [GPRA] Colonies in Delhi,National Buildings Construction Corporation [NBCC],400188,Ministry of Housing & Urban Affairs,Real Estate,Delhi,07/2016,12/2025,12/2025,32850.0,32850.0,0.0,0.0,FlashReport_August_2025_page46_table1.csv,46,2026-08-28T21:13:48.584757
701719,11,2025-07,Rehablitation in Junavadaj Area Smart City Project,Ministry of Housing & Urban Affairs,701719,Ministry of Housing & Urban Affairs,Real Estate,Gujarat,06/2016,07/2022,,539.0,539.0,39.63,50.0,FlashReport_July_2025_page46_table1.csv,46,2026-08-28T21:13:50.746993
701719,11,2025-08,Rehablitation in Junavadaj Area Smart City Project,ministry of housing and urban affairs,701719,Ministry of Housing & Urban Affairs,Real Estate,Gujarat,06/2016,07/2022,,539.0,539.0,39.63,50.0,FlashReport_August_2025_page46_table1.csv,46,2026-08-28T21:13:48.584858
701766,11,2025-07,Green Building Development Project,Ministry of Housing & Urban Affairs,701766,Ministry of Housing & Urban Affairs,Real Estate,Uttarakhand,08/2019,11/2023,,150.97,150.97,18.95,0.0,FlashReport_July_2025_page46_table1.csv,46,2026-08-28T21:13:50.747518
701766,11,2025-08,Green Building Development Project,ministry of housing and urban affairs,701766,Ministry of Housing & Urban Affairs,Real Estate,Uttarakhand,08/2019,11/2023,,150.97,150.97,18.95,31.0,FlashReport_August_2025_page46_table1.csv,46,2026-08-28T21:13:48.584937
702627,11,2025-07,Patna Metro Rail Project,Patna Metro Rail Corporation Ltd. [PMRCL],702627,Ministry of Housing & Urban Affairs,Urban Public Transport,Bihar,02/2019,02/2024,,13365.77,13365.8,4039.77,40.07,FlashReport_July_2025_page46_table1.csv,46,2026-08-28T21:13:50.747830
702627,11,2025-08,Patna Metro Rail Project,Patna Metro Rail Corporation Ltd. [PMRCL],702627,Ministry of Housing & Urban Affairs,Urban Public Transport,Bihar,02/2019,02/2024,06/2027,13365.77,13365.8,4039.77,40.07,FlashReport_August_2025_page46_table1.csv,46,2026-08-28T21:13:48.585057
617207,11,2025-07,Delhi Metro Rail Phase-IV [2 Corridors],Delhi Metro Rail Corporation Limited [DMRC],617207,Ministry of Housing & Urban Affairs,Urban Public Transport,Delhi,03/2024,03/2029,,8399.81,8399.81,5.57,0.0,FlashReport_July_2025_page46_table1.csv,46,2026-08-28T21:13:50.747960
617207,11,2025-08,Delhi Metro Rail Phase-IV [2 Corridors],Delhi Metro Rail Corporation Limited [DMRC],617207,Ministry of Housing & Urban Affairs,Urban Public Transport,Delhi,03/2024,03/2029,,8399.81,8399.81,5.58,0.0,FlashReport_August_2025_page46_table1.csv,46,2026-08-28T21:13:48.585137
702632,11,2025-07,DMRTS Phase - IV [3 Priority Corridors],Delhi Metro Rail Corporation Limited [DMRC],702632,Ministry of Housing & Urban Affairs,Urban Public Transport,Delhi,07/2019,03/2025,,24948.65,24948.7,15423.06,68.0,FlashReport_July_2025_page46_table1.csv,46,2026-08-28T21:13:50.748054
702632,11,2025-08,DMRTS Phase - IV [3 Priority Corridors],Delhi Metro Rail Corporation Limited [DMRC],702632,Ministry of Housing & Urban Affairs,Urban Public Transport,Delhi,07/2019,03/2025,03/2026,24948.65,24948.7,15785.39,69.0,FlashReport_August_2025_page46_table1.csv,46,2026-08-28T21:13:48.585217
702630,11,2025-07,Surat Metro Rail Project,Gujarat Metro Rail Corporation Limited [GMRCL],702630,Ministry of Housing & Urban Affairs,Urban Public Transport,Gujarat,04/2019,03/2024,,12020.32,12020.3,7386.41,68.0,FlashReport_July_2025_page46_table1.csv,46,2026-08-28T21:13:50.748407
702630,11,2025-08,Surat Metro Rail Project,Gujarat Metro Rail Corporation Limited [GMRCL],702630,Ministry of Housing & Urban Affairs,Urban Public Transport,Gujarat,03/2019,03/2024,06/2026,12020.32,12020.3,7595.47,70.0,FlashReport_August_2025_page46_table1.csv,46,2026-08-28T21:13:48.585327
702639,8,2025-07,Ahmedabad Metro Rail Project [Phase-I],Gujarat Metro Rail Corporation Limited [GMRCL],702639,Ministry of Housing & Urban Affairs,Urban Public Transport,Gujarat,03/2018,03/2018,,10773.0,12924.5,11857.91,99.34,FlashReport_July_2025_page46_table1.csv,46,2026-08-28T21:13:50.748806
702639,8,2025-08,Ahmedabad Metro Rail Project [Phase-I],Gujarat Metro Rail Corporation Limited [GMRCL],702639,Ministry of Housing & Urban Affairs,Urban Public Transport,Gujarat,11/2014,03/2018,10/2025,10773.0,12924.5,12174.41,99.0,FlashReport_August_2025_page46_table1.csv,46,2026-08-28T21:13:48.585511
702635,11,2025-07,Construction of Bangalore Metro Rail Project Phase 2.,Bengaluru Metro Rail,702635,Ministry of Housing & Urban Affairs,Urban Public Transport,Karnataka,02/2016,03/2021,,26405.14,30695.1,29477.97,94.0,FlashReport_July_2025_page46_table1.csv,46,2026-08-28T21:13:50.748957
702635,11,2025-08,Construction of Bangalore Metro Rail Project Phase 2.,Bengaluru Metro Rail,702635,Ministry of Housing & Urban Affairs,Urban Public Transport,Karnataka,02/2014,03/2021,09/2026,26405.14,30695.1,29477.97,94.0,FlashReport_August_2025_page46_table1.csv,46,2026-08-28T21:13:48.585598
702665,11,2025-07,Construction Bangalore Metro Rail Project Phase-2A & 2B,Bengaluru Metro Rail,702665,,,Karnataka,01/2019,06/2026,,14788.1,14788.1,8424.54,53.0,FlashReport_July_2025_page47_table1.csv,47,2026-08-28T21:13:50.751047
702665,11,2025-08,Construction Bangalore Metro Rail Project Phase-2A & 2B,Bengaluru Metro Rail,702665,Ministry of Housing & Urban Affairs,Urban Public Transport,Karnataka,06/2021,06/2026,06/2026,14788.1,14788.1,8424.54,53.0,FlashReport_August_2025_page46_table1.csv,46,2026-08-28T21:13:48.585672
702664,11,2025-07,Kochi Metro Rail Phase 2 Development Project,CSPCC Projects,702664,,,Kerala,11/2022,11/2026,,1957.05,1957.05,306.45,10.0,FlashReport_July_2025_page47_table1.csv,47,2026-08-28T21:13:50.751198
702664,11,2025-08,Kochi Metro Rail Phase 2 Development Project,CSPCC Projects,702664,Ministry of Housing & Urban Affairs,Urban Public Transport,Kerala,11/2022,11/2026,11/2026,1957.05,1957.05,329.94,12.0,FlashReport_August_2025_page46_table1.csv,46,2026-08-28T21:13:48.585745
702625,13,2025-07,Bhopal Metro Rail Project,Madhya Pradesh Metro Rail Co Limited [MPMRCL],702625,,,Madhya Pradesh,11/2018,11/2022,,6941.4,6941.4,3116.75,43.0,FlashReport_July_2025_page47_table1.csv,47,2026-08-28T21:13:50.751317
702625,13,2025-08,Bhopal Metro Rail Project,Madhya Pradesh Metro Rail Co Limited [MPMRCL],702625,Ministry of Housing & Urban Affairs,Urban Public Transport,Madhya Pradesh,11/2018,11/2022,06/2028,6941.4,6941.4,3164.15,43.0,FlashReport_August_2025_page46_table1.csv,46,2026-08-28T21:13:48.585821
702625,13,2025-09,Bhopal Metro Rail Project,Madhya Pradesh Metro Rail Co Limited [MPMRCL],702625,,,Madhya Pradesh,11/2018,11/2022,06/2028,6941.4,6941.4,3598.51,45.0,FlashReport_September_2025_page52_table1.csv,52,2026-08-28T21:13:53.846074
702626,13,2025-07,Indore Metro Rail Project,Madhya Pradesh Metro Rail Co Limited [MPMRCL],702626,,,Madhya Pradesh,11/2018,11/2022,,7500.8,7500.8,3839.27,54.0,FlashReport_July_2025_page47_table1.csv,47,2026-08-28T21:13:50.751449
702626,13,2025-08,Indore Metro Rail Project,Madhya Pradesh Metro Rail Co Limited [MPMRCL],702626,Ministry of Housing & Urban Affairs,Urban Public Transport,Madhya Pradesh,11/2018,11/2022,12/2028,7500.8,7500.8,3931.4,55.0,FlashReport_August_2025_page46_table1.csv,46,2026-08-28T21:13:48.585894
702626,13,2025-09,Indore Metro Rail Project,Madhya Pradesh Metro Rail Co Limited [MPMRCL],702626,,,Madhya Pradesh,11/2018,11/2022,12/2028,7500.8,7500.8,4115.42,56.0,FlashReport_September_2025_page52_table1.csv,52,2026-08-28T21:13:53.846232
617225,13,2025-07,PCMC To Nigdi- Extension Of North South Corridor Of Phase-1,Maharashtra Metro Rail Corporation Limited [MMRCL],617225,,,Maharashtra,10/2023,01/2027,,910.18,910.18,110.33,21.0,FlashReport_July_2025_page47_table1.csv,47,2026-08-28T21:13:50.751587
617225,13,2025-08,PCMC To Nigdi- Extension Of North South Corridor Of Phase-1,Maharashtra Metro Rail Corporation Limited [MMRCL],617225,Ministry of Housing & Urban Affairs,Urban Public Transport,Maharashtra,10/2023,01/2027,,910.18,910.18,119.88,22.0,FlashReport_August_2025_page46_table1.csv,46,2026-08-28T21:13:48.586024
617225,13,2025-09,PCMC To Nigdi- Extension Of North South Corridor Of Phase-1,Maharashtra Metro Rail Corporation Limited [MMRCL],617225,,,Maharashtra,10/2023,01/2027,,910.18,910.18,127.55,23.0,FlashReport_September_2025_page52_table1.csv,52,2026-08-28T21:13:53.846326
617226,13,2025-07,Pune Metro Phase-1 Extension line towards south from Swargate to Katraj,Maharashtra Metro Rail Corporation Limited [MMRCL],617226,,,Maharashtra,09/2024,03/2029,,2954.53,2954.53,18.66,3.0,FlashReport_July_2025_page47_table1.csv,47,2026-08-28T21:13:50.751699
617226,13,2025-08,Pune Metro Phase-1 Extension line towards south from Swargate to Katraj,Maharashtra Metro Rail Corporation Limited [MMRCL],617226,Ministry of Housing & Urban Affairs,Urban Public Transport,Maharashtra,09/2024,03/2029,,2954.53,2954.53,19.61,3.0,FlashReport_August_2025_page46_table1.csv,46,2026-08-28T21:13:48.586133
617226,13,2025-09,Pune Metro Phase-1 Extension line towards south from Swargate to Katraj,Maharashtra Metro Rail Corporation Limited [MMRCL],617226,,,Maharashtra,09/2024,03/2029,,2954.53,2954.53,20.89,3.0,FlashReport_September_2025_page52_table1.csv,52,2026-08-28T21:13:53.846417
617327,12,2025-09,Thane Integral Ring Metro Rail Project,Maharashtra Metro Rail Corporation Limited [MMRCL],617327,Department of Telecommunications,Urban Public Transport,Maharashtra,09/2024,09/2029,,12200.1,,,,FlashReport_September_2025_page35_table1.csv,35,2026-08-28T21:13:53.767765
701745,13,2025-07,New Suburba Station Development Project,Ministry of Housing & Urban Affairs,701745,,,Maharashtra,03/2019,07/2022,,262.76,262.76,17.62,6.0,FlashReport_July_2025_page47_table1.csv,47,2026-08-28T21:13:50.751776
701745,13,2025-08,New Suburba Station Development Project,ministry of housing and urban affairs,701745,Ministry of Housing & Urban Affairs,Urban Public Transport,Maharashtra,03/2019,07/2022,,262.76,262.76,17.62,6.0,FlashReport_August_2025_page46_table1.csv,46,2026-08-28T21:13:48.586210
701745,13,2025-09,New Suburba Station Development Project,ministry of housing and urban affairs,701745,,,Maharashtra,03/2019,07/2022,,262.76,262.76,17.62,6.0,FlashReport_September_2025_page52_table1.csv,52,2026-08-28T21:13:53.846578
701991,13,2025-07,Kalyan Station Precinct Imporvement Project,Ministry of Housing & Urban Affairs,701991,,,Maharashtra,07/2020,07/2023,,600.0,600.0,49.42,0.0,FlashReport_July_2025_page47_table1.csv,47,2026-08-28T21:13:50.751850
701991,13,2025-08,Kalyan Station Precinct Imporvement Project,ministry of housing and urban affairs,701991,Ministry of Housing & Urban Affairs,Urban Public Transport,Maharashtra,07/2020,07/2023,,600.0,600.0,272.42,70.0,FlashReport_August_2025_page46_table1.csv,46,2026-08-28T21:13:48.586289
701991,13,2025-09,Kalyan Station Precinct Imporvement Project,ministry of housing and urban affairs,701991,,,Maharashtra,07/2020,07/2023,,600.0,600.0,272.42,70.0,FlashReport_September_2025_page52_table1.csv,52,2026-08-28T21:13:53.846656
702637,13,2025-07,Mumbai Metro Line 3,Mumbai Metro Rail Corporation Limited [MMRC],702637,,,Maharashtra,06/2016,03/2023,,23136.0,23942.0,27519.07,91.9,FlashReport_July_2025_page47_table1.csv,47,2026-08-28T21:13:50.751924
702637,13,2025-08,Mumbai Metro Line 3,Mumbai Metro Rail Corporation Limited [MMRC],702637,Ministry of Housing & Urban Affairs,Urban Public Transport,Maharashtra,07/2013,03/2023,08/2025,23136.0,37276.0,27519.07,91.9,FlashReport_August_2025_page46_table1.csv,46,2026-08-28T21:13:48.586364
702637,13,2025-09,Mumbai Metro Line 3,Mumbai Metro Rail Corporation Limited [MMRC],702637,,,Maharashtra,07/2013,03/2023,08/2025,23136.0,37276.0,31783.93,96.0,FlashReport_September_2025_page52_table1.csv,52,2026-08-28T21:13:53.846733
702658,13,2025-07,Nagpur Metro Rail Phase II Development Project,Maharashtra Metro Rail Corporation Limited [MMRCL],702658,,,Maharashtra,12/2022,12/2027,,6708.0,6708.0,977.38,24.0,FlashReport_July_2025_page47_table1.csv,47,2026-08-28T21:13:50.752039
702658,13,2025-08,Nagpur Metro Rail Phase II Development Project,Maharashtra Metro Rail Corporation Limited [MMRCL],702658,Ministry of Housing & Urban Affairs,Urban Public Transport,Maharashtra,12/2022,12/2027,,6708.0,6708.0,1045.32,25.0,FlashReport_August_2025_page46_table1.csv,46,2026-08-28T21:13:48.586443
702658,13,2025-09,Nagpur Metro Rail Phase II Development Project,Maharashtra Metro Rail Corporation Limited [MMRCL],702658,,,Maharashtra,12/2022,12/2027,,6708.0,6708.0,1147.88,27.0,FlashReport_September_2025_page52_table1.csv,52,2026-08-28T21:13:53.846847
617206,13,2025-07,Delhi Metro Rail Phase-IV [Rithala - Kundli Corridor],Delhi Metro Rail Corporation Limited [DMRC],617206,,,"Multi-States (Delhi, Haryana)",01/2025,01/2029,,6230.99,6230.99,0.14,0.0,FlashReport_July_2025_page47_table1.csv,47,2026-08-28T21:13:50.752160
617206,13,2025-08,Delhi Metro Rail Phase-IV [Rithala - Kundli Corridor],Delhi Metro Rail Corporation Limited [DMRC],617206,,,"Multi-States (Delhi, Haryana)",01/2025,01/2029,,6230.99,6230.99,0.29,0.0,FlashReport_August_2025_page47_table1.csv,47,2026-08-28T21:13:48.588216
617206,13,2025-09,Delhi Metro Rail Phase-IV [Rithala - Kundli Corridor],Delhi Metro Rail Corporation Limited [DMRC],617206,,,"Multi-States (Delhi, Haryana)",01/2025,01/2029,,6230.99,6230.99,0.78,0.0,FlashReport_September_2025_page52_table1.csv,52,2026-08-28T21:13:53.846998
702668,11,2025-07,Chennai Metro Rail Phase-II Development Project,Chennai Metro Rail Limited [CMRL],702668,Ministry of Housing & Urban Affairs,Inland Waterways,Tamil Nadu,11/2020,08/2029,,63246.0,63246.0,47162.73,0.0,FlashReport_July_2025_page46_table1.csv,46,2026-08-28T21:13:50.746043
702668,11,2025-08,Chennai Metro Rail Phase-II Development Project,Chennai Metro Rail Limited [CMRL],702668,Ministry of Housing & Urban Affairs,Inland Waterways,Tamil Nadu,10/2024,08/2029,,63246.0,63246.0,26410.15,45.0,FlashReport_August_2025_page46_table1.csv,46,2026-08-28T21:13:48.584330
702628,13,2025-07,Kanpur Metro Rail Project,Uttar Pradesh metro rail corporation [UPMRC],702628,,,Uttar Pradesh,11/2019,05/2024,,11076.48,11076.5,9079.81,73.0,FlashReport_July_2025_page47_table1.csv,47,2026-08-28T21:13:50.752463
702628,13,2025-08,Kanpur Metro Rail Project,Uttar Pradesh metro rail corporation [UPMRC],702628,,,Uttar Pradesh,05/2019,05/2024,03/2027,11076.48,11076.5,9083.27,73.0,FlashReport_August_2025_page47_table1.csv,47,2026-08-28T21:13:48.588423
702628,13,2025-09,Kanpur Metro Rail Project,Uttar Pradesh metro rail corporation [UPMRC],702628,,,Uttar Pradesh,05/2019,05/2024,03/2027,11076.48,11076.5,9085.11,74.0,FlashReport_September_2025_page52_table1.csv,52,2026-08-28T21:13:53.847305
702629,13,2025-07,Agra Metro Rail Project,Uttar Pradesh metro rail corporation [UPMRC],702629,,,Uttar Pradesh,12/2020,05/2024,,8379.62,8379.62,6055.19,57.0,FlashReport_July_2025_page47_table1.csv,47,2026-08-28T21:13:50.752538
702629,13,2025-08,Agra Metro Rail Project,Uttar Pradesh metro rail corporation [UPMRC],702629,,,Uttar Pradesh,05/2019,05/2024,06/2027,8379.62,8379.62,6057.62,62.0,FlashReport_August_2025_page47_table1.csv,47,2026-08-28T21:13:48.588499
702629,13,2025-09,Agra Metro Rail Project,Uttar Pradesh metro rail corporation [UPMRC],702629,,,Uttar Pradesh,05/2019,05/2024,06/2027,8379.62,8379.62,6060.21,63.0,FlashReport_September_2025_page52_table1.csv,52,2026-08-28T21:13:53.847433
702674,12,2025-08,"ESR - 8 nos., distribution system - 216 Km, new house service connections - 38760 nos. upgrading of feeder mains, pumping station etc. - Phase II",Ministry of Housing & Urban Affairs,702674,Waste & Water,,Andhra Pradesh,07/2018,03/2023,12/2025,172.22,172.22,622.02,82.0,FlashReport_August_2025_page47_table1.csv,47,2026-08-28T21:13:48.588634
702674,12,2025-09,"ESR - 8 nos., distribution system - 216 Km, new house service connections - 38760 nos. upgrading of feeder mains, pumping station etc. - Phase II",Ministry of Housing & Urban Affairs,702674,Waste & Water,,Andhra Pradesh,07/2018,03/2023,12/2025,172.22,172.22,710.62,82.0,FlashReport_September_2025_page52_table1.csv,52,2026-08-28T21:13:53.847666
702699,12,2025-08,Muzaffarpur Storm Water Drainage Phase-I Project,Ministry of Housing & Urban Affairs,702699,Waste & Water,,Bihar,02/2019,10/2023,03/2024,158.78,158.78,48.61,51.0,FlashReport_August_2025_page47_table1.csv,47,2026-08-28T21:13:48.588791
702699,12,2025-09,Muzaffarpur Storm Water Drainage Phase-I Project,Ministry of Housing & Urban Affairs,702699,Waste & Water,,Bihar,02/2019,10/2023,12/2025,158.78,158.78,509.5,83.0,FlashReport_September_2025_page52_table1.csv,52,2026-08-28T21:13:53.847859
702355,10,2025-07,Storm water drainag Development Project,Ministry of Housing & Urban Affairs,702355,Waste & Water,,Dadra & Nagar Haveli and Daman & Diu,12/2021,03/2024,,210.0,210.0,0.0,0.0,FlashReport_July_2025_page47_table1.csv,47,2026-08-28T21:13:50.752654
702355,10,2025-08,Storm water drainag Development Project,ministry of housing and urban affairs,702355,Waste & Water,,Dadra & Nagar Haveli and Daman & Diu,12/2021,03/2024,,210.0,210.0,0.0,20.0,FlashReport_August_2025_page47_table1.csv,47,2026-08-28T21:13:48.588877
702355,10,2025-09,Storm water drainag Development Project,ministry of housing and urban affairs,702355,Waste & Water,,Dadra & Nagar Haveli and Daman & Diu,12/2021,03/2024,,210.0,210.0,0.0,20.0,FlashReport_September_2025_page52_table1.csv,52,2026-08-28T21:13:53.847950
702734,12,2025-08,Sewerage Management Scheme Part-3 Implementation,Ministry of Housing & Urban Affairs,702734,Waste & Water,,Haryana,11/2017,09/2023,03/2026,278.01,278.01,1548.15,88.0,FlashReport_August_2025_page47_table1.csv,47,2026-08-28T21:13:48.589039
702734,12,2025-09,Sewerage Management Scheme Part-3 Implementation,Ministry of Housing & Urban Affairs,702734,Waste & Water,,Haryana,11/2017,09/2023,03/2026,278.01,278.01,1776.64,88.0,FlashReport_September_2025_page52_table1.csv,52,2026-08-28T21:13:53.848108
702741,12,2025-08,Dhanbad Water Supply Infrastructure Project,Ministry of Housing & Urban Affairs,702741,Waste & Water,,Jharkhand,12/2018,03/2023,03/2026,216.55,216.55,696.48,72.0,FlashReport_August_2025_page47_table1.csv,47,2026-08-28T21:13:48.589195
702741,12,2025-09,Dhanbad Water Supply Infrastructure Project,Ministry of Housing & Urban Affairs,702741,Waste & Water,,Jharkhand,12/2018,03/2023,03/2026,216.55,216.55,825.64,72.0,FlashReport_September_2025_page52_table1.csv,52,2026-08-28T21:13:53.848341
702742,12,2025-08,SAAP-3 Water Supply Infrastructure SAAP-3 Project,Ministry of Housing & Urban Affairs,702742,Waste & Water,,Jharkhand,12/2018,10/2023,03/2026,159.31,159.31,612.5,65.0,FlashReport_August_2025_page47_table1.csv,47,2026-08-28T21:13:48.589269
702742,12,2025-09,SAAP-3 Water Supply Infrastructure SAAP-3 Project,Ministry of Housing & Urban Affairs,702742,Waste & Water,,Jharkhand,12/2018,10/2023,03/2026,159.31,159.31,700.0,65.0,FlashReport_September_2025_page52_table1.csv,52,2026-08-28T21:13:53.848418
702746,12,2025-08,Augmentation and Strenghthning of Urban Water Supply Phase 1 - SAAP 3,Ministry of Housing & Urban Affairs,702746,Waste & Water,,Jharkhand,12/2018,03/2023,03/2026,278.28,278.28,1223.5,78.0,FlashReport_August_2025_page47_table1.csv,47,2026-08-28T21:13:48.589357
702746,12,2025-09,Augmentation and Strenghthning of Urban Water Supply Phase 1 - SAAP 3,Ministry of Housing & Urban Affairs,702746,Waste & Water,,Jharkhand,12/2018,03/2023,03/2026,278.28,278.28,1410.0,78.0,FlashReport_September_2025_page52_table1.csv,52,2026-08-28T21:13:53.848498
702760,12,2025-08,Belgavi Improvement in Sewerage System Project,Ministry of Housing & Urban Affairs,702760,Waste & Water,,Karnataka,10/2016,07/2023,12/2025,162.73,162.73,562.71,80.0,FlashReport_August_2025_page47_table1.csv,47,2026-08-28T21:13:48.589434
702760,12,2025-09,Belgavi Improvement in Sewerage System Project,Ministry of Housing & Urban Affairs,702760,Waste & Water,,Karnataka,10/2016,07/2023,12/2025,162.73,162.73,642.21,80.0,FlashReport_September_2025_page52_table1.csv,52,2026-08-28T21:13:53.848573
702793,12,2025-08,Indore Water Supply Infrastructure Project,Ministry of Housing & Urban Affairs,702793,Waste & Water,,Madhya Pradesh,11/2017,03/2023,12/2025,287.17,287.17,1766.0,99.0,FlashReport_August_2025_page47_table1.csv,47,2026-08-28T21:13:48.589581
702793,12,2025-09,Indore Water Supply Infrastructure Project,Ministry of Housing & Urban Affairs,702793,Waste & Water,,Madhya Pradesh,11/2017,03/2023,12/2025,287.17,287.17,2018.5,99.0,FlashReport_September_2025_page52_table1.csv,52,2026-08-28T21:13:53.848769
702808,12,2025-08,Satna Sewerage Management and Treatment Infrastructure Project,Ministry of Housing & Urban Affairs,702808,Waste & Water,,Madhya Pradesh,12/2016,03/2024,12/2025,191.56,191.56,501.71,86.0,FlashReport_August_2025_page47_table1.csv,47,2026-08-28T21:13:48.589810
702808,12,2025-09,Satna Sewerage Management and Treatment Infrastructure Project,Ministry of Housing & Urban Affairs,702808,Waste & Water,,Madhya Pradesh,12/2016,03/2024,12/2025,191.56,191.56,1305.45,86.0,FlashReport_September_2025_page52_table1.csv,52,2026-08-28T21:13:53.849027
702810,12,2025-08,Singrauli Sewerage Management and Treatment Infrastructure Project,Ministry of Housing & Urban Affairs,702810,Waste & Water,,Madhya Pradesh,11/2017,03/2023,12/2025,402.01,402.01,2424.71,90.0,FlashReport_August_2025_page47_table1.csv,47,2026-08-28T21:13:48.589911
702810,12,2025-09,Singrauli Sewerage Management and Treatment Infrastructure Project,Ministry of Housing & Urban Affairs,702810,Waste & Water,,Madhya Pradesh,11/2017,03/2023,12/2025,402.01,402.01,2800.32,90.0,FlashReport_September_2025_page52_table1.csv,52,2026-08-28T21:13:53.849161
702833,12,2025-08,Kalyan-Dombivali Water Supply Infrastructure Project,Ministry of Housing & Urban Affairs,702833,Waste & Water,,Maharashtra,09/2019,10/2023,12/2025,194.2,194.2,375.32,70.0,FlashReport_August_2025_page47_table1.csv,47,2026-08-28T21:13:48.589986
702833,12,2025-09,Kalyan-Dombivali Water Supply Infrastructure Project,Ministry of Housing & Urban Affairs,702833,Waste & Water,,Maharashtra,09/2019,10/2023,12/2025,194.2,194.2,919.08,70.0,FlashReport_September_2025_page52_table1.csv,52,2026-08-28T21:13:53.849306
702840,9,2025-08,Mira-Bhayandar Water Supply Infrastructure Project,Ministry of Housing & Urban Affairs,702840,Waste & Water,,Maharashtra,08/2018,03/2023,12/2025,204.55,204.55,581.09,99.0,FlashReport_August_2025_page47_table1.csv,47,2026-08-28T21:13:48.590077
702840,9,2025-09,Mira-Bhayandar Water Supply Infrastructure Project,Ministry of Housing & Urban Affairs,702840,,,Maharashtra,08/2018,03/2023,12/2025,204.55,204.55,1568.49,99.0,FlashReport_September_2025_page53_table1.csv,53,2026-08-28T21:13:53.851596
702851,11,2025-08,Pune Water Supply Infrastructure Project,Ministry of Housing & Urban Affairs,702851,Waste & Water,,Maharashtra,07/2017,03/2023,10/2025,235.95,235.95,614.06,92.0,FlashReport_August_2025_page47_table1.csv,47,2026-08-28T21:13:48.590226
702851,11,2025-09,Pune Water Supply Infrastructure Project,Ministry of Housing & Urban Affairs,702851,,,Maharashtra,07/2017,03/2023,10/2025,235.95,235.95,1686.76,92.0,FlashReport_September_2025_page53_table1.csv,53,2026-08-28T21:13:53.851911
702854,9,2025-08,Solapur Sewerage Management Infrastructure Project,Ministry of Housing & Urban Affairs,702854,Waste & Water,,Maharashtra,04/2018,03/2023,12/2025,180.24,180.24,476.83,91.0,FlashReport_August_2025_page47_table1.csv,47,2026-08-28T21:13:48.590299
702854,9,2025-09,Solapur Sewerage Management Infrastructure Project,Ministry of Housing & Urban Affairs,702854,,,Maharashtra,04/2018,03/2023,12/2025,180.24,180.24,1281.38,91.0,FlashReport_September_2025_page53_table1.csv,53,2026-08-28T21:13:53.852053
703021,12,2025-08,Jalandhar Water Supply Infrastructure Project,Ministry of Housing & Urban Affairs,703021,Waste & Water,,Punjab,08/2020,08/2023,03/2026,258.53,258.53,161.02,58.0,FlashReport_August_2025_page47_table1.csv,47,2026-08-28T21:13:48.590395
703021,12,2025-09,Jalandhar Water Supply Infrastructure Project,Ministry of Housing & Urban Affairs,703021,,,Punjab,08/2020,08/2023,03/2026,258.53,258.53,1229.71,58.0,FlashReport_September_2025_page53_table1.csv,53,2026-08-28T21:13:53.852194
703057,12,2025-08,Patiala Water Supply Infrastructure Part-2 Project,Ministry of Housing & Urban Affairs,703057,Waste & Water,,Punjab,08/2020,10/2023,12/2025,287.0,287.0,451.94,74.0,FlashReport_August_2025_page47_table1.csv,47,2026-08-28T21:13:48.590472
703057,12,2025-09,Patiala Water Supply Infrastructure Part-2 Project,Ministry of Housing & Urban Affairs,703057,,,Punjab,08/2020,10/2023,12/2025,287.0,287.0,612.68,74.0,FlashReport_September_2025_page53_table1.csv,53,2026-08-28T21:13:53.852340
702949,12,2025-08,Jhansi Water Supply Infrastructure Phase-II Project,Ministry of Housing & Urban Affairs,702949,Waste & Water,,Uttar Pradesh,06/2019,07/2023,09/2025,561.74,561.74,523.15,100.0,FlashReport_August_2025_page47_table1.csv,47,2026-08-28T21:13:48.590623
702949,12,2025-09,Jhansi Water Supply Infrastructure Phase-II Project,Ministry of Housing & Urban Affairs,702949,,,Uttar Pradesh,06/2019,07/2023,09/2025,561.74,561.74,3123.27,91.0,FlashReport_September_2025_page53_table1.csv,53,2026-08-28T21:13:53.852628
617280,13,2025-07,"Construction of Basement + Ground Floor+ 10 Storeyed building for State of the Art Director General, GSI Building at plot No.GN-40, Sector-V, Salt Lake, Kolkata",Central Public Works Department (CPWD,617280,Waste & Water,Construction,West Bengal,02/2020,08/2026,,255.37,255.37,78.34,35.0,FlashReport_July_2025_page47_table1.csv,47,2026-08-28T21:13:50.752863
617280,13,2025-08,"Construction of Basement + Ground Floor+ 10 Storeyed building for State of the Art Director General, GSI Building at plot No.GN-40, Sector-V, Salt Lake, Kolkata",Central Public Works Department (CPWD,617280,Ministry of Mines,Construction,West Bengal,04/2019,08/2026,,255.37,255.37,79.34,79.0,FlashReport_August_2025_page48_table1.csv,48,2026-08-28T21:13:48.592626
617280,13,2025-09,"Construction of Basement + Ground Floor+ 10 Storeyed building for State of the Art Director General, GSI Building at plot No.GN-40, Sector-V, Salt Lake, Kolkata",Central Public Works Department (CPWD,617280,Ministry of Mines,Construction,West Bengal,04/2019,08/2026,,255.37,255.37,83.03,40.0,FlashReport_September_2025_page53_table1.csv,53,2026-08-28T21:13:53.852898
400426,13,2025-07,Expansion of Malanjkhand Copper Project,Hindustan Copper Limited [HCL],400426,Waste & Water,Metals & Mining,Madhya Pradesh,04/2015,04/2020,,1856.36,1856.36,924.98,79.0,FlashReport_July_2025_page47_table1.csv,47,2026-08-28T21:13:50.753121
400426,13,2025-08,Expansion of Malanjkhand Copper Project,Hindustan Copper Limited [HCL],400426,Ministry of Mines,Metals & Mining,Madhya Pradesh,09/2011,04/2020,04/2026,1856.36,1856.36,935.32,80.0,FlashReport_August_2025_page48_table1.csv,48,2026-08-28T21:13:48.593154
400426,13,2025-09,Expansion of Malanjkhand Copper Project,Hindustan Copper Limited [HCL],400426,Ministry of Mines,Metals & Mining,Madhya Pradesh,09/2011,04/2020,04/2026,1856.36,1856.36,935.32,80.0,FlashReport_September_2025_page53_table1.csv,53,2026-08-28T21:13:53.853380
400141,13,2025-07,Expansion of Alumina Refinery Plant with addition of 5th Stream having capacity enhancement of 1.0 Million Tonee Per Annum,National Aluminium Company Limited [NALCO],400141,Waste & Water,Metals & Mining,Odisha,04/2017,12/2022,,4103.0,5677.4,3913.98,75.0,FlashReport_July_2025_page47_table1.csv,47,2026-08-28T21:13:50.753210
400141,13,2025-08,Expansion of Alumina Refinery Plant with addition of 5th Stream having capacity enhancement of 1.0 Million Tonee Per Annum,National Aluminium Company Limited [NALCO],400141,Ministry of Mines,Metals & Mining,Odisha,04/2017,12/2022,09/2025,4103.0,5677.4,3984.99,76.0,FlashReport_August_2025_page48_table1.csv,48,2026-08-28T21:13:48.593331
400141,13,2025-09,Expansion of Alumina Refinery Plant with addition of 5th Stream having capacity enhancement of 1.0 Million Tonee Per Annum,National Aluminium Company Limited [NALCO],400141,Ministry of Mines,Metals & Mining,Odisha,04/2017,12/2022,09/2025,4103.0,5677.4,4111.16,77.0,FlashReport_September_2025_page53_table1.csv,53,2026-08-28T21:13:53.853540
400299,13,2025-07,Pottangi Bauxite Mines Project,National Aluminium Company Limited [NALCO],400299,Waste & Water,Metals & Mining,Odisha,05/2018,03/2025,,1381.0,1960.77,650.04,51.0,FlashReport_July_2025_page47_table1.csv,47,2026-08-28T21:13:50.753291
400299,13,2025-08,Pottangi Bauxite Mines Project,National Aluminium Company Limited [NALCO],400299,Ministry of Mines,Metals & Mining,Odisha,05/2018,03/2025,05/2026,1381.0,1960.77,650.04,51.0,FlashReport_August_2025_page48_table1.csv,48,2026-08-28T21:13:48.593477
400299,13,2025-09,Pottangi Bauxite Mines Project,National Aluminium Company Limited [NALCO],400299,Ministry of Mines,Metals & Mining,Odisha,05/2018,03/2025,05/2026,1381.0,1960.77,650.04,51.0,FlashReport_September_2025_page53_table1.csv,53,2026-08-28T21:13:53.853682
709831,13,2025-07,SOURCING OF BAUXITE ARRANGEMENT FOR 5TH STREAM ALUMINA REFINERY FROM SOUTH BLOCK MINING LEASE OF PANCHPATMAILI MINES,National Aluminium Company Limited [NALCO],709831,Waste & Water,Metals & Mining,Odisha,11/2019,05/2025,,483.0,483.0,403.44,90.0,FlashReport_July_2025_page47_table1.csv,47,2026-08-28T21:13:50.753528
709831,13,2025-08,SOURCING OF BAUXITE ARRANGEMENT FOR 5TH STREAM ALUMINA REFINERY FROM SOUTH BLOCK MINING LEASE OF PANCHPATMAILI MINES,National Aluminium Company Limited [NALCO],709831,Ministry of Mines,Metals & Mining,Odisha,11/2017,05/2025,06/2026,483.0,483.0,402.67,90.0,FlashReport_August_2025_page48_table1.csv,48,2026-08-28T21:13:48.594013
709831,13,2025-09,SOURCING OF BAUXITE ARRANGEMENT FOR 5TH STREAM ALUMINA REFINERY FROM SOUTH BLOCK MINING LEASE OF PANCHPATMAILI MINES,National Aluminium Company Limited [NALCO],709831,Ministry of Mines,Metals & Mining,Odisha,11/2017,05/2025,06/2026,483.0,483.0,406.64,90.0,FlashReport_September_2025_page53_table1.csv,53,2026-08-28T21:13:53.854160
709832,13,2025-07,25.5 MW WIND POWER PROJECT AT KAYATHAR IN TAMILNADU,National Aluminium Company Limited [NALCO],709832,Waste & Water,Metals & Mining,Tamil Nadu,12/2017,03/2025,,166.0,166.0,135.0,65.0,FlashReport_July_2025_page47_table1.csv,47,2026-08-28T21:13:50.753605
709832,13,2025-08,25.5 MW WIND POWER PROJECT AT KAYATHAR IN TAMILNADU,National Aluminium Company Limited [NALCO],709832,Ministry of Mines,Metals & Mining,Tamil Nadu,09/2017,03/2025,03/2026,166.0,166.0,135.0,65.0,FlashReport_August_2025_page48_table1.csv,48,2026-08-28T21:13:48.594174
709832,13,2025-09,25.5 MW WIND POWER PROJECT AT KAYATHAR IN TAMILNADU,National Aluminium Company Limited [NALCO],709832,Ministry of Mines,Metals & Mining,Tamil Nadu,09/2017,03/2025,03/2026,166.0,166.0,135.0,65.0,FlashReport_September_2025_page53_table1.csv,53,2026-08-28T21:13:53.854315
613008,13,2025-07,Construction of Permanent Campus of Central Tribal University of Andhra Pradesh Phase-1,Central Tribal University of Andhra Pradesh,613008,Department of Higher Education,Education,Andhra Pradesh,12/2023,06/2027,,305.0,305.0,83.33,24.0,FlashReport_July_2025_page48_table1.csv,48,2026-08-28T21:13:50.755659
613008,13,2025-08,Construction of Permanent Campus of Central Tribal University of Andhra Pradesh Phase-1,Central Tribal University of Andhra Pradesh,613008,Ministry of Mines,Education,Andhra Pradesh,12/2023,06/2027,,305.0,305.0,83.33,24.0,FlashReport_August_2025_page48_table1.csv,48,2026-08-28T21:13:48.594408
613008,13,2025-09,Construction of Permanent Campus of Central Tribal University of Andhra Pradesh Phase-1,Central Tribal University of Andhra Pradesh,613008,Ministry of Mines,Education,Andhra Pradesh,09/2019,06/2027,,305.0,305.0,84.96,25.0,FlashReport_September_2025_page53_table1.csv,53,2026-08-28T21:13:53.854554
606013,13,2025-07,Additional Campus of NITPatna,NIT Patna,606013,Department of Higher Education,Education,Bihar,08/2022,07/2024,,499.21,499.21,425.47,91.0,FlashReport_July_2025_page48_table1.csv,48,2026-08-28T21:13:50.756058
606013,13,2025-08,Additional Campus of NITPatna,NIT Patna,606013,Ministry of Mines,Education,Bihar,07/2022,07/2024,01/2026,499.21,499.21,425.47,91.0,FlashReport_August_2025_page48_table1.csv,48,2026-08-28T21:13:48.594819
606013,13,2025-09,Additional Campus of NITPatna,NIT Patna,606013,Ministry of Mines,Education,Bihar,07/2022,07/2024,01/2026,499.21,499.21,434.67,98.0,FlashReport_September_2025_page53_table1.csv,53,2026-08-28T21:13:53.855006
612851,12,2025-07,"Phase 1B - Construction of Academic Block, Hostel, Residential Tower, Directors Residence and External Development works at National Institute of Technology, Delhi Campus on Engineering, Procurement and Construction basis",Ministry of Education,612851,Department of Higher Education,Education,Delhi,11/2022,09/2025,,333.49,333.49,272.95,88.0,FlashReport_July_2025_page48_table1.csv,48,2026-08-28T21:13:50.756235
612851,12,2025-08,"Phase 1B - Construction of Academic Block, Hostel, Residential Tower, Directors Residence and External Development works at National Institute of Technology, Delhi Campus on Engineering, Procurement and Construction basis",Ministry of Education,612851,Ministry of Mines,Education,Delhi,11/2022,09/2025,,333.49,333.49,277.75,91.0,FlashReport_August_2025_page48_table1.csv,48,2026-08-28T21:13:48.595007
612851,12,2025-09,"Phase 1B - Construction of Academic Block, Hostel, Residential Tower, Directors Residence and External Development works at National Institute of Technology, Delhi Campus on Engineering, Procurement and Construction basis",National Institute of Technology Delhi,612851,Ministry of Mines,Education,Delhi,09/2009,09/2025,,333.49,336.42,283.21,93.0,FlashReport_September_2025_page53_table1.csv,53,2026-08-28T21:13:53.855183
616886,12,2025-07,Delhi University Eastern Campus at Surajmal Vihar,Delhi University,616886,Department of Higher Education,Education,Delhi,01/2025,10/2026,,373.0,373.0,18.03,15.0,FlashReport_July_2025_page48_table1.csv,48,2026-08-28T21:13:50.756366
616886,12,2025-08,Delhi University Eastern Campus at Surajmal Vihar,Delhi University,616886,Ministry of Mines,Education,Delhi,01/2025,10/2026,,373.0,373.0,23.23,15.0,FlashReport_August_2025_page48_table1.csv,48,2026-08-28T21:13:48.595162
616886,12,2025-09,Delhi University Eastern Campus at Surajmal Vihar,Delhi University,616886,Ministry of Mines,Education,Delhi,09/2024,10/2026,,373.0,373.0,21.13,15.0,FlashReport_September_2025_page53_table1.csv,53,2026-08-28T21:13:53.855320
612916,12,2025-07,"Construction of permanent campus of Central University of Gujarat at Village kundhela, Dist. Vadodara, Gujarat.",Gujarat,612916,Department of Higher Education,Education,Gujarat,02/2021,03/2025,,490.63,490.63,301.44,76.0,FlashReport_July_2025_page48_table1.csv,48,2026-08-28T21:13:50.756512
612916,12,2025-08,"Construction of permanent campus of Central University of Gujarat at Village kundhela, Dist. Vadodara, Gujarat.",Gujarat,612916,Ministry of Mines,Education,Gujarat,02/2021,03/2025,03/2026,490.63,490.63,301.44,76.0,FlashReport_August_2025_page48_table1.csv,48,2026-08-28T21:13:48.595323
612916,12,2025-09,"Construction of permanent campus of Central University of Gujarat at Village kundhela, Dist. Vadodara, Gujarat.",Central University of Gujarat,612916,,,Gujarat,12/2020,03/2025,03/2026,490.63,490.63,312.06,80.0,FlashReport_September_2025_page54_table1.csv,54,2026-08-28T21:13:53.857723
602099,12,2025-07,Establishment of Permanent campus Phase 1 of IIM Sirmaur,"Indian Institute of Management, Sirmaur",602099,Department of Higher Education,Education,Himachal Pradesh,08/2020,10/2023,,392.51,454.78,320.75,92.0,FlashReport_July_2025_page48_table1.csv,48,2026-08-28T21:13:50.756645
602099,12,2025-08,Establishment of Permanent campus Phase 1 of IIM Sirmaur,"Indian Institute of Management, Sirmaur",602099,Ministry of Mines,Education,Himachal Pradesh,09/2018,10/2023,02/2026,392.51,454.78,323.64,92.0,FlashReport_August_2025_page48_table1.csv,48,2026-08-28T21:13:48.595481
602099,12,2025-09,Establishment of Permanent campus Phase 1 of IIM Sirmaur,"Indian Institute of Management, Sirmaur",602099,,,Himachal Pradesh,09/2018,10/2023,02/2026,392.51,454.78,323.81,93.0,FlashReport_September_2025_page54_table1.csv,54,2026-08-28T21:13:53.857891
612128,12,2025-07,Hostel blocks & dining hall block,"Indian Institute of Technology, Mandi",612128,Department of Higher Education,Education,Himachal Pradesh,03/2024,03/2026,,166.66,166.66,72.09,58.0,FlashReport_July_2025_page48_table1.csv,48,2026-08-28T21:13:50.756773
612128,12,2025-08,Hostel blocks & dining hall block,"Indian Institute of Technology, Mandi",612128,Ministry of Mines,Education,Himachal Pradesh,03/2024,03/2026,03/2026,166.66,166.66,72.09,65.0,FlashReport_August_2025_page48_table1.csv,48,2026-08-28T21:13:48.595625
612128,12,2025-09,Hostel blocks & dining hall block,"Indian Institute of Technology, Mandi",612128,,,Himachal Pradesh,03/2023,03/2026,03/2026,166.66,166.66,84.25,70.0,FlashReport_September_2025_page54_table1.csv,54,2026-08-28T21:13:53.858026
612894,12,2025-07,"Construction of Permanent Campus of Central University of Himachal Pradesh at Dehra, District - Kangra, [H.P.] on Engineering. Procurement and Construction [EPC Mode 1] Basis.","Central University, Himachal Pradesh",612894,Department of Higher Education,Education,Himachal Pradesh,08/2022,11/2024,,251.98,300.45,183.36,78.0,FlashReport_July_2025_page48_table1.csv,48,2026-08-28T21:13:50.756979
612894,12,2025-08,"Construction of Permanent Campus of Central University of Himachal Pradesh at Dehra, District - Kangra, [H.P.] on Engineering. Procurement and Construction [EPC Mode 1] Basis.","Central University, Himachal Pradesh",612894,Ministry of Mines,Education,Himachal Pradesh,03/2021,11/2024,11/2025,251.98,300.45,183.36,78.0,FlashReport_August_2025_page48_table1.csv,48,2026-08-28T21:13:48.595794
612894,12,2025-09,"Construction of Permanent Campus of Central University of Himachal Pradesh at Dehra, District - Kangra, [H.P.] on Engineering. Procurement and Construction [EPC Mode 1] Basis.","Central University, Himachal Pradesh",612894,,,Himachal Pradesh,03/2021,11/2024,11/2025,251.98,300.45,183.44,79.0,FlashReport_September_2025_page54_table1.csv,54,2026-08-28T21:13:53.858198
602098,12,2025-07,"Construction of Permanent Campus for IIM Jammu Phase-1 at Jagti, Nagrota, Jammu, J&K","Indian Institute of Management, Jammu",602098,Department of Higher Education,Education,Jammu and Kashmir,10/2020,06/2023,,424.93,500.91,484.52,96.0,FlashReport_July_2025_page48_table1.csv,48,2026-08-28T21:13:50.757178
602098,12,2025-08,"Construction of Permanent Campus for IIM Jammu Phase-1 at Jagti, Nagrota, Jammu, J&K","Indian Institute of Management, Jammu",602098,Ministry of Mines,Education,Jammu and Kashmir,03/2019,06/2023,09/2025,424.93,500.91,484.52,96.0,FlashReport_August_2025_page48_table1.csv,48,2026-08-28T21:13:48.595996
602098,12,2025-09,"Construction of Permanent Campus for IIM Jammu Phase-1 at Jagti, Nagrota, Jammu, J&K","Indian Institute of Management, Jammu",602098,,,Jammu and Kashmir,03/2019,06/2023,09/2025,424.93,500.91,484.52,96.0,FlashReport_September_2025_page54_table1.csv,54,2026-08-28T21:13:53.858344
606431,12,2025-07,CONSTRUCTION OF PERMANENT CAMPUS FOR IIT PALAKKAD UNDER PHASE 1A,INDIAN INSTITUTE OF TECHNOLOGY PALAKKAD,606431,Department of Higher Education,Education,Kerala,03/2020,06/2022,,1006.45,1217.4,615.95,66.0,FlashReport_July_2025_page48_table1.csv,48,2026-08-28T21:13:50.757478
606431,12,2025-08,CONSTRUCTION OF PERMANENT CAMPUS FOR IIT PALAKKAD UNDER PHASE 1A,INDIAN INSTITUTE OF TECHNOLOGY PALAKKAD,606431,Ministry of Mines,Education,Kerala,07/2017,06/2022,11/2026,1006.45,1217.4,623.6,71.0,FlashReport_August_2025_page48_table1.csv,48,2026-08-28T21:13:48.596340
606431,12,2025-09,CONSTRUCTION OF PERMANENT CAMPUS FOR IIT PALAKKAD UNDER PHASE 1A,INDIAN INSTITUTE OF TECHNOLOGY PALAKKAD,606431,,,Kerala,07/2017,06/2022,11/2026,1006.45,1217.4,632.59,72.0,FlashReport_September_2025_page54_table1.csv,54,2026-08-28T21:13:53.858677
611957,12,2025-07,"Phase III A works at IIT Indore [03 Hostels, 01 Studio Apartment, 01 Housing, Heavy & Sophisticated lab complex, Academic POD and Infrastructure for center of excellence]","Indian Institute of Technology, Indore",611957,Department of Higher Education,Education,Madhya Pradesh,11/2023,12/2026,,496.28,496.28,138.6,30.0,FlashReport_July_2025_page48_table1.csv,48,2026-08-28T21:13:50.757639
611957,12,2025-08,"Phase III A works at IIT Indore [03 Hostels, 01 Studio Apartment, 01 Housing, Heavy & Sophisticated lab complex, Academic POD and Infrastructure for center of excellence]","Indian Institute of Technology, Indore",611957,,,Madhya Pradesh,11/2023,12/2026,,496.28,496.28,143.95,35.0,FlashReport_August_2025_page49_table1.csv,49,2026-08-28T21:13:48.599132
611957,12,2025-09,"Phase III A works at IIT Indore [03 Hostels, 01 Studio Apartment, 01 Housing, Heavy & Sophisticated lab complex, Academic POD and Infrastructure for center of excellence]","Indian Institute of Technology, Indore",611957,,,Madhya Pradesh,12/2023,02/2027,,496.28,496.28,38.62,36.0,FlashReport_September_2025_page54_table1.csv,54,2026-08-28T21:13:53.858878
610315,12,2025-07,IISER BERHAMPUR,"Indian Institutes of Science Education and Research, Behrampur",610315,Department of Higher Education,Education,Odisha,09/2019,03/2021,,1229.32,773.76,835.55,97.0,FlashReport_July_2025_page48_table1.csv,48,2026-08-28T21:13:50.758552
610315,12,2025-08,IISER BERHAMPUR,"Indian Institutes of Science Education and Research, Behrampur",610315,,,Odisha,10/2018,03/2021,12/2025,1229.32,773.76,837.04,97.0,FlashReport_August_2025_page49_table1.csv,49,2026-08-28T21:13:48.600119
610315,12,2025-09,IISER BERHAMPUR,"Indian Institutes of Science Education and Research, Behrampur",610315,,,Odisha,10/2018,03/2021,12/2025,1229.32,773.76,837.04,97.0,FlashReport_September_2025_page54_table1.csv,54,2026-08-28T21:13:53.859686
612877,12,2025-07,Establishment of NIT Puducherry Permanent Campus [Phase-I and Phase-II],"National Institute of Technology, Puducherry",612877,Department of Higher Education,Education,Puducherry,07/2013,12/2024,,618.34,544.34,509.24,94.0,FlashReport_July_2025_page48_table1.csv,48,2026-08-28T21:13:50.758687
612877,12,2025-08,Establishment of NIT Puducherry Permanent Campus [Phase-I and Phase-II],"National Institute of Technology, Puducherry",612877,,,Puducherry,03/2020,12/2024,08/2025,618.34,544.34,509.55,94.0,FlashReport_August_2025_page49_table1.csv,49,2026-08-28T21:13:48.600276
612877,12,2025-09,Establishment of NIT Puducherry Permanent Campus [Phase-I and Phase-II],"National Institute of Technology, Puducherry",612877,,,Puducherry,09/2009,12/2024,08/2025,618.34,544.34,509.55,94.0,FlashReport_September_2025_page54_table1.csv,54,2026-08-28T21:13:53.859829
605292,12,2025-07,"Construction of Permanent Campus of Indian Institute of Management [IIM] Amritsar, Punjab, Phase-I","Indian intitue of Management, Amritsar",605292,Department of Higher Education,Education,Punjab,07/2020,06/2023,,348.31,348.31,290.39,91.0,FlashReport_July_2025_page48_table1.csv,48,2026-08-28T21:13:50.758825
605292,12,2025-08,"Construction of Permanent Campus of Indian Institute of Management [IIM] Amritsar, Punjab, Phase-I","Indian intitue of Management, Amritsar",605292,,,Punjab,10/2019,06/2023,12/2025,348.31,348.31,290.39,91.0,FlashReport_August_2025_page49_table1.csv,49,2026-08-28T21:13:48.600425
605292,12,2025-09,"Construction of Permanent Campus of Indian Institute of Management [IIM] Amritsar, Punjab, Phase-I","Indian intitue of Management, Amritsar",605292,,,Punjab,10/2019,06/2023,12/2025,348.31,348.31,290.39,91.0,FlashReport_September_2025_page54_table1.csv,54,2026-08-28T21:13:53.859981
617221,12,2025-07,"Construction of Girls Hostel 400 seater, Boys Hostel 600 seater, Academic Block, International Hostel 100 seater, VC Residence and Purchase of Equipment",Central University of Punjab,617221,Department of Higher Education,Education,Punjab,04/2025,10/2027,,210.99,210.99,0.0,0.0,FlashReport_July_2025_page48_table1.csv,48,2026-08-28T21:13:50.758950
617221,12,2025-08,"Construction of Girls Hostel 400 seater, Boys Hostel 600 seater, Academic Block, International Hostel 100 seater, VC Residence and Purchase of Equipment",Central University of Punjab,617221,,,Punjab,08/2024,10/2027,,210.99,210.99,0.0,0.0,FlashReport_August_2025_page49_table1.csv,49,2026-08-28T21:13:48.600582
617221,12,2025-09,"Construction of Girls Hostel 400 seater, Boys Hostel 600 seater, Academic Block, International Hostel 100 seater, VC Residence and Purchase of Equipment",Central University of Punjab,617221,,,Punjab,08/2024,10/2027,,210.99,210.99,10.0,6.0,FlashReport_September_2025_page54_table1.csv,54,2026-08-28T21:13:53.860144
609996,12,2025-07,Construction of Precast housing and hostels at IIT Hyderabad,"Indian Institute of Technology, Hyderabad",609996,,,Telangana,11/2022,10/2024,,262.0,262.0,164.4,71.0,FlashReport_July_2025_page49_table1.csv,49,2026-08-28T21:13:50.762026
609996,12,2025-08,Construction of Precast housing and hostels at IIT Hyderabad,"Indian Institute of Technology, Hyderabad",609996,,,Telangana,11/2022,10/2024,01/2026,262.0,262.0,177.09,73.0,FlashReport_August_2025_page49_table1.csv,49,2026-08-28T21:13:48.601012
609996,12,2025-09,Construction of Precast housing and hostels at IIT Hyderabad,"Indian Institute of Technology, Hyderabad",609996,,,Telangana,09/2022,10/2024,01/2026,262.0,262.0,178.17,76.0,FlashReport_September_2025_page54_table1.csv,54,2026-08-28T21:13:53.860524
606479,13,2025-07,Banaras Hindu University [ Kayakalp of Institute of Medical Sciences],Banaras Hindu University,606479,,,Uttar Pradesh,06/2020,09/2022,,246.0,246.0,185.83,93.0,FlashReport_July_2025_page49_table1.csv,49,2026-08-28T21:13:50.762476
606479,13,2025-08,Banaras Hindu University [ Kayakalp of Institute of Medical Sciences],Banaras Hindu University,606479,,,Uttar Pradesh,06/2020,09/2022,03/2026,246.0,246.0,193.38,95.0,FlashReport_August_2025_page49_table1.csv,49,2026-08-28T21:13:48.601184
606479,13,2025-09,Banaras Hindu University [ Kayakalp of Institute of Medical Sciences],Banaras Hindu University,606479,,,Uttar Pradesh,06/2020,09/2022,03/2026,246.0,246.0,194.14,95.0,FlashReport_September_2025_page54_table1.csv,54,2026-08-28T21:13:53.860667
611963,13,2025-07,"Construction & Development of Infrastructural Facilities in the main campus of NIT Uttarakhand at Sumari, Pauri Garhwal",National Institute of Technology Uttarakhand,611963,,,Uttarakhand,04/2024,09/2027,,650.85,650.85,130.0,24.0,FlashReport_July_2025_page49_table1.csv,49,2026-08-28T21:13:50.762657
611963,13,2025-08,"Construction & Development of Infrastructural Facilities in the main campus of NIT Uttarakhand at Sumari, Pauri Garhwal",National Institute of Technology Uttarakhand,611963,,,Uttarakhand,06/2020,09/2027,,650.85,650.85,195.52,24.0,FlashReport_August_2025_page49_table1.csv,49,2026-08-28T21:13:48.601345
611963,13,2025-09,"Construction & Development of Infrastructural Facilities in the main campus of NIT Uttarakhand at Sumari, Pauri Garhwal",National Institute of Technology Uttarakhand,611963,,,Uttarakhand,06/2020,09/2027,,650.85,650.85,195.52,30.0,FlashReport_September_2025_page54_table1.csv,54,2026-08-28T21:13:53.860870
609019,13,2025-07,"HEFA projects on development of student hostels, playgrounds, departmental buildings, class room complex and other campus facilities in IIT Kharagpur","Indian Institute of Technology, Kharagpur",609019,,,West Bengal,04/2019,03/2023,,500.0,442.0,382.6,87.0,FlashReport_July_2025_page49_table1.csv,49,2026-08-28T21:13:50.762986
609019,13,2025-08,"HEFA projects on development of student hostels, playgrounds, departmental buildings, class room complex and other campus facilities in IIT Kharagpur","Indian Institute of Technology, Kharagpur",609019,,,West Bengal,06/2018,03/2023,03/2026,500.0,442.0,383.6,87.0,FlashReport_August_2025_page49_table1.csv,49,2026-08-28T21:13:48.601511
609019,13,2025-09,"HEFA projects on development of student hostels, playgrounds, departmental buildings, class room complex and other campus facilities in IIT Kharagpur","Indian Institute of Technology, Kharagpur",609019,,,West Bengal,06/2018,03/2023,03/2026,500.0,442.0,383.6,88.0,FlashReport_September_2025_page54_table1.csv,54,2026-08-28T21:13:53.861047
604833,13,2025-07,"Andheri Residential Towers, Mumbai",Ministry of Petroleum & Natural Gas,604833,Ministry of Petroleum & Natural Gas,Energy Storage,Maharashtra,06/2017,05/2025,,281.35,389.67,227.54,50.0,FlashReport_July_2025_page49_table1.csv,49,2026-08-28T21:13:50.766878
604833,13,2025-08,"Andheri Residential Towers, Mumbai",Ministry of Petroleum & Natural Gas,604833,Ministry of Petroleum & Natural Gas,Energy Storage,Maharashtra,06/2017,05/2025,06/2026,281.35,389.67,230.76,50.0,FlashReport_August_2025_page49_table1.csv,49,2026-08-28T21:13:48.602369
604833,13,2025-09,"Andheri Residential Towers, Mumbai",Ministry of Petroleum & Natural Gas,604833,,,Maharashtra,06/2017,05/2025,06/2026,281.35,389.67,234.6,50.0,FlashReport_September_2025_page55_table1.csv,55,2026-08-28T21:13:53.864496
701343,12,2025-07,Srikakulam Angul Gas Pipeline Project,Ministry of Petroleum & Natural Gas,701343,Ministry of Petroleum & Natural Gas,Energy Storage,"Multi-States (Andhra Pradesh, Odisha)",09/2019,07/2022,,2658.34,2810.0,2192.68,94.0,FlashReport_July_2025_page49_table1.csv,49,2026-08-28T21:13:50.767047
701343,12,2025-08,Srikakulam Angul Gas Pipeline Project,Ministry of Petroleum & Natural Gas,701343,Ministry of Petroleum & Natural Gas,Energy Storage,"Multi-States (Andhra Pradesh, Odisha)",09/2019,07/2022,12/2025,2658.34,2810.0,2203.98,95.0,FlashReport_August_2025_page49_table1.csv,49,2026-08-28T21:13:48.602502
701343,12,2025-09,Srikakulam Angul Gas Pipeline Project,Ministry of Petroleum & Natural Gas,701343,,,"Multi-States (Andhra Pradesh, Odisha)",09/2019,07/2022,12/2025,2658.34,2810.0,2272.98,95.0,FlashReport_September_2025_page55_table1.csv,55,2026-08-28T21:13:53.864653
400078,12,2025-07,New Mundra Panipat Crude Oil Pipeline,Ministry of Petroleum & Natural Gas,400078,Ministry of Petroleum & Natural Gas,Energy Storage,"Multi-States (Gujarat, Haryana, Rajasthan)",12/2021,12/2024,,9028.0,9028.0,7071.08,84.0,FlashReport_July_2025_page49_table1.csv,49,2026-08-28T21:13:50.768138
400078,12,2025-08,New Mundra Panipat Crude Oil Pipeline,Ministry of Petroleum & Natural Gas,400078,Ministry of Petroleum & Natural Gas,Energy Storage,"Multi-States (Gujarat, Haryana, Rajasthan)",12/2021,12/2024,12/2025,9028.0,9028.0,7136.41,85.0,FlashReport_August_2025_page49_table1.csv,49,2026-08-28T21:13:48.602958
400078,12,2025-09,New Mundra Panipat Crude Oil Pipeline,Ministry of Petroleum & Natural Gas,400078,,,"Multi-States (Gujarat, Haryana, Rajasthan)",12/2021,12/2024,12/2025,9028.0,9028.0,7186.98,85.0,FlashReport_September_2025_page55_table1.csv,55,2026-08-28T21:13:53.865195
400012,13,2025-07,Kandla Gorakhpur LPG Pipeline,Ministry of Petroleum & Natural Gas,400012,Ministry of Petroleum & Natural Gas,Energy Storage,"Multi-States (Gujarat, Madhya Pradesh, Uttar Pradesh)",12/2018,12/2021,,10088.0,10088.0,7598.13,92.0,FlashReport_July_2025_page49_table1.csv,49,2026-08-28T21:13:50.768303
400012,13,2025-08,Kandla Gorakhpur LPG Pipeline,Ministry of Petroleum & Natural Gas,400012,,,"Multi-States (Gujarat, Madhya Pradesh, Uttar Pradesh)",12/2018,12/2021,12/2025,10088.0,10088.0,7672.23,92.0,FlashReport_August_2025_page50_table1.csv,50,2026-08-28T21:13:48.606105
400012,13,2025-09,Kandla Gorakhpur LPG Pipeline,Ministry of Petroleum & Natural Gas,400012,,,"Multi-States (Gujarat, Madhya Pradesh, Uttar Pradesh)",12/2018,12/2021,12/2025,10088.0,10088.0,7979.86,93.0,FlashReport_September_2025_page55_table1.csv,55,2026-08-28T21:13:53.865369
400301,13,2025-07,Multi Product Pipeline from Irugur to Devangonthi,"Department of Water Resources, River Development & GR",400301,Ministry of Petroleum & Natural Gas,Energy Storage,"Multi-States (Karnataka, Tamil Nadu)",11/2012,02/2017,,678.0,1732.0,675.25,67.0,FlashReport_July_2025_page49_table1.csv,49,2026-08-28T21:13:50.768771
400301,13,2025-08,Multi Product Pipeline from Irugur to Devangonthi,"Department of Water Resources, River Development & GR",400301,,,"Multi-States (Karnataka, Tamil Nadu)",11/2012,02/2017,10/2025,678.0,1732.0,713.86,69.0,FlashReport_August_2025_page50_table1.csv,50,2026-08-28T21:13:48.606300
400301,13,2025-09,Multi Product Pipeline from Irugur to Devangonthi,"Department of Water Resources, River Development & GR",400301,,,"Multi-States (Karnataka, Tamil Nadu)",11/2012,02/2017,09/2026,678.0,1732.0,767.09,71.0,FlashReport_September_2025_page55_table1.csv,55,2026-08-28T21:13:53.865527
701263,16,2025-07,Rajasthan Refinery Project,MinistryofPetroleumNaturalGas,701263,Ministry of Petroleum & Natural Gas,Energy Storage,Arunachal Pradesh,10/2017,10/2022,,43129.0,72937.0,59524.37,87.0,FlashReport_July_2025_page34_table1.csv,34,2026-08-28T21:13:50.685253
701263,16,2025-07,Rajasthan Refinery Project,MinistryofPetroleumNaturalGas,701263,Ministry of Petroleum & Natural Gas,Energy Storage,"Multi-States (Arunachal Pradesh, Gujarat, Rajasthan)",10/2017,10/2022,,43129.0,72937.0,59524.37,87.0,FlashReport_July_2025_page49_table1.csv,49,2026-08-28T21:13:50.767340
701263,16,2025-08,Rajasthan Refinery Project,MinistryofPetroleumNaturalGas,701263,Ministry of Petroleum & Natural Gas,Energy Storage,Arunachal Pradesh,10/2017,10/2022,03/2026,43129.0,79459.0,60295.14,88.0,FlashReport_August_2025_page34_table1.csv,34,2026-08-28T21:13:48.517846
701263,16,2025-08,Rajasthan Refinery Project,MinistryofPetroleumNaturalGas,701263,Ministry of Petroleum & Natural Gas,Energy Storage,"Multi-States (Arunachal Pradesh, Gujarat, Rajasthan)",10/2017,10/2022,03/2026,43129.0,79459.0,60295.14,88.0,FlashReport_August_2025_page49_table1.csv,49,2026-08-28T21:13:48.602639
701263,16,2025-09,Rajasthan Refinery Project,MinistryofPetroleumNaturalGas,701263,Ministry of Petroleum & Natural Gas,Energy Storage,Arunachal Pradesh,10/2017,10/2022,03/2026,43129.0,79459.0,60545.24,88.0,FlashReport_September_2025_page39_table1.csv,39,2026-08-28T21:13:53.782040
701263,16,2025-09,Rajasthan Refinery Project,MinistryofPetroleumNaturalGas,701263,,,"Multi-States (Arunachal Pradesh, Gujarat, Rajasthan)",10/2017,10/2022,03/2026,43129.0,79459.0,60545.24,88.0,FlashReport_September_2025_page55_table1.csv,55,2026-08-28T21:13:53.864849
709759,13,2025-07,"Petrochemical evacuation marketing terminal at Barmer, Rajasthan",Hindustan Petroleum Corporation Limited [HPCL],709759,Ministry of Petroleum & Natural Gas,Energy Storage,Rajasthan,12/2023,12/2026,,461.05,461.05,111.57,51.0,FlashReport_July_2025_page49_table1.csv,49,2026-08-28T21:13:50.769095
709759,13,2025-08,"Petrochemical evacuation marketing terminal at Barmer, Rajasthan",Hindustan Petroleum Corporation Limited [HPCL],709759,,,Rajasthan,12/2023,12/2026,12/2026,461.05,461.05,116.48,54.0,FlashReport_August_2025_page50_table1.csv,50,2026-08-28T21:13:48.606449
709759,13,2025-09,"Petrochemical evacuation marketing terminal at Barmer, Rajasthan",Hindustan Petroleum Corporation Limited [HPCL],709759,,,Rajasthan,12/2023,12/2026,12/2026,461.05,461.05,127.84,60.0,FlashReport_September_2025_page55_table1.csv,55,2026-08-28T21:13:53.865676
400043,13,2025-07,Laying of POL Pipelines in Common Corridor for proposed grass root terminal at Vallur [Chennai],Ministry of Petroleum & Natural Gas,400043,Ministry of Petroleum & Natural Gas,Energy Storage,Tamil Nadu,01/2022,05/2026,,829.0,829.0,297.77,62.0,FlashReport_July_2025_page49_table1.csv,49,2026-08-28T21:13:50.769718
400043,13,2025-08,Laying of POL Pipelines in Common Corridor for proposed grass root terminal at Vallur [Chennai],Ministry of Petroleum & Natural Gas,400043,,,Tamil Nadu,01/2022,05/2026,05/2026,829.0,829.0,301.71,63.0,FlashReport_August_2025_page50_table1.csv,50,2026-08-28T21:13:48.606608
400043,13,2025-09,Laying of POL Pipelines in Common Corridor for proposed grass root terminal at Vallur [Chennai],Ministry of Petroleum & Natural Gas,400043,,,Tamil Nadu,01/2022,05/2026,05/2026,829.0,829.0,320.63,66.0,FlashReport_September_2025_page55_table1.csv,55,2026-08-28T21:13:53.865843
604852,13,2025-07,"Grass-root Terminal at Mirzapur, Uttar Pradesh",Ministry of Petroleum & Natural Gas,604852,Ministry of Petroleum & Natural Gas,Energy Storage,Uttar Pradesh,09/2022,11/2026,,980.45,980.45,236.22,50.0,FlashReport_July_2025_page49_table1.csv,49,2026-08-28T21:13:50.770436
604852,13,2025-08,"Grass-root Terminal at Mirzapur, Uttar Pradesh",Ministry of Petroleum & Natural Gas,604852,,,Uttar Pradesh,09/2022,11/2026,11/2026,980.45,980.45,216.66,52.0,FlashReport_August_2025_page50_table1.csv,50,2026-08-28T21:13:48.607073
604852,13,2025-09,"Grass-root Terminal at Mirzapur, Uttar Pradesh",Ministry of Petroleum & Natural Gas,604852,,,Uttar Pradesh,09/2022,11/2026,11/2026,980.45,980.45,220.97,53.0,FlashReport_September_2025_page55_table1.csv,55,2026-08-28T21:13:53.866311
400120,13,2025-07,KG-DWN-98/2 Cluster - II Development Project - NELP Block,Oil and Natural Gas Corporation Limited [ONGC],400120,Ministry of Petroleum & Natural Gas,Oil & Gas,Andhra Pradesh,03/2016,06/2020,,34012.0,34012.0,35498.35,96.0,FlashReport_July_2025_page49_table1.csv,49,2026-08-28T21:13:50.770984
400120,13,2025-08,KG-DWN-98/2 Cluster - II Development Project - NELP Block,Oil and Natural Gas Corporation Limited [ONGC],400120,Oil & Gas,,Andhra Pradesh,03/2016,06/2020,06/2026,34012.0,34012.0,33238.47,96.0,FlashReport_August_2025_page50_table1.csv,50,2026-08-28T21:13:48.607302
400120,13,2025-09,KG-DWN-98/2 Cluster - II Development Project - NELP Block,Oil and Natural Gas Corporation Limited [ONGC],400120,Oil & Gas,,Andhra Pradesh,03/2016,06/2020,06/2026,34012.0,34012.0,33238.5,96.0,FlashReport_September_2025_page55_table1.csv,55,2026-08-28T21:13:53.866531
709752,13,2025-07,HP-COAT [Crude to Olefins and Aromatics Technology] demo unit at Visakh Refinery,Hindustan Petroleum Corporation Limited,709752,Ministry of Petroleum & Natural Gas,Oil & Gas,Andhra Pradesh,09/2021,06/2024,,160.0,220.0,77.06,64.0,FlashReport_July_2025_page49_table1.csv,49,2026-08-28T21:13:50.771425
709752,13,2025-08,HP-COAT [Crude to Olefins and Aromatics Technology] demo unit at Visakh Refinery,Hindustan Petroleum Corporation Limited,709752,Oil & Gas,,Andhra Pradesh,09/2021,06/2024,03/2026,160.0,220.0,80.29,69.0,FlashReport_August_2025_page50_table1.csv,50,2026-08-28T21:13:48.607459
709752,13,2025-09,HP-COAT [Crude to Olefins and Aromatics Technology] demo unit at Visakh Refinery,Hindustan Petroleum Corporation Limited,709752,Oil & Gas,,Andhra Pradesh,09/2021,06/2024,03/2026,160.0,220.0,89.34,72.0,FlashReport_September_2025_page55_table1.csv,55,2026-08-28T21:13:53.866689
617304,12,2025-07,"Setting up of LPG Plant with Rail Unloading Facility at Hathua, Dist. Gopalganj, Bihar",MinistryofPetroleumNaturalGas,617304,,,Bihar,10/2023,03/2027,,340.15,340.15,88.08,24.0,FlashReport_July_2025_page50_table1.csv,50,2026-08-28T21:13:50.778702
617304,12,2025-08,"Setting up of LPG Plant with Rail Unloading Facility at Hathua, Dist. Gopalganj, Bihar",MinistryofPetroleumNaturalGas,617304,Oil & Gas,,Bihar,10/2023,03/2027,03/2027,340.15,340.15,91.32,26.0,FlashReport_August_2025_page50_table1.csv,50,2026-08-28T21:13:48.609719
617304,12,2025-09,"Setting up of LPG Plant with Rail Unloading Facility at Hathua, Dist. Gopalganj, Bihar",MinistryofPetroleumNaturalGas,617304,,,Bihar,10/2023,03/2027,03/2027,340.15,340.15,94.41,28.0,FlashReport_September_2025_page56_table1.csv,56,2026-08-28T21:13:53.870402
701324,12,2025-07,Barauni Refinery Capacity Expansion from 6.0 to 9.0 MMTPA,Ministry of Petroleum & Natural Gas,701324,,,Bihar,01/2020,04/2023,,14810.0,16724.0,11728.01,87.0,FlashReport_July_2025_page50_table1.csv,50,2026-08-28T21:13:50.778841
701324,12,2025-08,Barauni Refinery Capacity Expansion from 6.0 to 9.0 MMTPA,Ministry of Petroleum & Natural Gas,701324,Oil & Gas,,Bihar,01/2020,04/2023,08/2026,14810.0,16724.0,11880.66,87.0,FlashReport_August_2025_page50_table1.csv,50,2026-08-28T21:13:48.609868
701324,12,2025-09,Barauni Refinery Capacity Expansion from 6.0 to 9.0 MMTPA,Ministry of Petroleum & Natural Gas,701324,,,Bihar,01/2020,04/2023,08/2026,14810.0,16724.0,11997.29,88.0,FlashReport_September_2025_page56_table1.csv,56,2026-08-28T21:13:53.870556
709777,12,2025-07,Installation of Bitumen Manufacturing Unit along with allied facilities at Barauni Refinery,MinistryofPetroleumNaturalGas,709777,,,Bihar,01/2022,04/2025,,389.35,340.0,46.94,37.0,FlashReport_July_2025_page50_table1.csv,50,2026-08-28T21:13:50.778944
709777,12,2025-08,Installation of Bitumen Manufacturing Unit along with allied facilities at Barauni Refinery,MinistryofPetroleumNaturalGas,709777,Oil & Gas,,Bihar,01/2022,04/2025,10/2026,389.35,340.0,50.48,40.0,FlashReport_August_2025_page50_table1.csv,50,2026-08-28T21:13:48.610021
709777,12,2025-09,Installation of Bitumen Manufacturing Unit along with allied facilities at Barauni Refinery,MinistryofPetroleumNaturalGas,709777,,,Bihar,01/2022,04/2025,10/2026,389.35,340.0,56.85,42.0,FlashReport_September_2025_page56_table1.csv,56,2026-08-28T21:13:53.870708
709792,12,2025-07,"City Gas Distribution Projects at Darbhanga, Madhubani, Supaul, Sitamarhi and Sheohar districts",Bharat Petroleum Corporation Limited [BPCL],709792,,,Bihar,12/2022,03/2030,,3638.0,3638.0,396.42,21.0,FlashReport_July_2025_page50_table1.csv,50,2026-08-28T21:13:50.779082
709792,12,2025-08,"City Gas Distribution Projects at Darbhanga, Madhubani, Supaul, Sitamarhi and Sheohar districts",Bharat Petroleum Corporation Limited [BPCL],709792,Oil & Gas,,Bihar,12/2022,03/2030,03/2030,3638.0,3638.0,407.18,29.0,FlashReport_August_2025_page50_table1.csv,50,2026-08-28T21:13:48.610179
709792,12,2025-09,"City Gas Distribution Projects at Darbhanga, Madhubani, Supaul, Sitamarhi and Sheohar districts",Bharat Petroleum Corporation Limited [BPCL],709792,,,Bihar,12/2022,03/2030,03/2030,3638.0,3638.0,414.14,29.0,FlashReport_September_2025_page56_table1.csv,56,2026-08-28T21:13:53.870870
709793,12,2025-07,"City Gas Distribution Projects at Gopalganj, Siwan, West Champaran, East Champaran and Deoria districts",Bharat Petroleum Corporation Limited [BPCL],709793,,,Bihar,12/2022,06/2030,,3919.0,3919.0,392.59,14.0,FlashReport_July_2025_page50_table1.csv,50,2026-08-28T21:13:50.779217
709793,12,2025-08,"City Gas Distribution Projects at Gopalganj, Siwan, West Champaran, East Champaran and Deoria districts",Bharat Petroleum Corporation Limited [BPCL],709793,,,Bihar,12/2022,06/2030,06/2030,3919.0,3919.0,400.92,18.0,FlashReport_August_2025_page51_table1.csv,51,2026-08-28T21:13:48.612585
709793,12,2025-09,"City Gas Distribution Projects at Gopalganj, Siwan, West Champaran, East Champaran and Deoria districts",Bharat Petroleum Corporation Limited [BPCL],709793,,,Bihar,12/2022,06/2030,06/2030,3919.0,3919.0,412.83,19.0,FlashReport_September_2025_page56_table1.csv,56,2026-08-28T21:13:53.871090
400087,12,2025-07,Redevelopment of Sobhasan Complex,Oil and Natural Gas Corporation Limited [ONGC],400087,,,Gujarat,08/2021,02/2026,,885.63,1286.67,765.43,73.0,FlashReport_July_2025_page50_table1.csv,50,2026-08-28T21:13:50.779363
400087,12,2025-08,Redevelopment of Sobhasan Complex,Oil and Natural Gas Corporation Limited [ONGC],400087,,,Gujarat,08/2021,02/2026,02/2026,885.63,1286.67,789.49,78.0,FlashReport_August_2025_page51_table1.csv,51,2026-08-28T21:13:48.612758
400087,12,2025-09,Redevelopment of Sobhasan Complex,Oil and Natural Gas Corporation Limited [ONGC],400087,,,Gujarat,08/2021,02/2026,02/2026,885.63,1286.67,830.89,79.0,FlashReport_September_2025_page56_table1.csv,56,2026-08-28T21:13:53.871238
400167,12,2025-07,Redevelopment of Santhal Field [Onshore-Mehsana Asset],Oil and Natural Gas Corporation Limited [ONGC],400167,,,Gujarat,02/2017,03/2026,,1162.56,1162.56,1156.9,94.0,FlashReport_July_2025_page50_table1.csv,50,2026-08-28T21:13:50.779488
400167,12,2025-08,Redevelopment of Santhal Field [Onshore-Mehsana Asset],Oil and Natural Gas Corporation Limited [ONGC],400167,,,Gujarat,02/2017,03/2026,03/2026,1162.56,1162.56,1157.0,94.0,FlashReport_August_2025_page51_table1.csv,51,2026-08-28T21:13:48.612916
400167,12,2025-09,Redevelopment of Santhal Field [Onshore-Mehsana Asset],Oil and Natural Gas Corporation Limited [ONGC],400167,,,Gujarat,02/2017,03/2026,03/2026,1162.56,1162.56,1157.0,94.0,FlashReport_September_2025_page56_table1.csv,56,2026-08-28T21:13:53.871381
400169,12,2025-07,Redevelopment of Linch Field,Oil and Natural Gas Corporation Limited [ONGC],400169,,,Gujarat,04/2021,03/2025,,631.03,860.04,505.07,77.0,FlashReport_July_2025_page50_table1.csv,50,2026-08-28T21:13:50.779711
400169,12,2025-08,Redevelopment of Linch Field,Oil and Natural Gas Corporation Limited [ONGC],400169,,,Gujarat,04/2021,03/2025,10/2025,631.03,860.04,505.15,79.0,FlashReport_August_2025_page51_table1.csv,51,2026-08-28T21:13:48.613063
400169,12,2025-09,Redevelopment of Linch Field,Oil and Natural Gas Corporation Limited [ONGC],400169,,,Gujarat,04/2021,03/2025,10/2025,631.03,860.04,539.03,83.0,FlashReport_September_2025_page56_table1.csv,56,2026-08-28T21:13:53.871521
701329,12,2025-07,Petrochemical and Lube Integration Project at Gujarat Refinery,Ministry of Petroleum & Natural Gas,701329,,,Gujarat,09/2020,08/2024,,18936.0,17825.0,12190.08,83.0,FlashReport_July_2025_page50_table1.csv,50,2026-08-28T21:13:50.779970
701329,12,2025-08,Petrochemical and Lube Integration Project at Gujarat Refinery,Ministry of Petroleum & Natural Gas,701329,,,Gujarat,09/2020,08/2024,12/2025,18936.0,17825.0,12327.91,83.0,FlashReport_August_2025_page51_table1.csv,51,2026-08-28T21:13:48.613218
701329,12,2025-09,Petrochemical and Lube Integration Project at Gujarat Refinery,Ministry of Petroleum & Natural Gas,701329,,,Gujarat,09/2020,08/2024,06/2026,18936.0,17825.0,12645.17,84.0,FlashReport_September_2025_page56_table1.csv,56,2026-08-28T21:13:53.871670
709778,12,2025-07,Installation of new Biturox Unit along with allied facilities at Gujarat Refinery,MinistryofPetroleumNaturalGas,709778,,,Gujarat,01/2022,08/2025,,328.29,287.0,144.16,55.0,FlashReport_July_2025_page50_table1.csv,50,2026-08-28T21:13:50.780132
709778,12,2025-08,Installation of new Biturox Unit along with allied facilities at Gujarat Refinery,MinistryofPetroleumNaturalGas,709778,,,Gujarat,01/2022,08/2025,09/2026,328.29,287.0,151.53,58.0,FlashReport_August_2025_page51_table1.csv,51,2026-08-28T21:13:48.613400
709778,12,2025-09,Installation of new Biturox Unit along with allied facilities at Gujarat Refinery,MinistryofPetroleumNaturalGas,709778,,,Gujarat,01/2022,08/2025,09/2026,328.29,287.0,160.45,62.0,FlashReport_September_2025_page56_table1.csv,56,2026-08-28T21:13:53.871813
709838,12,2025-07,Commercial Polymer Flooding Project in Bechraji field,Oil and Natural Gas Corporation Limited [ONGC],709838,,,Gujarat,01/2022,11/2024,,621.4,621.4,137.71,21.0,FlashReport_July_2025_page50_table1.csv,50,2026-08-28T21:13:50.780299
709838,12,2025-08,Commercial Polymer Flooding Project in Bechraji field,Oil and Natural Gas Corporation Limited [ONGC],709838,,,Gujarat,01/2022,11/2024,11/2025,621.4,621.4,137.71,21.0,FlashReport_August_2025_page51_table1.csv,51,2026-08-28T21:13:48.613558
709838,12,2025-09,Commercial Polymer Flooding Project in Bechraji field,Oil and Natural Gas Corporation Limited [ONGC],709838,,,Gujarat,01/2022,11/2024,11/2025,621.4,621.4,137.72,21.0,FlashReport_September_2025_page56_table1.csv,56,2026-08-28T21:13:53.871973
709840,12,2025-07,"Restoration of Gas Terminal, Phase-I [Part-A], Hazira",Oil and Natural Gas Corporation Limited [ONGC],709840,,,Gujarat,05/2022,02/2025,,249.43,249.43,209.42,93.0,FlashReport_July_2025_page50_table1.csv,50,2026-08-28T21:13:50.780501
709840,12,2025-08,"Restoration of Gas Terminal, Phase-I [Part-A], Hazira",Oil and Natural Gas Corporation Limited [ONGC],709840,,,Gujarat,05/2022,02/2025,12/2025,249.43,249.43,209.45,94.0,FlashReport_August_2025_page51_table1.csv,51,2026-08-28T21:13:48.613716
709840,12,2025-09,"Restoration of Gas Terminal, Phase-I [Part-A], Hazira",Oil and Natural Gas Corporation Limited [ONGC],709840,,,Gujarat,05/2022,02/2025,12/2025,249.43,249.43,209.89,94.0,FlashReport_September_2025_page56_table1.csv,56,2026-08-28T21:13:53.872122
709841,12,2025-07,Old Pipe Line Replacement [OPRP] Group-A,Oil and Natural Gas Corporation Limited [ONGC],709841,,,Gujarat,07/2021,07/2025,,173.03,169.84,148.0,87.0,FlashReport_July_2025_page50_table1.csv,50,2026-08-28T21:13:50.780646
709841,12,2025-08,Old Pipe Line Replacement [OPRP] Group-A,Oil and Natural Gas Corporation Limited [ONGC],709841,,,Gujarat,07/2021,07/2025,03/2026,173.03,169.84,147.02,87.0,FlashReport_August_2025_page51_table1.csv,51,2026-08-28T21:13:48.613868
709841,12,2025-09,Old Pipe Line Replacement [OPRP] Group-A,Oil and Natural Gas Corporation Limited [ONGC],709841,,,Gujarat,07/2021,07/2025,03/2026,173.03,169.84,147.77,88.0,FlashReport_September_2025_page56_table1.csv,56,2026-08-28T21:13:53.872261
709842,12,2025-07,"Kalol Redevelopment Project, Ahmedabad Asset",Oil and Natural Gas Corporation Limited [ONGC],709842,,,Gujarat,08/2022,03/2027,,1487.41,1487.41,776.61,61.0,FlashReport_July_2025_page50_table1.csv,50,2026-08-28T21:13:50.780783
709842,12,2025-08,"Kalol Redevelopment Project, Ahmedabad Asset",Oil and Natural Gas Corporation Limited [ONGC],709842,,,Gujarat,08/2022,03/2027,03/2027,1487.41,1487.41,927.5,62.0,FlashReport_August_2025_page51_table1.csv,51,2026-08-28T21:13:48.614019
709842,12,2025-09,"Kalol Redevelopment Project, Ahmedabad Asset",Oil and Natural Gas Corporation Limited [ONGC],709842,,,Gujarat,08/2022,03/2027,03/2027,1487.41,1487.41,927.55,62.0,FlashReport_September_2025_page56_table1.csv,56,2026-08-28T21:13:53.872397
709845,12,2025-07,"Revamping of SV Stations, Gas Terminal & Kribhco Terminal",Oil and Natural Gas Corporation Limited [ONGC],709845,,,Gujarat,11/2022,08/2026,,837.34,837.34,205.78,49.0,FlashReport_July_2025_page50_table1.csv,50,2026-08-28T21:13:50.780921
709845,12,2025-08,"Revamping of SV Stations, Gas Terminal & Kribhco Terminal",Oil and Natural Gas Corporation Limited [ONGC],709845,,,Gujarat,11/2022,08/2026,08/2026,837.34,837.34,219.13,52.0,FlashReport_August_2025_page51_table1.csv,51,2026-08-28T21:13:48.614178
709845,12,2025-09,"Revamping of SV Stations, Gas Terminal & Kribhco Terminal",Oil and Natural Gas Corporation Limited [ONGC],709845,,,Gujarat,11/2022,08/2026,08/2026,837.34,837.34,257.06,54.0,FlashReport_September_2025_page56_table1.csv,56,2026-08-28T21:13:53.872547
604853,12,2025-07,"Indian Oil Technology Development and Deployment Centre at R&D Campus-II, Faridabad",Ministry of Petroleum & Natural Gas,604853,,,Haryana,06/2019,12/2022,,2281.94,3200.0,1800.61,63.0,FlashReport_July_2025_page50_table1.csv,50,2026-08-28T21:13:50.781066
604853,12,2025-08,"Indian Oil Technology Development and Deployment Centre at R&D Campus-II, Faridabad",Ministry of Petroleum & Natural Gas,604853,,,Haryana,06/2019,12/2022,03/2026,2281.94,3200.0,1800.61,63.0,FlashReport_August_2025_page51_table1.csv,51,2026-08-28T21:13:48.614341
604853,12,2025-09,"Indian Oil Technology Development and Deployment Centre at R&D Campus-II, Faridabad",Ministry of Petroleum & Natural Gas,604853,,,Haryana,06/2019,12/2022,10/2026,2281.94,3200.0,1810.8,64.0,FlashReport_September_2025_page56_table1.csv,56,2026-08-28T21:13:53.872709
611917,12,2025-07,Poly Butadiene Rubber plant at Panipat,Indian Oil Corporation Limited [IOCL],611917,,,Haryana,03/2022,03/2025,,1459.0,2531.44,1043.9,70.0,FlashReport_July_2025_page50_table1.csv,50,2026-08-28T21:13:50.781196
611917,12,2025-08,Poly Butadiene Rubber plant at Panipat,Indian Oil Corporation Limited [IOCL],611917,,,Haryana,03/2022,03/2025,06/2026,1459.0,2531.44,1072.59,70.0,FlashReport_August_2025_page51_table1.csv,51,2026-08-28T21:13:48.614489
611917,12,2025-09,Poly Butadiene Rubber plant at Panipat,Indian Oil Corporation Limited [IOCL],611917,,,Haryana,03/2022,03/2025,06/2026,1459.0,2531.44,1119.16,72.0,FlashReport_September_2025_page56_table1.csv,56,2026-08-28T21:13:53.872853
701289,12,2025-07,Capacity Expansion of Panipat Refinery from 15 to 25 MMTPA,Ministry of Petroleum & Natural Gas,701289,,,Haryana,02/2021,09/2024,,34627.0,36225.0,23977.47,88.0,FlashReport_July_2025_page51_table1.csv,51,2026-08-28T21:13:50.783798
701289,12,2025-08,Capacity Expansion of Panipat Refinery from 15 to 25 MMTPA,Ministry of Petroleum & Natural Gas,701289,,,Haryana,02/2021,09/2024,12/2025,34627.0,36225.0,24355.1,89.0,FlashReport_August_2025_page51_table1.csv,51,2026-08-28T21:13:48.614644
701289,12,2025-09,Capacity Expansion of Panipat Refinery from 15 to 25 MMTPA,Ministry of Petroleum & Natural Gas,701289,,,Haryana,02/2021,09/2024,06/2026,34627.0,36225.0,25028.79,89.0,FlashReport_September_2025_page56_table1.csv,56,2026-08-28T21:13:53.873046
709783,12,2025-07,"Installation of Multiple Effect Evaporator [MEE] for ETP-1, 2 & 4 of Panipat Refinery and Petrochemical Complex.",MinistryofPetroleumNaturalGas,709783,,,Haryana,12/2020,06/2023,,165.13,247.69,129.27,70.0,FlashReport_July_2025_page51_table1.csv,51,2026-08-28T21:13:50.783908
709783,12,2025-08,"Installation of Multiple Effect Evaporator [MEE] for ETP-1, 2 & 4 of Panipat Refinery and Petrochemical Complex.",MinistryofPetroleumNaturalGas,709783,,,Haryana,12/2020,06/2023,06/2026,165.13,247.69,130.6,72.0,FlashReport_August_2025_page51_table1.csv,51,2026-08-28T21:13:48.614810
709783,12,2025-09,"Installation of Multiple Effect Evaporator [MEE] for ETP-1, 2 & 4 of Panipat Refinery and Petrochemical Complex.",MinistryofPetroleumNaturalGas,709783,,,Haryana,12/2020,06/2023,06/2026,165.13,247.69,138.35,74.0,FlashReport_September_2025_page56_table1.csv,56,2026-08-28T21:13:53.873207
709773,13,2025-07,"City Gas Distribution Project at Jammu, Udhampur, Reasi, Samba and Kathua Districts",MinistryofPetroleumNaturalGas,709773,,,Jammu and Kashmir,03/2022,03/2032,,538.0,538.0,4.09,0.0,FlashReport_July_2025_page51_table1.csv,51,2026-08-28T21:13:50.784001
709773,13,2025-08,"City Gas Distribution Project at Jammu, Udhampur, Reasi, Samba and Kathua Districts",MinistryofPetroleumNaturalGas,709773,,,Jammu and Kashmir,03/2022,03/2032,03/2032,538.0,538.0,3.72,0.0,FlashReport_August_2025_page51_table1.csv,51,2026-08-28T21:13:48.614973
709773,13,2025-09,"City Gas Distribution Project at Jammu, Udhampur, Reasi, Samba and Kathua Districts",MinistryofPetroleumNaturalGas,709773,,,Jammu and Kashmir,03/2022,03/2032,03/2032,538.0,538.0,3.72,0.0,FlashReport_September_2025_page56_table1.csv,56,2026-08-28T21:13:53.873388
610984,13,2025-07,Development of Jharia CBM Block [Phase-1],Oil and Natural Gas Corporation Limited [ONGC],610984,,,Jharkhand,11/2019,01/2024,,431.0,431.0,211.34,58.0,FlashReport_July_2025_page51_table1.csv,51,2026-08-28T21:13:50.784082
610984,13,2025-08,Development of Jharia CBM Block [Phase-1],Oil and Natural Gas Corporation Limited [ONGC],610984,,,Jharkhand,11/2019,01/2024,11/2025,431.0,431.0,211.4,59.0,FlashReport_August_2025_page51_table1.csv,51,2026-08-28T21:13:48.615133
610984,13,2025-09,Development of Jharia CBM Block [Phase-1],Oil and Natural Gas Corporation Limited [ONGC],610984,,,Jharkhand,11/2019,01/2024,11/2025,431.0,431.0,217.93,59.0,FlashReport_September_2025_page56_table1.csv,56,2026-08-28T21:13:53.873544
709785,13,2025-07,Laying of Natural Gas Pipeline from Hazaribagh to Ranchi [HRPL],MinistryofPetroleumNaturalGas,709785,,,Jharkhand,02/2023,02/2026,,202.07,202.07,55.46,45.0,FlashReport_July_2025_page51_table1.csv,51,2026-08-28T21:13:50.784160
709785,13,2025-08,Laying of Natural Gas Pipeline from Hazaribagh to Ranchi [HRPL],MinistryofPetroleumNaturalGas,709785,,,Jharkhand,02/2023,02/2026,02/2026,202.07,202.07,52.42,45.0,FlashReport_August_2025_page51_table1.csv,51,2026-08-28T21:13:48.615305
709785,13,2025-09,Laying of Natural Gas Pipeline from Hazaribagh to Ranchi [HRPL],MinistryofPetroleumNaturalGas,709785,,,Jharkhand,02/2023,02/2026,02/2026,202.07,202.07,60.23,47.0,FlashReport_September_2025_page56_table1.csv,56,2026-08-28T21:13:53.873701
612790,13,2025-07,Power System Upgradation Project,Mangalore Refinary and Petrochemicals Limited,612790,,,Karnataka,10/2023,11/2025,,385.0,385.0,132.73,63.0,FlashReport_July_2025_page51_table1.csv,51,2026-08-28T21:13:50.784233
612790,13,2025-08,Power System Upgradation Project,Mangalore Refinary and Petrochemicals Limited,612790,,,Karnataka,10/2023,11/2025,05/2026,385.0,385.0,137.0,64.0,FlashReport_August_2025_page51_table1.csv,51,2026-08-28T21:13:48.615454
612790,13,2025-09,Power System Upgradation Project,Mangalore Refinary and Petrochemicals Limited,612790,,,Karnataka,10/2023,11/2025,05/2026,385.0,385.0,151.3,67.0,FlashReport_September_2025_page56_table1.csv,56,2026-08-28T21:13:53.873843
616879,13,2025-07,Demo Bio-ATF Project,Ministry of Petroleum & Natural Gas,616879,,,Karnataka,03/2024,01/2027,,364.0,364.0,22.82,10.0,FlashReport_July_2025_page51_table1.csv,51,2026-08-28T21:13:50.784304
616879,13,2025-08,Demo Bio-ATF Project,Ministry of Petroleum & Natural Gas,616879,,,Karnataka,03/2024,01/2027,01/2027,364.0,364.0,27.02,12.0,FlashReport_August_2025_page51_table1.csv,51,2026-08-28T21:13:48.615596
616879,13,2025-09,Demo Bio-ATF Project,Ministry of Petroleum & Natural Gas,616879,,,Karnataka,03/2024,01/2027,01/2027,364.0,364.0,29.47,15.0,FlashReport_September_2025_page56_table1.csv,56,2026-08-28T21:13:53.873985
709774,13,2025-07,Revamping/ Augmentation of facilities at existing port terminal at Mangalore,Ministry of Petroleum & Natural Gas,709774,,,Karnataka,01/2022,12/2025,,463.0,500.62,264.44,82.0,FlashReport_July_2025_page51_table1.csv,51,2026-08-28T21:13:50.784585
709774,13,2025-08,Revamping/ Augmentation of facilities at existing port terminal at Mangalore,Ministry of Petroleum & Natural Gas,709774,,,Karnataka,01/2022,12/2025,12/2025,463.0,500.62,271.16,82.0,FlashReport_August_2025_page51_table1.csv,51,2026-08-28T21:13:48.615908
709774,13,2025-09,Revamping/ Augmentation of facilities at existing port terminal at Mangalore,Ministry of Petroleum & Natural Gas,709774,,,Karnataka,01/2022,12/2025,12/2025,463.0,500.62,277.72,82.0,FlashReport_September_2025_page56_table1.csv,56,2026-08-28T21:13:53.874132
709799,13,2025-07,Setting up Polypropylene Unit at Kochi Refinery,MinistryofPetroleumNaturalGas,709799,,,Kerala,12/2023,10/2027,,4460.0,4460.0,255.64,12.0,FlashReport_July_2025_page51_table1.csv,51,2026-08-28T21:13:50.784902
709799,13,2025-08,Setting up Polypropylene Unit at Kochi Refinery,MinistryofPetroleumNaturalGas,709799,,,Kerala,12/2023,10/2027,10/2027,4460.0,4460.0,265.89,13.0,FlashReport_August_2025_page51_table1.csv,51,2026-08-28T21:13:48.616236
709799,13,2025-09,Setting up Polypropylene Unit at Kochi Refinery,MinistryofPetroleumNaturalGas,709799,,,Kerala,12/2023,10/2027,10/2027,4460.0,4460.0,287.8,15.0,FlashReport_September_2025_page56_table1.csv,56,2026-08-28T21:13:53.874413
709798,13,2025-07,Ethylene Cracker Project at Bina Refinery including downstream Petrochemical Plants and expansion of Refinery,MinistryofPetroleumNaturalGas,709798,,,Madhya Pradesh,05/2023,05/2028,,43367.0,43367.0,1788.6,13.0,FlashReport_July_2025_page51_table1.csv,51,2026-08-28T21:13:50.785060
709798,13,2025-08,Ethylene Cracker Project at Bina Refinery including downstream Petrochemical Plants and expansion of Refinery,MinistryofPetroleumNaturalGas,709798,,,Madhya Pradesh,05/2023,05/2028,05/2028,43367.0,43367.0,1855.5,14.0,FlashReport_August_2025_page51_table1.csv,51,2026-08-28T21:13:48.616410
709798,13,2025-09,Ethylene Cracker Project at Bina Refinery including downstream Petrochemical Plants and expansion of Refinery,MinistryofPetroleumNaturalGas,709798,,,Madhya Pradesh,05/2023,05/2028,05/2028,43367.0,43367.0,1913.6,15.0,FlashReport_September_2025_page56_table1.csv,56,2026-08-28T21:13:53.874630
400168,13,2025-07,"500 KTA PDHPP Project, Usar",Ministry of Petroleum & Natural Gas,400168,,,Maharashtra,04/2021,04/2025,,8797.0,11256.0,6768.36,85.0,FlashReport_July_2025_page51_table1.csv,51,2026-08-28T21:13:50.785353
400168,13,2025-08,"500 KTA PDHPP Project, Usar",Ministry of Petroleum & Natural Gas,400168,,,Maharashtra,04/2021,04/2025,10/2025,8797.0,11256.0,6877.59,85.0,FlashReport_August_2025_page51_table1.csv,51,2026-08-28T21:13:48.616730
400168,13,2025-09,"500 KTA PDHPP Project, Usar",Ministry of Petroleum & Natural Gas,400168,,,Maharashtra,04/2021,04/2025,12/2025,8797.0,11256.0,6990.28,86.0,FlashReport_September_2025_page57_table1.csv,57,2026-08-28T21:13:53.877419
616933,13,2025-07,Lube Modernization & Bottom Upgradation Project at Mumbai Refinery,Ministry of Petroleum and Natural Gas,616933,,,Maharashtra,12/2024,03/2028,,4679.0,4679.0,188.88,4.0,FlashReport_July_2025_page51_table1.csv,51,2026-08-28T21:13:50.785649
616933,13,2025-08,Lube Modernization & Bottom Upgradation Project at Mumbai Refinery,Ministry of Petroleum and Natural Gas,616933,,,Maharashtra,12/2024,03/2028,03/2028,4679.0,4679.0,194.44,5.0,FlashReport_August_2025_page51_table1.csv,51,2026-08-28T21:13:48.617045
616933,13,2025-09,Lube Modernization & Bottom Upgradation Project at Mumbai Refinery,Ministry of Petroleum and Natural Gas,616933,,,Maharashtra,12/2024,03/2028,03/2028,4679.0,4679.0,200.79,5.0,FlashReport_September_2025_page57_table1.csv,57,2026-08-28T21:13:53.877590
709760,11,2025-07,HP TDAE Unit in Mumbai Refinery,Hindustan Petroleum Corporation Limited,709760,,,Maharashtra,06/2024,04/2026,,240.0,240.0,34.4,37.0,FlashReport_July_2025_page51_table1.csv,51,2026-08-28T21:13:50.785788
709760,11,2025-08,HP TDAE Unit in Mumbai Refinery,Hindustan Petroleum Corporation Limited,709760,,,Maharashtra,06/2024,04/2026,04/2026,240.0,240.0,34.42,40.0,FlashReport_August_2025_page51_table1.csv,51,2026-08-28T21:13:48.617194
709760,11,2025-09,HP TDAE Unit in Mumbai Refinery,Hindustan Petroleum Corporation Limited,709760,,,Maharashtra,06/2024,04/2026,04/2026,240.0,240.0,43.29,45.0,FlashReport_September_2025_page57_table1.csv,57,2026-08-28T21:13:53.877668
709771,13,2025-07,"City Gas Distribution Project at Beed, Jalgaon and Jalna Districts",MinistryofPetroleumNaturalGas,709771,,,Maharashtra,03/2022,09/2031,,865.0,865.0,68.01,2.0,FlashReport_July_2025_page51_table1.csv,51,2026-08-28T21:13:50.785934
709771,13,2025-08,"City Gas Distribution Project at Beed, Jalgaon and Jalna Districts",MinistryofPetroleumNaturalGas,709771,,,Maharashtra,03/2022,09/2031,09/2031,865.0,865.0,69.15,2.0,FlashReport_August_2025_page52_table1.csv,52,2026-08-28T21:13:48.619497
709771,13,2025-09,"City Gas Distribution Project at Beed, Jalgaon and Jalna Districts",MinistryofPetroleumNaturalGas,709771,,,Maharashtra,03/2022,09/2031,09/2031,865.0,865.0,69.15,2.0,FlashReport_September_2025_page57_table1.csv,57,2026-08-28T21:13:53.877744
709780,13,2025-07,Construction of Additional Tankages and Allied Facilities at JNPT Terminal,MinistryofPetroleumNaturalGas,709780,,,Maharashtra,04/2022,08/2026,,341.43,436.14,279.19,50.0,FlashReport_July_2025_page51_table1.csv,51,2026-08-28T21:13:50.786078
709780,13,2025-08,Construction of Additional Tankages and Allied Facilities at JNPT Terminal,MinistryofPetroleumNaturalGas,709780,,,Maharashtra,04/2022,08/2026,08/2026,341.43,436.14,282.95,51.0,FlashReport_August_2025_page52_table1.csv,52,2026-08-28T21:13:48.619673
709780,13,2025-09,Construction of Additional Tankages and Allied Facilities at JNPT Terminal,MinistryofPetroleumNaturalGas,709780,,,Maharashtra,04/2022,08/2026,08/2026,341.43,436.14,284.39,51.0,FlashReport_September_2025_page57_table1.csv,57,2026-08-28T21:13:53.877830
709782,11,2025-07,ATF Pipeline from Jawaharlal Nehru Port Trust to Navi Mumbai International Airport,Indian Oil Corporation Limited [IOCL],709782,,,Maharashtra,08/2022,08/2025,,165.0,165.0,89.94,72.0,FlashReport_July_2025_page51_table1.csv,51,2026-08-28T21:13:50.786253
709782,11,2025-08,ATF Pipeline from Jawaharlal Nehru Port Trust to Navi Mumbai International Airport,Indian Oil Corporation Limited [IOCL],709782,,,Maharashtra,08/2022,08/2025,03/2026,165.0,165.0,90.75,74.0,FlashReport_August_2025_page52_table1.csv,52,2026-08-28T21:13:48.619837
709782,11,2025-09,ATF Pipeline from Jawaharlal Nehru Port Trust to Navi Mumbai International Airport,Indian Oil Corporation Limited [IOCL],709782,,,Maharashtra,08/2022,08/2025,03/2026,165.0,165.0,94.21,75.0,FlashReport_September_2025_page57_table1.csv,57,2026-08-28T21:13:53.877978
709797,13,2025-07,POL & LOBS Installations with Receipt Pipelines at Rasayani,Bharat Petroleum Corporation Limited [BPCL],709797,,,Maharashtra,05/2023,05/2026,,2585.0,2585.0,564.58,58.0,FlashReport_July_2025_page51_table1.csv,51,2026-08-28T21:13:50.786565
709797,13,2025-08,POL & LOBS Installations with Receipt Pipelines at Rasayani,Bharat Petroleum Corporation Limited [BPCL],709797,,,Maharashtra,05/2023,05/2026,05/2026,2585.0,2585.0,612.7,61.0,FlashReport_August_2025_page52_table1.csv,52,2026-08-28T21:13:48.620151
709797,13,2025-09,POL & LOBS Installations with Receipt Pipelines at Rasayani,Bharat Petroleum Corporation Limited [BPCL],709797,,,Maharashtra,05/2023,05/2026,05/2026,2585.0,2585.0,678.79,63.0,FlashReport_September_2025_page57_table1.csv,57,2026-08-28T21:13:53.878264
616254,13,2025-07,Visakh Raipur Pipeline Project,Ministry of Petroleum and Natural Gas,616254,,,"Multi-States (Andhra Pradesh, Chhattisgarh, Odisha)",09/2024,09/2027,,2212.0,2212.0,11.52,7.0,FlashReport_July_2025_page51_table1.csv,51,2026-08-28T21:13:50.786864
616254,13,2025-08,Visakh Raipur Pipeline Project,Ministry of Petroleum and Natural Gas,616254,,,"Multi-States (Andhra Pradesh, Chhattisgarh, Odisha)",09/2024,09/2027,09/2027,2212.0,2212.0,13.45,8.0,FlashReport_August_2025_page52_table1.csv,52,2026-08-28T21:13:48.620461
616254,13,2025-09,Visakh Raipur Pipeline Project,Ministry of Petroleum and Natural Gas,616254,,,"Multi-States (Andhra Pradesh, Chhattisgarh, Odisha)",09/2024,09/2027,09/2027,2212.0,2212.0,16.53,10.0,FlashReport_September_2025_page57_table1.csv,57,2026-08-28T21:13:53.878432
709757,10,2025-07,"CGD Project in Banka, Dumka, Godda, Jamtara, Pakur, Sahibganj GA ID 11A.02",Hindustan Petroleum Corporation Limited,709757,,,"Multi-States (Bihar, Jharkhand)",06/2022,06/2030,,1377.0,1377.0,329.43,26.0,FlashReport_July_2025_page51_table1.csv,51,2026-08-28T21:13:50.787542
709757,10,2025-08,"CGD Project in Banka, Dumka, Godda, Jamtara, Pakur, Sahibganj GA ID 11A.02",Hindustan Petroleum Corporation Limited,709757,,,"Multi-States (Bihar, Jharkhand)",06/2022,06/2030,06/2030,1377.0,1377.0,331.74,27.0,FlashReport_August_2025_page52_table1.csv,52,2026-08-28T21:13:48.620977
709757,10,2025-09,"CGD Project in Banka, Dumka, Godda, Jamtara, Pakur, Sahibganj GA ID 11A.02",Hindustan Petroleum Corporation Limited,709757,,,"Multi-States (Bihar, Jharkhand)",06/2022,06/2030,06/2030,1377.0,1377.0,335.79,27.0,FlashReport_September_2025_page57_table1.csv,57,2026-08-28T21:13:53.878756
701354,9,2025-08,Mumbai Nagpur Jharsuguda Pipeline Project,Ministry of Petroleum & Natural Gas,701354,,,"Multi-States (Chhattisgarh, Madhya Pradesh, Maharashtra, Odisha)",06/2020,05/2023,09/2025,7844.25,8255.0,6495.6,96.0,FlashReport_August_2025_page52_table1.csv,52,2026-08-28T21:13:48.621146
701354,9,2025-09,Mumbai Nagpur Jharsuguda Pipeline Project,Ministry of Petroleum & Natural Gas,701354,,,"Multi-States (Chhattisgarh, Madhya Pradesh, Maharashtra, Odisha)",06/2020,05/2023,12/2025,7844.25,8255.0,6609.4,96.0,FlashReport_September_2025_page57_table1.csv,57,2026-08-28T21:13:53.878849
701330,12,2025-08,Mehsana-Bhatinda & Bhatinda-Jammu Natural Gas Pipeline,Ministry of Petroleum & Natural Gas,701330,,,"Multi-States (Gujarat, Haryana, Punjab, Rajasthan)",07/2011,06/2024,12/2025,7392.0,7392.0,6308.0,90.0,FlashReport_August_2025_page52_table1.csv,52,2026-08-28T21:13:48.621336
701330,12,2025-09,Mehsana-Bhatinda & Bhatinda-Jammu Natural Gas Pipeline,Ministry of Petroleum & Natural Gas,701330,,,"Multi-States (Gujarat, Haryana, Punjab, Rajasthan)",07/2011,06/2024,12/2025,7392.0,7392.0,6308.0,90.0,FlashReport_September_2025_page57_table1.csv,57,2026-08-28T21:13:53.878932
612853,12,2025-08,Gurdaspur Jammu Pipeline,Gas Authority of India Limited [GAIL],612853,,,"Multi-States (Jammu and Kashmir, Punjab)",07/2023,07/2026,07/2026,521.9,521.9,190.1,36.0,FlashReport_August_2025_page52_table1.csv,52,2026-08-28T21:13:48.621496
612853,12,2025-09,Gurdaspur Jammu Pipeline,Gas Authority of India Limited [GAIL],612853,,,"Multi-States (Jammu and Kashmir, Punjab)",07/2023,07/2026,07/2026,521.9,521.9,206.0,37.0,FlashReport_September_2025_page57_table1.csv,57,2026-08-28T21:13:53.879014
701228,12,2025-08,Kochi - Koottanad - Bangalore - Mangalore Pipeline Phase-II,Ministry of Petroleum & Natural Gas,701228,,,"Multi-States (Karnataka, Kerala, Tamil Nadu)",06/2009,12/2012,12/2025,2915.0,5909.0,4453.29,94.0,FlashReport_August_2025_page52_table1.csv,52,2026-08-28T21:13:48.621657
701228,12,2025-09,Kochi - Koottanad - Bangalore - Mangalore Pipeline Phase-II,Ministry of Petroleum & Natural Gas,701228,,,"Multi-States (Karnataka, Kerala, Tamil Nadu)",06/2009,12/2012,12/2025,2915.0,5909.0,4453.29,95.0,FlashReport_September_2025_page57_table1.csv,57,2026-08-28T21:13:53.879097
701338,12,2025-08,City Gas Distribution Maharashtra Natural Gas Limited,Ministry of Petroleum & Natural Gas,701338,,,"Multi-States (Karnataka, Maharashtra)",01/2006,06/2031,06/2031,5535.0,5535.0,3861.49,0.0,FlashReport_August_2025_page52_table1.csv,52,2026-08-28T21:13:48.621812
701338,12,2025-09,City Gas Distribution Maharashtra Natural Gas Limited,Ministry of Petroleum & Natural Gas,701338,,,"Multi-States (Karnataka, Maharashtra)",01/2006,06/2031,06/2031,5535.0,5535.0,3883.25,0.0,FlashReport_September_2025_page57_table1.csv,57,2026-08-28T21:13:53.879181
701344,12,2025-08,Dhamra Haldia Pipeline Project,Ministry of Petroleum & Natural Gas,701344,,,"Multi-States (Odisha, West Bengal)",03/2020,11/2022,12/2025,1030.65,1125.0,854.6,87.0,FlashReport_August_2025_page52_table1.csv,52,2026-08-28T21:13:48.621961
701344,12,2025-09,Dhamra Haldia Pipeline Project,Ministry of Petroleum & Natural Gas,701344,,,"Multi-States (Odisha, West Bengal)",03/2020,11/2022,12/2025,1030.65,1125.0,865.2,88.0,FlashReport_September_2025_page57_table1.csv,57,2026-08-28T21:13:53.879258
709794,12,2025-08,"City Gas Distribution Projects at Fazilka [except area already authorized], Ganganagar and Hanumangarh districts",Bharat Petroleum Corporation Limited [BPCL],709794,,,"Multi-States (Punjab, Rajasthan)",12/2022,06/2030,06/2030,3207.0,3207.0,339.57,24.0,FlashReport_August_2025_page52_table1.csv,52,2026-08-28T21:13:48.622130
709794,12,2025-09,"City Gas Distribution Projects at Fazilka [except area already authorized], Ganganagar and Hanumangarh districts",Bharat Petroleum Corporation Limited [BPCL],709794,,,"Multi-States (Punjab, Rajasthan)",12/2022,06/2030,06/2030,3207.0,3207.0,345.1,24.0,FlashReport_September_2025_page57_table1.csv,57,2026-08-28T21:13:53.879344
604859,12,2025-08,Integrated Para Xylene [PX] and Purified Terephthalic Acid [PTA] Project at Paradip Refinery,Ministry of Petroleum & Natural Gas,604859,,,Odisha,07/2020,01/2024,08/2026,13805.0,11783.0,8310.16,90.0,FlashReport_August_2025_page52_table1.csv,52,2026-08-28T21:13:48.622424
604859,12,2025-09,Integrated Para Xylene [PX] and Purified Terephthalic Acid [PTA] Project at Paradip Refinery,Ministry of Petroleum & Natural Gas,604859,,,Odisha,07/2020,01/2024,08/2026,13805.0,11783.0,8373.41,91.0,FlashReport_September_2025_page57_table1.csv,57,2026-08-28T21:13:53.879500
709800,12,2025-08,"CUF POL Depot at Sadashibpur [Meramundali], Odisha",MinistryofPetroleumNaturalGas,709800,,,Odisha,04/2021,03/2026,03/2026,393.54,393.54,104.55,44.0,FlashReport_August_2025_page52_table1.csv,52,2026-08-28T21:13:48.622558
709800,12,2025-09,"CUF POL Depot at Sadashibpur [Meramundali], Odisha",MinistryofPetroleumNaturalGas,709800,,,Odisha,04/2021,03/2026,03/2026,393.54,393.54,107.85,45.0,FlashReport_September_2025_page57_table1.csv,57,2026-08-28T21:13:53.879574
400119,12,2025-08,Life Extension of 48 well platforms of Mumbai High & Heera Fields,Oil and Natural Gas Corporation Limited [ONGC],400119,,,Offshore,12/2015,04/2018,12/2025,3190.69,3375.9,3074.25,89.0,FlashReport_August_2025_page52_table1.csv,52,2026-08-28T21:13:48.622712
400119,12,2025-09,Life Extension of 48 well platforms of Mumbai High & Heera Fields,Oil and Natural Gas Corporation Limited [ONGC],400119,,,Offshore,12/2015,04/2018,12/2025,3190.69,3375.9,3113.26,89.0,FlashReport_September_2025_page57_table1.csv,57,2026-08-28T21:13:53.879656
616950,12,2025-08,PRP-VIII [Group-A],Ministry of Petroleum & Natural Gas,616950,,,Offshore,09/2024,02/2026,02/2026,1486.4,1486.4,272.3,19.0,FlashReport_August_2025_page52_table1.csv,52,2026-08-28T21:13:48.622847
616950,12,2025-09,PRP-VIII [Group-A],Ministry of Petroleum & Natural Gas,616950,,,Offshore,09/2024,02/2026,02/2026,1486.4,1486.4,272.3,21.0,FlashReport_September_2025_page58_table1.csv,58,2026-08-28T21:13:53.882065
709839,12,2025-08,Daman Upside Development Project,Oil and Natural Gas Corporation Limited [ONGC],709839,,,Offshore,06/2022,10/2025,02/2026,4144.41,6406.9,3894.53,85.0,FlashReport_August_2025_page52_table1.csv,52,2026-08-28T21:13:48.622979
709839,12,2025-09,Daman Upside Development Project,Oil and Natural Gas Corporation Limited [ONGC],709839,,,Offshore,06/2022,10/2025,02/2026,4144.41,6406.9,4401.66,87.0,FlashReport_September_2025_page58_table1.csv,58,2026-08-28T21:13:53.882242
709848,12,2025-08,MHN TCPP PGC BGC Project [MTPBP],Ministry of Petroleum & Natural Gas,709848,,,Offshore,06/2022,05/2026,05/2026,2329.45,2354.23,820.24,53.0,FlashReport_August_2025_page52_table1.csv,52,2026-08-28T21:13:48.623120
709848,12,2025-09,MHN TCPP PGC BGC Project [MTPBP],Ministry of Petroleum & Natural Gas,709848,,,Offshore,06/2022,05/2026,05/2026,2329.45,2354.23,1148.9,56.0,FlashReport_September_2025_page58_table1.csv,58,2026-08-28T21:13:53.882411
709849,12,2025-08,PRP-VIII Group B [NH & BS Asset],Ministry of Petroleum & Natural Gas,709849,,,Offshore,06/2024,02/2026,02/2026,2379.84,3165.53,1675.65,62.0,FlashReport_August_2025_page52_table1.csv,52,2026-08-28T21:13:48.623262
709849,12,2025-09,PRP-VIII Group B [NH & BS Asset],Ministry of Petroleum & Natural Gas,709849,,,Offshore,06/2024,02/2026,02/2026,2379.84,3165.53,1806.82,63.0,FlashReport_September_2025_page58_table1.csv,58,2026-08-28T21:13:53.882565
709851,12,2025-08,Integrated Development of 4 Contract Areas under DSF-II,Ministry of Petroleum & Natural Gas,709851,,,Offshore,05/2023,04/2027,04/2027,6183.79,6183.79,474.0,20.0,FlashReport_August_2025_page52_table1.csv,52,2026-08-28T21:13:48.623437
709851,12,2025-09,Integrated Development of 4 Contract Areas under DSF-II,Ministry of Petroleum & Natural Gas,709851,,,Offshore,05/2023,04/2027,04/2027,6183.79,6183.79,594.28,21.0,FlashReport_September_2025_page58_table1.csv,58,2026-08-28T21:13:53.882717
400171,12,2025-08,2G Ethanol Biorefinery at Bathinda,Hindustan Petroleum Corporation Limited [HPCL],400171,,,Punjab,05/2020,02/2023,03/2026,1421.46,1421.46,1182.4,95.0,FlashReport_August_2025_page52_table1.csv,52,2026-08-28T21:13:48.623573
400171,12,2025-09,2G Ethanol Biorefinery at Bathinda,Hindustan Petroleum Corporation Limited [HPCL],400171,,,Punjab,05/2020,02/2023,03/2026,1421.46,1421.46,1185.85,95.0,FlashReport_September_2025_page58_table1.csv,58,2026-08-28T21:13:53.882866
709770,12,2025-08,City Gas Distribution Project at Pathankot District,MinistryofPetroleumNaturalGas,709770,,,Punjab,03/2022,09/2033,09/2033,151.0,151.0,8.73,2.0,FlashReport_August_2025_page53_table1.csv,53,2026-08-28T21:13:48.626042
709770,12,2025-09,City Gas Distribution Project at Pathankot District,MinistryofPetroleumNaturalGas,709770,,,Punjab,03/2022,09/2033,09/2033,151.0,151.0,8.74,2.0,FlashReport_September_2025_page58_table1.csv,58,2026-08-28T21:13:53.883145
604795,12,2025-08,CBR 9 MMTPA Project,Chennai Petroleum Corporation Limited [CPCL],604795,,,Tamil Nadu,09/2021,06/2025,10/2028,31580.0,36354.0,1342.27,10.0,FlashReport_August_2025_page53_table1.csv,53,2026-08-28T21:13:48.626189
604795,12,2025-09,CBR 9 MMTPA Project,Chennai Petroleum Corporation Limited [CPCL],604795,,,Tamil Nadu,09/2021,06/2025,10/2028,31580.0,36354.0,1342.27,10.0,FlashReport_September_2025_page58_table1.csv,58,2026-08-28T21:13:53.883285
709750,12,2025-08,Laying of new 28 inch Desal Water Pipeline and 10 inch Reject Water Pipeline between CPCL Manali Refinery and CPCL Desalination plant at Ennore,Chennai Petroleum Corporation Limited [CPCL],709750,,,Tamil Nadu,01/2024,09/2025,12/2025,205.0,205.0,38.14,42.0,FlashReport_August_2025_page53_table1.csv,53,2026-08-28T21:13:48.626366
709750,12,2025-09,Laying of new 28 inch Desal Water Pipeline and 10 inch Reject Water Pipeline between CPCL Manali Refinery and CPCL Desalination plant at Ennore,Chennai Petroleum Corporation Limited [CPCL],709750,,,Tamil Nadu,01/2024,09/2025,12/2025,205.0,205.0,51.31,48.0,FlashReport_September_2025_page58_table1.csv,58,2026-08-28T21:13:53.883436
709796,12,2025-08,City Gas Distribution Projects at the Nilgiris and Erode districts,Bharat Petroleum Corporation Limited [BPCL],709796,,,Tamil Nadu,12/2022,03/2030,03/2030,3685.0,3685.0,226.87,17.0,FlashReport_August_2025_page53_table1.csv,53,2026-08-28T21:13:48.626784
709796,12,2025-09,City Gas Distribution Projects at the Nilgiris and Erode districts,Bharat Petroleum Corporation Limited [BPCL],709796,,,Tamil Nadu,12/2022,03/2030,03/2030,3685.0,3685.0,238.05,18.0,FlashReport_September_2025_page58_table1.csv,58,2026-08-28T21:13:53.883568
709781,12,2025-08,Revamping / Augmentation of Facilities at Mathura Bitumen Plant,MinistryofPetroleumNaturalGas,709781,,,Uttar Pradesh,04/2022,06/2027,12/2026,260.12,260.12,1.11,26.0,FlashReport_August_2025_page53_table1.csv,53,2026-08-28T21:13:48.627301
709781,12,2025-09,Revamping / Augmentation of Facilities at Mathura Bitumen Plant,MinistryofPetroleumNaturalGas,709781,,,Uttar Pradesh,04/2022,06/2027,12/2026,260.12,260.12,1.11,28.0,FlashReport_September_2025_page58_table1.csv,58,2026-08-28T21:13:53.883981
709795,12,2025-08,"City Gas Distribution Projects at Lakhimpur Kheri , Sitapur, Bahraich, Shravasti,Balrampur, Siddharth Nagar & Maharajganj districts",Bharat Petroleum Corporation Limited [BPCL],709795,,,Uttar Pradesh,12/2022,06/2030,06/2030,16654.0,16654.0,558.33,11.0,FlashReport_August_2025_page53_table1.csv,53,2026-08-28T21:13:48.627544
709795,12,2025-09,"City Gas Distribution Projects at Lakhimpur Kheri , Sitapur, Bahraich, Shravasti,Balrampur, Siddharth Nagar & Maharajganj districts",Bharat Petroleum Corporation Limited [BPCL],709795,,,Uttar Pradesh,12/2022,06/2030,06/2030,16654.0,16654.0,590.67,11.0,FlashReport_September_2025_page58_table1.csv,58,2026-08-28T21:13:53.884126
617302,12,2025-08,Durgapur - Haldia Pipeline [Section-3B of JHBDPL Project],Ministry of Petroleum & Natural Gas,617302,,,West Bengal,03/2017,12/2020,12/2025,1740.0,2493.15,2239.7,90.0,FlashReport_August_2025_page53_table1.csv,53,2026-08-28T21:13:48.627686
617302,12,2025-09,Durgapur - Haldia Pipeline [Section-3B of JHBDPL Project],Ministry of Petroleum & Natural Gas,617302,,,West Bengal,03/2017,12/2020,12/2025,1740.0,2493.15,2261.0,90.0,FlashReport_September_2025_page58_table1.csv,58,2026-08-28T21:13:53.884244
709753,12,2025-08,Haldia Panagarh Pipeline Project,Hindustan Petroleum Corporation Limited,709753,,,West Bengal,11/2022,11/2025,11/2025,1010.0,1010.0,645.07,82.0,FlashReport_August_2025_page53_table1.csv,53,2026-08-28T21:13:48.627808
709753,12,2025-09,Haldia Panagarh Pipeline Project,Hindustan Petroleum Corporation Limited,709753,,,West Bengal,11/2022,11/2025,11/2025,1010.0,1010.0,669.15,82.0,FlashReport_September_2025_page58_table1.csv,58,2026-08-28T21:13:53.884363
709758,9,2025-08,"CGD Project in Malda, Birbhum, Murshidabad, Dakshin Dinajpur GA ID 11A.03",Hindustan Petroleum Corporation Limited,709758,,,West Bengal,06/2022,06/2030,06/2030,2628.0,2628.0,335.96,27.0,FlashReport_August_2025_page53_table1.csv,53,2026-08-28T21:13:48.627950
709758,9,2025-09,"CGD Project in Malda, Birbhum, Murshidabad, Dakshin Dinajpur GA ID 11A.03",Hindustan Petroleum Corporation Limited,709758,,,West Bengal,06/2022,06/2030,06/2030,2628.0,2628.0,340.69,28.0,FlashReport_September_2025_page58_table1.csv,58,2026-08-28T21:13:53.884479
709772,12,2025-08,"City Gas Distribution Project at East Mednipore, West Mednipore & Jhargram Districts",MinistryofPetroleumNaturalGas,709772,,,West Bengal,03/2022,06/2031,06/2031,609.0,609.0,56.35,2.0,FlashReport_August_2025_page53_table1.csv,53,2026-08-28T21:13:48.628099
709772,12,2025-09,"City Gas Distribution Project at East Mednipore, West Mednipore & Jhargram Districts",MinistryofPetroleumNaturalGas,709772,,,West Bengal,03/2022,06/2031,06/2031,609.0,609.0,56.58,2.0,FlashReport_September_2025_page58_table1.csv,58,2026-08-28T21:13:53.884571
709791,12,2025-08,City Gas Distribution Projects at Alipurduar and Cooch Behar,Bharat Petroleum Corporation Limited [BPCL],709791,,,West Bengal,12/2022,03/2030,03/2030,1017.0,1017.0,184.13,39.0,FlashReport_August_2025_page53_table1.csv,53,2026-08-28T21:13:48.628377
709791,12,2025-09,City Gas Distribution Projects at Alipurduar and Cooch Behar,Bharat Petroleum Corporation Limited [BPCL],709791,,,West Bengal,12/2022,03/2030,03/2030,1017.0,1017.0,194.33,39.0,FlashReport_September_2025_page58_table1.csv,58,2026-08-28T21:13:53.884672
701173,12,2025-08,AIIMS Majra Rewari Haryana,Ministry of Health & Family Welfare,701173,Ministry of Health & Family Welfare,Healthcare,Haryana,02/2019,02/2023,12/2026,1299.0,1299.0,349.41,28.0,FlashReport_August_2025_page53_table1.csv,53,2026-08-28T21:13:48.628579
701173,12,2025-09,AIIMS Majra Rewari Haryana,PMSSY/Institute of National Importance (INI,701173,Ministry of Health & Family Welfare,Healthcare,Haryana,12/2023,02/2023,12/2026,1299.0,1299.0,349.41,28.0,FlashReport_September_2025_page58_table1.csv,58,2026-08-28T21:13:53.884882
701167,12,2025-08,AIIMS Kashmir at Awantipora Jammu & Kashmir,Central Public Works Department [CPWD],701167,Ministry of Health & Family Welfare,Healthcare,Jammu and Kashmir,01/2019,01/2025,12/2025,1828.0,1828.0,1531.86,66.0,FlashReport_August_2025_page53_table1.csv,53,2026-08-28T21:13:48.628721
701167,12,2025-09,AIIMS Kashmir at Awantipora Jammu & Kashmir,PMSSY/Institute of National Importance (INI,701167,Ministry of Health & Family Welfare,Healthcare,Jammu and Kashmir,01/2019,01/2025,12/2025,1828.0,1828.0,1565.25,67.0,FlashReport_September_2025_page58_table1.csv,58,2026-08-28T21:13:53.885042
701171,12,2025-08,AIIMS Bibinagar,Ministry of Health & Family Welfare,701171,Ministry of Health & Family Welfare,Healthcare,Telangana,12/2018,09/2022,12/2025,1028.0,1365.95,812.95,84.0,FlashReport_August_2025_page53_table1.csv,53,2026-08-28T21:13:48.628841
701171,12,2025-09,AIIMS Bibinagar,PMSSY/Institute of National Importance (INI,701171,Ministry of Health & Family Welfare,Healthcare,Telangana,12/2018,09/2022,12/2025,1028.0,1365.95,821.99,85.0,FlashReport_September_2025_page58_table1.csv,58,2026-08-28T21:13:53.885205
701565,12,2025-08,Jal Marg Vikas Project,Inland Waterways Authority of India [IWAI],701565,Ministry of Health & Family Welfare,Inland Waterways,"Multi-States (Bihar, Jharkhand, Uttar Pradesh, West Bengal)",01/2018,12/2023,12/2025,5369.18,5061.15,3510.72,71.0,FlashReport_August_2025_page53_table1.csv,53,2026-08-28T21:13:48.629588
701565,12,2025-09,Jal Marg Vikas Project,Inland Waterways Authority of India [IWAI],701565,Ministry of Health & Family Welfare,Inland Waterways,"Multi-States (Bihar, Jharkhand, Uttar Pradesh, West Bengal)",01/2018,12/2023,12/2025,5369.18,5061.15,3488.6,71.0,FlashReport_September_2025_page58_table1.csv,58,2026-08-28T21:13:53.885650
609424,12,2025-08,"Development of Container Terminal at Tuna-Tekra, Deendayal Port on BOT Basis Under PPP Mode",Deendayal Port Trust [DPT],609424,Ministry of Health & Family Welfare,Inland Waterways,Gujarat,12/2023,12/2026,,4243.64,4243.64,366.2,10.0,FlashReport_August_2025_page53_table1.csv,53,2026-08-28T21:13:48.629238
609424,12,2025-09,"Development of Container Terminal at Tuna-Tekra, Deendayal Port on BOT Basis Under PPP Mode",Deendayal Port Trust [DPT],609424,Logistics Infrastructure,Shipping,Gujarat,10/2022,12/2026,,4243.64,4243.64,70.0,10.0,FlashReport_September_2025_page59_table1.csv,59,2026-08-28T21:13:53.888647
701570,12,2025-09,"Replacement and revamping of pipeline projects in oil jetty area, Kandla",Deendayal Port Trust [DPT],701570,Department of Telecommunications,Logistics Infrastructure,Gujarat,09/2021,09/2023,03/2025,171.0,211.61,,,FlashReport_September_2025_page35_table1.csv,35,2026-08-28T21:13:53.768161
400382,11,2025-09,Rewas Port Project,Reliance Industries Ltd,400382,Department of Telecommunications,Shipping,Maharashtra,01/2020,03/2023,,6000.0,,,,FlashReport_September_2025_page35_table1.csv,35,2026-08-28T21:13:53.768691
701574,12,2025-08,Deepening and Optimization of Inner Harbour facilities including development of Western Dock on BOT basis to handle Cape size vessels,Paradip Port Trust [PPT],701574,Ministry of Health & Family Welfare,Shipping,Odisha,05/2022,12/2027,10/2028,3004.63,3004.63,1149.79,40.0,FlashReport_August_2025_page53_table1.csv,53,2026-08-28T21:13:48.630093
701574,12,2025-09,Deepening and Optimization of Inner Harbour facilities including development of Western Dock on BOT basis to handle Cape size vessels,Paradip Port Trust [PPT],701574,Logistics Infrastructure,Shipping,Odisha,05/2022,12/2027,10/2028,3004.63,3004.63,1149.79,40.0,FlashReport_September_2025_page59_table1.csv,59,2026-08-28T21:13:53.889284
707215,12,2025-08,National Maritime Heritage Complex [NMHC] Phase-I,Indian Port Rail & Ropeway Corporation Ltd. [IPRCL],707215,"Tourism, Hospitality & Wellness",,Gujarat,02/2019,03/2024,09/2025,573.0,1238.05,496.63,66.0,FlashReport_August_2025_page54_table1.csv,54,2026-08-28T21:13:48.635400
707215,12,2025-09,National Maritime Heritage Complex [NMHC] Phase-I,Indian Port Rail & Ropeway Corporation Ltd. [IPRCL],707215,Logistics Infrastructure,"Tourism, Hospitality & Wellness",Gujarat,02/2019,03/2024,09/2025,573.0,1238.05,496.63,66.0,FlashReport_September_2025_page59_table1.csv,59,2026-08-28T21:13:53.889862
701658,13,2025-07,Krishnapatnam Node - Phase 1 - Roads and Services Development,National Industrial Corridor Development Corporation,701658,Department for Promotion of Industry & Internal Trade,Real Estate,Andhra Pradesh,02/2024,02/2028,,2139.44,2139.44,327.99,14.0,FlashReport_July_2025_page63_table1.csv,63,2026-08-28T21:13:50.873786
701658,13,2025-08,Krishnapatnam Node - Phase 1 - Roads and Services Development,National Industrial Corridor Development Corporation,701658,Department for Promotion of Industry & Internal Trade,Real Estate,Andhra Pradesh,12/2020,02/2028,,2139.44,2139.44,406.05,17.0,FlashReport_August_2025_page63_table1.csv,63,2026-08-28T21:13:48.730807
701658,13,2025-09,Krishnapatnam Node - Phase 1 - Roads and Services Development,National Industrial Corridor Development Corporation,701658,Department for Promotion of Industry & Internal Trade,Real Estate,Andhra Pradesh,12/2020,02/2028,,2139.44,2139.44,470.66,21.0,FlashReport_September_2025_page68_table1.csv,68,2026-08-28T21:13:53.950322
701657,13,2025-07,Tumakuru Node - Phase 1 - Roads and Services Development,National Highways & Infrastructure Development Corporation Ltd. [NHIDCL],701657,Department for Promotion of Industry & Internal Trade,Real Estate,Karnataka,02/2023,09/2026,,1701.81,1701.81,95.0,8.0,FlashReport_July_2025_page63_table1.csv,63,2026-08-28T21:13:50.873869
701657,13,2025-08,Tumakuru Node - Phase 1 - Roads and Services Development,National Highways & Infrastructure Development Corporation Ltd. [NHIDCL],701657,Department for Promotion of Industry & Internal Trade,Real Estate,Karnataka,12/2020,09/2026,,1701.81,1701.81,88.25,8.0,FlashReport_August_2025_page63_table1.csv,63,2026-08-28T21:13:48.730984
701657,13,2025-09,Tumakuru Node - Phase 1 - Roads and Services Development,National Highways & Infrastructure Development Corporation Ltd. [NHIDCL],701657,Department for Promotion of Industry & Internal Trade,Real Estate,Karnataka,12/2020,09/2026,,1701.81,1701.81,117.01,9.0,FlashReport_September_2025_page68_table1.csv,68,2026-08-28T21:13:53.950482
615202,13,2025-07,Capacity expansion of Deposit-14 and 14 NMZ at Kirandul,National Mineral Development Corporation Limited [NMDC],615202,Real Estate,Metals & Mining,Chhattisgarh,07/2022,12/2028,,1700.0,1756.2,65.44,2.0,FlashReport_July_2025_page62_table1.csv,62,2026-08-28T21:13:50.870399
615202,13,2025-08,Capacity expansion of Deposit-14 and 14 NMZ at Kirandul,National Mineral Development Corporation Limited [NMDC],615202,"Tourism, Hospitality & Wellness",Metals & Mining,Chhattisgarh,08/2021,12/2028,03/2028,1700.0,1756.2,65.44,3.0,FlashReport_August_2025_page54_table1.csv,54,2026-08-28T21:13:48.635611
615202,13,2025-09,Capacity expansion of Deposit-14 and 14 NMZ at Kirandul,National Mineral Development Corporation Limited [NMDC],615202,Logistics Infrastructure,Metals & Mining,Chhattisgarh,08/2021,12/2028,03/2028,1700.0,1756.2,124.9,4.0,FlashReport_September_2025_page59_table1.csv,59,2026-08-28T21:13:53.890097
617243,13,2025-07,Replacement of Hot Leveller No.1 of Plate Mill at Bhilai Steel Plant,Steel Authority of India Limited [SAIL],617243,Real Estate,Steel,Chhattisgarh,08/2024,07/2026,,198.62,198.62,10.53,8.0,FlashReport_July_2025_page62_table1.csv,62,2026-08-28T21:13:50.870543
617243,13,2025-08,Replacement of Hot Leveller No.1 of Plate Mill at Bhilai Steel Plant,Steel Authority of India Limited [SAIL],617243,"Tourism, Hospitality & Wellness",Steel,Chhattisgarh,07/2024,07/2026,,198.62,198.62,10.9,10.0,FlashReport_August_2025_page54_table1.csv,54,2026-08-28T21:13:48.635795
617243,13,2025-09,Replacement of Hot Leveller No.1 of Plate Mill at Bhilai Steel Plant,Steel Authority of India Limited [SAIL],617243,Logistics Infrastructure,Steel,Chhattisgarh,07/2024,07/2026,,198.62,198.62,11.98,12.0,FlashReport_September_2025_page59_table1.csv,59,2026-08-28T21:13:53.890467
617255,13,2025-07,"Replacement of Converter Vessels, Trunnion Rings, Support System & Installation of Secondary Emission at Bhilai Steel Plant",Steel Authority of India Limited [SAIL],617255,Real Estate,Steel,Chhattisgarh,12/2023,06/2026,,471.83,471.83,111.75,35.0,FlashReport_July_2025_page62_table1.csv,62,2026-08-28T21:13:50.870638
617255,13,2025-08,"Replacement of Converter Vessels, Trunnion Rings, Support System & Installation of Secondary Emission at Bhilai Steel Plant",Steel Authority of India Limited [SAIL],617255,"Tourism, Hospitality & Wellness",Steel,Chhattisgarh,12/2023,06/2026,,471.83,471.83,130.66,40.0,FlashReport_August_2025_page54_table1.csv,54,2026-08-28T21:13:48.635953
617255,13,2025-09,"Replacement of Converter Vessels, Trunnion Rings, Support System & Installation of Secondary Emission at Bhilai Steel Plant",Steel Authority of India Limited [SAIL],617255,Logistics Infrastructure,Steel,Chhattisgarh,10/2023,06/2026,,471.83,471.83,136.99,44.0,FlashReport_September_2025_page59_table1.csv,59,2026-08-28T21:13:53.890636
617256,13,2025-07,Rebuilding of Coke Oven Battery No.7 & 8 at Bhilai Steel Plant,Steel Authority of India Limited [SAIL],617256,Real Estate,Steel,Chhattisgarh,01/2024,10/2025,,884.1,884.1,453.2,75.0,FlashReport_July_2025_page62_table1.csv,62,2026-08-28T21:13:50.870719
617256,13,2025-08,Rebuilding of Coke Oven Battery No.7 & 8 at Bhilai Steel Plant,Steel Authority of India Limited [SAIL],617256,"Tourism, Hospitality & Wellness",Steel,Chhattisgarh,01/2024,10/2025,,884.1,884.1,466.31,77.0,FlashReport_August_2025_page54_table1.csv,54,2026-08-28T21:13:48.636087
617256,13,2025-09,Rebuilding of Coke Oven Battery No.7 & 8 at Bhilai Steel Plant,Steel Authority of India Limited [SAIL],617256,Logistics Infrastructure,Steel,Chhattisgarh,11/2023,10/2025,,884.1,884.1,493.34,79.0,FlashReport_September_2025_page59_table1.csv,59,2026-08-28T21:13:53.890793
706811,13,2025-07,NMDC Slurry Pipeline Project Phase-1,National Mineral Development Corporation Limited [NMDC],706811,Real Estate,Steel,Chhattisgarh,09/2020,06/2023,,2907.0,5427.0,3012.02,84.0,FlashReport_July_2025_page62_table1.csv,62,2026-08-28T21:13:50.870793
706811,13,2025-08,NMDC Slurry Pipeline Project Phase-1,National Mineral Development Corporation Limited [NMDC],706811,"Tourism, Hospitality & Wellness",Steel,Chhattisgarh,11/2015,06/2023,12/2025,2907.0,5427.0,3038.85,85.0,FlashReport_August_2025_page54_table1.csv,54,2026-08-28T21:13:48.636237
706811,13,2025-09,NMDC Slurry Pipeline Project Phase-1,National Mineral Development Corporation Limited [NMDC],706811,Logistics Infrastructure,Steel,Chhattisgarh,11/2015,06/2023,12/2025,2907.0,5427.0,3107.45,87.0,FlashReport_September_2025_page59_table1.csv,59,2026-08-28T21:13:53.890941
709826,13,2025-07,SCREENING PLANT-III AT KIRANDUL,National Mineral Development Corporation Limited [NMDC],709826,Real Estate,Steel,Chhattisgarh,10/2021,01/2026,,2718.84,2718.84,1327.11,72.0,FlashReport_July_2025_page62_table1.csv,62,2026-08-28T21:13:50.870867
709826,13,2025-08,SCREENING PLANT-III AT KIRANDUL,National Mineral Development Corporation Limited [NMDC],709826,"Tourism, Hospitality & Wellness",Steel,Chhattisgarh,10/2021,01/2026,,2718.84,2718.84,1341.08,72.0,FlashReport_August_2025_page54_table1.csv,54,2026-08-28T21:13:48.636388
709826,13,2025-09,SCREENING PLANT-III AT KIRANDUL,National Mineral Development Corporation Limited [NMDC],709826,Logistics Infrastructure,Steel,Chhattisgarh,10/2021,01/2026,,2718.84,2718.84,1362.18,73.0,FlashReport_September_2025_page59_table1.csv,59,2026-08-28T21:13:53.891090
400174,13,2025-07,"New Sinter Plant at BSL, SAIL",Steel Authority of India Limited [SAIL],400174,Real Estate,Steel,Jharkhand,05/2015,10/2017,,1034.01,1752.3,883.23,51.0,FlashReport_July_2025_page62_table1.csv,62,2026-08-28T21:13:50.871017
400174,13,2025-08,"New Sinter Plant at BSL, SAIL",Steel Authority of India Limited [SAIL],400174,"Tourism, Hospitality & Wellness",Steel,Jharkhand,03/2015,10/2017,06/2027,1034.01,1752.3,883.44,51.0,FlashReport_August_2025_page54_table1.csv,54,2026-08-28T21:13:48.636699
400174,13,2025-09,"New Sinter Plant at BSL, SAIL",Steel Authority of India Limited [SAIL],400174,Logistics Infrastructure,Steel,Jharkhand,03/2015,10/2017,06/2027,1034.01,1752.3,885.08,53.0,FlashReport_September_2025_page59_table1.csv,59,2026-08-28T21:13:53.891390
617249,13,2025-07,Replacement of existing Grinders in CRM-I & II at Bokaro Steel Plant,Steel Authority of India Limited [SAIL],617249,Real Estate,Steel,Jharkhand,02/2025,01/2027,,211.94,211.94,7.52,6.0,FlashReport_July_2025_page62_table1.csv,62,2026-08-28T21:13:50.871097
617249,13,2025-08,Replacement of existing Grinders in CRM-I & II at Bokaro Steel Plant,Steel Authority of India Limited [SAIL],617249,"Tourism, Hospitality & Wellness",Steel,Jharkhand,01/2025,01/2027,,211.94,211.94,15.04,10.0,FlashReport_August_2025_page54_table1.csv,54,2026-08-28T21:13:48.636877
617249,13,2025-09,Replacement of existing Grinders in CRM-I & II at Bokaro Steel Plant,Steel Authority of India Limited [SAIL],617249,Logistics Infrastructure,Steel,Jharkhand,01/2025,01/2027,,211.94,211.94,15.04,10.0,FlashReport_September_2025_page59_table1.csv,59,2026-08-28T21:13:53.891546
617250,13,2025-07,Secondary Emission Control in Converters of SMS-II at Bokaro Steel Plant,Steel Authority of India Limited [SAIL],617250,Real Estate,Steel,Jharkhand,02/2025,10/2026,,207.13,207.13,7.91,6.0,FlashReport_July_2025_page62_table1.csv,62,2026-08-28T21:13:50.871176
617250,13,2025-08,Secondary Emission Control in Converters of SMS-II at Bokaro Steel Plant,Steel Authority of India Limited [SAIL],617250,"Tourism, Hospitality & Wellness",Steel,Jharkhand,02/2025,10/2026,,207.13,207.13,15.76,8.0,FlashReport_August_2025_page54_table1.csv,54,2026-08-28T21:13:48.637041
617250,13,2025-09,Secondary Emission Control in Converters of SMS-II at Bokaro Steel Plant,Steel Authority of India Limited [SAIL],617250,Logistics Infrastructure,Steel,Jharkhand,01/2025,10/2026,,207.13,207.13,15.76,8.0,FlashReport_September_2025_page59_table1.csv,59,2026-08-28T21:13:53.891692
617253,11,2025-07,Revamping of old sub-systems of Blast Furnace 3 at Bokaro Steel Plant,Steel Authority of India Limited [SAIL],617253,Real Estate,Steel,Jharkhand,10/2023,07/2025,,513.82,513.82,220.42,69.0,FlashReport_July_2025_page62_table1.csv,62,2026-08-28T21:13:50.871253
617253,11,2025-08,Revamping of old sub-systems of Blast Furnace 3 at Bokaro Steel Plant,Steel Authority of India Limited [SAIL],617253,"Tourism, Hospitality & Wellness",Steel,Jharkhand,09/2023,07/2025,11/2025,513.82,513.82,234.54,71.0,FlashReport_August_2025_page54_table1.csv,54,2026-08-28T21:13:48.637192
617253,11,2025-09,Revamping of old sub-systems of Blast Furnace 3 at Bokaro Steel Plant,Steel Authority of India Limited [SAIL],617253,Logistics Infrastructure,Steel,Jharkhand,08/2023,07/2025,11/2025,513.82,513.82,237.34,73.0,FlashReport_September_2025_page59_table1.csv,59,2026-08-28T21:13:53.891977
617254,13,2025-07,Replacement of remaining 04 sets of Battery Cyclones with 04 Nos. of ESPs in Sinter Plant-1 at Bokaro Steel Plant,Steel Authority of India Limited [SAIL],617254,,,Jharkhand,04/2024,06/2026,,260.37,260.37,44.22,22.0,FlashReport_July_2025_page63_table1.csv,63,2026-08-28T21:13:50.872945
617254,13,2025-08,Replacement of remaining 04 sets of Battery Cyclones with 04 Nos. of ESPs in Sinter Plant-1 at Bokaro Steel Plant,Steel Authority of India Limited [SAIL],617254,"Tourism, Hospitality & Wellness",Steel,Jharkhand,04/2024,06/2026,,260.37,260.37,44.25,22.0,FlashReport_August_2025_page54_table1.csv,54,2026-08-28T21:13:48.637365
617254,13,2025-09,Replacement of remaining 04 sets of Battery Cyclones with 04 Nos. of ESPs in Sinter Plant-1 at Bokaro Steel Plant,Steel Authority of India Limited [SAIL],617254,Logistics Infrastructure,Steel,Jharkhand,03/2024,06/2026,,260.37,260.37,51.12,22.0,FlashReport_September_2025_page59_table1.csv,59,2026-08-28T21:13:53.892166
617257,13,2025-07,Rebuilding of Coke Oven Battery No.6 at Bokaro Steel Plant,Steel Authority of India Limited [SAIL],617257,,,Jharkhand,12/2023,11/2026,,627.31,627.31,88.21,37.0,FlashReport_July_2025_page63_table1.csv,63,2026-08-28T21:13:50.873038
617257,13,2025-08,Rebuilding of Coke Oven Battery No.6 at Bokaro Steel Plant,Steel Authority of India Limited [SAIL],617257,"Tourism, Hospitality & Wellness",Steel,Jharkhand,12/2023,11/2026,,627.31,627.31,91.96,38.0,FlashReport_August_2025_page54_table1.csv,54,2026-08-28T21:13:48.637515
617257,13,2025-09,Rebuilding of Coke Oven Battery No.6 at Bokaro Steel Plant,Steel Authority of India Limited [SAIL],617257,,,Jharkhand,11/2023,11/2026,,627.31,627.31,126.45,42.0,FlashReport_September_2025_page60_table1.csv,60,2026-08-28T21:13:53.894750
400121,13,2025-07,"Construction of Screening Plant-II for Donimalai and Kumaraswamy Iron Ore Mining Complex of NMDC Limited at Ballari Dt, Karnataka.",National Mineral Development Corporation Limited [NMDC],400121,,,Karnataka,06/2024,08/2026,,1043.63,1043.63,214.48,25.0,FlashReport_July_2025_page63_table1.csv,63,2026-08-28T21:13:50.873170
400121,13,2025-08,"Construction of Screening Plant-II for Donimalai and Kumaraswamy Iron Ore Mining Complex of NMDC Limited at Ballari Dt, Karnataka.",National Mineral Development Corporation Limited [NMDC],400121,"Tourism, Hospitality & Wellness",Steel,Karnataka,11/2014,08/2026,,1043.63,1043.63,229.77,29.0,FlashReport_August_2025_page54_table1.csv,54,2026-08-28T21:13:48.637688
400121,13,2025-09,"Construction of Screening Plant-II for Donimalai and Kumaraswamy Iron Ore Mining Complex of NMDC Limited at Ballari Dt, Karnataka.",National Mineral Development Corporation Limited [NMDC],400121,,,Karnataka,11/2014,08/2026,,1043.63,1043.63,262.34,32.0,FlashReport_September_2025_page60_table1.csv,60,2026-08-28T21:13:53.894945
612781,13,2025-07,Rebuilding of COB 4 at Durgapur Steel Plant,Steel Authority of India Limited [SAIL],612781,,,West Bengal,12/2023,12/2026,,916.78,916.78,118.63,12.0,FlashReport_July_2025_page63_table1.csv,63,2026-08-28T21:13:50.873341
612781,13,2025-08,Rebuilding of COB 4 at Durgapur Steel Plant,Steel Authority of India Limited [SAIL],612781,"Tourism, Hospitality & Wellness",Steel,West Bengal,11/2023,12/2026,,916.78,916.78,126.25,14.0,FlashReport_August_2025_page54_table1.csv,54,2026-08-28T21:13:48.638019
612781,13,2025-09,Rebuilding of COB 4 at Durgapur Steel Plant,Steel Authority of India Limited [SAIL],612781,,,West Bengal,09/2023,12/2026,,916.78,916.78,137.01,18.0,FlashReport_September_2025_page60_table1.csv,60,2026-08-28T21:13:53.895355
617242,13,2025-07,Installation of New Bar Mill at Durgapur Steel Plant,Steel Authority of India Limited [SAIL],617242,,,West Bengal,10/2024,06/2027,,2115.44,2115.44,206.67,24.0,FlashReport_July_2025_page63_table1.csv,63,2026-08-28T21:13:50.873417
617242,13,2025-08,Installation of New Bar Mill at Durgapur Steel Plant,Steel Authority of India Limited [SAIL],617242,"Tourism, Hospitality & Wellness",Steel,West Bengal,09/2024,06/2027,,2115.44,2115.44,209.11,27.0,FlashReport_August_2025_page54_table1.csv,54,2026-08-28T21:13:48.638166
617242,13,2025-09,Installation of New Bar Mill at Durgapur Steel Plant,Steel Authority of India Limited [SAIL],617242,,,West Bengal,07/2024,06/2027,,2115.44,2115.44,228.35,29.0,FlashReport_September_2025_page60_table1.csv,60,2026-08-28T21:13:53.895495
617246,13,2025-07,Up-gradation of Blast Furnace No. 3 at Durgapur Steel Plant,Steel Authority of India Limited [SAIL],617246,,,West Bengal,10/2024,06/2026,,758.09,758.09,53.31,3.0,FlashReport_July_2025_page63_table1.csv,63,2026-08-28T21:13:50.873498
617246,13,2025-08,Up-gradation of Blast Furnace No. 3 at Durgapur Steel Plant,Steel Authority of India Limited [SAIL],617246,"Tourism, Hospitality & Wellness",Steel,West Bengal,09/2024,06/2026,,758.09,758.09,63.81,4.0,FlashReport_August_2025_page54_table1.csv,54,2026-08-28T21:13:48.638319
617246,13,2025-09,Up-gradation of Blast Furnace No. 3 at Durgapur Steel Plant,Steel Authority of India Limited [SAIL],617246,,,West Bengal,09/2024,06/2026,,758.09,758.09,67.14,6.0,FlashReport_September_2025_page60_table1.csv,60,2026-08-28T21:13:53.895627
617248,13,2025-07,Third Ladle Furnace in Secondary Refinery Unit at IISCO Steel Plant,Steel Authority of India Limited [SAIL],617248,,,West Bengal,12/2024,07/2026,,227.96,227.96,16.24,29.0,FlashReport_July_2025_page63_table1.csv,63,2026-08-28T21:13:50.873576
617248,13,2025-08,Third Ladle Furnace in Secondary Refinery Unit at IISCO Steel Plant,Steel Authority of India Limited [SAIL],617248,"Tourism, Hospitality & Wellness",Steel,West Bengal,12/2024,07/2026,,227.96,227.96,16.24,29.0,FlashReport_August_2025_page54_table1.csv,54,2026-08-28T21:13:48.638472
617248,13,2025-09,Third Ladle Furnace in Secondary Refinery Unit at IISCO Steel Plant,Steel Authority of India Limited [SAIL],617248,,,West Bengal,11/2024,07/2026,,227.96,227.96,19.61,31.0,FlashReport_September_2025_page60_table1.csv,60,2026-08-28T21:13:53.895754
617251,13,2025-07,Revamping of Air Pollution Control Systems of SP-1 at Durgapur Steel Plant,Steel Authority of India Limited [SAIL],617251,,,West Bengal,12/2024,05/2026,,196.4,196.4,0.19,2.0,FlashReport_July_2025_page63_table1.csv,63,2026-08-28T21:13:50.873657
617251,13,2025-08,Revamping of Air Pollution Control Systems of SP-1 at Durgapur Steel Plant,Steel Authority of India Limited [SAIL],617251,"Tourism, Hospitality & Wellness",Steel,West Bengal,11/2024,05/2026,,196.4,196.4,0.19,3.0,FlashReport_August_2025_page54_table1.csv,54,2026-08-28T21:13:48.638627
617251,13,2025-09,Revamping of Air Pollution Control Systems of SP-1 at Durgapur Steel Plant,Steel Authority of India Limited [SAIL],617251,,,West Bengal,07/2024,05/2026,,196.4,196.4,0.19,3.0,FlashReport_September_2025_page60_table1.csv,60,2026-08-28T21:13:53.895873
617338,12,2025-09,Stamp Charge Battery No.12 Battery Proper at IISCO Steel Plant,Steel Authority of India Limited [SAIL],617338,Ministry of Railways,Steel,,01/2025,07/2028,,2518.39,,,,FlashReport_September_2025_page36_table1.csv,36,2026-08-28T21:13:53.773790
400298,12,2025-08,Nadikudi - Srikalahasti New Line,South Central Railway [SCR] - II,400298,"Tourism, Hospitality & Wellness",Railways,Andhra Pradesh,03/2012,05/2027,03/2028,2312.0,5200.0,2179.0,54.0,FlashReport_August_2025_page54_table1.csv,54,2026-08-28T21:13:48.638845
400298,12,2025-09,Nadikudi - Srikalahasti New Line,South Central Railway [SCR] - II,400298,Ministry of Railways,Railways,Andhra Pradesh,03/2012,05/2027,03/2028,2312.0,5200.0,2179.0,54.0,FlashReport_September_2025_page60_table1.csv,60,2026-08-28T21:13:53.895997
611752,12,2025-07,GOOTY-PENDEKALLU DOUBLING 29.225 Km,South Central Railway [SCR] - II,611752,,,Andhra Pradesh,06/2023,03/2027,,351.83,351.83,18.0,25.0,FlashReport_July_2025_page54_table1.csv,54,2026-08-28T21:13:50.797771
611752,12,2025-08,GOOTY-PENDEKALLU DOUBLING 29.225 Km,South Central Railway [SCR] - II,611752,,,Andhra Pradesh,03/2023,03/2027,03/2027,351.83,351.83,18.0,25.0,FlashReport_August_2025_page55_table1.csv,55,2026-08-28T21:13:48.641427
611752,12,2025-09,GOOTY-PENDEKALLU DOUBLING 29.225 Km,South Central Railway [SCR] - II,611752,Ministry of Railways,Railways,Andhra Pradesh,03/2023,03/2027,03/2027,351.83,351.83,18.0,25.0,FlashReport_September_2025_page60_table1.csv,60,2026-08-28T21:13:53.896089
611754,13,2025-07,GUNTAKAL WEST-MALLAPPA GATE RAIL OVER RAIL - ROR TRACK,South Central Railway [SCR] - II,611754,,,Andhra Pradesh,07/2023,07/2026,,293.3,293.3,0.0,0.0,FlashReport_July_2025_page54_table1.csv,54,2026-08-28T21:13:50.797940
611754,13,2025-08,GUNTAKAL WEST-MALLAPPA GATE RAIL OVER RAIL - ROR TRACK,South Central Railway [SCR] - II,611754,,,Andhra Pradesh,07/2023,07/2026,,293.3,293.3,0.0,0.0,FlashReport_August_2025_page55_table1.csv,55,2026-08-28T21:13:48.641777
611754,13,2025-09,GUNTAKAL WEST-MALLAPPA GATE RAIL OVER RAIL - ROR TRACK,South Central Railway [SCR] - II,611754,Ministry of Railways,Railways,Andhra Pradesh,07/2023,07/2026,,293.3,293.3,0.0,0.0,FlashReport_September_2025_page60_table1.csv,60,2026-08-28T21:13:53.896215
611927,13,2025-07,Kurnool - Setting up facilities for coach midlife rehabilitation workshop,WPO/Patna,611927,,,Andhra Pradesh,10/2017,12/2023,,560.72,560.72,276.66,65.0,FlashReport_July_2025_page54_table1.csv,54,2026-08-28T21:13:50.798078
611927,13,2025-08,Kurnool - Setting up facilities for coach midlife rehabilitation workshop,WPO/Patna,611927,,,Andhra Pradesh,01/2014,12/2023,,560.72,560.72,276.66,65.0,FlashReport_August_2025_page55_table1.csv,55,2026-08-28T21:13:48.641949
611927,13,2025-09,Kurnool - Setting up facilities for coach midlife rehabilitation workshop,WPO/Patna,611927,Ministry of Railways,Railways,Andhra Pradesh,01/2014,12/2023,,560.72,560.72,276.66,65.0,FlashReport_September_2025_page60_table1.csv,60,2026-08-28T21:13:53.896308
612827,13,2025-07,Flyover between Pendurthi and Simhachalam North to avoid surface crossing at Simhachalam 7.135 km PB 73 of 2023 24 NR,East Coast Railway [ECoR] - II,612827,,,Andhra Pradesh,05/2024,04/2027,,183.65,183.65,4.16,11.0,FlashReport_July_2025_page54_table1.csv,54,2026-08-28T21:13:50.798256
612827,13,2025-08,Flyover between Pendurthi and Simhachalam North to avoid surface crossing at Simhachalam 7.135 km PB 73 of 2023 24 NR,East Coast Railway [ECoR] - II,612827,,,Andhra Pradesh,05/2024,04/2027,,183.65,183.65,4.2,11.0,FlashReport_August_2025_page55_table1.csv,55,2026-08-28T21:13:48.642136
612827,13,2025-09,Flyover between Pendurthi and Simhachalam North to avoid surface crossing at Simhachalam 7.135 km PB 73 of 2023 24 NR,East Coast Railway [ECoR] - II,612827,Ministry of Railways,Railways,Andhra Pradesh,04/2023,04/2027,,183.65,183.65,5.11,11.0,FlashReport_September_2025_page60_table1.csv,60,2026-08-28T21:13:53.896400
616697,13,2025-07,3rd & 4th line between Vadlapudi -Gate Jn. cabin and Tie line between Gate Junction to Gangavaram port,East Coast Railway [ECoR] - II,616697,,,Andhra Pradesh,03/2024,06/2026,,154.28,154.28,10.79,16.0,FlashReport_July_2025_page54_table1.csv,54,2026-08-28T21:13:50.798410
616697,13,2025-08,3rd & 4th line between Vadlapudi -Gate Jn. cabin and Tie line between Gate Junction to Gangavaram port,East Coast Railway [ECoR] - II,616697,,,Andhra Pradesh,03/2024,06/2026,,154.28,154.28,10.98,16.0,FlashReport_August_2025_page55_table1.csv,55,2026-08-28T21:13:48.642310
616697,13,2025-09,3rd & 4th line between Vadlapudi -Gate Jn. cabin and Tie line between Gate Junction to Gangavaram port,East Coast Railway [ECoR] - II,616697,Ministry of Railways,Railways,Andhra Pradesh,04/2023,06/2026,,154.28,154.28,15.92,18.0,FlashReport_September_2025_page60_table1.csv,60,2026-08-28T21:13:53.896488
617210,13,2025-07,Tiupati Katpadi 104.39 kms,South Central Railway [SCR] - II,617210,,,Andhra Pradesh,04/2025,03/2029,,1215.56,1215.56,0.0,0.0,FlashReport_July_2025_page54_table1.csv,54,2026-08-28T21:13:50.798545
617210,13,2025-08,Tiupati Katpadi 104.39 kms,South Central Railway [SCR] - II,617210,,,Andhra Pradesh,04/2025,03/2029,,1215.56,1215.56,0.0,0.0,FlashReport_August_2025_page55_table1.csv,55,2026-08-28T21:13:48.642465
617216,13,2025-07,3rd Line between Gudur Renigunta 83.17 Km,South Central Railway [SCR] - II,617216,,,Andhra Pradesh,10/2024,03/2027,,877.34,877.34,2.97,0.0,FlashReport_July_2025_page54_table1.csv,54,2026-08-28T21:13:50.798674
617216,13,2025-08,3rd Line between Gudur Renigunta 83.17 Km,South Central Railway [SCR] - II,617216,,,Andhra Pradesh,10/2024,03/2027,,877.34,877.34,2.97,0.0,FlashReport_August_2025_page55_table1.csv,55,2026-08-28T21:13:48.642621
705253,12,2025-08,Kurnool Coach Midlife Rehabilitation Project,WPO/Patna,705253,,,Andhra Pradesh,07/2014,12/2020,,563.0,563.0,120.0,0.0,FlashReport_August_2025_page55_table1.csv,55,2026-08-28T21:13:48.642762
705253,12,2025-09,Kurnool Coach Midlife Rehabilitation Project,WPO/Patna,705253,Ministry of Railways,Railways,Andhra Pradesh,05/2016,12/2020,,563.0,563.0,120.0,0.0,FlashReport_September_2025_page60_table1.csv,60,2026-08-28T21:13:53.896563
705436,12,2025-07,Kotapalli - Narasapur New Line,South Central Railway [SCR] - II,705436,,,Andhra Pradesh,09/2013,03/2028,,2501.0,2501.0,1264.18,29.0,FlashReport_July_2025_page54_table1.csv,54,2026-08-28T21:13:50.798898
705436,12,2025-08,Kotapalli - Narasapur New Line,South Central Railway [SCR] - II,705436,,,Andhra Pradesh,03/2009,03/2028,03/2028,2501.0,2501.0,1303.41,29.0,FlashReport_August_2025_page55_table1.csv,55,2026-08-28T21:13:48.642935
705436,12,2025-09,Kotapalli - Narasapur New Line,South Central Railway [SCR] - II,705436,Ministry of Railways,Railways,Andhra Pradesh,03/2009,03/2028,03/2028,2501.0,2501.0,1303.41,29.0,FlashReport_September_2025_page60_table1.csv,60,2026-08-28T21:13:53.896640
705633,12,2025-07,Guntur-Guntakal Doubling Project,South Central Railway [SCR] - II,705633,,,Andhra Pradesh,11/2017,12/2025,,3733.0,4295.0,4112.59,92.0,FlashReport_July_2025_page54_table1.csv,54,2026-08-28T21:13:50.799034
705633,12,2025-08,Guntur-Guntakal Doubling Project,South Central Railway [SCR] - II,705633,,,Andhra Pradesh,03/2017,12/2025,12/2026,3733.0,4295.0,4213.01,92.0,FlashReport_August_2025_page55_table1.csv,55,2026-08-28T21:13:48.643085
705633,12,2025-09,Guntur-Guntakal Doubling Project,South Central Railway [SCR] - II,705633,Ministry of Railways,Railways,Andhra Pradesh,03/2017,12/2025,12/2026,3733.0,4295.0,4357.74,93.0,FlashReport_September_2025_page60_table1.csv,60,2026-08-28T21:13:53.896844
705648,12,2025-07,Vijaywada-Gudur 3rd Line,RVNL - II,705648,,,Andhra Pradesh,04/2018,11/2024,,6654.0,6654.0,5922.0,90.0,FlashReport_July_2025_page54_table1.csv,54,2026-08-28T21:13:50.799148
705648,12,2025-08,Vijaywada-Gudur 3rd Line,RVNL - II,705648,,,Andhra Pradesh,08/2016,11/2024,12/2025,6654.0,6654.0,5922.0,90.0,FlashReport_August_2025_page55_table1.csv,55,2026-08-28T21:13:48.643225
705648,12,2025-09,Vijaywada-Gudur 3rd Line,RVNL - II,705648,Ministry of Railways,Railways,Andhra Pradesh,08/2016,11/2024,12/2025,6654.0,6654.0,5922.0,90.0,FlashReport_September_2025_page60_table1.csv,60,2026-08-28T21:13:53.896964
400254,13,2025-07,Sakri -Hasanpur [via Harnagar - Kusheshwar Asthan] New Railway line,East Central Railway [ECR] - I,400254,,,Bihar,08/1997,12/2024,,735.2,735.2,585.09,81.0,FlashReport_July_2025_page54_table1.csv,54,2026-08-28T21:13:50.799985
400254,13,2025-08,Sakri -Hasanpur [via Harnagar - Kusheshwar Asthan] New Railway line,East Central Railway [ECR] - I,400254,,,Bihar,12/2023,12/2024,03/2027,735.2,735.2,585.84,82.0,FlashReport_August_2025_page55_table1.csv,55,2026-08-28T21:13:48.644130
400254,13,2025-09,Sakri -Hasanpur [via Harnagar - Kusheshwar Asthan] New Railway line,East Central Railway [ECR] - I,400254,Ministry of Railways,Railways,Bihar,12/2023,12/2024,03/2027,735.2,735.2,587.39,82.0,FlashReport_September_2025_page60_table1.csv,60,2026-08-28T21:13:53.897469
617231,12,2025-07,Construction of Bulb line at Nabinagar Ankorah of East Central Railway,East Central Railway [ECR] - I,617231,,,Bihar,05/2026,06/2028,,611.74,611.74,0.0,0.0,FlashReport_July_2025_page54_table1.csv,54,2026-08-28T21:13:50.800132
705364,12,2025-07,Khagaria-Kusheshwar Asthan [42Km] new line project,East Central Railway [ECR] - I,705364,,,Bihar,12/1998,12/2024,,614.0,1384.0,479.22,55.0,FlashReport_July_2025_page54_table1.csv,54,2026-08-28T21:13:50.800448
705364,12,2025-08,Khagaria-Kusheshwar Asthan [42Km] new line project,East Central Railway [ECR] - I,705364,,,Bihar,04/2019,12/2024,03/2027,614.0,1384.0,484.29,55.0,FlashReport_August_2025_page55_table1.csv,55,2026-08-28T21:13:48.644284
705364,12,2025-09,Khagaria-Kusheshwar Asthan [42Km] new line project,East Central Railway [ECR] - I,705364,Ministry of Railways,Railways,Bihar,04/2019,12/2024,03/2027,614.0,1384.0,485.71,55.0,FlashReport_September_2025_page60_table1.csv,60,2026-08-28T21:13:53.897622
705366,13,2025-07,Hajipur-Sagauli New line,East Central Railway [ECR] - I,705366,,,Bihar,10/2004,03/2020,,2067.0,2087.0,1908.49,74.0,FlashReport_July_2025_page54_table1.csv,54,2026-08-28T21:13:50.800580
705366,13,2025-08,Hajipur-Sagauli New line,East Central Railway [ECR] - I,705366,,,Bihar,10/2007,03/2020,12/2026,2067.0,2087.0,1968.45,74.0,FlashReport_August_2025_page55_table1.csv,55,2026-08-28T21:13:48.644425
705366,13,2025-09,Hajipur-Sagauli New line,East Central Railway [ECR] - I,705366,Ministry of Railways,Railways,Bihar,10/2007,03/2020,12/2026,2067.0,2087.0,1997.26,74.0,FlashReport_September_2025_page60_table1.csv,60,2026-08-28T21:13:53.897694
705368,13,2025-07,Araria Supaul New BG Line,East Central Railway [ECR] - II,705368,,,Bihar,03/2009,03/2024,,1605.0,2514.0,1311.39,33.0,FlashReport_July_2025_page54_table1.csv,54,2026-08-28T21:13:50.800712
705368,13,2025-08,Araria Supaul New BG Line,East Central Railway [ECR] - I,705368,,,Bihar,06/2018,03/2024,01/2027,1605.0,2514.0,1490.2,35.0,FlashReport_August_2025_page55_table1.csv,55,2026-08-28T21:13:48.644567
705368,13,2025-09,Araria Supaul New BG Line,East Central Railway [ECR] - I,705368,Ministry of Railways,Railways,Bihar,06/2018,03/2024,01/2027,1605.0,2514.0,1528.41,35.0,FlashReport_September_2025_page60_table1.csv,60,2026-08-28T21:13:53.897766
705373,13,2025-07,"Fatuha-Islampur incl. MM for extn.of NL from Neora to Daniawan , Daniawan to Biharsharif, Biharsharif to Barbigha , Barbigha to Shekhpura",East Central Railway [ECR] - II,705373,,,Bihar,03/2002,03/2023,,1473.0,2882.0,2824.8,91.0,FlashReport_July_2025_page54_table1.csv,54,2026-08-28T21:13:50.800963
705373,13,2025-08,"Fatuha-Islampur incl. MM for extn.of NL from Neora to Daniawan , Daniawan to Biharsharif, Biharsharif to Barbigha , Barbigha to Shekhpura",East Central Railway [ECR] - I,705373,,,Bihar,08/2002,03/2023,08/2025,1473.0,2882.0,2522.41,94.0,FlashReport_August_2025_page55_table1.csv,55,2026-08-28T21:13:48.644742
705373,13,2025-09,"Fatuha-Islampur incl. MM for extn.of NL from Neora to Daniawan , Daniawan to Biharsharif, Biharsharif to Barbigha , Barbigha to Shekhpura",East Central Railway [ECR] - I,705373,,,Bihar,08/2002,03/2023,08/2025,1473.0,2882.0,2522.41,94.0,FlashReport_September_2025_page61_table1.csv,61,2026-08-28T21:13:53.899702
705450,13,2025-07,Jogbani-Biratnagar New Rail Line project,Indian Railway Construction International Limited [IRCON],705450,,,Bihar,01/2011,03/2022,,402.0,486.0,361.0,86.0,FlashReport_July_2025_page54_table1.csv,54,2026-08-28T21:13:50.801496
705450,13,2025-08,Jogbani-Biratnagar New Rail Line project,Indian Railway Construction International Limited [IRCON],705450,,,Bihar,06/2010,03/2022,12/2026,402.0,486.0,367.54,86.0,FlashReport_August_2025_page55_table1.csv,55,2026-08-28T21:13:48.644891
705450,13,2025-09,Jogbani-Biratnagar New Rail Line project,Indian Railway Construction International Limited [IRCON],705450,,,Bihar,06/2010,03/2022,12/2026,402.0,486.0,367.54,86.0,FlashReport_September_2025_page61_table1.csv,61,2026-08-28T21:13:53.899853
705526,13,2025-07,Samastipur-Darbhanga Doubling Railway Project,East Central Railway [ECR] - I,705526,,,Bihar,12/2015,03/2025,,519.0,519.0,337.03,82.0,FlashReport_July_2025_page54_table1.csv,54,2026-08-28T21:13:50.801704
705526,13,2025-08,Samastipur-Darbhanga Doubling Railway Project,East Central Railway [ECR] - I,705526,,,Bihar,12/2015,03/2025,10/2025,519.0,519.0,344.23,84.0,FlashReport_August_2025_page55_table1.csv,55,2026-08-28T21:13:48.645053
705526,13,2025-09,Samastipur-Darbhanga Doubling Railway Project,East Central Railway [ECR] - I,705526,,,Bihar,11/2015,03/2025,10/2025,519.0,519.0,354.98,84.0,FlashReport_September_2025_page61_table1.csv,61,2026-08-28T21:13:53.899986
705527,13,2025-07,Sagauli-Valmiknagar,East Central Railway [ECR] - II,705527,,,Bihar,03/2017,12/2025,,1216.0,2222.0,2039.0,91.0,FlashReport_July_2025_page54_table1.csv,54,2026-08-28T21:13:50.801840
705527,13,2025-08,Sagauli-Valmiknagar,East Central Railway [ECR] - I,705527,,,Bihar,03/2018,12/2025,12/2025,1216.0,2222.0,2044.54,91.0,FlashReport_August_2025_page55_table1.csv,55,2026-08-28T21:13:48.645192
705527,13,2025-09,Sagauli-Valmiknagar,East Central Railway [ECR] - I,705527,,,Bihar,03/2018,12/2025,12/2025,1216.0,2222.0,2062.27,91.0,FlashReport_September_2025_page61_table1.csv,61,2026-08-28T21:13:53.900116
705528,13,2025-07,Muzaffarpur-Sugauli,East Central Railway [ECR] - II,705528,,,Bihar,03/2017,06/2024,,1586.0,1586.0,1586.82,99.0,FlashReport_July_2025_page54_table1.csv,54,2026-08-28T21:13:50.802028
705528,13,2025-08,Muzaffarpur-Sugauli,East Central Railway [ECR] - I,705528,,,Bihar,03/2018,06/2024,08/2025,1586.0,1586.0,1463.45,99.0,FlashReport_August_2025_page55_table1.csv,55,2026-08-28T21:13:48.645329
705528,13,2025-09,Muzaffarpur-Sugauli,East Central Railway [ECR] - I,705528,,,Bihar,03/2018,06/2024,02/2026,1586.0,1586.0,1465.64,99.0,FlashReport_September_2025_page61_table1.csv,61,2026-08-28T21:13:53.900196
706759,13,2025-07,Rampur Dumra-Tal-Rajendrapul Additional Bridge and Railway Line Doubling,Indian Railway Construction International Limited [IRCON],706759,,,Bihar,05/2017,12/2024,,2374.0,2374.0,1777.0,85.0,FlashReport_July_2025_page54_table1.csv,54,2026-08-28T21:13:50.802168
706759,13,2025-08,Rampur Dumra-Tal-Rajendrapul Additional Bridge and Railway Line Doubling,Indian Railway Construction International Limited [IRCON],706759,,,Bihar,03/2016,12/2024,12/2025,2373.64,1700.24,1402.95,95.0,FlashReport_August_2025_page55_table1.csv,55,2026-08-28T21:13:48.645486
706759,13,2025-09,Rampur Dumra-Tal-Rajendrapul Additional Bridge and Railway Line Doubling,Indian Railway Construction International Limited [IRCON],706759,,,Bihar,03/2016,12/2024,12/2025,2373.64,1700.24,1414.12,96.0,FlashReport_September_2025_page61_table1.csv,61,2026-08-28T21:13:53.900281
706860,12,2025-08,Barauni-Bachwara [16 km] - 3rd & 4th line incl. Barauni yard remodelling [32 km],East Central Railway [ECR] - I,706860,,,Bihar,10/2022,08/2025,10/2026,645.0,645.0,0.77,55.0,FlashReport_August_2025_page55_table1.csv,55,2026-08-28T21:13:48.645646
706860,12,2025-09,Barauni-Bachwara [16 km] - 3rd & 4th line incl. Barauni yard remodelling [32 km],East Central Railway [ECR] - I,706860,,,Bihar,10/2022,08/2025,10/2026,645.0,645.0,7.61,55.0,FlashReport_September_2025_page61_table1.csv,61,2026-08-28T21:13:53.900368
900874,12,2025-09,JHAJHA - BATIA,East Central Railway [ECR] - I,900874,Ministry of Railways,Railways,Bihar,03/2023,03/2028,01/2030,588.18,,,,FlashReport_September_2025_page36_table1.csv,36,2026-08-28T21:13:53.771504
400220,13,2025-07,Kharsia-Dharamjaygarh with Spur line [East Corridor-Phase 1],Indian Railway Construction International Limited [IRCON],400220,,,Chhattisgarh,01/2014,09/2018,,3055.0,3438.0,2574.54,94.0,FlashReport_July_2025_page54_table1.csv,54,2026-08-28T21:13:50.802340
400220,13,2025-08,Kharsia-Dharamjaygarh with Spur line [East Corridor-Phase 1],Indian Railway Construction International Limited [IRCON],400220,,,Chhattisgarh,03/2016,09/2018,03/2026,3055.0,3438.0,2574.54,94.0,FlashReport_August_2025_page55_table1.csv,55,2026-08-28T21:13:48.645799
400220,13,2025-09,Kharsia-Dharamjaygarh with Spur line [East Corridor-Phase 1],Indian Railway Construction International Limited [IRCON],400220,,,Chhattisgarh,03/2016,09/2018,03/2026,3055.0,3438.0,2587.28,94.0,FlashReport_September_2025_page61_table1.csv,61,2026-08-28T21:13:53.900532
400291,13,2025-07,Doubling of Kirandul-Jagdalpur Line [150 km],East Coast Railway [ECoR] - II,400291,,,Chhattisgarh,03/2013,03/2020,,1589.0,1798.0,1541.7,92.0,FlashReport_July_2025_page54_table1.csv,54,2026-08-28T21:13:50.802484
400291,13,2025-08,Doubling of Kirandul-Jagdalpur Line [150 km],East Coast Railway [ECoR] - II,400291,,,Chhattisgarh,02/2013,03/2020,12/2025,1589.0,1798.0,1542.79,92.0,FlashReport_August_2025_page55_table1.csv,55,2026-08-28T21:13:48.645946
400291,13,2025-09,Doubling of Kirandul-Jagdalpur Line [150 km],East Coast Railway [ECoR] - II,400291,,,Chhattisgarh,02/2013,03/2020,12/2025,1589.0,1798.0,1542.79,92.0,FlashReport_September_2025_page61_table1.csv,61,2026-08-28T21:13:53.900767
602792,13,2025-07,Gauge Conversion of Kendri-Dhamtari including Abhanpur - Rajim Branch line 67.20 Kms - 2nd Material Modification to Raipur Titlagarh doubling.,SECR,602792,,,Chhattisgarh,05/2021,02/2025,,1171.0,1171.0,848.0,82.0,FlashReport_July_2025_page55_table1.csv,55,2026-08-28T21:13:50.804751
602792,13,2025-08,Gauge Conversion of Kendri-Dhamtari including Abhanpur - Rajim Branch line 67.20 Kms - 2nd Material Modification to Raipur Titlagarh doubling.,SECR,602792,,,Chhattisgarh,07/2011,02/2025,11/2025,1171.0,1171.0,848.0,82.0,FlashReport_August_2025_page55_table1.csv,55,2026-08-28T21:13:48.646112
602792,13,2025-09,Gauge Conversion of Kendri-Dhamtari including Abhanpur - Rajim Branch line 67.20 Kms - 2nd Material Modification to Raipur Titlagarh doubling.,SECR,602792,,,Chhattisgarh,07/2011,02/2025,11/2025,1171.0,1171.0,848.0,82.0,FlashReport_September_2025_page61_table1.csv,61,2026-08-28T21:13:53.900883
612815,13,2025-07,4th line between Nipania Bhatapara 14.4 Km,South East Central Railway [SECR] - II,612815,,,Chhattisgarh,05/2024,03/2027,,170.49,170.49,0.0,0.0,FlashReport_July_2025_page55_table1.csv,55,2026-08-28T21:13:50.804914
612815,13,2025-08,4th line between Nipania Bhatapara 14.4 Km,South East Central Railway [SECR] - II,612815,,,Chhattisgarh,05/2024,03/2027,,170.49,170.49,0.0,0.0,FlashReport_August_2025_page56_table1.csv,56,2026-08-28T21:13:48.648475
612815,13,2025-09,4th line between Nipania Bhatapara 14.4 Km,South East Central Railway [SECR] - II,612815,,,Chhattisgarh,12/2022,03/2027,,170.49,170.49,0.0,2.0,FlashReport_September_2025_page61_table1.csv,61,2026-08-28T21:13:53.900975
617200,12,2025-07,KHARSIA- NAYA RAIPUR-PARMALKASA 5th and 6th Line [278KM],CAO/C/SECR,617200,,,Chhattisgarh,04/2025,03/2031,,7853.84,7853.84,0.0,0.0,FlashReport_July_2025_page55_table1.csv,55,2026-08-28T21:13:50.805128
617200,12,2025-08,KHARSIA- NAYA RAIPUR-PARMALKASA 5th and 6th Line [278KM],CAO/C/SECR,617200,,,Chhattisgarh,04/2025,03/2031,,7853.84,7853.84,0.0,0.0,FlashReport_August_2025_page56_table1.csv,56,2026-08-28T21:13:48.648779
617374,11,2025-09,"Dallirajhara - Rowghat New Rail Line Project, Phase-I",Rail Vikas Nigam Limited,617374,Ministry of Railways,Railways,Chhattisgarh,11/2009,03/2025,,1516.45,,,,FlashReport_September_2025_page36_table1.csv,36,2026-08-28T21:13:53.771642
705433,13,2025-07,Dallirajhra- Rowghat New Railway Line - Phase I [95 km],RVNL - II,705433,,,Chhattisgarh,12/2009,09/2025,,1628.0,1628.0,1440.85,82.0,FlashReport_July_2025_page55_table1.csv,55,2026-08-28T21:13:50.805233
705433,13,2025-08,Dallirajhra- Rowghat New Railway Line - Phase I [95 km],RVNL - II,705433,,,Chhattisgarh,07/2009,09/2025,12/2025,1628.0,1628.0,1440.85,82.0,FlashReport_August_2025_page56_table1.csv,56,2026-08-28T21:13:48.648957
705433,13,2025-09,Dallirajhra- Rowghat New Railway Line - Phase I [95 km],RVNL - II,705433,,,Chhattisgarh,07/2009,09/2025,12/2025,1628.0,1628.0,1440.85,82.0,FlashReport_September_2025_page61_table1.csv,61,2026-08-28T21:13:53.901208
705444,13,2025-07,Gevra Road-Pendra Road New Railway Line [135 km],Indian Railway Construction International Limited [IRCON],705444,,,Chhattisgarh,04/2014,03/2022,,4970.0,4970.0,4271.55,72.0,FlashReport_July_2025_page55_table1.csv,55,2026-08-28T21:13:50.805345
705444,13,2025-08,Gevra Road-Pendra Road New Railway Line [135 km],Indian Railway Construction International Limited [IRCON],705444,,,Chhattisgarh,04/2014,03/2022,12/2025,4970.0,4970.0,4346.55,73.0,FlashReport_August_2025_page56_table1.csv,56,2026-08-28T21:13:48.649121
705444,13,2025-09,Gevra Road-Pendra Road New Railway Line [135 km],Indian Railway Construction International Limited [IRCON],705444,,,Chhattisgarh,04/2014,03/2022,12/2025,4970.0,4970.0,4449.99,73.0,FlashReport_September_2025_page61_table1.csv,61,2026-08-28T21:13:53.901289
706854,13,2025-07,Boridand - Ambikapur Doubling Line Project,South East Central Railway [SECR] - II,706854,,,Chhattisgarh,04/2022,06/2030,,1376.0,1576.23,218.0,18.0,FlashReport_July_2025_page55_table1.csv,55,2026-08-28T21:13:50.805627
706854,13,2025-08,Boridand - Ambikapur Doubling Line Project,South East Central Railway [SECR] - II,706854,,,Chhattisgarh,06/2022,06/2030,06/2030,1376.0,1576.23,218.0,18.0,FlashReport_August_2025_page56_table1.csv,56,2026-08-28T21:13:48.649423
706854,13,2025-09,Boridand - Ambikapur Doubling Line Project,South East Central Railway [SECR] - II,706854,,,Chhattisgarh,06/2022,06/2030,06/2030,1376.0,1576.23,218.0,18.0,FlashReport_September_2025_page61_table1.csv,61,2026-08-28T21:13:53.901377
709815,13,2025-07,4TH LINE - BHATAPARA-HATHBAND [8.8 KM] [PB-72/NR/2022-23],SECR,709815,,,Chhattisgarh,05/2024,01/2027,,177.03,177.03,0.0,0.0,FlashReport_July_2025_page55_table1.csv,55,2026-08-28T21:13:50.805900
709815,13,2025-08,4TH LINE - BHATAPARA-HATHBAND [8.8 KM] [PB-72/NR/2022-23],SECR,709815,,,Chhattisgarh,05/2024,01/2027,12/2027,177.03,177.03,0.0,2.0,FlashReport_August_2025_page56_table1.csv,56,2026-08-28T21:13:48.649688
709815,13,2025-09,4TH LINE - BHATAPARA-HATHBAND [8.8 KM] [PB-72/NR/2022-23],SECR,709815,,,Chhattisgarh,09/2022,01/2027,12/2027,177.03,177.03,0.0,2.0,FlashReport_September_2025_page61_table1.csv,61,2026-08-28T21:13:53.901526
709816,13,2025-07,4TH LINE - BHILAI-BHILAI NAGAR [8.8 KM] [PB-72/NR/2022-23],SECR,709816,,,Chhattisgarh,05/2024,02/2027,,177.34,177.34,0.76,2.0,FlashReport_July_2025_page55_table1.csv,55,2026-08-28T21:13:50.806035
709816,13,2025-08,4TH LINE - BHILAI-BHILAI NAGAR [8.8 KM] [PB-72/NR/2022-23],SECR,709816,,,Chhattisgarh,05/2024,02/2027,02/2027,177.34,177.34,1.16,2.0,FlashReport_August_2025_page56_table1.csv,56,2026-08-28T21:13:48.649920
709816,13,2025-09,4TH LINE - BHILAI-BHILAI NAGAR [8.8 KM] [PB-72/NR/2022-23],SECR,709816,,,Chhattisgarh,09/2022,02/2027,02/2027,177.34,177.34,1.64,4.0,FlashReport_September_2025_page61_table1.csv,61,2026-08-28T21:13:53.901601
709817,12,2025-07,4TH LINE - DADHAPARA-BELHA [9.2 KM] [PB-72/NR/2022-23],SECR,709817,,,Chhattisgarh,05/2024,11/2026,,169.06,169.06,10.13,4.0,FlashReport_July_2025_page55_table1.csv,55,2026-08-28T21:13:50.806167
709817,12,2025-08,4TH LINE - DADHAPARA-BELHA [9.2 KM] [PB-72/NR/2022-23],SECR,709817,,,Chhattisgarh,05/2024,11/2026,11/2026,169.06,169.06,14.42,60.0,FlashReport_August_2025_page56_table1.csv,56,2026-08-28T21:13:48.650071
709817,12,2025-09,4TH LINE - DADHAPARA-BELHA [9.2 KM] [PB-72/NR/2022-23],SECR,709817,,,Chhattisgarh,09/2022,11/2026,11/2026,169.06,169.06,15.58,60.0,FlashReport_September_2025_page61_table1.csv,61,2026-08-28T21:13:53.901674
709818,13,2025-07,4TH LINE RAJNANDGAON-DONGARHGARH [31.2 KM] [PB-72/NR/2022-23],SECR,709818,,,Chhattisgarh,05/2024,01/2027,,328.34,328.34,48.02,25.0,FlashReport_July_2025_page55_table1.csv,55,2026-08-28T21:13:50.806299
709818,13,2025-08,4TH LINE RAJNANDGAON-DONGARHGARH [31.2 KM] [PB-72/NR/2022-23],SECR,709818,,,Chhattisgarh,05/2024,01/2027,01/2027,328.34,328.34,50.58,25.0,FlashReport_August_2025_page56_table1.csv,56,2026-08-28T21:13:48.650228
709818,13,2025-09,4TH LINE RAJNANDGAON-DONGARHGARH [31.2 KM] [PB-72/NR/2022-23],SECR,709818,,,Chhattisgarh,09/2022,01/2027,01/2027,328.34,328.34,53.88,25.0,FlashReport_September_2025_page61_table1.csv,61,2026-08-28T21:13:53.901746
709819,13,2025-07,3RD AND 4TH LINE - SARAGBUNDIA AND MADWARANI,SECR,709819,,,Chhattisgarh,09/2022,12/2026,,177.0,177.0,0.0,0.0,FlashReport_July_2025_page55_table1.csv,55,2026-08-28T21:13:50.806432
709819,13,2025-08,3RD AND 4TH LINE - SARAGBUNDIA AND MADWARANI,SECR,709819,,,Chhattisgarh,09/2022,12/2026,12/2026,167.64,167.64,0.0,2.0,FlashReport_August_2025_page56_table1.csv,56,2026-08-28T21:13:48.650419
709819,13,2025-09,3RD AND 4TH LINE - SARAGBUNDIA AND MADWARANI,SECR,709819,,,Chhattisgarh,09/2022,12/2026,12/2026,167.64,167.64,0.04,3.0,FlashReport_September_2025_page61_table1.csv,61,2026-08-28T21:13:53.901816
613785,12,2025-07,Redevelopment of New Delhi Railway Station and construction of associated infrastructure,Ministry of Railways,613785,,,Delhi,06/2024,12/2028,,4744.0,4744.0,31.77,0.0,FlashReport_July_2025_page55_table1.csv,55,2026-08-28T21:13:50.818582
613785,12,2025-08,Redevelopment of New Delhi Railway Station and construction of associated infrastructure,Ministry of Railways,613785,,,Delhi,01/2023,12/2028,,4744.0,4744.0,35.09,0.0,FlashReport_August_2025_page56_table1.csv,56,2026-08-28T21:13:48.650706
613785,12,2025-09,Redevelopment of New Delhi Railway Station and construction of associated infrastructure,Rail Land Development Authority,613785,,,Delhi,01/2023,12/2028,,4744.0,4744.0,119.71,1.0,FlashReport_September_2025_page61_table1.csv,61,2026-08-28T21:13:53.901899
617379,11,2025-09,Development of New Bijwasan Railway Terminal,Northern Railways,617379,Ministry of Railways,Railways,Delhi,02/2008,03/2020,,446.21,,,,FlashReport_September_2025_page36_table1.csv,36,2026-08-28T21:13:53.771769
705583,12,2025-08,Anand Vihar-Tilak Bridge 3rd & 4th line,CAO/C/NR,705583,,,Delhi,03/2013,03/2023,12/2027,667.0,667.0,285.44,62.0,FlashReport_August_2025_page56_table1.csv,56,2026-08-28T21:13:48.651025
705583,12,2025-09,Anand Vihar-Tilak Bridge 3rd & 4th line,CAO/C/NR,705583,,,Delhi,03/2013,03/2023,12/2027,667.0,667.0,285.44,62.0,FlashReport_September_2025_page61_table1.csv,61,2026-08-28T21:13:53.902114
611918,13,2025-07,Kosamba Umarpada 70 Km,PCE/WR,611918,,,Gujarat,07/2022,03/2027,,468.0,468.0,20.0,0.0,FlashReport_July_2025_page55_table1.csv,55,2026-08-28T21:13:50.820528
611918,13,2025-08,Kosamba Umarpada 70 Km,PCE/WR,611918,,,Gujarat,07/2022,03/2027,,468.0,468.0,20.0,8.0,FlashReport_August_2025_page56_table1.csv,56,2026-08-28T21:13:48.652294
611918,13,2025-09,Kosamba Umarpada 70 Km,PCE/WR,611918,,,Gujarat,07/2023,03/2027,,468.0,468.0,20.0,8.0,FlashReport_September_2025_page62_table1.csv,62,2026-08-28T21:13:53.905331
611943,13,2025-07,New broad gauge line between Naliya Jakhau Port 25 Kms,PCE/WR,611943,,,Gujarat,02/2023,01/2028,,410.26,410.26,6.0,4.0,FlashReport_July_2025_page55_table1.csv,55,2026-08-28T21:13:50.821505
611943,13,2025-08,New broad gauge line between Naliya Jakhau Port 25 Kms,PCE/WR,611943,,,Gujarat,02/2023,01/2028,01/2028,410.26,410.26,6.0,4.0,FlashReport_August_2025_page56_table1.csv,56,2026-08-28T21:13:48.652794
611943,13,2025-09,New broad gauge line between Naliya Jakhau Port 25 Kms,PCE/WR,611943,,,Gujarat,02/2023,01/2028,01/2028,410.26,410.26,6.0,4.0,FlashReport_September_2025_page62_table1.csv,62,2026-08-28T21:13:53.905883
611945,13,2025-07,Petlad Bhadran 23 Kms,PCE/WR,611945,,,Gujarat,05/2022,05/2030,,307.11,307.11,82.0,8.0,FlashReport_July_2025_page56_table1.csv,56,2026-08-28T21:13:50.825027
611945,13,2025-08,Petlad Bhadran 23 Kms,PCE/WR,611945,,,Gujarat,05/2022,05/2030,05/2030,307.11,307.11,82.0,17.0,FlashReport_August_2025_page57_table1.csv,57,2026-08-28T21:13:48.655748
611945,13,2025-09,Petlad Bhadran 23 Kms,PCE/WR,611945,,,Gujarat,05/2022,05/2030,05/2030,307.11,307.11,82.0,17.0,FlashReport_September_2025_page62_table1.csv,62,2026-08-28T21:13:53.906223
611970,13,2025-07,Samlaya Timba Road 54 km,PCE/WR,611970,,,Gujarat,02/2023,03/2030,,670.17,670.17,102.0,12.0,FlashReport_July_2025_page56_table1.csv,56,2026-08-28T21:13:50.825262
611970,13,2025-08,Samlaya Timba Road 54 km,PCE/WR,611970,,,Gujarat,02/2023,03/2030,03/2030,670.17,670.17,102.0,12.0,FlashReport_August_2025_page57_table1.csv,57,2026-08-28T21:13:48.655997
611970,13,2025-09,Samlaya Timba Road 54 km,PCE/WR,611970,,,Gujarat,02/2023,03/2030,03/2030,670.17,670.17,102.0,12.0,FlashReport_September_2025_page62_table1.csv,62,2026-08-28T21:13:53.906346
611971,13,2025-07,Samni Jambusar 24 km,PCE/WR,611971,,,Gujarat,05/2022,03/2030,,350.0,349.93,87.0,32.0,FlashReport_July_2025_page56_table1.csv,56,2026-08-28T21:13:50.825360
611971,13,2025-08,Samni Jambusar 24 km,PCE/WR,611971,,,Gujarat,05/2022,03/2030,03/2030,350.0,349.93,87.0,31.0,FlashReport_August_2025_page57_table1.csv,57,2026-08-28T21:13:48.656131
611971,13,2025-09,Samni Jambusar 24 km,PCE/WR,611971,,,Gujarat,05/2022,03/2030,03/2030,350.0,349.93,87.0,31.0,FlashReport_September_2025_page62_table1.csv,62,2026-08-28T21:13:53.906469
611974,13,2025-07,Western Railway Samakhiali Gandhidham Quadrupiling 53 Kms,PCE/WR,611974,,,Gujarat,08/2023,12/2026,,1430.0,1430.0,0.0,0.0,FlashReport_July_2025_page56_table1.csv,56,2026-08-28T21:13:50.825976
611974,13,2025-08,Western Railway Samakhiali Gandhidham Quadrupiling 53 Kms,PCE/WR,611974,,,Gujarat,08/2023,12/2026,,1430.0,1430.0,0.0,0.0,FlashReport_August_2025_page57_table1.csv,57,2026-08-28T21:13:48.656513
611974,13,2025-09,Western Railway Samakhiali Gandhidham Quadrupiling 53 Kms,PCE/WR,611974,,,Gujarat,08/2023,12/2026,,1430.0,1430.0,0.0,0.0,FlashReport_September_2025_page62_table1.csv,62,2026-08-28T21:13:53.906607
611977,12,2025-07,Dahod Creation of Infrastructure facilities for 9000 HP Electric locomotives Manufacturing at,PCE/WR,611977,,,Gujarat,02/2023,02/2025,,487.0,487.0,108.69,0.0,FlashReport_July_2025_page56_table1.csv,56,2026-08-28T21:13:50.826135
611977,12,2025-08,Dahod Creation of Infrastructure facilities for 9000 HP Electric locomotives Manufacturing at,PCE/WR,611977,,,Gujarat,02/2023,02/2025,,487.0,487.0,108.69,0.0,FlashReport_August_2025_page57_table1.csv,57,2026-08-28T21:13:48.656660
611977,12,2025-09,Dahod Creation of Infrastructure facilities for 9000 HP Electric locomotives Manufacturing at,PCE/WR,611977,,,Gujarat,05/2022,02/2025,,487.0,487.0,108.69,0.0,FlashReport_September_2025_page62_table1.csv,62,2026-08-28T21:13:53.906758
611978,12,2025-07,Dahod Rolling Stock Workshop Provision of Infrastructure for CBS at,PCE/WR,611978,,,Gujarat,03/2023,03/2025,,158.0,158.0,47.31,0.0,FlashReport_July_2025_page56_table1.csv,56,2026-08-28T21:13:50.826261
611978,12,2025-08,Dahod Rolling Stock Workshop Provision of Infrastructure for CBS at,PCE/WR,611978,,,Gujarat,03/2023,03/2025,,158.0,158.0,47.31,0.0,FlashReport_August_2025_page57_table1.csv,57,2026-08-28T21:13:48.656800
611978,12,2025-09,Dahod Rolling Stock Workshop Provision of Infrastructure for CBS at,PCE/WR,611978,,,Gujarat,11/2022,03/2025,,158.0,158.0,47.31,0.0,FlashReport_September_2025_page62_table1.csv,62,2026-08-28T21:13:53.906898
611979,12,2025-07,Sabarmati Setting up of Maintenance Facilities for Train Sets Phase ii,PCE/WR,611979,,,Gujarat,04/2023,06/2025,,250.0,250.0,0.0,0.0,FlashReport_July_2025_page56_table1.csv,56,2026-08-28T21:13:50.826404
611979,12,2025-08,Sabarmati Setting up of Maintenance Facilities for Train Sets Phase ii,PCE/WR,611979,,,Gujarat,04/2023,06/2025,,250.0,250.0,0.0,0.0,FlashReport_August_2025_page57_table1.csv,57,2026-08-28T21:13:48.656932
611979,12,2025-09,Sabarmati Setting up of Maintenance Facilities for Train Sets Phase ii,PCE/WR,611979,,,Gujarat,01/2023,06/2025,,250.0,250.0,0.0,0.0,FlashReport_September_2025_page62_table1.csv,62,2026-08-28T21:13:53.907026
612072,13,2025-07,4th LINE BETWEEN BAREJADI NANDEJ-SANAND-AHMEDABAD BYPASS,Western Railway,612072,,,Gujarat,02/2023,03/2027,,961.67,961.67,132.63,16.0,FlashReport_July_2025_page56_table1.csv,56,2026-08-28T21:13:50.826549
612072,13,2025-08,4th LINE BETWEEN BAREJADI NANDEJ-SANAND-AHMEDABAD BYPASS,Western Railway,612072,,,Gujarat,02/2023,03/2027,03/2027,961.67,961.67,327.53,17.0,FlashReport_August_2025_page57_table1.csv,57,2026-08-28T21:13:48.657157
612072,13,2025-09,4th LINE BETWEEN BAREJADI NANDEJ-SANAND-AHMEDABAD BYPASS,Western Railway,612072,,,Gujarat,02/2023,03/2027,03/2027,961.67,961.67,333.21,17.0,FlashReport_September_2025_page62_table1.csv,62,2026-08-28T21:13:53.907150
613786,12,2025-07,"Redevelopment of Ahmedabad railway station and associated infrastructure on engineering, procurement and construction mode",Ministry of Railways,613786,,,Gujarat,11/2023,03/2028,,2379.0,2379.0,607.69,15.0,FlashReport_July_2025_page56_table1.csv,56,2026-08-28T21:13:50.826713
613786,12,2025-08,"Redevelopment of Ahmedabad railway station and associated infrastructure on engineering, procurement and construction mode",Ministry of Railways,613786,,,Gujarat,01/2023,03/2028,,2379.0,2379.0,656.84,16.0,FlashReport_August_2025_page57_table1.csv,57,2026-08-28T21:13:48.657656
613786,12,2025-09,"Redevelopment of Ahmedabad railway station and associated infrastructure on engineering, procurement and construction mode",Rail Land Development Authority,613786,,,Gujarat,01/2023,03/2028,,2379.0,2379.0,682.86,18.0,FlashReport_September_2025_page62_table1.csv,62,2026-08-28T21:13:53.907298
705458,13,2025-07,Miyagam-Karjan-Dabhoi-Samlaya [GC],Western Railway [WR] - II,705458,,,Gujarat,01/2017,03/2021,,844.0,1600.0,693.0,68.0,FlashReport_July_2025_page56_table1.csv,56,2026-08-28T21:13:50.826860
705458,13,2025-08,Miyagam-Karjan-Dabhoi-Samlaya [GC],Western Railway [WR] - II,705458,,,Gujarat,01/2017,03/2021,12/2026,483.88,844.1,620.98,41.0,FlashReport_August_2025_page57_table1.csv,57,2026-08-28T21:13:48.657838
705458,13,2025-09,Miyagam-Karjan-Dabhoi-Samlaya [GC],Western Railway [WR] - II,705458,,,Gujarat,01/2017,03/2021,12/2026,483.88,1039.13,621.37,41.0,FlashReport_September_2025_page62_table1.csv,62,2026-08-28T21:13:53.907440
706757,12,2025-07,Modasa-Shamlaji Road Railway Line Project,SECR,706757,,,Gujarat,04/2008,03/2025,,262.0,262.0,203.0,58.0,FlashReport_July_2025_page56_table1.csv,56,2026-08-28T21:13:50.826992
706757,12,2025-08,Modasa-Shamlaji Road Railway Line Project,SECR,706757,,,Gujarat,09/2012,03/2025,03/2027,262.0,262.0,203.0,58.0,FlashReport_August_2025_page57_table1.csv,57,2026-08-28T21:13:48.658162
706757,12,2025-09,Modasa-Shamlaji Road Railway Line Project,SECR,706757,,,Gujarat,09/2012,03/2025,03/2027,262.0,262.0,203.0,58.0,FlashReport_September_2025_page62_table1.csv,62,2026-08-28T21:13:53.907571
706763,13,2025-07,Rajkot - Kanalus Doubling Project [111.2 Kms],Western Railway [WR] - II,706763,,,Gujarat,12/2021,10/2026,,1080.58,1080.58,731.0,72.0,FlashReport_July_2025_page56_table1.csv,56,2026-08-28T21:13:50.827136
706763,13,2025-08,Rajkot - Kanalus Doubling Project [111.2 Kms],Western Railway [WR] - II,706763,,,Gujarat,10/2021,10/2026,10/2026,1080.58,1080.58,787.69,76.0,FlashReport_August_2025_page57_table1.csv,57,2026-08-28T21:13:48.658329
706763,13,2025-09,Rajkot - Kanalus Doubling Project [111.2 Kms],Western Railway [WR] - II,706763,,,Gujarat,10/2021,10/2026,10/2026,1080.58,1080.58,787.69,76.0,FlashReport_September_2025_page62_table1.csv,62,2026-08-28T21:13:53.907721
709812,13,2025-07,NADIAD-PETLAD [37.26 KM],WR,709812,,,Gujarat,,06/2030,,461.91,461.91,75.0,7.0,FlashReport_July_2025_page56_table1.csv,56,2026-08-28T21:13:50.827254
709812,13,2025-08,NADIAD-PETLAD [37.26 KM],Railway,709812,,,Gujarat,,06/2030,06/2030,461.91,461.91,75.0,7.0,FlashReport_August_2025_page57_table1.csv,57,2026-08-28T21:13:48.659287
709812,13,2025-09,NADIAD-PETLAD [37.26 KM],Railway,709812,,,Gujarat,05/2022,06/2030,06/2030,461.91,461.91,75.0,7.0,FlashReport_September_2025_page62_table1.csv,62,2026-08-28T21:13:53.907866
709813,13,2025-07,NEW BG LINE INTERSECTION [5 NOS] BETWEEN GERATPUR-SANAND & BOTAD-AHMEDABAD [16.51 KM] [PB#29/NR/202,SECR,709813,,,Gujarat,,10/2027,,437.21,437.21,43.0,15.0,FlashReport_July_2025_page56_table1.csv,56,2026-08-28T21:13:50.827611
709813,13,2025-08,NEW BG LINE INTERSECTION [5 NOS] BETWEEN GERATPUR-SANAND & BOTAD-AHMEDABAD [16.51 KM] [PB#29/NR/202,SECR,709813,,,Gujarat,,10/2027,10/2027,437.21,437.21,43.0,15.0,FlashReport_August_2025_page57_table1.csv,57,2026-08-28T21:13:48.660249
709813,13,2025-09,NEW BG LINE INTERSECTION [5 NOS] BETWEEN GERATPUR-SANAND & BOTAD-AHMEDABAD [16.51 KM] [PB#29/NR/202,SECR,709813,,,Gujarat,10/2022,10/2027,10/2027,437.21,437.21,43.0,15.0,FlashReport_September_2025_page62_table1.csv,62,2026-08-28T21:13:53.908034
611884,13,2025-07,Bhiwani - Dobh Bahali Doubling Project [42.30 Km],North Western Railway [NWR],611884,,,Haryana,02/2023,02/2028,,471.0,471.0,187.33,57.0,FlashReport_July_2025_page56_table1.csv,56,2026-08-28T21:13:50.827758
611884,13,2025-08,Bhiwani - Dobh Bahali Doubling Project [42.30 Km],North Western Railway [NWR],611884,,,Haryana,02/2023,02/2028,02/2028,471.0,471.0,191.39,59.0,FlashReport_August_2025_page57_table1.csv,57,2026-08-28T21:13:48.660431
611884,13,2025-09,Bhiwani - Dobh Bahali Doubling Project [42.30 Km],North Western Railway [NWR],611884,,,Haryana,02/2023,02/2028,02/2028,471.0,471.0,208.84,65.0,FlashReport_September_2025_page62_table1.csv,62,2026-08-28T21:13:53.908221
617372,11,2025-09,Doubling between Pradhankunta-Patherih-Bhojudih of East Central Railway,East Central Railway [ECR] - I,617372,Ministry of Railways,Railways,Jharkhand,11/2022,12/2025,,349.22,,,,FlashReport_September_2025_page36_table1.csv,36,2026-08-28T21:13:53.771895
705765,13,2025-07,Gomoh - Flyover for DN trains,East Central Railway [ECR] - II,705765,,,Jharkhand,01/2018,03/2026,,686.0,686.0,536.04,59.0,FlashReport_July_2025_page56_table1.csv,56,2026-08-28T21:13:50.827896
705765,13,2025-08,Gomoh - Flyover for DN trains,East Central Railway [ECR] - I,705765,,,Jharkhand,01/2018,03/2026,03/2026,686.0,686.0,538.66,59.0,FlashReport_August_2025_page57_table1.csv,57,2026-08-28T21:13:48.660585
705765,13,2025-09,Gomoh - Flyover for DN trains,East Central Railway [ECR] - I,705765,,,Jharkhand,01/2018,03/2026,03/2026,686.0,686.0,546.05,59.0,FlashReport_September_2025_page62_table1.csv,62,2026-08-28T21:13:53.908550
705785,13,2025-07,Lodhma - Piska - Link Line bypassing Hatia/Ranchi with Y connection,South Eastern Railway [SER] - I,705785,,,Jharkhand,03/2019,06/2026,,473.0,473.0,284.26,4.0,FlashReport_July_2025_page56_table1.csv,56,2026-08-28T21:13:50.828066
705785,13,2025-08,Lodhma - Piska - Link Line bypassing Hatia/Ranchi with Y connection,South Eastern Railway [SER] - I,705785,,,Jharkhand,08/2021,06/2026,05/2027,473.0,473.0,284.34,4.0,FlashReport_August_2025_page57_table1.csv,57,2026-08-28T21:13:48.660769
705785,13,2025-09,Lodhma - Piska - Link Line bypassing Hatia/Ranchi with Y connection,South Eastern Railway [SER] - I,705785,,,Jharkhand,08/2021,06/2026,05/2027,473.0,473.0,287.38,5.0,FlashReport_September_2025_page62_table1.csv,62,2026-08-28T21:13:53.908752
706837,12,2025-08,Pradhan Kuntha Jn Line Doubling Project,East Central Railway [ECR] - I,706837,,,Jharkhand,11/2022,11/2027,11/2027,349.22,349.22,90.64,60.0,FlashReport_August_2025_page57_table1.csv,57,2026-08-28T21:13:48.660921
706837,12,2025-09,Pradhan Kuntha Jn Line Doubling Project,East Central Railway [ECR] - I,706837,,,Jharkhand,11/2022,11/2027,11/2027,349.22,349.22,100.96,62.0,FlashReport_September_2025_page63_table1.csv,63,2026-08-28T21:13:53.911048
400023,13,2025-07,Construction of New BG line between Hassan to Belur [27 Km],South Western Railway [SWR] - II,400023,,,Karnataka,12/2025,04/2028,,749.0,749.0,0.0,0.0,FlashReport_July_2025_page56_table1.csv,56,2026-08-28T21:13:50.828213
400023,13,2025-08,Construction of New BG line between Hassan to Belur [27 Km],South Western Railway [SWR] - II,400023,,,Karnataka,03/2019,04/2028,04/2027,749.0,749.0,0.0,0.0,FlashReport_August_2025_page57_table1.csv,57,2026-08-28T21:13:48.661076
703585,12,2025-07,Yeshvanthpur - Channasandra Doubling Project [21.70 Km],Karnataka Rail Infrastructure Development Company Limited [K-RIDE],703585,,,Karnataka,10/2019,12/2024,,314.0,314.0,144.0,59.0,FlashReport_July_2025_page56_table1.csv,56,2026-08-28T21:13:50.828355
703585,12,2025-08,Yeshvanthpur - Channasandra Doubling Project [21.70 Km],Karnataka Rail Infrastructure Development Company Limited [K-RIDE],703585,,,Karnataka,10/2019,03/2024,08/2025,314.1,683.57,151.11,52.0,FlashReport_August_2025_page57_table1.csv,57,2026-08-28T21:13:48.661231
703585,12,2025-09,Yeshvanthpur - Channasandra Doubling Project [21.70 Km],Karnataka Rail Infrastructure Development Company Limited [K-RIDE],703585,,,Karnataka,04/2019,03/2024,03/2026,314.1,683.57,152.31,53.0,FlashReport_September_2025_page63_table1.csv,63,2026-08-28T21:13:53.911227
705434,12,2025-07,New Railway Line between Ginigera and Raichur [165.57 km],South Western Railway [SWR] - II,705434,,,Karnataka,05/2009,03/2019,,2565.0,3034.98,2063.57,66.0,FlashReport_July_2025_page56_table1.csv,56,2026-08-28T21:13:50.828501
705434,12,2025-08,New Railway Line between Ginigera and Raichur [165.57 km],South Western Railway [SWR] - II,705434,,,Karnataka,03/2008,03/2019,03/2027,2565.0,3034.98,2073.98,66.0,FlashReport_August_2025_page57_table1.csv,57,2026-08-28T21:13:48.661383
705434,12,2025-09,New Railway Line between Ginigera and Raichur [165.57 km],South Western Railway [SWR] - II,705434,,,Karnataka,03/2008,03/2019,03/2027,2565.0,3034.98,2096.35,66.0,FlashReport_September_2025_page63_table1.csv,63,2026-08-28T21:13:53.911384
705490,13,2025-07,Gadag-Wadi New Railway Line [257 km],South Western Railway [SWR] - II,705490,,,Karnataka,08/2017,03/2027,,2842.0,6700.0,1721.14,30.0,FlashReport_July_2025_page56_table1.csv,56,2026-08-28T21:13:50.828641
705490,13,2025-08,Gadag-Wadi New Railway Line [257 km],South Western Railway [SWR] - II,705490,,,Karnataka,04/2013,03/2027,12/2027,2842.0,6700.0,1735.22,30.0,FlashReport_August_2025_page57_table1.csv,57,2026-08-28T21:13:48.661527
705490,13,2025-09,Gadag-Wadi New Railway Line [257 km],South Western Railway [SWR] - II,705490,,,Karnataka,04/2013,03/2027,12/2027,2842.0,6700.0,1383.77,30.0,FlashReport_September_2025_page63_table1.csv,63,2026-08-28T21:13:53.911533
705492,13,2025-07,Kadur - Chickamagalur - Sakleshpur [93km],South Western Railway [SWR] - II,705492,,,Karnataka,11/2016,06/2025,,825.0,825.0,770.18,83.0,FlashReport_July_2025_page56_table1.csv,56,2026-08-28T21:13:50.828785
705492,13,2025-08,Kadur - Chickamagalur - Sakleshpur [93km],South Western Railway [SWR] - II,705492,,,Karnataka,01/2014,06/2025,12/2025,825.0,825.0,788.13,83.0,FlashReport_August_2025_page57_table1.csv,57,2026-08-28T21:13:48.661669
705492,13,2025-09,Kadur - Chickamagalur - Sakleshpur [93km],South Western Railway [SWR] - II,705492,,,Karnataka,01/2014,06/2025,12/2025,825.0,825.0,799.76,83.0,FlashReport_September_2025_page63_table1.csv,63,2026-08-28T21:13:53.911678
705495,13,2025-07,Bagalkot-Kudachi New Railway Line [142 km],South Western Railway [SWR] - II,705495,,,Karnataka,11/2012,03/2027,,1378.0,1649.0,670.74,35.0,FlashReport_July_2025_page56_table1.csv,56,2026-08-28T21:13:50.828921
705495,13,2025-08,Bagalkot-Kudachi New Railway Line [142 km],South Western Railway [SWR] - II,705495,,,Karnataka,11/2021,03/2027,01/2027,1378.0,1649.0,683.48,35.0,FlashReport_August_2025_page57_table1.csv,57,2026-08-28T21:13:48.661810
705495,13,2025-09,Bagalkot-Kudachi New Railway Line [142 km],South Western Railway [SWR] - II,705495,,,Karnataka,10/2013,03/2027,01/2027,1378.0,1649.0,700.24,35.0,FlashReport_September_2025_page63_table1.csv,63,2026-08-28T21:13:53.911822
705496,13,2025-07,Tumkur-Chitradurga-Davangere New Rail Line Project [191 km],South Western Railway [SWR] - II,705496,,,Karnataka,01/2017,03/2019,,1876.0,1876.0,516.17,13.0,FlashReport_July_2025_page56_table1.csv,56,2026-08-28T21:13:50.829060
705496,13,2025-08,Tumkur-Chitradurga-Davangere New Rail Line Project [191 km],South Western Railway [SWR] - II,705496,,,Karnataka,10/2013,03/2019,12/2027,1876.0,1876.0,523.07,13.0,FlashReport_August_2025_page57_table1.csv,57,2026-08-28T21:13:48.661953
705496,13,2025-09,Tumkur-Chitradurga-Davangere New Rail Line Project [191 km],South Western Railway [SWR] - II,705496,,,Karnataka,10/2013,03/2019,12/2027,1876.0,1876.0,530.62,13.0,FlashReport_September_2025_page63_table1.csv,63,2026-08-28T21:13:53.911967
705663,13,2025-07,Bangalore-Whitefield-Bangalore City-Krishnarajapuram [23.08 km] - Quadrupling,South Western Railway [SWR] - II,705663,Real Estate,,Karnataka,06/2022,02/2026,,493.0,493.0,252.45,82.0,FlashReport_July_2025_page62_table1.csv,62,2026-08-28T21:13:50.870168
705663,13,2025-08,Bangalore-Whitefield-Bangalore City-Krishnarajapuram [23.08 km] - Quadrupling,South Western Railway [SWR] - II,705663,,,Karnataka,02/2018,02/2026,02/2026,493.0,493.0,252.45,82.0,FlashReport_August_2025_page57_table1.csv,57,2026-08-28T21:13:48.662109
705663,13,2025-09,Bangalore-Whitefield-Bangalore City-Krishnarajapuram [23.08 km] - Quadrupling,South Western Railway [SWR] - II,705663,,,Karnataka,02/2018,02/2026,02/2026,493.0,493.0,252.45,82.0,FlashReport_September_2025_page63_table1.csv,63,2026-08-28T21:13:53.912123
705761,13,2025-07,SHIMOGA - SHIKARIPURA - RANEBENNUR [96 Km],South Western Railway [SWR] - II,705761,,,Karnataka,02/2023,12/2027,,1454.0,1454.0,69.58,11.0,FlashReport_July_2025_page56_table1.csv,56,2026-08-28T21:13:50.829197
705761,13,2025-08,SHIMOGA - SHIKARIPURA - RANEBENNUR [96 Km],South Western Railway [SWR] - II,705761,,,Karnataka,02/2023,12/2027,06/2028,1454.0,1454.0,69.82,11.0,FlashReport_August_2025_page58_table1.csv,58,2026-08-28T21:13:48.664541
705761,13,2025-09,SHIMOGA - SHIKARIPURA - RANEBENNUR [96 Km],South Western Railway [SWR] - II,705761,,,Karnataka,09/2019,12/2027,06/2028,1454.0,1454.0,69.95,11.0,FlashReport_September_2025_page63_table1.csv,63,2026-08-28T21:13:53.912288
706835,12,2025-07,Belgaum-Dharwad via Kittur [73.10Km],South Western Railway [SWR] - II,706835,,,Karnataka,03/2025,12/2027,,1591.0,1591.0,0.75,0.0,FlashReport_July_2025_page56_table1.csv,56,2026-08-28T21:13:50.829335
706835,12,2025-08,Belgaum-Dharwad via Kittur [73.10Km],South Western Railway [SWR] - II,706835,,,Karnataka,09/2020,12/2027,03/2029,1591.0,1591.0,0.75,0.0,FlashReport_August_2025_page58_table1.csv,58,2026-08-28T21:13:48.664731
705638,13,2025-07,Kumbalam-Turavur doubling project [15.59 Km],Southern Railway [SR] - II,705638,,,Kerala,04/2023,03/2027,,813.0,813.0,292.15,15.0,FlashReport_July_2025_page57_table1.csv,57,2026-08-28T21:13:50.831665
705638,13,2025-08,Kumbalam-Turavur doubling project [15.59 Km],Southern Railway [SR] - II,705638,,,Kerala,04/2023,03/2027,03/2027,813.0,813.0,292.15,15.0,FlashReport_August_2025_page58_table1.csv,58,2026-08-28T21:13:48.664887
705638,13,2025-09,Kumbalam-Turavur doubling project [15.59 Km],Southern Railway [SR] - II,705638,,,Kerala,04/2023,03/2027,03/2027,813.0,802.8,66.69,17.0,FlashReport_September_2025_page63_table1.csv,63,2026-08-28T21:13:53.912433
705639,13,2025-07,Ernakulam-Kumbalam doubling project [7.71 Km],SR-ERS,705639,,,Kerala,04/2023,03/2028,,601.0,601.0,283.0,17.0,FlashReport_July_2025_page57_table1.csv,57,2026-08-28T21:13:50.831822
705639,13,2025-08,Ernakulam-Kumbalam doubling project [7.71 Km],SR-ERS,705639,,,Kerala,04/2023,03/2028,03/2028,601.0,601.0,283.0,17.0,FlashReport_August_2025_page58_table1.csv,58,2026-08-28T21:13:48.665027
705639,13,2025-09,Ernakulam-Kumbalam doubling project [7.71 Km],SR-ERS,705639,,,Kerala,04/2023,03/2028,02/2027,601.0,595.39,289.52,18.0,FlashReport_September_2025_page63_table1.csv,63,2026-08-28T21:13:53.912568
705480,13,2025-07,"Lalitpur-Satna, Rewa-Singrauli & Mahoba-Khajuraho",North Central Railway,705480,,,Madhya Pradesh,03/1998,03/2027,,8914.0,8914.0,4971.65,70.0,FlashReport_July_2025_page57_table1.csv,57,2026-08-28T21:13:50.831990
705480,13,2025-08,"Lalitpur-Satna, Rewa-Singrauli & Mahoba-Khajuraho",North Central Railway,705480,,,Madhya Pradesh,01/2007,03/2027,12/2027,8914.0,8914.0,5013.49,72.0,FlashReport_August_2025_page58_table1.csv,58,2026-08-28T21:13:48.665176
705480,13,2025-09,"Lalitpur-Satna, Rewa-Singrauli & Mahoba-Khajuraho",North Central Railway,705480,,,Madhya Pradesh,01/2007,03/2027,12/2027,8914.0,8914.0,5013.49,72.0,FlashReport_September_2025_page63_table1.csv,63,2026-08-28T21:13:53.912708
705659,13,2025-07,Satna-Rewa Railway Line Doubling Project,West Central Railway [WCR] - II,705659,,,Madhya Pradesh,08/2017,03/2026,,500.0,584.0,561.26,80.0,FlashReport_July_2025_page57_table1.csv,57,2026-08-28T21:13:50.832289
705659,13,2025-08,Satna-Rewa Railway Line Doubling Project,West Central Railway [WCR] - II,705659,,,Madhya Pradesh,11/2015,03/2026,03/2026,500.0,584.0,561.38,80.0,FlashReport_August_2025_page58_table1.csv,58,2026-08-28T21:13:48.665484
705659,13,2025-09,Satna-Rewa Railway Line Doubling Project,West Central Railway [WCR] - II,705659,,,Madhya Pradesh,11/2015,03/2026,03/2026,500.0,584.0,561.38,80.0,FlashReport_September_2025_page63_table1.csv,63,2026-08-28T21:13:53.912989
705660,12,2025-07,Doubling of Katni - Singrauli Railway Line [261 km],Indian Railway Construction International Limited [IRCON],705660,,,Madhya Pradesh,03/2017,12/2026,,2445.0,4377.0,3122.0,100.0,FlashReport_July_2025_page57_table1.csv,57,2026-08-28T21:13:50.832443
705660,12,2025-08,Doubling of Katni - Singrauli Railway Line [261 km],Indian Railway Construction International Limited [IRCON],705660,,,Madhya Pradesh,03/2016,12/2025,12/2025,2445.0,4377.0,3201.67,100.0,FlashReport_August_2025_page58_table1.csv,58,2026-08-28T21:13:48.665643
705660,12,2025-09,Doubling of Katni - Singrauli Railway Line [261 km],Indian Railway Construction International Limited [IRCON],705660,,,Madhya Pradesh,03/2016,12/2025,12/2025,2445.0,4377.0,3218.87,100.0,FlashReport_September_2025_page63_table1.csv,63,2026-08-28T21:13:53.913137
705661,13,2025-07,Katni Grade Separator/Bye Pass,Indian Railway Construction International Limited [IRCON],705661,,,Madhya Pradesh,09/2017,09/2024,,1248.0,1248.0,1537.77,92.0,FlashReport_July_2025_page57_table1.csv,57,2026-08-28T21:13:50.832587
705661,13,2025-08,Katni Grade Separator/Bye Pass,Indian Railway Construction International Limited [IRCON],705661,,,Madhya Pradesh,03/2016,09/2024,03/2026,1248.0,1248.0,1587.21,94.0,FlashReport_August_2025_page58_table1.csv,58,2026-08-28T21:13:48.665878
705661,13,2025-09,Katni Grade Separator/Bye Pass,Indian Railway Construction International Limited [IRCON],705661,,,Madhya Pradesh,03/2016,09/2024,03/2026,1248.0,1248.0,1615.7,94.0,FlashReport_September_2025_page63_table1.csv,63,2026-08-28T21:13:53.913277
705763,12,2025-07,Indore - Budni New Railway Line [198 kms],RVNL - II,705763,,,Madhya Pradesh,10/2020,09/2030,,7474.0,7474.0,1658.03,22.0,FlashReport_July_2025_page57_table1.csv,57,2026-08-28T21:13:50.832730
705763,12,2025-08,Indore - Budni New Railway Line [198 kms],RVNL - II,705763,,,Madhya Pradesh,08/2019,09/2030,09/2030,7474.0,7474.0,1685.25,23.0,FlashReport_August_2025_page58_table1.csv,58,2026-08-28T21:13:48.666039
705763,12,2025-09,Indore - Budni New Railway Line [198 kms],RVNL - II,705763,,,Madhya Pradesh,08/2019,09/2030,09/2030,7474.0,7474.0,1698.94,23.0,FlashReport_September_2025_page63_table1.csv,63,2026-08-28T21:13:53.913409
705933,13,2025-07,Nimach-Ratlam Doubling [133 Km],Western Railway [WR] - II,705933,,,Madhya Pradesh,10/2021,10/2027,,1095.88,1095.88,1056.18,89.0,FlashReport_July_2025_page57_table1.csv,57,2026-08-28T21:13:50.832869
705933,13,2025-08,Nimach-Ratlam Doubling [133 Km],Western Railway [WR] - II,705933,,,Madhya Pradesh,10/2021,10/2027,10/2027,1095.88,1095.88,1067.49,89.0,FlashReport_August_2025_page58_table1.csv,58,2026-08-28T21:13:48.666192
705933,13,2025-09,Nimach-Ratlam Doubling [133 Km],Western Railway [WR] - II,705933,,,Madhya Pradesh,10/2021,10/2027,10/2027,1095.88,1095.88,1067.49,89.0,FlashReport_September_2025_page63_table1.csv,63,2026-08-28T21:13:53.913545
400019,12,2025-07,DHULE [BORVIHIR] - NARDANA NEW LINE [50.60 KMS],CR,400019,,,Maharashtra,04/2023,12/2026,,493.0,1171.0,234.48,9.0,FlashReport_July_2025_page57_table1.csv,57,2026-08-28T21:13:50.833014
400019,12,2025-08,DHULE [BORVIHIR] - NARDANA NEW LINE [50.60 KMS],CR,400019,,,Maharashtra,01/2019,12/2026,09/2027,492.76,1170.83,245.11,16.0,FlashReport_August_2025_page58_table1.csv,58,2026-08-28T21:13:48.666337
400019,12,2025-09,DHULE [BORVIHIR] - NARDANA NEW LINE [50.60 KMS],Central Railway (CR) - II,400019,,,Maharashtra,01/2019,12/2026,09/2027,492.76,1170.83,256.28,16.0,FlashReport_September_2025_page63_table1.csv,63,2026-08-28T21:13:53.913691
400271,12,2025-07,Wardha-Nanded Via Yavatmal New BG Line,Central Railway [CR] - II,400271,,,Maharashtra,04/2008,03/2028,,3445.0,3445.0,3002.93,50.0,FlashReport_July_2025_page57_table1.csv,57,2026-08-28T21:13:50.833274
400271,12,2025-08,Wardha-Nanded Via Yavatmal New BG Line,Central Railway [CR] - II,400271,,,Maharashtra,12/2017,03/2028,03/2028,3445.0,3445.0,3002.93,50.0,FlashReport_August_2025_page58_table1.csv,58,2026-08-28T21:13:48.666484
400271,12,2025-09,Wardha-Nanded Via Yavatmal New BG Line,Central Railway [CR] - II,400271,,,Maharashtra,12/2017,03/2028,03/2028,3445.0,3445.0,3002.93,50.0,FlashReport_September_2025_page63_table1.csv,63,2026-08-28T21:13:53.913823
611751,13,2025-07,AURANGABAD-ANKAI - DOUBLING PROJECT 98.25 Km,South Central Railway [SCR] - II,611751,,,Maharashtra,05/2023,03/2027,,960.64,960.64,0.0,0.01,FlashReport_July_2025_page57_table1.csv,57,2026-08-28T21:13:50.833464
611751,13,2025-08,AURANGABAD-ANKAI - DOUBLING PROJECT 98.25 Km,South Central Railway [SCR] - II,611751,,,Maharashtra,05/2023,03/2027,,960.64,960.64,0.0,0.01,FlashReport_August_2025_page58_table1.csv,58,2026-08-28T21:13:48.666638
611751,13,2025-09,AURANGABAD-ANKAI - DOUBLING PROJECT 98.25 Km,South Central Railway [SCR] - II,611751,,,Maharashtra,05/2023,03/2027,,960.64,960.64,0.0,0.01,FlashReport_September_2025_page63_table1.csv,63,2026-08-28T21:13:53.913973
613015,13,2025-07,Redevelopment of Chhatrapati Shivaji Maharaj Terminus [CSMT] and construction of associated infrastructure,Ministry of Railways,613015,,,Maharashtra,07/2023,03/2027,,1813.0,1813.0,525.2,12.0,FlashReport_July_2025_page57_table1.csv,57,2026-08-28T21:13:50.833938
613015,13,2025-08,Redevelopment of Chhatrapati Shivaji Maharaj Terminus [CSMT] and construction of associated infrastructure,Ministry of Railways,613015,,,Maharashtra,04/2023,03/2027,,1813.0,1813.0,569.08,13.0,FlashReport_August_2025_page58_table1.csv,58,2026-08-28T21:13:48.667134
613015,13,2025-09,Redevelopment of Chhatrapati Shivaji Maharaj Terminus [CSMT] and construction of associated infrastructure,Rail Land Development Authority,613015,,,Maharashtra,04/2023,03/2027,,1813.0,1813.0,584.61,14.0,FlashReport_September_2025_page63_table1.csv,63,2026-08-28T21:13:53.914136
617201,12,2025-07,Gondia-Balharshah [Chanda Fort] Doubling [240 Km],South East Central Railway,617201,,,Maharashtra,04/2025,04/2030,,4373.04,4373.04,0.0,0.0,FlashReport_July_2025_page57_table1.csv,57,2026-08-28T21:13:50.834076
617201,12,2025-08,Gondia-Balharshah [Chanda Fort] Doubling [240 Km],South East Central Railway,617201,,,Maharashtra,04/2025,04/2030,,4373.04,4373.04,0.0,0.0,FlashReport_August_2025_page58_table1.csv,58,2026-08-28T21:13:48.667282
617215,13,2025-07,Doubling between Parbhani Parli Vaijanath stations 64.71 Km,South Central Railway [SCR] - II,617215,,,Maharashtra,12/2023,03/2028,,769.93,769.93,0.0,0.0,FlashReport_July_2025_page57_table1.csv,57,2026-08-28T21:13:50.834206
617215,13,2025-08,Doubling between Parbhani Parli Vaijanath stations 64.71 Km,South Central Railway [SCR] - II,617215,,,Maharashtra,12/2023,03/2028,,769.93,769.93,0.0,0.0,FlashReport_August_2025_page58_table1.csv,58,2026-08-28T21:13:48.667433
617215,13,2025-09,Doubling between Parbhani Parli Vaijanath stations 64.71 Km,South Central Railway [SCR] - II,617215,,,Maharashtra,12/2023,03/2028,,769.93,769.93,0.0,0.0,FlashReport_September_2025_page63_table1.csv,63,2026-08-28T21:13:53.914312
617361,11,2025-09,Babupeth - Sasti New Rail Line [13.114 KMs],Central Railway (CR) - II,617361,Ministry of Railways,Railways,Maharashtra,10/2024,03/2028,,362.81,362.81,,,FlashReport_September_2025_page36_table1.csv,36,2026-08-28T21:13:53.772021
617364,12,2025-09,Double Chord line Between Nilaje-Kopar,Central Railway (CR) - II,617364,Ministry of Railways,Railways,Maharashtra,01/2025,07/2028,,338.33,205.0,,,FlashReport_September_2025_page36_table1.csv,36,2026-08-28T21:13:53.772138
705356,13,2025-07,Ahmednagar - Beed - Parli - Vaijnath New Broad Gauge Line Railway Project [261.3 km],Central Railways,705356,,,Maharashtra,10/2002,03/2026,,2539.0,4957.0,4725.34,92.0,FlashReport_July_2025_page57_table1.csv,57,2026-08-28T21:13:50.834477
705356,13,2025-08,Ahmednagar - Beed - Parli - Vaijnath New Broad Gauge Line Railway Project [261.3 km],Central Railways,705356,,,Maharashtra,01/1999,03/2026,03/2026,2538.67,4957.27,4975.74,98.0,FlashReport_August_2025_page58_table1.csv,58,2026-08-28T21:13:48.667730
705356,13,2025-09,Ahmednagar - Beed - Parli - Vaijnath New Broad Gauge Line Railway Project [261.3 km],Central Railway [CR] - II,705356,,,Maharashtra,01/1999,03/2026,03/2026,2538.67,4957.27,5015.05,98.0,FlashReport_September_2025_page63_table1.csv,63,2026-08-28T21:13:53.914911
705357,13,2025-07,Baramati Lonand New Line Project,Central Railway [CR] - II,705357,,,Maharashtra,03/1999,03/2027,,736.0,1844.0,712.0,50.0,FlashReport_July_2025_page57_table1.csv,57,2026-08-28T21:13:50.834607
705357,13,2025-08,Baramati Lonand New Line Project,Central Railway [CR] - II,705357,,,Maharashtra,03/2016,03/2027,03/2027,138.48,1843.9,735.33,51.0,FlashReport_August_2025_page58_table1.csv,58,2026-08-28T21:13:48.667878
705357,13,2025-09,Baramati Lonand New Line Project,Central Railway (CR) - II,705357,,,Maharashtra,03/2016,03/2027,03/2027,138.48,1843.9,748.88,51.0,FlashReport_September_2025_page63_table1.csv,63,2026-08-28T21:13:53.915051
705479,13,2025-07,Wadsa-Gadchiroli,South East Central Railway,705479,,,Maharashtra,03/2012,03/2027,,1886.0,1886.0,706.28,49.0,FlashReport_July_2025_page57_table1.csv,57,2026-08-28T21:13:50.834732
705479,13,2025-08,Wadsa-Gadchiroli,South East Central Railway,705479,,,Maharashtra,05/2017,03/2027,03/2027,1886.0,1886.0,925.28,50.0,FlashReport_August_2025_page58_table1.csv,58,2026-08-28T21:13:48.668016
705479,13,2025-09,Wadsa-Gadchiroli,South East Central Railway,705479,,,Maharashtra,05/2017,03/2027,03/2027,1886.0,1886.0,727.28,52.0,FlashReport_September_2025_page63_table1.csv,63,2026-08-28T21:13:53.915188
705498,13,2025-07,3rd Line Kalyan - Kasara [67.35 Kilometres],Central Railway [CR] - II,705498,,,Maharashtra,09/2015,12/2026,,793.0,1432.0,894.16,50.0,FlashReport_July_2025_page57_table1.csv,57,2026-08-28T21:13:50.834863
705498,13,2025-08,3rd Line Kalyan - Kasara [67.35 Kilometres],Central Railway [CR] - II,705498,,,Maharashtra,09/2015,12/2026,12/2026,792.89,1395.79,899.47,51.0,FlashReport_August_2025_page58_table1.csv,58,2026-08-28T21:13:48.668163
705498,13,2025-09,3rd Line Kalyan - Kasara [67.35 Kilometres],Central Railway (CR) - II,705498,,,Maharashtra,09/2015,12/2026,12/2026,792.89,1395.79,912.1,51.0,FlashReport_September_2025_page63_table1.csv,63,2026-08-28T21:13:53.915333
705500,13,2025-07,3rd Line Wardha - Sewagram - Nagpur,Central Railway [CR] - II,705500,,,Maharashtra,05/2016,12/2025,,540.0,698.0,724.75,80.0,FlashReport_July_2025_page57_table1.csv,57,2026-08-28T21:13:50.834995
705500,13,2025-08,3rd Line Wardha - Sewagram - Nagpur,Central Railway [CR] - II,705500,,,Maharashtra,09/2015,12/2025,12/2025,540.02,944.24,754.27,81.0,FlashReport_August_2025_page58_table1.csv,58,2026-08-28T21:13:48.668318
705500,13,2025-09,3rd Line Wardha - Sewagram - Nagpur,Central Railway [CR] - II,705500,,,Maharashtra,09/2015,12/2025,12/2025,540.02,944.24,764.69,81.0,FlashReport_September_2025_page64_table1.csv,64,2026-08-28T21:13:53.917815
705502,13,2025-07,3rd Line Wardha - Ballarshah [132 Kilometres],Central Railway [CR] - II,705502,,,Maharashtra,12/2016,12/2025,,1385.0,1385.0,1102.48,77.0,FlashReport_July_2025_page57_table1.csv,57,2026-08-28T21:13:50.835125
705502,13,2025-08,3rd Line Wardha - Ballarshah [132 Kilometres],Central Railway [CR] - II,705502,,,Maharashtra,03/2016,12/2025,02/2026,1384.72,2033.59,1655.88,68.0,FlashReport_August_2025_page58_table1.csv,58,2026-08-28T21:13:48.668471
705502,13,2025-09,3rd Line Wardha - Ballarshah [132 Kilometres],Central Railway (CR) - II,705502,,,Maharashtra,03/2016,12/2025,02/2026,1384.72,2033.59,1655.88,68.0,FlashReport_September_2025_page64_table1.csv,64,2026-08-28T21:13:53.917986
705504,13,2025-07,Doubling of Daund Manmad Line [247.6 km],Central Railway [CR] - II,705504,,,Maharashtra,03/2017,12/2025,,2081.0,3075.0,2769.0,88.0,FlashReport_July_2025_page57_table1.csv,57,2026-08-28T21:13:50.835380
705504,13,2025-08,Doubling of Daund Manmad Line [247.6 km],Central Railway [CR] - II,705504,,,Maharashtra,10/2017,12/2025,03/2026,2081.27,3267.06,2816.46,88.0,FlashReport_August_2025_page58_table1.csv,58,2026-08-28T21:13:48.668785
705504,13,2025-09,Doubling of Daund Manmad Line [247.6 km],Central Railway (CR) - II,705504,,,Maharashtra,10/2017,12/2025,03/2026,2081.27,3267.06,2829.9,88.0,FlashReport_September_2025_page64_table1.csv,64,2026-08-28T21:13:53.918336
705505,13,2025-07,4th Line Wardha - Nagpur [78.7 Kilometres],Central Railway [CR] - II,705505,,,Maharashtra,05/2018,12/2025,,638.0,1137.0,969.0,80.0,FlashReport_July_2025_page57_table1.csv,57,2026-08-28T21:13:50.835510
705505,13,2025-08,4th Line Wardha - Nagpur [78.7 Kilometres],Central Railway [CR] - II,705505,,,Maharashtra,04/2017,12/2025,02/2026,637.95,1341.28,983.16,81.0,FlashReport_August_2025_page58_table1.csv,58,2026-08-28T21:13:48.668935
705505,13,2025-09,4th Line Wardha - Nagpur [78.7 Kilometres],Central Railway [CR] - II,705505,,,Maharashtra,04/2017,12/2025,02/2026,637.95,1341.28,988.87,81.0,FlashReport_September_2025_page64_table1.csv,64,2026-08-28T21:13:53.918484
705506,13,2025-07,3rd Line Manmad - Jalgaon [160 Kilometres],Central Railway [CR] - II,705506,,,Maharashtra,04/2018,12/2024,,1035.0,1559.0,1692.0,97.0,FlashReport_July_2025_page57_table1.csv,57,2026-08-28T21:13:50.835637
705506,13,2025-08,3rd Line Manmad - Jalgaon [160 Kilometres],Central Railway [CR] - II,705506,,,Maharashtra,04/2018,12/2024,08/2025,1035.16,1558.75,1726.94,95.0,FlashReport_August_2025_page58_table1.csv,58,2026-08-28T21:13:48.669083
705506,13,2025-09,3rd Line Manmad - Jalgaon [160 Kilometres],Central Railway [CR] - II,705506,,,Maharashtra,05/2017,12/2024,08/2025,1035.16,1558.75,1726.94,95.0,FlashReport_September_2025_page64_table1.csv,64,2026-08-28T21:13:53.918630
705735,13,2025-07,Solapur-tuljapur-Osmanabad,WR,705735,,,Maharashtra,12/2023,03/2028,,905.0,3296.0,1150.0,10.0,FlashReport_July_2025_page57_table1.csv,57,2026-08-28T21:13:50.835766
705735,13,2025-08,Solapur-tuljapur-Osmanabad,Railway,705735,,,Maharashtra,12/2023,03/2027,03/2028,904.92,3295.74,1127.14,12.0,FlashReport_August_2025_page59_table1.csv,59,2026-08-28T21:13:48.671400
705735,13,2025-09,Solapur-tuljapur-Osmanabad,Central Railway (CR) - II,705735,,,Maharashtra,08/2018,03/2027,03/2028,904.92,3295.74,1134.58,12.0,FlashReport_September_2025_page64_table1.csv,64,2026-08-28T21:13:53.918774
705799,12,2025-07,Nagpur- Nagbhir Railway Line Gauge Conversion Project,MRIDC,705799,,,Maharashtra,04/2020,12/2025,,1400.0,1400.0,1472.0,80.0,FlashReport_July_2025_page57_table1.csv,57,2026-08-28T21:13:50.835902
705799,12,2025-08,Nagpur- Nagbhir Railway Line Gauge Conversion Project,MRIDC,705799,,,Maharashtra,10/2019,12/2025,12/2025,1400.0,1400.0,1472.0,80.0,FlashReport_August_2025_page59_table1.csv,59,2026-08-28T21:13:48.671558
705799,12,2025-09,Nagpur- Nagbhir Railway Line Gauge Conversion Project,MRIDC,705799,,,Maharashtra,10/2019,12/2025,12/2025,1400.0,1400.0,1472.0,80.0,FlashReport_September_2025_page64_table1.csv,64,2026-08-28T21:13:53.918924
706779,12,2025-07,Mumbai Urban Transport Project [MUTP] - PHASE II,Mumbai Rail Vikas Corporation Ltd.[MRVC],706779,,,Maharashtra,04/2008,03/2014,,8087.0,8087.0,7364.0,87.0,FlashReport_July_2025_page58_table1.csv,58,2026-08-28T21:13:50.838440
706779,12,2025-08,Mumbai Urban Transport Project [MUTP] - PHASE II,Mumbai Rail Vikas Corporation Ltd.[MRVC],706779,,,Maharashtra,05/2008,03/2014,12/2027,8087.0,8087.0,7364.0,87.0,FlashReport_August_2025_page59_table1.csv,59,2026-08-28T21:13:48.671711
706779,12,2025-09,Mumbai Urban Transport Project [MUTP] - PHASE II,Mumbai Rail Vikas Corporation Ltd.[MRVC],706779,,,Maharashtra,05/2008,03/2014,12/2027,8087.0,8087.0,7364.0,87.0,FlashReport_September_2025_page64_table1.csv,64,2026-08-28T21:13:53.919078
706780,12,2025-07,Mumbai Urban Transport Project [MUTP] Phase-IIIA,Mumbai Rail Vikas Corporation Ltd.[MRVC],706780,,,Maharashtra,04/2019,12/2027,,33690.0,33690.0,2246.15,16.0,FlashReport_July_2025_page58_table1.csv,58,2026-08-28T21:13:50.838597
706780,12,2025-08,Mumbai Urban Transport Project [MUTP] Phase-IIIA,Mumbai Rail Vikas Corporation Ltd.[MRVC],706780,,,Maharashtra,04/2019,12/2027,12/2027,33690.0,33690.0,2303.4,16.0,FlashReport_August_2025_page59_table1.csv,59,2026-08-28T21:13:48.671860
706780,12,2025-09,Mumbai Urban Transport Project [MUTP] Phase-IIIA,Mumbai Rail Vikas Corporation Ltd.[MRVC],706780,,,Maharashtra,04/2019,12/2027,12/2027,33690.0,33690.0,2361.45,16.0,FlashReport_September_2025_page64_table1.csv,64,2026-08-28T21:13:53.919228
706781,12,2025-07,Mumbai Urban Transport Project Phase-III,Mumbai Rail Vikas Corporation Ltd.[MRVC],706781,,,Maharashtra,12/2016,03/2022,,10947.0,10947.0,5057.67,60.0,FlashReport_July_2025_page58_table1.csv,58,2026-08-28T21:13:50.838743
706781,12,2025-08,Mumbai Urban Transport Project Phase-III,Mumbai Rail Vikas Corporation Ltd.[MRVC],706781,,,Maharashtra,11/2016,03/2022,12/2026,10947.0,10947.0,5152.7,60.0,FlashReport_August_2025_page59_table1.csv,59,2026-08-28T21:13:48.672005
706781,12,2025-09,Mumbai Urban Transport Project Phase-III,Mumbai Rail Vikas Corporation Ltd.[MRVC],706781,,,Maharashtra,11/2016,03/2022,12/2026,10947.0,10947.0,5303.76,65.0,FlashReport_September_2025_page64_table1.csv,64,2026-08-28T21:13:53.919373
705491,13,2025-07,Marikuppam - Kuppam New Line Project [23.70 Km],South Western Railway [SWR] - II,705491,,,"Multi-States (Andhra Pradesh, Karnataka)",10/2018,06/2026,,297.0,297.0,123.17,15.0,FlashReport_July_2025_page58_table1.csv,58,2026-08-28T21:13:50.839186
705491,13,2025-08,Marikuppam - Kuppam New Line Project [23.70 Km],South Western Railway [SWR] - II,705491,,,"Multi-States (Andhra Pradesh, Karnataka)",04/2012,06/2026,06/2026,297.0,297.0,123.38,15.0,FlashReport_August_2025_page59_table1.csv,59,2026-08-28T21:13:48.672600
705491,13,2025-09,Marikuppam - Kuppam New Line Project [23.70 Km],South Western Railway [SWR] - II,705491,,,"Multi-States (Andhra Pradesh, Karnataka)",04/2012,06/2026,06/2026,297.0,297.0,131.13,15.0,FlashReport_September_2025_page64_table1.csv,64,2026-08-28T21:13:53.919804
705494,13,2025-07,Rayadurg-Tumkur via Kalyandurg New Line [207 km],South Western Railway [SWR] - II,705494,,,"Multi-States (Andhra Pradesh, Karnataka)",07/2010,09/2015,,2496.0,2496.0,1691.88,67.0,FlashReport_July_2025_page58_table1.csv,58,2026-08-28T21:13:50.839331
705494,13,2025-08,Rayadurg-Tumkur via Kalyandurg New Line [207 km],South Western Railway [SWR] - II,705494,,,"Multi-States (Andhra Pradesh, Karnataka)",03/2008,09/2015,02/2028,2496.0,2496.0,1706.31,68.0,FlashReport_August_2025_page59_table1.csv,59,2026-08-28T21:13:48.672779
705494,13,2025-09,Rayadurg-Tumkur via Kalyandurg New Line [207 km],South Western Railway [SWR] - II,705494,,,"Multi-States (Andhra Pradesh, Karnataka)",03/2008,09/2015,02/2028,2496.0,2496.0,1730.22,68.0,FlashReport_September_2025_page64_table1.csv,64,2026-08-28T21:13:53.919952
705610,13,2025-07,"Renigunta, Wadi & Gooty Bypass Railway Project",South Central Railway [SCR] - I,705610,,,"Multi-States (Andhra Pradesh, Karnataka)",04/2016,12/2025,,302.0,543.0,381.0,50.0,FlashReport_July_2025_page58_table1.csv,58,2026-08-28T21:13:50.839471
705610,13,2025-08,"Renigunta, Wadi & Gooty Bypass Railway Project",South Central Railway [SCR] - I,705610,,,"Multi-States (Andhra Pradesh, Karnataka)",04/2016,12/2025,12/2025,302.0,543.0,381.0,50.0,FlashReport_August_2025_page59_table1.csv,59,2026-08-28T21:13:48.672932
705610,13,2025-09,"Renigunta, Wadi & Gooty Bypass Railway Project",South Central Railway [SCR] - I,705610,,,"Multi-States (Andhra Pradesh, Karnataka)",04/2016,12/2025,12/2025,302.0,543.0,381.0,50.0,FlashReport_September_2025_page64_table1.csv,64,2026-08-28T21:13:53.920107
617212,12,2025-07,Doubling between Mudkhed Medchal & Mahbubnagar Dhone section 417.88 Km,South Central Railway [SCR] - II,617212,,,"Multi-States (Andhra Pradesh, Maharashtra, Telangana)",08/2023,03/2029,,4686.09,4686.09,0.0,0.0,FlashReport_July_2025_page58_table1.csv,58,2026-08-28T21:13:50.839632
617212,12,2025-08,Doubling between Mudkhed Medchal & Mahbubnagar Dhone section 417.88 Km,South Central Railway [SCR] - II,617212,,,"Multi-States (Andhra Pradesh, Maharashtra, Telangana)",08/2023,03/2029,,4686.09,4686.09,0.0,0.0,FlashReport_August_2025_page59_table1.csv,59,2026-08-28T21:13:48.673102
617212,12,2025-09,Doubling between Mudkhed Medchal & Mahbubnagar Dhone section 417.88 Km,South Central Railway [SCR] - II,617212,,,"Multi-States (Andhra Pradesh, Maharashtra, Telangana)",08/2023,03/2029,,4686.09,4686.09,0.0,0.0,FlashReport_September_2025_page64_table1.csv,64,2026-08-28T21:13:53.920299
400253,12,2025-07,Vizianagaram - Titlagarh 3rd line [272 Km including By - pass line of 7.68 KM],RVNL - II,400253,,,"Multi-States (Andhra Pradesh, Odisha)",11/2016,12/2026,,4803.0,6670.0,5722.01,89.0,FlashReport_July_2025_page58_table1.csv,58,2026-08-28T21:13:50.839787
400253,12,2025-08,Vizianagaram - Titlagarh 3rd line [272 Km including By - pass line of 7.68 KM],RVNL - II,400253,,,"Multi-States (Andhra Pradesh, Odisha)",06/2016,12/2026,12/2026,4803.0,6670.0,5722.01,89.0,FlashReport_August_2025_page59_table1.csv,59,2026-08-28T21:13:48.673259
400253,12,2025-09,Vizianagaram - Titlagarh 3rd line [272 Km including By - pass line of 7.68 KM],RVNL - II,400253,,,"Multi-States (Andhra Pradesh, Odisha)",06/2016,12/2026,12/2026,4803.0,6670.0,5722.01,89.0,FlashReport_September_2025_page64_table1.csv,64,2026-08-28T21:13:53.920457
705512,13,2025-07,Doubling of Kottavalasa-Koraput Rail Line [189 KM],East Coast Railway [ECoR] - II,705512,,,"Multi-States (Andhra Pradesh, Odisha)",01/2016,03/2022,,2500.0,2500.0,2033.31,70.0,FlashReport_July_2025_page58_table1.csv,58,2026-08-28T21:13:50.839930
705512,13,2025-08,Doubling of Kottavalasa-Koraput Rail Line [189 KM],East Coast Railway [ECoR] - II,705512,,,"Multi-States (Andhra Pradesh, Odisha)",12/2015,03/2022,03/2028,2500.0,2500.0,1987.17,70.0,FlashReport_August_2025_page59_table1.csv,59,2026-08-28T21:13:48.673410
705512,13,2025-09,Doubling of Kottavalasa-Koraput Rail Line [189 KM],East Coast Railway [ECoR] - II,705512,,,"Multi-States (Andhra Pradesh, Odisha)",12/2015,03/2022,03/2028,2500.0,2500.0,1999.9,70.0,FlashReport_September_2025_page64_table1.csv,64,2026-08-28T21:13:53.920602
400275,13,2025-07,Tindivanam-Nagari New Line Project [184.5 km],Southern Railway [SR] - II,400275,,,"Multi-States (Andhra Pradesh, Tamil Nadu)",10/2008,09/2016,,3631.0,3631.0,1113.53,18.0,FlashReport_July_2025_page58_table1.csv,58,2026-08-28T21:13:50.840252
400275,13,2025-08,Tindivanam-Nagari New Line Project [184.5 km],Southern Railway [SR] - II,400275,,,"Multi-States (Andhra Pradesh, Tamil Nadu)",07/2008,09/2016,03/2028,3631.0,3631.0,1113.53,18.0,FlashReport_August_2025_page59_table1.csv,59,2026-08-28T21:13:48.673854
400275,13,2025-09,Tindivanam-Nagari New Line Project [184.5 km],Southern Railway [SR] - II,400275,,,"Multi-States (Andhra Pradesh, Tamil Nadu)",07/2008,09/2016,03/2028,3631.0,3631.0,1113.53,18.0,FlashReport_September_2025_page64_table1.csv,64,2026-08-28T21:13:53.920882
616857,13,2025-07,Doubling between Motumari Vishnupuram - 88.81 Km and Rail over Rail - RoR at Motumari - 10.877 Km,South Central Railway [SCR] - II,616857,,,"Multi-States (Andhra Pradesh, Telangana)",03/2025,03/2029,,1595.55,1595.55,7.69,1.0,FlashReport_July_2025_page58_table1.csv,58,2026-08-28T21:13:50.840425
616857,13,2025-08,Doubling between Motumari Vishnupuram - 88.81 Km and Rail over Rail - RoR at Motumari - 10.877 Km,South Central Railway [SCR] - II,616857,,,"Multi-States (Andhra Pradesh, Telangana)",03/2025,03/2029,,1595.55,1595.55,7.69,1.0,FlashReport_August_2025_page59_table1.csv,59,2026-08-28T21:13:48.674025
616857,13,2025-09,Doubling between Motumari Vishnupuram - 88.81 Km and Rail over Rail - RoR at Motumari - 10.877 Km,South Central Railway [SCR] - II,616857,,,"Multi-States (Andhra Pradesh, Telangana)",02/2024,03/2029,,1595.55,1595.55,9.59,1.0,FlashReport_September_2025_page64_table1.csv,64,2026-08-28T21:13:53.921051
617211,12,2025-07,Doubling of Guntur Bibinagar 239 Km,South Central Railway [SCR] - II,617211,,,"Multi-States (Andhra Pradesh, Telangana)",08/2023,03/2029,,2853.23,2853.23,43.88,1.0,FlashReport_July_2025_page58_table1.csv,58,2026-08-28T21:13:50.840571
617211,12,2025-08,Doubling of Guntur Bibinagar 239 Km,South Central Railway [SCR] - II,617211,,,"Multi-States (Andhra Pradesh, Telangana)",08/2023,03/2029,,2853.23,2853.23,43.88,1.0,FlashReport_August_2025_page59_table1.csv,59,2026-08-28T21:13:48.674171
617211,12,2025-09,Doubling of Guntur Bibinagar 239 Km,South Central Railway [SCR] - II,617211,,,"Multi-States (Andhra Pradesh, Telangana)",08/2023,03/2029,,2853.23,2853.23,46.87,1.0,FlashReport_September_2025_page64_table1.csv,64,2026-08-28T21:13:53.921199
617214,13,2025-07,Rail Connectivity to Errupalem Amravati Namburu 57 Km,South Central Railway [SCR] - II,617214,,,"Multi-States (Andhra Pradesh, Telangana)",11/2024,03/2027,,2047.4,2047.4,0.0,0.0,FlashReport_July_2025_page58_table1.csv,58,2026-08-28T21:13:50.840724
617214,13,2025-08,Rail Connectivity to Errupalem Amravati Namburu 57 Km,South Central Railway [SCR] - II,617214,,,"Multi-States (Andhra Pradesh, Telangana)",11/2024,03/2027,,2047.4,2047.4,0.0,0.0,FlashReport_August_2025_page59_table1.csv,59,2026-08-28T21:13:48.674324
705612,12,2025-07,Kazipet-Vijayawada 3rd line with electrification [220 km],South Central Railway [SCR] - II,705612,,,"Multi-States (Andhra Pradesh, Telangana)",08/2014,02/2025,,1953.0,3363.0,2915.49,90.0,FlashReport_July_2025_page58_table1.csv,58,2026-08-28T21:13:50.840941
705612,12,2025-08,Kazipet-Vijayawada 3rd line with electrification [220 km],South Central Railway [SCR] - II,705612,,,"Multi-States (Andhra Pradesh, Telangana)",03/2013,02/2025,12/2025,1953.0,3363.0,3073.74,91.0,FlashReport_August_2025_page59_table1.csv,59,2026-08-28T21:13:48.674476
705612,12,2025-09,Kazipet-Vijayawada 3rd line with electrification [220 km],South Central Railway [SCR] - II,705612,,,"Multi-States (Andhra Pradesh, Telangana)",03/2013,02/2025,12/2025,1953.0,3363.0,3246.08,92.0,FlashReport_September_2025_page64_table1.csv,64,2026-08-28T21:13:53.921347
705632,13,2025-07,Vijayawada - Kazipet Byepass line,South Central Railway [SCR] - II,705632,,,"Multi-States (Andhra Pradesh, Telangana)",04/2016,01/2025,,647.0,904.0,870.0,91.0,FlashReport_July_2025_page58_table1.csv,58,2026-08-28T21:13:50.841099
705632,13,2025-08,Vijayawada - Kazipet Byepass line,South Central Railway [SCR] - II,705632,,,"Multi-States (Andhra Pradesh, Telangana)",04/2016,01/2025,12/2025,647.0,904.0,888.91,91.0,FlashReport_August_2025_page59_table1.csv,59,2026-08-28T21:13:48.674623
705632,13,2025-09,Vijayawada - Kazipet Byepass line,South Central Railway [SCR] - II,705632,,,"Multi-States (Andhra Pradesh, Telangana)",04/2016,01/2025,12/2025,647.0,904.0,901.1,92.0,FlashReport_September_2025_page64_table1.csv,64,2026-08-28T21:13:53.921492
705794,12,2025-07,New Delhi- Howrah Speed Booster[160Kmph] Project,PCE/NCR,705794,,,"Multi-States (Bihar, Delhi, Jharkhand, Uttar Pradesh, West Bengal)",09/2019,03/2024,,6684.81,6684.81,127.03,0.0,FlashReport_July_2025_page58_table1.csv,58,2026-08-28T21:13:50.841629
705794,12,2025-08,New Delhi- Howrah Speed Booster[160Kmph] Project,PCE/NCR,705794,,,"Multi-States (Bihar, Delhi, Jharkhand, Uttar Pradesh, West Bengal)",09/2019,03/2024,,6684.81,6684.81,127.03,0.0,FlashReport_August_2025_page59_table1.csv,59,2026-08-28T21:13:48.675252
705794,12,2025-09,New Delhi- Howrah Speed Booster[160Kmph] Project,PCE/NCR,705794,,,"Multi-States (Bihar, Delhi, Jharkhand, Uttar Pradesh, West Bengal)",09/2019,03/2024,,6684.81,6684.81,127.03,0.0,FlashReport_September_2025_page64_table1.csv,64,2026-08-28T21:13:53.922094
616699,13,2025-07,Multi tracking of Son Nagar-Andal [374.53 rkm & 814.38 tkm],East Central Railway [ECR] - I,616699,,,"Multi-States (Bihar, Jharkhand)",08/2023,03/2028,,12333.57,12333.6,444.74,10.0,FlashReport_July_2025_page58_table1.csv,58,2026-08-28T21:13:50.842223
616699,13,2025-08,Multi tracking of Son Nagar-Andal 374.53 rkm & 814.38 tkm,East Central Railway [ECR] - I,616699,,,"Multi-States (Bihar, Jharkhand)",08/2023,03/2028,,12333.57,12333.6,467.55,11.0,FlashReport_August_2025_page59_table1.csv,59,2026-08-28T21:13:48.675504
616699,13,2025-09,Multi tracking of Son Nagar-Andal 374.53 rkm & 814.38 tkm,East Central Railway [ECR] - I,616699,,,"Multi-States (Bihar, Jharkhand)",08/2023,03/2028,,12333.57,12333.6,508.44,12.0,FlashReport_September_2025_page65_table1.csv,65,2026-08-28T21:13:53.924635
705375,13,2025-07,Koderma-Tilaiya New Line,East Central Railway [ECR] - II,705375,,,"Multi-States (Bihar, Jharkhand)",03/2002,02/2025,,1626.0,2020.0,2060.97,92.0,FlashReport_July_2025_page58_table1.csv,58,2026-08-28T21:13:50.842371
705375,13,2025-08,Koderma-Tilaiya New Line,East Central Railway [ECR] - I,705375,,,"Multi-States (Bihar, Jharkhand)",11/2004,02/2025,02/2026,1626.0,2020.0,2000.4,95.0,FlashReport_August_2025_page59_table1.csv,59,2026-08-28T21:13:48.675634
705375,13,2025-09,Koderma-Tilaiya New Line,East Central Railway [ECR] - I,705375,,,"Multi-States (Bihar, Jharkhand)",11/2004,02/2025,02/2026,1626.0,2020.0,2000.4,95.0,FlashReport_September_2025_page65_table1.csv,65,2026-08-28T21:13:53.924811
705385,13,2025-07,Pirpainti - Jasidih [100.52 Km] New BG line,Eastern Railway [ER] - I,705385,,,"Multi-States (Bihar, Jharkhand)",03/2022,03/2028,,2555.0,2555.0,763.08,48.0,FlashReport_July_2025_page58_table1.csv,58,2026-08-28T21:13:50.842515
705385,13,2025-08,Pirpainti - Jasidih [100.52 Km] New BG line,Eastern Railway [ER] - I,705385,,,"Multi-States (Bihar, Jharkhand)",03/2014,03/2028,03/2028,2555.0,2555.0,767.04,48.0,FlashReport_August_2025_page60_table1.csv,60,2026-08-28T21:13:48.681725
705385,13,2025-09,Pirpainti - Jasidih [100.52 Km] New BG line,Eastern Railway [ER] - I,705385,,,"Multi-States (Bihar, Jharkhand)",03/2014,03/2028,03/2028,2555.0,2555.0,773.15,48.0,FlashReport_September_2025_page65_table1.csv,65,2026-08-28T21:13:53.924971
611669,13,2025-07,NER Provision of Automatic Block Signalling on Gorakhpur Cantt[Excl] Chhapra Gramin & Burhwal Jn [Excl] Sitapur Jn section of high density routes,North Eastern Railway [NER],611669,,,"Multi-States (Bihar, Uttar Pradesh)",06/2023,03/2027,,380.47,380.47,24.53,0.0,FlashReport_July_2025_page58_table1.csv,58,2026-08-28T21:13:50.842685
611669,13,2025-08,NER Provision of Automatic Block Signalling on Gorakhpur Cantt[Excl] Chhapra Gramin & Burhwal Jn [Excl] Sitapur Jn section of high density routes,North Eastern Railway [NER],611669,,,"Multi-States (Bihar, Uttar Pradesh)",06/2023,03/2027,,380.47,380.47,24.53,0.0,FlashReport_August_2025_page60_table1.csv,60,2026-08-28T21:13:48.681957
611669,13,2025-09,NER Provision of Automatic Block Signalling on Gorakhpur Cantt[Excl] Chhapra Gramin & Burhwal Jn [Excl] Sitapur Jn section of high density routes,North Eastern Railway [NER],611669,,,"Multi-States (Bihar, Uttar Pradesh)",06/2023,03/2027,,380.47,380.47,24.53,0.0,FlashReport_September_2025_page65_table1.csv,65,2026-08-28T21:13:53.925173
617224,13,2025-07,Gorakhpur-Valmikinagar Doubling project,NER,617224,,,"Multi-States (Bihar, Uttar Pradesh)",03/2024,12/2027,,1120.0,1120.0,181.86,20.0,FlashReport_July_2025_page58_table1.csv,58,2026-08-28T21:13:50.843052
617224,13,2025-08,Gorakhpur-Valmikinagar Doubling project,NER,617224,,,"Multi-States (Bihar, Uttar Pradesh)",03/2024,12/2027,,1120.0,1120.0,204.59,20.0,FlashReport_August_2025_page60_table1.csv,60,2026-08-28T21:13:48.682115
617224,13,2025-09,Gorakhpur-Valmikinagar Doubling project,NER,617224,,,"Multi-States (Bihar, Uttar Pradesh)",08/2023,12/2027,,1120.0,1120.0,220.18,21.0,FlashReport_September_2025_page65_table1.csv,65,2026-08-28T21:13:53.925315
705562,13,2025-07,Chhapra-Ballia Patch Doubling,North Eastern Railway [NER],705562,,,"Multi-States (Bihar, Uttar Pradesh)",11/2015,02/2025,,963.0,1046.0,906.0,95.4,FlashReport_July_2025_page58_table1.csv,58,2026-08-28T21:13:50.843216
705562,13,2025-08,Chhapra-Ballia Patch Doubling,North Eastern Railway [NER],705562,,,"Multi-States (Bihar, Uttar Pradesh)",03/2013,02/2025,03/2025,963.0,1046.0,911.66,95.0,FlashReport_August_2025_page60_table1.csv,60,2026-08-28T21:13:48.682272
705562,13,2025-09,Chhapra-Ballia Patch Doubling,North Eastern Railway [NER],705562,,,"Multi-States (Bihar, Uttar Pradesh)",03/2013,02/2025,03/2026,963.0,1046.0,911.66,95.0,FlashReport_September_2025_page65_table1.csv,65,2026-08-28T21:13:53.925458
705617,13,2025-07,Rajnandgaon - Nagpur [Kalumna] Third Railway Line [228.30 km],South East Central Railway [SECR] - II,705617,,,"Multi-States (Chhattisgarh, Maharashtra)",12/2016,12/2024,,3545.0,3545.0,3163.08,95.0,FlashReport_July_2025_page59_table1.csv,59,2026-08-28T21:13:50.846223
705617,13,2025-08,Rajnandgaon - Nagpur [Kalumna] Third Railway Line [228.30 km],South East Central Railway [SECR] - II,705617,,,"Multi-States (Chhattisgarh, Maharashtra)",09/2016,12/2024,06/2026,3545.0,3545.0,3428.26,95.0,FlashReport_August_2025_page60_table1.csv,60,2026-08-28T21:13:48.682711
705617,13,2025-09,Rajnandgaon - Nagpur [Kalumna] Third Railway Line [228.30 km],South East Central Railway [SECR] - II,705617,,,"Multi-States (Chhattisgarh, Maharashtra)",09/2016,12/2024,06/2026,3545.0,3545.0,3466.53,96.0,FlashReport_September_2025_page65_table1.csv,65,2026-08-28T21:13:53.925745
617390,11,2025-09,Sardega -Bhalumuda New Double line [37.24 Km],SECR,617390,Ministry of Railways,Railways,"Multi-States (Chhattisgarh, Odisha)",09/2024,03/2028,,1281.81,,,,FlashReport_September_2025_page36_table1.csv,36,2026-08-28T21:13:53.772263
705511,13,2025-07,Jagdalpur-Koraput,East Coast Railway [ECoR] - II,705511,,,"Multi-States (Chhattisgarh, Odisha)",03/2016,03/2024,,1547.0,1547.0,1308.2,90.0,FlashReport_July_2025_page59_table1.csv,59,2026-08-28T21:13:50.846461
705511,13,2025-08,Jagdalpur-Koraput,East Coast Railway [ECoR] - II,705511,,,"Multi-States (Chhattisgarh, Odisha)",12/2015,03/2024,12/2026,1547.0,1547.0,1323.05,90.0,FlashReport_August_2025_page60_table1.csv,60,2026-08-28T21:13:48.682852
705511,13,2025-09,Jagdalpur-Koraput,East Coast Railway [ECoR] - II,705511,,,"Multi-States (Chhattisgarh, Odisha)",12/2015,03/2024,12/2026,1547.0,1547.0,1323.05,90.0,FlashReport_September_2025_page65_table1.csv,65,2026-08-28T21:13:53.926060
705616,13,2025-07,Jharsuguda-Bilaspur Fourth Railway Line [206 km],SECR,705616,,,"Multi-States (Chhattisgarh, Odisha)",09/2016,10/2024,,2140.0,2979.0,2124.15,88.0,FlashReport_July_2025_page59_table1.csv,59,2026-08-28T21:13:50.846613
705616,13,2025-08,Jharsuguda-Bilaspur Fourth Railway Line [206 km],SECR,705616,,,"Multi-States (Chhattisgarh, Odisha)",09/2016,10/2024,12/2025,2140.0,2979.0,2143.64,89.0,FlashReport_August_2025_page60_table1.csv,60,2026-08-28T21:13:48.682976
705616,13,2025-09,Jharsuguda-Bilaspur Fourth Railway Line [206 km],SECR,705616,,,"Multi-States (Chhattisgarh, Odisha)",09/2016,10/2024,12/2025,2140.0,2979.0,2160.07,92.0,FlashReport_September_2025_page65_table1.csv,65,2026-08-28T21:13:53.926222
705728,13,2025-07,Mumbai-Ahmedabad High Speed Rail Project- 508 km,National High Speed Rail Corporation [NHSRC],705728,,,"Multi-States (Dadra & Nagar Haveli and Daman & Diu, Gujarat, Maharashtra)",09/2017,08/2027,,108000.0,108000.0,78690.89,53.0,FlashReport_July_2025_page59_table1.csv,59,2026-08-28T21:13:50.846768
705728,13,2025-08,Mumbai-Ahmedabad High Speed Rail Project- 508 km,National High Speed Rail Corporation [NHSRC],705728,,,"Multi-States (Dadra & Nagar Haveli and Daman & Diu, Gujarat, Maharashtra)",03/2015,08/2027,12/2029,108000.0,108000.0,79918.89,53.0,FlashReport_August_2025_page60_table1.csv,60,2026-08-28T21:13:48.683303
705728,13,2025-09,Mumbai-Ahmedabad High Speed Rail Project- 508 km,National High Speed Rail Corporation [NHSRC],705728,,,"Multi-States (Dadra & Nagar Haveli and Daman & Diu, Gujarat, Maharashtra)",03/2015,08/2027,12/2029,108000.0,108000.0,81242.89,54.0,FlashReport_September_2025_page65_table1.csv,65,2026-08-28T21:13:53.926369
705793,13,2025-07,New Delhi- Mumbai Speed Booster[160Kmph] Project,PCE/WR,705793,,,"Multi-States (Delhi, Gujarat, Madhya Pradesh, Maharashtra, Rajasthan)",09/2019,03/2024,,6806.44,6806.44,135.65,0.0,FlashReport_July_2025_page59_table1.csv,59,2026-08-28T21:13:50.846943
705793,13,2025-08,New Delhi- Mumbai Speed Booster[160Kmph] Project,PCE/WR,705793,,,"Multi-States (Delhi, Gujarat, Madhya Pradesh, Maharashtra, Rajasthan)",09/2019,03/2024,,6806.44,6806.44,135.65,0.0,FlashReport_August_2025_page60_table1.csv,60,2026-08-28T21:13:48.683478
705793,13,2025-09,New Delhi- Mumbai Speed Booster[160Kmph] Project,PCE/WR,705793,,,"Multi-States (Delhi, Gujarat, Madhya Pradesh, Maharashtra, Rajasthan)",09/2019,03/2024,,6806.44,6806.44,135.65,0.0,FlashReport_September_2025_page65_table1.csv,65,2026-08-28T21:13:53.926506
705650,12,2025-07,Hospet - Tinaighat - Vasco Rail Doubling Project,RVNL - II,705650,,,"Multi-States (Goa, Karnataka)",07/2012,03/2027,,5060.0,5060.0,5007.82,86.0,FlashReport_July_2025_page59_table1.csv,59,2026-08-28T21:13:50.847081
705650,12,2025-08,Hospet - Tinaighat - Vasco Rail Doubling Project,RVNL - II,705650,,,"Multi-States (Goa, Karnataka)",03/2010,03/2027,12/2027,5060.0,5060.0,5007.82,86.0,FlashReport_August_2025_page60_table1.csv,60,2026-08-28T21:13:48.683666
705650,12,2025-09,Hospet - Tinaighat - Vasco Rail Doubling Project,RVNL - II,705650,,,"Multi-States (Goa, Karnataka)",03/2010,03/2027,12/2027,5060.0,5060.0,5007.82,86.0,FlashReport_September_2025_page65_table1.csv,65,2026-08-28T21:13:53.926625
706950,12,2025-07,Hospet-Hubli-Vasco da Gama Line Electrification Project,RVNL,706950,,,"Multi-States (Goa, Karnataka)",05/2018,03/2023,,744.49,1122.62,969.05,95.0,FlashReport_July_2025_page59_table1.csv,59,2026-08-28T21:13:50.847201
706950,12,2025-08,Hospet-Hubli-Vasco da Gama Line Electrification Project,RVNL,706950,,,"Multi-States (Goa, Karnataka)",05/2018,03/2023,03/2024,744.49,1122.62,969.05,95.0,FlashReport_August_2025_page60_table1.csv,60,2026-08-28T21:13:48.683819
706950,12,2025-09,Hospet-Hubli-Vasco da Gama Line Electrification Project,RVNL,706950,,,"Multi-States (Goa, Karnataka)",07/2015,03/2023,03/2024,744.49,1122.62,969.05,95.0,FlashReport_September_2025_page65_table1.csv,65,2026-08-28T21:13:53.926934
705237,13,2025-07,Western Dedicated Freight Corridor,DFCCIL,705237,,,"Multi-States (Gujarat, Haryana, Maharashtra, Rajasthan, Uttar Pradesh)",01/2012,03/2022,,51101.0,124005.0,124623.0,96.0,FlashReport_July_2025_page59_table1.csv,59,2026-08-28T21:13:50.847385
705237,13,2025-08,Western Dedicated Freight Corridor,DFCCIL,705237,,,"Multi-States (Gujarat, Haryana, Maharashtra, Rajasthan, Uttar Pradesh)",02/2008,03/2022,12/2025,51101.0,124005.0,124623.0,96.0,FlashReport_August_2025_page60_table1.csv,60,2026-08-28T21:13:48.683964
705237,13,2025-09,Western Dedicated Freight Corridor,DFCCIL,705237,,,"Multi-States (Gujarat, Haryana, Maharashtra, Rajasthan, Uttar Pradesh)",02/2008,03/2022,12/2025,51101.0,124005.0,124623.0,96.0,FlashReport_September_2025_page65_table1.csv,65,2026-08-28T21:13:53.927114
705453,13,2025-07,"New line Dahod-Indore via Sardarpur, Jabuwa and Dhar",Western Railway [WR] - II,705453,,,"Multi-States (Gujarat, Madhya Pradesh)",06/2012,02/2027,,1942.0,2691.0,3412.98,67.0,FlashReport_July_2025_page59_table1.csv,59,2026-08-28T21:13:50.847521
705453,13,2025-08,"New line Dahod-Indore via Sardarpur, Jabuwa and Dhar",Western Railway [WR] - II,705453,,,"Multi-States (Gujarat, Madhya Pradesh)",06/2012,02/2027,02/2027,456.07,1873.1,3412.33,46.0,FlashReport_August_2025_page60_table1.csv,60,2026-08-28T21:13:48.684109
705453,13,2025-09,"New line Dahod-Indore via Sardarpur, Jabuwa and Dhar",Western Railway [WR] - II,705453,,,"Multi-States (Gujarat, Madhya Pradesh)",06/2012,02/2027,02/2027,456.07,3516.77,3531.0,48.0,FlashReport_September_2025_page65_table1.csv,65,2026-08-28T21:13:53.927283
705454,13,2025-07,Chhota Udaipur - Dhar New Line Project [157 km],Western Railway [WR] - II,705454,,,"Multi-States (Gujarat, Madhya Pradesh)",01/2014,12/2025,,1794.0,1794.0,1800.85,80.0,FlashReport_July_2025_page59_table1.csv,59,2026-08-28T21:13:50.847651
705454,13,2025-08,Chhota Udaipur - Dhar New Line Project [157 km],Western Railway [WR] - II,705454,,,"Multi-States (Gujarat, Madhya Pradesh)",11/2008,12/2025,12/2025,1794.0,1794.0,1804.05,80.0,FlashReport_August_2025_page60_table1.csv,60,2026-08-28T21:13:48.684280
705454,13,2025-09,Chhota Udaipur - Dhar New Line Project [157 km],Western Railway [WR] - II,705454,,,"Multi-States (Gujarat, Madhya Pradesh)",11/2008,12/2025,12/2025,1794.0,1794.0,1812.56,80.0,FlashReport_September_2025_page65_table1.csv,65,2026-08-28T21:13:53.927445
611452,12,2025-07,MUMBAI CENTRAL VIRAR VADODARA AHMEDABAAD TRAIN PROTECTION SYSTEM 500 RKM,Western Railway,611452,,,"Multi-States (Gujarat, Maharashtra)",03/2023,12/2025,,311.0,311.0,208.0,92.0,FlashReport_July_2025_page59_table1.csv,59,2026-08-28T21:13:50.847966
611452,12,2025-08,MUMBAI CENTRAL VIRAR VADODARA AHMEDABAAD TRAIN PROTECTION SYSTEM 500 RKM,Western Railway,611452,,,"Multi-States (Gujarat, Maharashtra)",09/2019,12/2025,06/2025,311.0,311.0,208.0,92.0,FlashReport_August_2025_page60_table1.csv,60,2026-08-28T21:13:48.684436
611452,12,2025-09,MUMBAI CENTRAL VIRAR VADODARA AHMEDABAAD TRAIN PROTECTION SYSTEM 500 RKM,Western Railway,611452,,,"Multi-States (Gujarat, Maharashtra)",09/2019,12/2025,06/2025,311.0,311.0,208.0,92.0,FlashReport_September_2025_page65_table1.csv,65,2026-08-28T21:13:53.927604
400022,13,2025-07,Taranga Hill-Abu Road via Ambaji,North Western Railway [NWR],400022,,,"Multi-States (Gujarat, Rajasthan)",07/2022,07/2030,,2798.0,2798.0,1891.9,14.0,FlashReport_July_2025_page59_table1.csv,59,2026-08-28T21:13:50.848105
400022,13,2025-08,Taranga Hill-Abu Road via Ambaji,North Western Railway [NWR],400022,,,"Multi-States (Gujarat, Rajasthan)",07/2022,07/2030,07/2030,2798.0,2798.0,1915.38,15.0,FlashReport_August_2025_page60_table1.csv,60,2026-08-28T21:13:48.684575
400022,13,2025-09,Taranga Hill-Abu Road via Ambaji,North Western Railway [NWR],400022,,,"Multi-States (Gujarat, Rajasthan)",07/2022,07/2030,07/2030,2798.0,2798.0,1931.66,16.0,FlashReport_September_2025_page65_table1.csv,65,2026-08-28T21:13:53.927745
616842,13,2025-07,LUNI- SAMDARI- BHILDI DOUBLING,North Western Railway [NWR],616842,,,"Multi-States (Gujarat, Rajasthan)",02/2024,07/2027,,3085.59,3085.59,154.46,7.0,FlashReport_July_2025_page59_table1.csv,59,2026-08-28T21:13:50.848257
616842,13,2025-08,LUNI- SAMDARI- BHILDI DOUBLING,North Western Railway [NWR],616842,,,"Multi-States (Gujarat, Rajasthan)",02/2024,07/2027,,3085.59,3085.59,171.32,7.0,FlashReport_August_2025_page60_table1.csv,60,2026-08-28T21:13:48.684723
616842,13,2025-09,LUNI- SAMDARI- BHILDI DOUBLING,North Western Railway [NWR],616842,,,"Multi-States (Gujarat, Rajasthan)",02/2024,07/2027,,3085.59,3085.59,277.6,12.0,FlashReport_September_2025_page65_table1.csv,65,2026-08-28T21:13:53.927905
705424,13,2025-07,Chandigarh-Baddi New Rail Line- 36 km,Northen Railway [NR],705424,,,"Multi-States (Haryana, Himachal Pradesh)",02/2018,12/2026,,1540.0,1540.0,506.73,31.0,FlashReport_July_2025_page59_table1.csv,59,2026-08-28T21:13:50.848439
705424,13,2025-08,Chandigarh-Baddi New Rail Line- 36 km,Northen Railway [NR],705424,,,"Multi-States (Haryana, Himachal Pradesh)",02/2018,12/2026,12/2026,1540.0,1540.13,506.73,31.0,FlashReport_August_2025_page60_table1.csv,60,2026-08-28T21:13:48.684893
705424,13,2025-09,Chandigarh-Baddi New Rail Line- 36 km,Northen Railway [NR],705424,,,"Multi-States (Haryana, Himachal Pradesh)",02/2018,12/2026,12/2026,1540.0,1540.13,522.31,31.0,FlashReport_September_2025_page65_table1.csv,65,2026-08-28T21:13:53.928056
611861,12,2025-07,Rewari - Kathuwas Doubling Project [27.72 Km],North Western Railway [NWR],611861,,,"Multi-States (Haryana, Rajasthan)",12/2022,06/2027,,352.0,352.0,239.01,59.0,FlashReport_July_2025_page59_table1.csv,59,2026-08-28T21:13:50.848591
611861,12,2025-08,Rewari - Kathuwas Doubling Project [27.72 Km],North Western Railway [NWR],611861,,,"Multi-States (Haryana, Rajasthan)",02/2023,06/2027,06/2027,352.0,352.0,246.11,63.0,FlashReport_August_2025_page60_table1.csv,60,2026-08-28T21:13:48.685044
611861,12,2025-09,Rewari - Kathuwas Doubling Project [27.72 Km],North Western Railway [NWR],611861,,,"Multi-States (Haryana, Rajasthan)",02/2023,06/2027,06/2027,352.0,352.0,258.15,65.0,FlashReport_September_2025_page65_table1.csv,65,2026-08-28T21:13:53.928206
705410,11,2025-07,Nangal Dam-Talwara New Broad Gauge Line [84 KM] and Taking Over Siding Mukerian-Talwara [29 KM],Northen Railway [NR],705410,,,"Multi-States (Himachal Pradesh, Punjab)",05/1985,12/2025,,2018.0,2018.0,1848.0,74.0,FlashReport_July_2025_page59_table1.csv,59,2026-08-28T21:13:50.848837
705410,11,2025-08,Nangal Dam-Talwara New Broad Gauge Line [84 KM] and Taking Over Siding Mukerian-Talwara [29 KM],Northen Railway [NR],705410,,,"Multi-States (Himachal Pradesh, Punjab)",03/1983,12/2025,01/2027,2018.0,2018.0,2053.9,45.0,FlashReport_August_2025_page60_table1.csv,60,2026-08-28T21:13:48.685210
705410,11,2025-09,Nangal Dam-Talwara New Broad Gauge Line [84 KM] and Taking Over Siding Mukerian-Talwara [29 KM],Northen Railway [NR],705410,,,"Multi-States (Himachal Pradesh, Punjab)",03/1983,12/2025,01/2027,2018.0,2018.0,2053.9,45.0,FlashReport_September_2025_page65_table1.csv,65,2026-08-28T21:13:53.928371
705428,12,2025-07,Bhanupalli-Bilaspur-Beri New Railway Line Project,RVNL - II,705428,,,"Multi-States (Himachal Pradesh, Punjab)",04/2015,12/2026,,13447.0,13447.0,6391.15,59.0,FlashReport_July_2025_page59_table1.csv,59,2026-08-28T21:13:50.849181
705428,12,2025-08,Bhanupalli-Bilaspur-Beri New Railway Line Project,RVNL - II,705428,,,"Multi-States (Himachal Pradesh, Punjab)",03/2009,12/2026,12/2027,13447.0,13447.0,6805.81,60.0,FlashReport_August_2025_page60_table1.csv,60,2026-08-28T21:13:48.685364
705428,12,2025-09,Bhanupalli-Bilaspur-Beri New Railway Line Project,RVNL - II,705428,,,"Multi-States (Himachal Pradesh, Punjab)",03/2009,12/2026,12/2027,13447.0,13447.0,6902.81,60.0,FlashReport_September_2025_page65_table1.csv,65,2026-08-28T21:13:53.928661
705628,13,2025-07,Doubling of Hatia [Ranchi]-Bondamunda Rail Line - 159 km,South Eastern Railway - JH,705628,,,"Multi-States (Jharkhand, Odisha)",02/2017,06/2025,,3029.0,3029.0,2458.15,85.0,FlashReport_July_2025_page59_table1.csv,59,2026-08-28T21:13:50.849351
705628,13,2025-08,Doubling of Hatia [Ranchi]-Bondamunda Rail Line - 159 km,South Eastern Railway - JH,705628,,,"Multi-States (Jharkhand, Odisha)",03/2016,06/2025,06/2026,3029.0,3029.0,2470.12,85.0,FlashReport_August_2025_page60_table1.csv,60,2026-08-28T21:13:48.685523
705628,13,2025-09,Doubling of Hatia [Ranchi]-Bondamunda Rail Line - 159 km,South Eastern Railway - JH,705628,,,"Multi-States (Jharkhand, Odisha)",03/2016,06/2025,06/2026,3029.0,3029.0,2487.31,86.0,FlashReport_September_2025_page65_table1.csv,65,2026-08-28T21:13:53.928848
616588,13,2025-07,Buramara-Chakulia new line [59.96 km],South Eastern Railway [SER] - I,616588,,,"Multi-States (Jharkhand, Odisha, West Bengal)",12/2024,12/2029,,1459.13,1459.13,1.04,0.0,FlashReport_July_2025_page59_table1.csv,59,2026-08-28T21:13:50.849527
616588,13,2025-08,Buramara-Chakulia new line [59.96 km],South Eastern Railway [SER] - I,616588,,,"Multi-States (Jharkhand, Odisha, West Bengal)",08/2024,12/2029,,1459.13,1459.13,2.11,0.0,FlashReport_August_2025_page60_table1.csv,60,2026-08-28T21:13:48.685706
616227,11,2025-07,Chandil - Anara - Damodar - 3rd line [121.26 km],CAO/C/SER,616227,,,"Multi-States (Jharkhand, West Bengal)",07/2025,09/2029,,1932.01,1932.01,0.03,0.0,FlashReport_July_2025_page59_table1.csv,59,2026-08-28T21:13:50.850090
616227,11,2025-08,Chandil - Anara - Damodar - 3rd line [121.26 km],CAO/C/SER,616227,,,"Multi-States (Jharkhand, West Bengal)",07/2025,09/2029,,1932.01,1932.01,0.03,0.0,FlashReport_August_2025_page60_table1.csv,60,2026-08-28T21:13:48.685864
705668,13,2025-07,KHARAGPUR-ADITYAPUR THIRD RAIL LINE- 132 KM,RVNL - II,705668,,,"Multi-States (Jharkhand, West Bengal)",01/2018,03/2025,,3250.0,3250.0,3176.46,97.0,FlashReport_July_2025_page59_table1.csv,59,2026-08-28T21:13:50.850407
705668,13,2025-08,KHARAGPUR-ADITYAPUR THIRD RAIL LINE- 132 KM,RVNL - II,705668,,,"Multi-States (Jharkhand, West Bengal)",09/2016,03/2025,12/2025,3250.0,3250.0,3176.46,97.0,FlashReport_August_2025_page60_table1.csv,60,2026-08-28T21:13:48.686013
705668,13,2025-09,KHARAGPUR-ADITYAPUR THIRD RAIL LINE- 132 KM,RVNL - II,705668,,,"Multi-States (Jharkhand, West Bengal)",09/2016,03/2025,12/2025,3250.0,3250.0,3176.46,97.0,FlashReport_September_2025_page65_table1.csv,65,2026-08-28T21:13:53.929028
703586,13,2025-07,Baiyyappanahalli - Hosur Doubling Project [48 km],Karnataka Rail Infrastructure Development Company Limited [K-RIDE],703586,,,"Multi-States (Karnataka, Tamil Nadu)",02/2019,12/2024,,499.0,499.0,595.0,97.0,FlashReport_July_2025_page59_table1.csv,59,2026-08-28T21:13:50.850710
703586,13,2025-08,Baiyyappanahalli - Hosur Doubling Project [48 km],Karnataka Rail Infrastructure Development Company Limited [K-RIDE],703586,,,"Multi-States (Karnataka, Tamil Nadu)",04/2019,12/2024,01/2026,499.0,499.0,595.0,97.0,FlashReport_August_2025_page60_table1.csv,60,2026-08-28T21:13:48.686317
703586,13,2025-09,Baiyyappanahalli - Hosur Doubling Project [48 km],Karnataka Rail Infrastructure Development Company Limited [K-RIDE],703586,,,"Multi-States (Karnataka, Tamil Nadu)",04/2019,03/2024,01/2026,498.7,748.7,630.41,86.0,FlashReport_September_2025_page66_table1.csv,66,2026-08-28T21:13:53.931831
705635,12,2025-07,Trivandrum- Kanyakumari,SR-ERS,705635,,,"Multi-States (Kerala, Tamil Nadu)",03/2016,03/2024,,1432.0,3785.0,2451.0,46.0,FlashReport_July_2025_page59_table1.csv,59,2026-08-28T21:13:50.850844
705635,12,2025-08,Trivandrum- Kanyakumari,Southern Railway (SR) - I,705635,,,"Multi-States (Kerala, Tamil Nadu)",08/2017,03/2024,12/2027,1432.0,3785.0,2451.0,46.0,FlashReport_August_2025_page61_table1.csv,61,2026-08-28T21:13:48.689065
705635,12,2025-09,Trivandrum- Kanyakumari,Southern Railway (SR) - I,705635,,,"Multi-States (Kerala, Tamil Nadu)",08/2017,03/2024,12/2027,1432.0,3785.0,2451.0,46.0,FlashReport_September_2025_page66_table1.csv,66,2026-08-28T21:13:53.931983
705457,13,2025-07,Ratlam-Mhow-Khandwa-Akola Gauge Conversion,Western Railway [WR] - II,705457,,,"Multi-States (Madhya Pradesh, Maharashtra)",03/2010,03/2027,,5678.0,6531.9,4314.0,87.0,FlashReport_July_2025_page59_table1.csv,59,2026-08-28T21:13:50.851079
705457,13,2025-08,Ratlam-Mhow-Khandwa-Akola Gauge Conversion,Western Railway [WR] - II,705457,,,"Multi-States (Madhya Pradesh, Maharashtra)",04/2008,03/2027,09/2028,1656.25,5735.88,4428.77,80.0,FlashReport_August_2025_page61_table1.csv,61,2026-08-28T21:13:48.689240
705457,13,2025-09,Ratlam-Mhow-Khandwa-Akola Gauge Conversion,Western Railway [WR] - II,705457,,,"Multi-States (Madhya Pradesh, Maharashtra)",04/2008,03/2027,09/2028,1656.25,6499.86,4433.45,80.0,FlashReport_September_2025_page66_table1.csv,66,2026-08-28T21:13:53.932074
705507,13,2025-07,Itarsi - Nagpur Third Railway Line [280 km],Central Railway [CR] - II,705507,,,"Multi-States (Madhya Pradesh, Maharashtra)",09/2016,03/2027,,2450.0,2450.0,1815.49,52.0,FlashReport_July_2025_page59_table1.csv,59,2026-08-28T21:13:50.851341
705507,13,2025-08,Itarsi - Nagpur Third Railway Line [280 km],Central Railway [CR] - II,705507,,,"Multi-States (Madhya Pradesh, Maharashtra)",09/2016,03/2027,03/2027,2449.91,2506.68,1843.76,51.0,FlashReport_August_2025_page61_table1.csv,61,2026-08-28T21:13:48.689409
705507,13,2025-09,Itarsi - Nagpur Third Railway Line [280 km],Central Railway (CR) - II,705507,,,"Multi-States (Madhya Pradesh, Maharashtra)",09/2016,03/2027,03/2027,2449.91,2506.68,1850.73,51.0,FlashReport_September_2025_page66_table1.csv,66,2026-08-28T21:13:53.932158
617406,11,2025-09,RATLAM- DUNGARPUR VIA BANSWARA NEW LINE PROJECT,North Western Railway [NWR],617406,Ministry of Railways,Railways,"Multi-States (Madhya Pradesh, Rajasthan)",10/2015,03/2028,,2417.24,,,,FlashReport_September_2025_page36_table1.csv,36,2026-08-28T21:13:53.772396
705419,13,2025-07,Gwalior - Seopurkala with extension to Kota [Gauge Conversion],North Central Railway,705419,,,"Multi-States (Madhya Pradesh, Rajasthan)",07/2018,03/2025,,2913.0,2913.0,2751.0,83.0,FlashReport_July_2025_page59_table1.csv,59,2026-08-28T21:13:50.851523
705419,13,2025-08,Gwalior - Seopurkala with extension to Kota [Gauge Conversion],North Central Railway,705419,,,"Multi-States (Madhya Pradesh, Rajasthan)",03/2011,03/2025,02/2026,2913.0,2913.0,2097.51,78.0,FlashReport_August_2025_page61_table1.csv,61,2026-08-28T21:13:48.689623
705419,13,2025-09,Gwalior - Seopurkala with extension to Kota [Gauge Conversion],North Central Railway,705419,,,"Multi-States (Madhya Pradesh, Rajasthan)",03/2011,03/2025,02/2026,2913.0,2913.0,2097.51,78.0,FlashReport_September_2025_page66_table1.csv,66,2026-08-28T21:13:53.932367
705481,12,2025-07,Ramganjmandi-Bhopal New Line Project [262 km],West Central Railway [WCR] - II,705481,,,"Multi-States (Madhya Pradesh, Rajasthan)",10/2004,12/2025,,3032.0,5073.0,3592.92,70.0,FlashReport_July_2025_page60_table1.csv,60,2026-08-28T21:13:50.855289
705481,12,2025-08,Ramganjmandi-Bhopal New Line Project [262 km],West Central Railway [WCR] - II,705481,,,"Multi-States (Madhya Pradesh, Rajasthan)",03/2001,12/2025,12/2027,3032.0,5073.0,3621.79,70.0,FlashReport_August_2025_page61_table1.csv,61,2026-08-28T21:13:48.689828
705481,12,2025-09,Ramganjmandi-Bhopal New Line Project [262 km],West Central Railway [WCR] - II,705481,,,"Multi-States (Madhya Pradesh, Rajasthan)",03/2001,12/2025,12/2027,3032.0,5073.0,3669.29,70.0,FlashReport_September_2025_page66_table1.csv,66,2026-08-28T21:13:53.932530
705764,13,2025-07,Nimach-Badi Sadri New Rail Line Project,Western Railway [WR] - II,705764,,,"Multi-States (Madhya Pradesh, Rajasthan)",09/2021,03/2026,,495.0,825.0,306.0,46.0,FlashReport_July_2025_page60_table1.csv,60,2026-08-28T21:13:50.855469
705764,13,2025-08,Nimach-Badi Sadri New Rail Line Project,Western Railway [WR] - II,705764,,,"Multi-States (Madhya Pradesh, Rajasthan)",04/2017,03/2026,06/2026,495.0,825.0,79.55,53.0,FlashReport_August_2025_page61_table1.csv,61,2026-08-28T21:13:48.690023
705764,13,2025-09,Nimach-Badi Sadri New Rail Line Project,Western Railway [WR] - II,705764,,,"Multi-States (Madhya Pradesh, Rajasthan)",04/2017,03/2026,06/2026,495.0,825.0,107.83,55.0,FlashReport_September_2025_page66_table1.csv,66,2026-08-28T21:13:53.932686
705667,13,2025-07,Mathura-Jhansi Third Railway Line [274 Km],RVNL - II,705667,,,"Multi-States (Madhya Pradesh, Rajasthan, Uttar Pradesh)",03/2018,12/2024,,5961.0,5961.0,4928.62,94.0,FlashReport_July_2025_page60_table1.csv,60,2026-08-28T21:13:50.855625
705667,13,2025-08,Mathura-Jhansi Third Railway Line [274 Km],RVNL - II,705667,,,"Multi-States (Madhya Pradesh, Rajasthan, Uttar Pradesh)",12/2015,12/2024,12/2026,5961.0,5961.0,4928.62,94.0,FlashReport_August_2025_page61_table1.csv,61,2026-08-28T21:13:48.690184
705667,13,2025-09,Mathura-Jhansi Third Railway Line [274 Km],RVNL - II,705667,,,"Multi-States (Madhya Pradesh, Rajasthan, Uttar Pradesh)",12/2015,12/2024,12/2026,5961.0,5961.0,4928.62,94.0,FlashReport_September_2025_page66_table1.csv,66,2026-08-28T21:13:53.932843
705598,13,2025-07,Jhansi - Bina Third Railway Line [153 Km],CAO/C/NCR,705598,,,"Multi-States (Madhya Pradesh, Uttar Pradesh)",03/2018,03/2022,,2002.0,2002.0,1884.84,93.0,FlashReport_July_2025_page60_table1.csv,60,2026-08-28T21:13:50.855774
705598,13,2025-08,Jhansi - Bina Third Railway Line [153 Km],CAO/C/NCR,705598,,,"Multi-States (Madhya Pradesh, Uttar Pradesh)",09/2016,03/2022,03/2026,2002.0,2002.0,1795.86,93.0,FlashReport_August_2025_page61_table1.csv,61,2026-08-28T21:13:48.690379
705598,13,2025-09,Jhansi - Bina Third Railway Line [153 Km],CAO/C/NCR,705598,,,"Multi-States (Madhya Pradesh, Uttar Pradesh)",09/2016,03/2022,03/2026,2002.0,2002.0,1806.86,93.0,FlashReport_September_2025_page66_table1.csv,66,2026-08-28T21:13:53.932990
705608,13,2025-07,Jhansi-Khairar-Manikpur & Khirar-Bhimsen,North Central Railway,705608,,,"Multi-States (Madhya Pradesh, Uttar Pradesh)",03/2017,03/2026,,4330.0,4330.0,1989.0,53.0,FlashReport_July_2025_page60_table1.csv,60,2026-08-28T21:13:50.855919
705608,13,2025-08,Jhansi-Khairar-Manikpur & Khirar-Bhimsen,North Central Railway,705608,,,"Multi-States (Madhya Pradesh, Uttar Pradesh)",03/2018,03/2026,03/2026,4330.0,4330.0,2184.56,55.0,FlashReport_August_2025_page61_table1.csv,61,2026-08-28T21:13:48.690676
705608,13,2025-09,Jhansi-Khairar-Manikpur & Khirar-Bhimsen,North Central Railway,705608,,,"Multi-States (Madhya Pradesh, Uttar Pradesh)",03/2018,03/2026,03/2026,4330.0,4330.0,2362.91,60.0,FlashReport_September_2025_page66_table1.csv,66,2026-08-28T21:13:53.933132
705613,12,2025-07,Third Line [new] between Kazipet - Balharshah with electrification [201.04 Km],South Central Railway [SCR] - II,705613,,,"Multi-States (Maharashtra, Telangana)",10/2016,01/2025,,2595.0,3071.0,3142.35,92.0,FlashReport_July_2025_page60_table1.csv,60,2026-08-28T21:13:50.856077
705613,12,2025-08,Third Line [new] between Kazipet - Balharshah with electrification [201.04 Km],South Central Railway [SCR] - II,705613,,,"Multi-States (Maharashtra, Telangana)",09/2016,01/2025,11/2025,2595.0,3071.0,3223.67,93.0,FlashReport_August_2025_page61_table1.csv,61,2026-08-28T21:13:48.690885
705613,12,2025-09,Third Line [new] between Kazipet - Balharshah with electrification [201.04 Km],South Central Railway [SCR] - II,705613,,,"Multi-States (Maharashtra, Telangana)",09/2016,01/2025,11/2025,2595.0,3071.0,3293.04,94.0,FlashReport_September_2025_page66_table1.csv,66,2026-08-28T21:13:53.933291
705629,13,2025-07,Narayangarh-Bhadrak 3rd line,South Eastern Railway [SER] - I,705629,,,"Multi-States (Odisha, West Bengal)",03/2017,12/2025,,2400.0,2400.0,2188.0,65.0,FlashReport_July_2025_page60_table1.csv,60,2026-08-28T21:13:50.856223
705629,13,2025-08,Narayangarh-Bhadrak 3rd line,South Eastern Railway [SER] - I,705629,,,"Multi-States (Odisha, West Bengal)",03/2019,12/2025,06/2026,2400.0,2400.0,2236.9,65.0,FlashReport_August_2025_page61_table1.csv,61,2026-08-28T21:13:48.691062
705629,13,2025-09,Narayangarh-Bhadrak 3rd line,South Eastern Railway [SER] - I,705629,,,"Multi-States (Odisha, West Bengal)",03/2019,12/2025,06/2026,2400.0,2400.0,2278.8,65.0,FlashReport_September_2025_page66_table1.csv,66,2026-08-28T21:13:53.933435
400223,13,2025-07,Nagapattinam-Tiruturaipundi and Karaikal-Peralam New Line,Southern Railway [SR] - II,400223,,,"Multi-States (Puducherry, Tamil Nadu)",01/2019,03/2026,,713.0,981.0,598.38,80.0,FlashReport_July_2025_page60_table1.csv,60,2026-08-28T21:13:50.856645
400223,13,2025-08,Nagapattinam-Tiruturaipundi and Karaikal-Peralam New Line,Southern Railway [SR] - II,400223,,,"Multi-States (Puducherry, Tamil Nadu)",07/2008,03/2026,03/2027,713.0,981.0,598.38,80.0,FlashReport_August_2025_page61_table1.csv,61,2026-08-28T21:13:48.691266
400223,13,2025-09,Nagapattinam-Tiruturaipundi and Karaikal-Peralam New Line,Southern Railway [SR] - II,400223,,,"Multi-States (Puducherry, Tamil Nadu)",07/2008,03/2026,03/2027,713.0,981.0,598.38,80.0,FlashReport_September_2025_page66_table1.csv,66,2026-08-28T21:13:53.933602
602797,13,2025-07,"Sainthia, Sitarampur, Mughalsarai, Allahabad & Etawah - Bypass Line Project",Eastern Railway [ER] - I,602797,,,"Multi-States (Uttar Pradesh, West Bengal)",12/2017,03/2027,,461.64,461.64,178.45,6.0,FlashReport_July_2025_page60_table1.csv,60,2026-08-28T21:13:50.856985
602797,13,2025-08,"Sainthia, Sitarampur, Mughalsarai, Allahabad & Etawah - Bypass Line Project",Eastern Railway [ER] - I,602797,,,"Multi-States (Uttar Pradesh, West Bengal)",08/2017,03/2027,03/2027,461.64,461.64,186.03,7.0,FlashReport_August_2025_page61_table1.csv,61,2026-08-28T21:13:48.691617
602797,13,2025-09,"Sainthia, Sitarampur, Mughalsarai, Allahabad & Etawah - Bypass Line Project",Eastern Railway [ER] - I,602797,,,"Multi-States (Uttar Pradesh, West Bengal)",08/2017,03/2027,03/2027,461.64,461.64,192.67,8.0,FlashReport_September_2025_page66_table1.csv,66,2026-08-28T21:13:53.933910
400045,13,2025-07,Proposed 6 nos Road Over Bridge [ROB] at different locations under MCL Talcher Under Deposit Scheme.,East Coast Railway [ECoR] - II,400045,,,Odisha,07/2022,03/2025,,168.32,168.32,69.85,82.0,FlashReport_July_2025_page60_table1.csv,60,2026-08-28T21:13:50.857151
400045,13,2025-08,Proposed 6 nos Road Over Bridge [ROB] at different locations under MCL Talcher Under Deposit Scheme.,East Coast Railway [ECoR] - II,400045,,,Odisha,08/2022,03/2025,01/2025,168.32,168.32,69.85,82.0,FlashReport_August_2025_page61_table1.csv,61,2026-08-28T21:13:48.691806
400045,13,2025-09,Proposed 6 nos Road Over Bridge [ROB] at different locations under MCL Talcher Under Deposit Scheme.,East Coast Railway [ECoR] - II,400045,,,Odisha,08/2022,03/2025,01/2025,168.32,168.32,69.85,82.0,FlashReport_September_2025_page66_table1.csv,66,2026-08-28T21:13:53.934071
400232,13,2025-07,Brundamal-Jharsuguda- flyover connection for joining downline,East Coast Railway [ECoR] - II,400232,,,Odisha,01/2014,12/2026,,297.0,297.0,193.22,30.0,FlashReport_July_2025_page60_table1.csv,60,2026-08-28T21:13:50.857295
400232,13,2025-08,Brundamal-Jharsuguda- flyover connection for joining downline,East Coast Railway [ECoR] - II,400232,,,Odisha,01/2014,12/2026,12/2026,297.0,297.0,193.22,30.0,FlashReport_August_2025_page61_table1.csv,61,2026-08-28T21:13:48.692029
400232,13,2025-09,Brundamal-Jharsuguda- flyover connection for joining downline,East Coast Railway [ECoR] - II,400232,,,Odisha,01/2014,12/2026,12/2026,297.0,297.0,193.22,30.0,FlashReport_September_2025_page66_table1.csv,66,2026-08-28T21:13:53.934209
612834,13,2025-07,3rd & 4th line between Sarla - Sason [8 km] [PB 73/2023-24/NR],East Coast Railway [ECoR] - II,612834,,,Odisha,04/2023,12/2025,,252.0,252.0,79.55,45.0,FlashReport_July_2025_page60_table1.csv,60,2026-08-28T21:13:50.857442
612834,13,2025-08,3rd & 4th line between Sarla - Sason [8 km] [PB 73/2023-24/NR],East Coast Railway [ECoR] - II,612834,,,Odisha,04/2023,12/2025,,252.0,252.0,79.55,45.0,FlashReport_August_2025_page61_table1.csv,61,2026-08-28T21:13:48.692218
612834,13,2025-09,3rd & 4th line between Sarla - Sason [8 km] [PB 73/2023-24/NR],East Coast Railway [ECoR] - II,612834,,,Odisha,04/2023,12/2025,,252.0,252.0,79.55,45.0,FlashReport_September_2025_page66_table1.csv,66,2026-08-28T21:13:53.934359
616586,13,2025-07,Bangriposi-Gorumahisani new line [ 85.60 km ],CAO/C/SER,616586,,,Odisha,09/2025,12/2029,,2269.49,2269.49,0.0,0.0,FlashReport_July_2025_page60_table1.csv,60,2026-08-28T21:13:50.857583
616586,13,2025-08,Bangriposi-Gorumahisani new line [ 85.60 km ],CAO/C/SER,616586,,,Odisha,08/2024,12/2029,,2269.49,2269.49,2.31,0.0,FlashReport_August_2025_page61_table1.csv,61,2026-08-28T21:13:48.692360
616587,12,2025-07,Badampahar-Kendujhargarh new line [82.06 km],CAO/C/SER,616587,,,Odisha,09/2025,12/2029,,1875.72,1875.72,0.0,0.0,FlashReport_July_2025_page60_table1.csv,60,2026-08-28T21:13:50.857715
616587,12,2025-08,Badampahar-Kendujhargarh new line [82.06 km],CAO/C/SER,616587,,,Odisha,08/2024,12/2029,,1875.72,1875.72,0.53,0.0,FlashReport_August_2025_page61_table1.csv,61,2026-08-28T21:13:48.692506
616694,11,2025-07,Flyover between Siju and Paradeep coaching Yard to avoid Surface crossing of trains,East Coast Railway [ECoR] - II,616694,,,Odisha,10/2025,07/2028,,200.77,200.77,0.0,0.0,FlashReport_July_2025_page60_table1.csv,60,2026-08-28T21:13:50.857866
616694,11,2025-08,Flyover between Siju and Paradeep coaching Yard to avoid Surface crossing of trains,East Coast Railway [ECoR] - II,616694,,,Odisha,04/2023,07/2028,,200.77,200.77,0.0,0.0,FlashReport_August_2025_page61_table1.csv,61,2026-08-28T21:13:48.692666
616695,13,2025-07,Paradeep - Badabandha 3rd & 4th Line / 18.51kms,East Coast Railway [ECoR] - II,616695,,,Odisha,04/2025,11/2028,,300.15,300.15,0.01,0.0,FlashReport_July_2025_page60_table1.csv,60,2026-08-28T21:13:50.858016
616695,13,2025-08,Paradeep - Badabandha 3rd & 4th Line / 18.51kms,East Coast Railway [ECoR] - II,616695,,,Odisha,08/2023,11/2028,,300.15,300.15,0.01,0.0,FlashReport_August_2025_page61_table1.csv,61,2026-08-28T21:13:48.692808
616695,13,2025-09,Paradeep - Badabandha 3rd & 4th Line / 18.51kms,East Coast Railway [ECoR] - II,616695,,,Odisha,08/2023,11/2028,,300.15,300.15,0.01,0.0,FlashReport_September_2025_page66_table1.csv,66,2026-08-28T21:13:53.934531
705358,13,2025-07,Khurda-Bolangir New Broad Gauge Rail Link [301km],East Coast Railway [ECoR] - II,705358,,,Odisha,03/2001,12/2026,,3792.0,5089.0,4983.45,89.0,FlashReport_July_2025_page60_table1.csv,60,2026-08-28T21:13:50.858154
705358,13,2025-08,Khurda-Bolangir New Broad Gauge Rail Link [301km],East Coast Railway [ECoR] - II,705358,,,Odisha,03/1994,12/2026,12/2026,3792.0,5089.0,5027.62,89.0,FlashReport_August_2025_page61_table1.csv,61,2026-08-28T21:13:48.692955
705358,13,2025-09,Khurda-Bolangir New Broad Gauge Rail Link [301km],East Coast Railway [ECoR] - II,705358,,,Odisha,03/1994,12/2026,12/2026,3792.0,5089.0,5027.62,89.0,FlashReport_September_2025_page66_table1.csv,66,2026-08-28T21:13:53.934975
705359,13,2025-07,Talcher-Bimlagarh New Railway Line,East Coast Railway [ECoR] - II,705359,,,Odisha,12/2004,03/2025,,1928.0,1928.0,1902.91,47.0,FlashReport_July_2025_page60_table1.csv,60,2026-08-28T21:13:50.858290
705359,13,2025-08,Talcher-Bimlagarh New Railway Line,East Coast Railway [ECoR] - II,705359,,,Odisha,03/2004,03/2025,03/2027,1928.0,1928.0,1934.28,48.0,FlashReport_August_2025_page61_table1.csv,61,2026-08-28T21:13:48.693098
705359,13,2025-09,Talcher-Bimlagarh New Railway Line,East Coast Railway [ECoR] - II,705359,,,Odisha,03/2004,03/2025,03/2027,1928.0,1928.0,1952.83,48.0,FlashReport_September_2025_page66_table1.csv,66,2026-08-28T21:13:53.935110
705510,13,2025-07,Bhadrak-Nergundi Third Line,East Coast Railway [ECoR] - II,705510,,,Odisha,04/2015,11/2024,,1284.0,1284.0,1298.0,80.0,FlashReport_July_2025_page60_table1.csv,60,2026-08-28T21:13:50.858443
705510,13,2025-08,Bhadrak-Nergundi Third Line,East Coast Railway [ECoR] - II,705510,,,Odisha,10/2015,11/2024,01/2026,1284.0,1284.0,1298.0,80.0,FlashReport_August_2025_page61_table1.csv,61,2026-08-28T21:13:48.693231
705510,13,2025-09,Bhadrak-Nergundi Third Line,East Coast Railway [ECoR] - II,705510,,,Odisha,10/2015,11/2024,01/2026,1284.0,1284.0,1298.0,80.0,FlashReport_September_2025_page66_table1.csv,66,2026-08-28T21:13:53.935249
705513,13,2025-07,Koraput - Singapur Railway Doubling,East Coast Railway [ECoR] - II,705513,,,Odisha,12/2015,12/2027,,2362.0,2362.0,1787.49,68.0,FlashReport_July_2025_page60_table1.csv,60,2026-08-28T21:13:50.858582
705513,13,2025-08,Koraput - Singapur Railway Doubling,East Coast Railway [ECoR] - II,705513,,,Odisha,12/2015,12/2027,03/2028,2362.0,2362.0,1798.71,68.0,FlashReport_August_2025_page61_table1.csv,61,2026-08-28T21:13:48.693370
705513,13,2025-09,Koraput - Singapur Railway Doubling,East Coast Railway [ECoR] - II,705513,,,Odisha,12/2015,12/2027,03/2028,2362.0,2362.0,1798.71,68.0,FlashReport_September_2025_page66_table1.csv,66,2026-08-28T21:13:53.935393
705514,13,2025-07,Jarapada- Budhapank with flyover at Talcher road 3rd and 4th Line,East Coast Railway [ECoR] - II,705514,,,Odisha,12/2015,11/2018,,1000.0,810.02,401.61,36.0,FlashReport_July_2025_page60_table1.csv,60,2026-08-28T21:13:50.858729
705514,13,2025-08,Jarapada- Budhapank with flyover at Talcher road 3rd and 4th Line,East Coast Railway [ECoR] - II,705514,,,Odisha,12/2015,11/2018,03/2026,1000.0,810.02,401.61,36.0,FlashReport_August_2025_page61_table1.csv,61,2026-08-28T21:13:48.693521
705514,13,2025-09,Jarapada- Budhapank with flyover at Talcher road 3rd and 4th Line,East Coast Railway [ECoR] - II,705514,,,Odisha,11/2015,11/2018,03/2026,1000.0,810.02,406.76,37.0,FlashReport_September_2025_page66_table1.csv,66,2026-08-28T21:13:53.935602
705515,12,2025-08,3rd & 4th Railway Line Project from Salegaon to Budhapank via Rajathgarh.,East Coast Railway [ECoR] - II,705515,,,Odisha,07/2013,03/2026,03/2026,1173.0,2092.0,1971.0,80.0,FlashReport_August_2025_page61_table1.csv,61,2026-08-28T21:13:48.693674
705515,12,2025-09,3rd & 4th Railway Line Project from Salegaon to Budhapank via Rajathgarh.,East Coast Railway [ECoR] - II,705515,,,Odisha,07/2013,03/2026,03/2026,1173.0,2092.0,1971.0,80.0,FlashReport_September_2025_page66_table1.csv,66,2026-08-28T21:13:53.935753
705741,12,2025-08,Jeypore-Navarangpur New Rail Line Project,East Coast Railway [ECoR] - II,705741,,,Odisha,07/2017,07/2028,12/2029,748.0,748.0,10.56,1.0,FlashReport_August_2025_page61_table1.csv,61,2026-08-28T21:13:48.693871
705741,12,2025-09,Jeypore-Navarangpur New Rail Line Project,East Coast Railway [ECoR] - II,705741,,,Odisha,07/2017,07/2028,12/2029,748.0,748.0,10.56,1.0,FlashReport_September_2025_page66_table1.csv,66,2026-08-28T21:13:53.935889
705742,11,2025-08,Jeypore-Malkanagiri New Railway Line Project,East Coast Railway [ECoR] - II,705742,,,Odisha,02/2018,07/2033,07/2033,2344.0,2344.0,225.84,8.0,FlashReport_August_2025_page61_table1.csv,61,2026-08-28T21:13:48.694043
706898,11,2025-08,Khurda Road - Balangir Electrification of Railway Track Project,Ministry of Railways,706898,,,Odisha,09/2019,03/2021,,267.61,267.61,0.0,0.0,FlashReport_August_2025_page62_table1.csv,62,2026-08-28T21:13:48.696822
706898,11,2025-09,Khurda Road - Balangir Electrification of Railway Track Project,Ministry of Railways,706898,,,Odisha,09/2018,03/2021,,267.61,267.61,0.0,0.0,FlashReport_September_2025_page66_table1.csv,66,2026-08-28T21:13:53.936071
709811,10,2025-07,GANDHAMARDAN IRON ORE MINES TO GOALDIH STATION/12.76kms,East Coast Railway [ECoR] - II,709811,,,Odisha,05/2025,09/2027,,190.0,190.0,0.0,0.0,FlashReport_July_2025_page60_table1.csv,60,2026-08-28T21:13:50.859419
709811,10,2025-08,GANDHAMARDAN IRON ORE MINES TO GOALDIH STATION/12.76kms,East Coast Railway [ECoR] - II,709811,,,Odisha,09/2022,09/2027,09/2027,190.0,190.0,0.0,0.0,FlashReport_August_2025_page62_table1.csv,62,2026-08-28T21:13:48.697120
705362,12,2025-07,"Jaynagar-Bijalpura, incl. extn. Bet, Bijalpura-Bardibas [Nepal]",East Central Railway [ECR] - I,705362,,,Offshore,03/2011,03/2022,,819.0,819.0,588.32,75.0,FlashReport_July_2025_page60_table1.csv,60,2026-08-28T21:13:50.859692
705362,12,2025-08,"Jaynagar-Bijalpura, incl. extn. Bet, Bijalpura-Bardibas [Nepal]",East Central Railway [ECR] - I,705362,,,Offshore,08/2015,03/2022,03/2026,819.0,819.0,580.6,75.0,FlashReport_August_2025_page62_table1.csv,62,2026-08-28T21:13:48.697406
705362,12,2025-09,"Jaynagar-Bijalpura, incl. extn. Bet, Bijalpura-Bardibas [Nepal]",East Central Railway [ECR] - I,705362,,,Offshore,08/2015,03/2022,03/2026,819.0,819.0,580.51,75.0,FlashReport_September_2025_page67_table1.csv,67,2026-08-28T21:13:53.938954
705298,13,2025-07,North Region Video Surveillance Project,RCIL,705298,,,Delhi,04/2023,03/2024,,274.39,274.39,0.0,0.0,FlashReport_July_2025_page55_table1.csv,55,2026-08-28T21:13:50.818864
705298,13,2025-08,North Region Video Surveillance Project,RCIL,705298,,,Delhi,04/2023,03/2024,,274.39,274.39,0.0,0.0,FlashReport_August_2025_page56_table1.csv,56,2026-08-28T21:13:48.650860
705298,13,2025-09,North Region Video Surveillance Project,RCIL,705298,,,Delhi,06/2020,03/2024,,274.39,274.39,0.0,0.0,FlashReport_September_2025_page61_table1.csv,61,2026-08-28T21:13:53.902042
705783,13,2025-07,Ludhiana- Killa Raipur Railway Doubling Project,CAO/C/NR,705783,,,Punjab,12/2022,03/2025,,237.64,237.64,118.0,55.0,FlashReport_July_2025_page60_table1.csv,60,2026-08-28T21:13:50.859825
705783,13,2025-08,Ludhiana- Killa Raipur Railway Doubling Project,Railway,705783,,,Punjab,03/2019,03/2025,03/2026,237.64,237.64,118.0,55.0,FlashReport_August_2025_page62_table1.csv,62,2026-08-28T21:13:48.697545
705783,13,2025-09,Ludhiana- Killa Raipur Railway Doubling Project,Railway,705783,,,Punjab,03/2019,03/2025,03/2026,237.64,238.0,134.48,50.0,FlashReport_September_2025_page67_table1.csv,67,2026-08-28T21:13:53.939096
611929,13,2025-07,Maintenance cum workshop depot for Vande Bharat Sleeper Trains as per conditions under WTA 527,WPO/Patna,611929,,,Rajasthan,06/2023,12/2024,,166.86,166.86,0.0,0.0,FlashReport_July_2025_page61_table1.csv,61,2026-08-28T21:13:50.862522
611929,13,2025-08,Maintenance cum workshop depot for Vande Bharat Sleeper Trains as per conditions under WTA 527,WPO/Patna,611929,,,Rajasthan,06/2023,12/2024,,166.86,166.86,0.0,0.0,FlashReport_August_2025_page62_table1.csv,62,2026-08-28T21:13:48.698021
611929,13,2025-09,Maintenance cum workshop depot for Vande Bharat Sleeper Trains as per conditions under WTA 527,WPO/Patna,611929,,,Rajasthan,09/2022,12/2024,,166.86,166.86,0.0,0.0,FlashReport_September_2025_page67_table1.csv,67,2026-08-28T21:13:53.939547
616841,13,2025-07,PUSHKAR- MERTA CITY NEW LINE,North Western Railway [NWR],616841,,,Rajasthan,02/2024,12/2026,,799.64,799.64,13.91,3.0,FlashReport_July_2025_page61_table1.csv,61,2026-08-28T21:13:50.862893
616841,13,2025-08,PUSHKAR- MERTA CITY NEW LINE,North Western Railway [NWR],616841,,,Rajasthan,02/2024,12/2026,,799.64,799.64,14.5,4.0,FlashReport_August_2025_page62_table1.csv,62,2026-08-28T21:13:48.698454
616841,13,2025-09,PUSHKAR- MERTA CITY NEW LINE,North Western Railway [NWR],616841,,,Rajasthan,02/2024,12/2026,,799.64,799.64,14.64,4.0,FlashReport_September_2025_page67_table1.csv,67,2026-08-28T21:13:53.939714
616843,13,2025-07,AJMER- CHANDERIYA DOUBLING,North Western Railway [NWR],616843,,,Rajasthan,02/2024,06/2027,,1634.79,1634.79,59.51,5.0,FlashReport_July_2025_page61_table1.csv,61,2026-08-28T21:13:50.863012
616843,13,2025-08,AJMER- CHANDERIYA DOUBLING,North Western Railway [NWR],616843,,,Rajasthan,02/2024,06/2027,,1634.79,1634.79,74.43,6.0,FlashReport_August_2025_page62_table1.csv,62,2026-08-28T21:13:48.698586
616843,13,2025-09,AJMER- CHANDERIYA DOUBLING,North Western Railway [NWR],616843,,,Rajasthan,02/2024,06/2027,,1634.79,1634.79,84.29,6.0,FlashReport_September_2025_page67_table1.csv,67,2026-08-28T21:13:53.939859
617403,12,2025-09,SADULPUR - CHURU DOUBLING PROJECT,North Western Railway [NWR],617403,Ministry of Railways,Railways,Rajasthan,01/2024,06/2026,,468.64,,,,FlashReport_September_2025_page36_table1.csv,36,2026-08-28T21:13:53.773042
617404,12,2025-09,POKHRAN - RAMDEVRA New Line,North Western Railway [NWR],617404,Ministry of Railways,Railways,Rajasthan,04/2025,03/2028,,189.21,,,,FlashReport_September_2025_page36_table1.csv,36,2026-08-28T21:13:53.773158
617408,11,2025-09,NATHDWARA- NATHDWARA TOWN NL,North Western Railway [NWR],617408,Ministry of Railways,Railways,Rajasthan,03/2019,03/2027,,166.33,,,,FlashReport_September_2025_page36_table1.csv,36,2026-08-28T21:13:53.772925
705482,12,2025-07,Dholpur - Sirmuttra Gauge Conversion,North Central Railway,705482,,,Rajasthan,04/2020,02/2019,,747.0,747.0,392.0,39.0,FlashReport_July_2025_page61_table1.csv,61,2026-08-28T21:13:50.863138
705482,12,2025-08,Dholpur - Sirmuttra Gauge Conversion,North Central Railway,705482,,,Rajasthan,03/2022,02/2019,02/2027,747.0,747.0,355.13,43.0,FlashReport_August_2025_page62_table1.csv,62,2026-08-28T21:13:48.698728
705482,12,2025-09,Dholpur - Sirmuttra Gauge Conversion,North Central Railway,705482,,,Rajasthan,03/2022,02/2019,02/2027,747.0,747.0,355.13,43.0,FlashReport_September_2025_page67_table1.csv,67,2026-08-28T21:13:53.940410
705752,13,2025-07,Gudha-Thatha Mithri Construction of Railway Track Project,North Western Railway [NWR],705752,,,Rajasthan,04/2019,11/2026,,819.48,967.06,471.0,98.0,FlashReport_July_2025_page61_table1.csv,61,2026-08-28T21:13:50.863261
705752,13,2025-08,Gudha-Thatha Mithri Construction of Railway Track Project,North Western Railway [NWR],705752,,,Rajasthan,04/2019,11/2026,11/2026,819.48,967.06,471.0,98.0,FlashReport_August_2025_page62_table1.csv,62,2026-08-28T21:13:48.698873
705752,13,2025-09,Gudha-Thatha Mithri Construction of Railway Track Project,North Western Railway [NWR],705752,,,Rajasthan,04/2019,11/2026,11/2026,819.48,967.06,377.59,99.0,FlashReport_September_2025_page67_table1.csv,67,2026-08-28T21:13:53.940550
705912,12,2025-07,Sawai Madhopur-Jaipur Railway Line Project,North Western Railway [NWR],705912,,,Rajasthan,04/2023,03/2027,,1203.89,1203.89,35.05,9.0,FlashReport_July_2025_page61_table1.csv,61,2026-08-28T21:13:50.863389
705912,12,2025-08,Sawai Madhopur-Jaipur Railway Line Project,North Western Railway [NWR],705912,,,Rajasthan,04/2023,03/2027,,1203.89,1203.89,46.07,7.0,FlashReport_August_2025_page62_table1.csv,62,2026-08-28T21:13:48.699009
705912,12,2025-09,Sawai Madhopur-Jaipur Railway Line Project,North Western Railway [NWR],705912,,,Rajasthan,02/2024,03/2027,,1203.89,1203.89,73.03,7.0,FlashReport_September_2025_page67_table1.csv,67,2026-08-28T21:13:53.940747
705919,13,2025-07,Agra Fort-Bandikui Doubling Line Project,CAO/C/NCR,705919,,,Rajasthan,02/2021,06/2027,,1390.0,1390.0,123.0,25.0,FlashReport_July_2025_page61_table1.csv,61,2026-08-28T21:13:50.863509
705919,13,2025-08,Agra Fort-Bandikui Doubling Line Project,CAO/C/NCR,705919,,,Rajasthan,06/2022,06/2027,06/2027,1390.0,1390.0,123.0,25.0,FlashReport_August_2025_page62_table1.csv,62,2026-08-28T21:13:48.699147
705919,13,2025-09,Agra Fort-Bandikui Doubling Line Project,CAO/C/NCR,705919,,,Rajasthan,06/2022,06/2027,06/2027,1390.0,1390.0,123.0,25.0,FlashReport_September_2025_page67_table1.csv,67,2026-08-28T21:13:53.940889
706866,13,2025-07,Sawaimadhopur Bye Pass Line Project,North Western Railway [NWR],706866,,,Rajasthan,01/2023,03/2026,,304.0,304.0,134.0,35.0,FlashReport_July_2025_page61_table1.csv,61,2026-08-28T21:13:50.863621
706866,13,2025-08,Sawaimadhopur Bye Pass Line Project,North Western Railway [NWR],706866,,,Rajasthan,12/2022,03/2026,05/2027,304.0,304.0,43.07,44.0,FlashReport_August_2025_page62_table1.csv,62,2026-08-28T21:13:48.699400
706866,13,2025-09,Sawaimadhopur Bye Pass Line Project,North Western Railway [NWR],706866,,,Rajasthan,12/2022,03/2026,05/2027,304.0,304.0,45.64,45.0,FlashReport_September_2025_page67_table1.csv,67,2026-08-28T21:13:53.941026
400280,13,2025-07,Ph II extension of MRTS from Velachery to St Thomas Mount,Southern Railways [SR] - construction,400280,,,Tamil Nadu,11/2008,07/2024,,734.0,982.0,475.73,99.0,FlashReport_July_2025_page61_table1.csv,61,2026-08-28T21:13:50.863746
400280,13,2025-08,Ph II extension of MRTS from Velachery to St Thomas Mount,Southern Railways [SR] - construction,400280,,,Tamil Nadu,11/2007,07/2024,08/2025,734.0,982.0,475.73,99.0,FlashReport_August_2025_page62_table1.csv,62,2026-08-28T21:13:48.699689
400280,13,2025-09,Ph II extension of MRTS from Velachery to St Thomas Mount,Southern Railways [SR] - construction,400280,,,Tamil Nadu,11/2007,07/2024,08/2025,734.0,982.0,475.73,99.0,FlashReport_September_2025_page67_table1.csv,67,2026-08-28T21:13:53.941191
613002,13,2025-07,Redevelopment of Chennai Egmore Station,WR,613002,,,Tamil Nadu,10/2022,03/2026,,842.0,842.0,340.0,0.0,FlashReport_July_2025_page61_table1.csv,61,2026-08-28T21:13:50.863984
613002,13,2025-08,Redevelopment of Chennai Egmore Station,Railway,613002,,,Tamil Nadu,10/2022,03/2026,,842.0,842.0,340.0,0.0,FlashReport_August_2025_page62_table1.csv,62,2026-08-28T21:13:48.699867
613002,13,2025-09,Redevelopment of Chennai Egmore Station,Railway,613002,,,Tamil Nadu,05/2022,03/2026,,842.0,842.0,340.0,0.0,FlashReport_September_2025_page67_table1.csv,67,2026-08-28T21:13:53.941332
705244,13,2025-07,Coach Production Factory Upgradation Project,CPM/ICF,705244,,,Tamil Nadu,07/2018,12/2021,,520.0,520.0,192.25,0.0,FlashReport_July_2025_page61_table1.csv,61,2026-08-28T21:13:50.864091
705244,13,2025-08,Coach Production Factory Upgradation Project,CPM/ICF,705244,,,Tamil Nadu,07/2018,12/2021,,520.0,520.0,192.25,0.0,FlashReport_August_2025_page62_table1.csv,62,2026-08-28T21:13:48.700004
705244,13,2025-09,Coach Production Factory Upgradation Project,CPM/ICF,705244,,,Tamil Nadu,12/2017,12/2021,,520.0,520.0,192.25,0.0,FlashReport_September_2025_page67_table1.csv,67,2026-08-28T21:13:53.941464
616856,12,2025-07,Doubling between Bhadrachalam Road and Dornakal,South Central Railway [SCR] - II,616856,,,Telangana,04/2025,04/2029,,770.12,770.12,0.0,0.0,FlashReport_July_2025_page61_table1.csv,61,2026-08-28T21:13:50.864445
616856,12,2025-08,Doubling between Bhadrachalam Road and Dornakal,South Central Railway [SCR] - II,616856,,,Telangana,04/2025,04/2029,,770.12,770.12,0.0,0.0,FlashReport_August_2025_page62_table1.csv,62,2026-08-28T21:13:48.700397
617409,12,2025-09,Railway Manufacturing Unit,South Central Railway [SCR] - II,617409,Ministry of Railways,Railways,Telangana,07/2016,12/2026,,521.36,,,,FlashReport_September_2025_page36_table1.csv,36,2026-08-28T21:13:53.773278
705252,11,2025-08,Kazipet Wagon Overhauling Project,RVNL,705252,,,Telangana,07/2017,12/2023,,385.0,385.0,0.0,0.0,FlashReport_August_2025_page62_table1.csv,62,2026-08-28T21:13:48.700533
705252,11,2025-09,Kazipet Wagon Overhauling Project,RVNL,705252,,,Telangana,09/2017,12/2023,,385.0,385.0,0.0,0.0,FlashReport_September_2025_page67_table1.csv,67,2026-08-28T21:13:53.941759
705437,12,2025-07,Manoharabad-Kothapalli New Rail Line [151 km],South Central Railway [SCR] - II,705437,,,Telangana,01/2017,03/2027,,1160.0,2781.0,1713.38,71.0,FlashReport_July_2025_page61_table1.csv,61,2026-08-28T21:13:50.864616
705437,12,2025-08,Manoharabad-Kothapalli New Rail Line [151 km],South Central Railway [SCR] - II,705437,,,Telangana,07/2016,03/2027,12/2027,1160.0,2781.0,1771.32,71.0,FlashReport_August_2025_page62_table1.csv,62,2026-08-28T21:13:48.700676
705437,12,2025-09,Manoharabad-Kothapalli New Rail Line [151 km],South Central Railway [SCR] - II,705437,,,Telangana,07/2016,03/2027,12/2027,1160.0,2781.0,1902.91,71.0,FlashReport_September_2025_page67_table1.csv,67,2026-08-28T21:13:53.941908
400204,13,2025-07,Bahraich-Shravasti-Balrampur-Siddharthnagar -Santkabir nagar,North Eastern Railway [NER],400204,,,Uttar Pradesh,03/2017,10/2030,,4939.78,4939.78,1217.13,8.0,FlashReport_July_2025_page61_table1.csv,61,2026-08-28T21:13:50.864783
400204,13,2025-08,Bahraich-Shravasti-Balrampur-Siddharthnagar -Santkabir nagar,North Eastern Railway [NER],400204,,,Uttar Pradesh,10/2018,10/2030,10/2030,4939.78,4939.78,1232.64,8.0,FlashReport_August_2025_page62_table1.csv,62,2026-08-28T21:13:48.700827
400204,13,2025-09,Bahraich-Shravasti-Balrampur-Siddharthnagar -Santkabir nagar,North Eastern Railway [NER],400204,,,Uttar Pradesh,10/2018,10/2030,10/2030,4939.78,4939.78,1239.61,8.0,FlashReport_September_2025_page67_table1.csv,67,2026-08-28T21:13:53.942054
400205,13,2025-07,Sahjanwa-Dohrighat,North Eastern Railway [NER],400205,,,Uttar Pradesh,03/2017,03/2029,,1319.75,1319.75,457.35,3.0,FlashReport_July_2025_page61_table1.csv,61,2026-08-28T21:13:50.864868
400205,13,2025-08,Sahjanwa-Dohrighat,North Eastern Railway [NER],400205,,,Uttar Pradesh,08/2019,03/2029,03/2029,1319.75,1319.75,460.2,3.0,FlashReport_August_2025_page62_table1.csv,62,2026-08-28T21:13:48.700973
400205,13,2025-09,Sahjanwa-Dohrighat,North Eastern Railway [NER],400205,,,Uttar Pradesh,08/2019,03/2029,03/2029,1319.75,1319.75,473.69,3.0,FlashReport_September_2025_page67_table1.csv,67,2026-08-28T21:13:53.942180
617252,13,2025-07,Anandnagar - Ghugli via Maharajganj 50 km,Construction NER,617252,,,Uttar Pradesh,11/2023,03/2028,,958.27,958.27,432.01,23.0,FlashReport_July_2025_page61_table1.csv,61,2026-08-28T21:13:50.864946
617252,13,2025-08,Anandnagar - Ghugli via Maharajganj New line 52.7 km,Construction NER,617252,,,Uttar Pradesh,10/2023,03/2028,,958.27,958.27,436.95,23.0,FlashReport_August_2025_page62_table1.csv,62,2026-08-28T21:13:48.701118
617252,13,2025-09,Anandnagar - Ghugli via Maharajganj New line 52.7 km,Construction NER,617252,,,Uttar Pradesh,10/2023,03/2028,,958.27,958.27,445.85,23.0,FlashReport_September_2025_page67_table1.csv,67,2026-08-28T21:13:53.942320
617284,12,2025-07,Chunar-Chopan doubling project,North Central Railway,617284,,,Uttar Pradesh,01/2025,03/2028,,1423.96,1423.96,26.0,2.0,FlashReport_July_2025_page61_table1.csv,61,2026-08-28T21:13:50.865029
617284,12,2025-08,Chunar-Chopan doubling project,North Central Railway,617284,,,Uttar Pradesh,08/2023,03/2028,,1423.96,1423.96,49.57,2.0,FlashReport_August_2025_page62_table1.csv,62,2026-08-28T21:13:48.701255
617284,12,2025-09,Chunar-Chopan doubling project,North Central Railway,617284,,,Uttar Pradesh,08/2023,03/2028,,1423.96,1423.96,49.57,2.0,FlashReport_September_2025_page67_table1.csv,67,2026-08-28T21:13:53.942462
617333,12,2025-09,Surface triangle line bet. Bhadura stn and new crossing stn Karma,East Central Railway [ECR] - I,617333,Ministry of Railways,Railways,Uttar Pradesh,10/2022,02/2027,,199.96,,,,FlashReport_September_2025_page36_table1.csv,36,2026-08-28T21:13:53.773413
617370,12,2025-09,Doubling between Jaunpur Jn - Zaffarabad 6.28 km,M/S SRC company Infra Private Limited,617370,Ministry of Railways,Railways,Uttar Pradesh,03/2023,01/2027,,180.66,,,,FlashReport_September_2025_page36_table1.csv,36,2026-08-28T21:13:53.773541
705567,13,2025-07,Burhwal Gonda 3rd line,North Eastern Railway [NER],705567,,,Uttar Pradesh,07/2019,03/2025,,1016.0,1118.0,1113.75,70.0,FlashReport_July_2025_page61_table1.csv,61,2026-08-28T21:13:50.865286
705567,13,2025-08,Burhwal Gonda 3rd line,North Eastern Railway [NER],705567,,,Uttar Pradesh,11/2017,03/2025,09/2025,1016.0,1118.0,1373.8,73.0,FlashReport_August_2025_page63_table1.csv,63,2026-08-28T21:13:48.703890
705567,13,2025-09,Burhwal Gonda 3rd line,North Eastern Railway [NER],705567,,,Uttar Pradesh,11/2017,03/2025,11/2025,1016.0,1118.0,1373.8,73.0,FlashReport_September_2025_page67_table1.csv,67,2026-08-28T21:13:53.943129
705588,13,2025-07,Janghai-Pratapgarh- Amethi,CAO/C/II/NR,705588,,,Uttar Pradesh,03/2017,03/2025,,722.0,1194.0,1100.0,70.0,FlashReport_July_2025_page61_table1.csv,61,2026-08-28T21:13:50.865405
705588,13,2025-08,Janghai-Pratapgarh- Amethi,CAO/C/II/NR,705588,,,Uttar Pradesh,11/2017,03/2025,03/2026,722.0,1194.0,1550.0,70.0,FlashReport_August_2025_page63_table1.csv,63,2026-08-28T21:13:48.704030
705588,13,2025-09,Janghai-Pratapgarh- Amethi,CAO/C/II/NR,705588,,,Uttar Pradesh,11/2017,03/2025,03/2026,722.0,1194.0,1567.0,70.0,FlashReport_September_2025_page68_table1.csv,68,2026-08-28T21:13:53.946067
705766,13,2025-07,Lalitpur-Birari with flyover at Lalitpur- 16 Km,North Central Railway,705766,,,Uttar Pradesh,03/2017,12/2024,,304.44,356.0,214.0,65.0,FlashReport_July_2025_page61_table1.csv,61,2026-08-28T21:13:50.865525
705766,13,2025-08,Lalitpur-Birari with flyover at Lalitpur- 16 Km,North Central Railway,705766,,,Uttar Pradesh,03/2017,12/2024,11/2025,304.44,356.0,220.8,72.0,FlashReport_August_2025_page63_table1.csv,63,2026-08-28T21:13:48.704174
705766,13,2025-09,Lalitpur-Birari with flyover at Lalitpur- 16 Km,North Central Railway,705766,,,Uttar Pradesh,03/2017,12/2024,01/2026,304.44,356.0,224.8,75.0,FlashReport_September_2025_page68_table1.csv,68,2026-08-28T21:13:53.946250
705771,11,2025-08,Allahabad-Bamhrauli Flyover Construction & 4th Railway Line Project,North Central Railway,705771,,,Uttar Pradesh,04/2019,03/2026,03/2026,494.0,494.0,333.0,70.0,FlashReport_August_2025_page63_table1.csv,63,2026-08-28T21:13:48.704318
705771,11,2025-09,Allahabad-Bamhrauli Flyover Construction & 4th Railway Line Project,North Central Railway,705771,,,Uttar Pradesh,04/2019,03/2026,03/2026,494.0,494.0,333.0,70.0,FlashReport_September_2025_page68_table1.csv,68,2026-08-28T21:13:53.946408
705772,13,2025-07,"Mughalsarai-Allahabad, 3rd line",North Central Railway,705772,,,Uttar Pradesh,03/2016,12/2026,,2649.0,2649.0,1399.0,62.0,FlashReport_July_2025_page61_table1.csv,61,2026-08-28T21:13:50.865643
705772,13,2025-08,"Mughalsarai-Allahabad, 3rd line",North Central Railway,705772,,,Uttar Pradesh,12/2015,12/2026,03/2027,2649.0,2649.44,1561.89,62.0,FlashReport_August_2025_page63_table1.csv,63,2026-08-28T21:13:48.704465
705772,13,2025-09,"Mughalsarai-Allahabad, 3rd line",North Central Railway,705772,,,Uttar Pradesh,12/2015,12/2026,03/2027,2649.0,2649.44,1561.89,62.0,FlashReport_September_2025_page68_table1.csv,68,2026-08-28T21:13:53.946552
705774,13,2025-07,Aligarh -Daud Khan Flyover Construction & 3rd Railway Line Project,CAO/C/NCR,705774,,,Uttar Pradesh,09/2020,01/2025,,758.0,779.49,315.37,55.0,FlashReport_July_2025_page61_table1.csv,61,2026-08-28T21:13:50.865741
705774,13,2025-08,Aligarh -Daud Khan Flyover Construction & 3rd Railway Line Project,CAO/C/NCR,705774,,,Uttar Pradesh,04/2019,01/2025,03/2027,758.0,779.49,315.37,55.0,FlashReport_August_2025_page63_table1.csv,63,2026-08-28T21:13:48.704606
705774,13,2025-09,Aligarh -Daud Khan Flyover Construction & 3rd Railway Line Project,CAO/C/NCR,705774,,,Uttar Pradesh,04/2019,01/2025,03/2027,758.0,779.49,319.14,55.0,FlashReport_September_2025_page68_table1.csv,68,2026-08-28T21:13:53.946748
705777,13,2025-07,Bhandai Flyover Construction Project,CAO/C/NCR,705777,,,Uttar Pradesh,04/2021,02/2026,,250.18,250.18,118.0,15.0,FlashReport_July_2025_page61_table1.csv,61,2026-08-28T21:13:50.865813
705777,13,2025-08,Bhandai - Flyover for Etawah bound down train- 10 Km,North Central Railway (NCR) - II,705777,,,Uttar Pradesh,07/2020,02/2026,02/2027,250.18,250.18,113.94,3.0,FlashReport_August_2025_page63_table1.csv,63,2026-08-28T21:13:48.704770
705777,13,2025-09,Bhandai - Flyover for Etawah bound down train- 10 Km,North Central Railway (NCR) - II,705777,,,Uttar Pradesh,07/2020,02/2026,02/2027,250.18,250.18,113.94,3.0,FlashReport_September_2025_page68_table1.csv,68,2026-08-28T21:13:53.947281
705780,13,2025-07,Bhatni-Aurnihar with electrification excluding Indara-Mau,RVNL - II,705780,,,Uttar Pradesh,03/2017,12/2024,,2529.0,2529.46,2051.69,94.0,FlashReport_July_2025_page62_table1.csv,62,2026-08-28T21:13:50.868196
705780,13,2025-08,Bhatni-Aurnihar with electrification excluding Indara-Mau,RVNL - II,705780,,,Uttar Pradesh,03/2018,12/2024,10/2025,2529.0,2529.46,2051.69,94.0,FlashReport_August_2025_page63_table1.csv,63,2026-08-28T21:13:48.705053
705780,13,2025-09,Bhatni-Aurnihar with electrification excluding Indara-Mau,RVNL - II,705780,,,Uttar Pradesh,03/2018,12/2024,10/2025,2529.0,2529.46,2051.69,94.0,FlashReport_September_2025_page68_table1.csv,68,2026-08-28T21:13:53.947617
705782,13,2025-07,Barabanki-Malhaur 3rd & 4th Railway Line Project,CAO/C/NR,705782,,,Uttar Pradesh,04/2017,03/2025,,407.0,407.0,317.0,75.0,FlashReport_July_2025_page62_table1.csv,62,2026-08-28T21:13:50.868344
705782,13,2025-08,Barabanki-Malhaur 3rd & 4th Railway Line Project,CAO/C/NR,705782,,,Uttar Pradesh,01/2019,03/2025,03/2026,407.0,407.0,317.0,75.0,FlashReport_August_2025_page63_table1.csv,63,2026-08-28T21:13:48.705205
705782,13,2025-09,Barabanki-Malhaur 3rd & 4th Railway Line Project,CAO/C/NR,705782,,,Uttar Pradesh,01/2019,03/2025,03/2026,407.0,407.0,317.0,75.0,FlashReport_September_2025_page68_table1.csv,68,2026-08-28T21:13:53.947756
705918,8,2025-07,Allahabad division - Aligarh - Harduaganj Flyover,North Central Railway,705918,,,Uttar Pradesh,02/2021,06/2026,,1457.0,1457.0,50.0,8.0,FlashReport_July_2025_page62_table1.csv,62,2026-08-28T21:13:50.868779
705918,8,2025-08,Allahabad division - Aligarh - Harduaganj Flyover,North Central Railway,705918,,,Uttar Pradesh,04/2020,06/2026,03/2027,1457.0,1457.0,50.0,14.0,FlashReport_August_2025_page63_table1.csv,63,2026-08-28T21:13:48.705627
705429,12,2025-07,Rishikesh-Karnaprayag New Rail Line- 125 km,RVNL - II,705429,,,Uttarakhand,08/2018,12/2025,,38953.0,38953.0,24645.15,65.0,FlashReport_July_2025_page62_table1.csv,62,2026-08-28T21:13:50.868928
705429,12,2025-08,Rishikesh-Karnaprayag New Rail Line- 125 km,RVNL - II,705429,,,Uttarakhand,11/2016,12/2025,03/2027,38953.0,38953.0,24645.15,65.0,FlashReport_August_2025_page63_table1.csv,63,2026-08-28T21:13:48.705929
705429,12,2025-09,Rishikesh-Karnaprayag New Rail Line- 125 km,RVNL - II,705429,,,Uttarakhand,11/2016,12/2025,03/2027,38953.0,38953.0,24645.15,65.0,FlashReport_September_2025_page68_table1.csv,68,2026-08-28T21:13:53.948840
400247,13,2025-07,Kalinarayanpur-Krishnanagar Doubling Alongwith Krishnanagar - Chapra New Line And Naihati-Ranaghat 3rd Line.,Eastern Railway [ER] - I,400247,,,West Bengal,11/2005,02/2027,,1000.0,1000.0,1029.97,67.0,FlashReport_July_2025_page62_table1.csv,62,2026-08-28T21:13:50.869072
400247,13,2025-08,Kalinarayanpur-Krishnanagar Doubling Alongwith Krishnanagar - Chapra New Line And Naihati-Ranaghat 3rd Line.,Eastern Railway [ER] - I,400247,,,West Bengal,07/2015,02/2027,02/2027,1000.0,1000.0,1031.21,67.0,FlashReport_August_2025_page63_table1.csv,63,2026-08-28T21:13:48.706269
400247,13,2025-09,Kalinarayanpur-Krishnanagar Doubling Alongwith Krishnanagar - Chapra New Line And Naihati-Ranaghat 3rd Line.,Eastern Railway [ER] - I,400247,,,West Bengal,07/2015,02/2027,02/2027,1000.0,1000.0,1034.35,67.0,FlashReport_September_2025_page68_table1.csv,68,2026-08-28T21:13:53.949029
400273,13,2025-07,Tarakeshwar-Bishnupur New Line [82.47 km],Eastern Railway [ER] - I,400273,,,West Bengal,02/2008,03/2019,,1189.0,1542.0,1287.05,90.0,FlashReport_July_2025_page62_table1.csv,62,2026-08-28T21:13:50.869197
400273,13,2025-08,Tarakeshwar-Bishnupur New Line [82.47 km],Eastern Railway [ER] - I,400273,,,West Bengal,03/2001,03/2019,02/2026,1189.0,1542.0,1307.52,90.0,FlashReport_August_2025_page63_table1.csv,63,2026-08-28T21:13:48.706399
400273,13,2025-09,Tarakeshwar-Bishnupur New Line [82.47 km],Eastern Railway [ER] - I,400273,,,West Bengal,03/2001,03/2019,02/2026,1189.0,1542.0,1320.81,91.0,FlashReport_September_2025_page68_table1.csv,68,2026-08-28T21:13:53.949175
400277,12,2025-07,Dum Dum Airport-New Garia via Rajarhat-Construction of Metro Railway,RVNL - II,400277,,,West Bengal,10/2011,12/2025,,8964.0,8964.0,8097.47,80.0,FlashReport_July_2025_page62_table1.csv,62,2026-08-28T21:13:50.869511
400277,12,2025-08,Dum Dum Airport-New Garia via Rajarhat-Construction of Metro Railway,RVNL - II,400277,,,West Bengal,03/2010,12/2025,03/2026,8964.0,8964.0,8097.47,80.0,FlashReport_August_2025_page63_table1.csv,63,2026-08-28T21:13:48.729512
400277,12,2025-09,Dum Dum Airport-New Garia via Rajarhat-Construction of Metro Railway,RVNL - II,400277,,,West Bengal,03/2010,12/2025,03/2026,8964.0,8964.0,8097.47,80.0,FlashReport_September_2025_page68_table1.csv,68,2026-08-28T21:13:53.949319
612096,13,2025-07,Construction of Balurghat-Hilli new BG Line,Northeast Frontier Railway [NFR],612096,,,West Bengal,12/2010,03/2027,,1209.0,1209.0,405.31,9.0,FlashReport_July_2025_page62_table1.csv,62,2026-08-28T21:13:50.869694
612096,13,2025-08,Construction of Balurghat-Hilli new BG Line,Northeast Frontier Railway [NFR],612096,,,West Bengal,12/2010,03/2027,03/2025,1209.0,1209.0,405.31,9.0,FlashReport_August_2025_page63_table1.csv,63,2026-08-28T21:13:48.729846
612096,13,2025-09,Construction of Balurghat-Hilli new BG Line,Northeast Frontier Railway [NFR],612096,,,West Bengal,12/2010,03/2027,03/2025,1209.0,1209.0,405.31,9.0,FlashReport_September_2025_page68_table1.csv,68,2026-08-28T21:13:53.949466
617345,11,2025-09,SER Upgradation of maintenance infrastructure at Shalimar into Vande Bharat Chair Car maintenance cum workshop depot.,South Eastern Railway - JH,617345,Ministry of Railways,Railways,West Bengal,12/2024,10/2026,,226.87,,,,FlashReport_September_2025_page36_table1.csv,36,2026-08-28T21:13:53.773676
705730,12,2025-07,Joka-BBD Bag new metro project,RVNL - II,705730,,,West Bengal,04/2010,12/2026,,4835.0,10362.0,4361.23,59.0,FlashReport_July_2025_page62_table1.csv,62,2026-08-28T21:13:50.869956
705730,12,2025-08,Joka-BBD Bag new metro project,RVNL - II,705730,,,West Bengal,03/2010,12/2026,12/2028,4835.0,10362.0,4373.24,60.0,FlashReport_August_2025_page63_table1.csv,63,2026-08-28T21:13:48.730169
705730,12,2025-09,Joka-BBD Bag new metro project,RVNL - II,705730,,,West Bengal,03/2010,12/2026,12/2028,4835.0,10362.0,4485.2,59.0,FlashReport_September_2025_page68_table1.csv,68,2026-08-28T21:13:53.949768
706776,12,2025-07,Noapara-Barasat via Bimanbandar - Construction of Metro railway [18 km],"Metro Railway, Kolkata",706776,,,West Bengal,03/2010,08/2026,,4830.0,4830.0,2764.13,32.0,FlashReport_July_2025_page62_table1.csv,62,2026-08-28T21:13:50.870053
706776,12,2025-08,Noapara-Barasat via Bimanbandar - Construction of Metro railway [18 km],"Metro Railway, Kolkata",706776,,,West Bengal,11/2010,08/2026,03/2029,4830.0,4830.0,2764.13,32.0,FlashReport_August_2025_page63_table1.csv,63,2026-08-28T21:13:48.730321
706776,12,2025-09,Noapara-Barasat via Bimanbandar - Construction of Metro railway [18 km],"Metro Railway, Kolkata",706776,,,West Bengal,11/2010,08/2026,03/2029,4830.0,4830.0,2764.13,32.0,FlashReport_September_2025_page68_table1.csv,68,2026-08-28T21:13:53.949916
706777,12,2025-07,Baranagar-Barrackpore and Dakshineshwar- Construction of Metro Railway,RVNL - II,706777,Real Estate,Urban Public Transport,West Bengal,03/2010,12/2026,,2298.0,2734.0,393.0,17.0,FlashReport_July_2025_page62_table1.csv,62,2026-08-28T21:13:50.870275
706777,12,2025-08,Baranagar-Barrackpore and Dakshineshwar- Construction of Metro Railway,RVNL - II,706777,,,West Bengal,03/2010,12/2026,12/2025,2298.0,2734.0,393.0,17.0,FlashReport_August_2025_page63_table1.csv,63,2026-08-28T21:13:48.730552
706777,12,2025-09,Baranagar-Barrackpore and Dakshineshwar- Construction of Metro Railway,RVNL - II,706777,,,West Bengal,03/2010,12/2026,12/2025,2298.0,2734.0,393.0,17.0,FlashReport_September_2025_page68_table1.csv,68,2026-08-28T21:13:53.950089
604792,4,2025-07,"Assam Bio Refinery, ABRPL",Ministry of Petroleum & Natural Gas,604792,Ministry of Petroleum & Natural Gas,Oil & Gas,Assam,02/2018,09/2021,,1750.0,4200.0,4650.0,99.0,FlashReport_July_2025_page34_table1.csv,34,2026-08-28T21:13:50.686237
604792,4,2025-08,"Assam Bio Refinery, ABRPL",Ministry of Petroleum & Natural Gas,604792,Ministry of Petroleum & Natural Gas,Oil & Gas,Assam,02/2018,09/2021,09/2025,1750.0,4930.0,4710.0,99.0,FlashReport_August_2025_page34_table1.csv,34,2026-08-28T21:13:48.518569
701350,16,2025-07,Upgradation of Facilities of Numaligarh-Siliguri Product Pipeline [NSPL] for transportation of additional products from existing 1.72 MMTPA to 5.5 MMTPA,Ministry of Petroleum & Natural Gas,701350,Ministry of Petroleum & Natural Gas,Oil & Gas,Assam,06/2021,12/2024,,860.0,860.0,566.18,98.0,FlashReport_July_2025_page34_table1.csv,34,2026-08-28T21:13:50.686885
701350,16,2025-07,Upgradation of Facilities of Numaligarh-Siliguri Product Pipeline [NSPL] for transportation of additional products from existing 1.72 MMTPA to 5.5 MMTPA,Ministry of Petroleum & Natural Gas,701350,,,"Multi-States (Assam, West Bengal)",06/2021,12/2024,,860.0,860.0,566.18,98.0,FlashReport_July_2025_page51_table1.csv,51,2026-08-28T21:13:50.787386
701350,16,2025-08,Upgradation of Facilities of Numaligarh-Siliguri Product Pipeline [NSPL] for transportation of additional products from existing 1.72 MMTPA to 5.5 MMTPA,Ministry of Petroleum & Natural Gas,701350,Ministry of Petroleum & Natural Gas,Oil & Gas,Assam,06/2021,12/2024,10/2025,860.0,860.0,584.76,98.0,FlashReport_August_2025_page34_table1.csv,34,2026-08-28T21:13:48.518859
701350,16,2025-08,Upgradation of Facilities of Numaligarh-Siliguri Product Pipeline [NSPL] for transportation of additional products from existing 1.72 MMTPA to 5.5 MMTPA,Ministry of Petroleum & Natural Gas,701350,,,"Multi-States (Assam, West Bengal)",06/2021,12/2024,10/2025,860.0,860.0,584.76,98.0,FlashReport_August_2025_page52_table1.csv,52,2026-08-28T21:13:48.620810
701350,16,2025-09,Upgradation of Facilities of Numaligarh-Siliguri Product Pipeline [NSPL] for transportation of additional products from existing 1.72 MMTPA to 5.5 MMTPA,Ministry of Petroleum & Natural Gas,701350,Ministry of Petroleum & Natural Gas,Oil & Gas,Assam,06/2021,12/2024,10/2025,860.0,860.0,615.47,98.0,FlashReport_September_2025_page39_table1.csv,39,2026-08-28T21:13:53.783717
701350,16,2025-09,Upgradation of Facilities of Numaligarh-Siliguri Product Pipeline [NSPL] for transportation of additional products from existing 1.72 MMTPA to 5.5 MMTPA,Ministry of Petroleum & Natural Gas,701350,,,"Multi-States (Assam, West Bengal)",06/2021,12/2024,10/2025,860.0,860.0,615.47,98.0,FlashReport_September_2025_page57_table1.csv,57,2026-08-28T21:13:53.878669
702682,6,2025-08,Dibrugarh Water Supply Infrastructure Project,Ministry of Housing & Urban Affairs,702682,Department of Telecommunications,Waste & Water,Assam,01/2020,03/2023,12/2025,186.8,186.8,1291.55,98.0,FlashReport_August_2025_page35_table1.csv,35,2026-08-28T21:13:48.523027
702682,6,2025-09,Dibrugarh Water Supply Infrastructure Project,Ministry of Housing & Urban Affairs,702682,Department of Telecommunications,Waste & Water,Assam,01/2020,03/2023,12/2025,186.8,186.8,1477.98,98.0,FlashReport_September_2025_page40_table1.csv,40,2026-08-28T21:13:53.789059
612063,5,2025-07,"Construction of New Terminal Building, Second Link Taxi Track, Apron Expansion, and associated works at Prayagraj Airport- On Design & Build Basis.",Airport Authority of India [AAI],612063,Ministry of Civil Aviation,Aviation & Aviation Infrastructure,Uttar Pradesh,08/2023,11/2024,,219.18,274.38,206.33,97.0,FlashReport_July_2025_page37_table1.csv,37,2026-08-28T21:13:50.697981
612063,5,2025-08,"Construction of New Terminal Building, Second Link Taxi Track, Apron Expansion, and associated works at Prayagraj Airport- On Design & Build Basis.",Airport Authority of India [AAI],612063,Ministry of Civil Aviation,Aviation & Aviation Infrastructure,Uttar Pradesh,08/2023,11/2024,08/2025,219.18,274.38,215.19,100.0,FlashReport_August_2025_page37_table1.csv,37,2026-08-28T21:13:48.529194
612063,5,2025-09,"Construction of New Terminal Building, Second Link Taxi Track, Apron Expansion, and associated works at Prayagraj Airport- On Design & Build Basis.",Airport Authority of India [AAI],612063,Ministry of Civil Aviation,Aviation & Aviation Infrastructure,Uttar Pradesh,08/2023,11/2024,08/2025,219.18,274.38,215.2,100.0,FlashReport_September_2025_page42_table1.csv,42,2026-08-28T21:13:53.794252
701091,4,2025-07,Lucknow Airport-Terminal 3- Phase 1 & Other Associated Works,Adani Airport Holdings Limited,701091,Ministry of Civil Aviation,Aviation & Aviation Infrastructure,Uttar Pradesh,09/2018,03/2026,,3100.0,3100.0,0.0,99.96,FlashReport_July_2025_page37_table1.csv,37,2026-08-28T21:13:50.698148
701091,4,2025-08,Lucknow Airport-Terminal 3- Phase 1 & Other Associated Works,Adani Airport Holdings Limited,701091,Ministry of Civil Aviation,Aviation & Aviation Infrastructure,Uttar Pradesh,06/2018,03/2026,,3100.0,3100.0,16024.42,100.0,FlashReport_August_2025_page37_table1.csv,37,2026-08-28T21:13:48.529274
701091,4,2025-09,Lucknow Airport-Terminal 3- Phase 1 & Other Associated Works,Adani Airport Holdings Limited,701091,Ministry of Civil Aviation,Aviation & Aviation Infrastructure,Uttar Pradesh,06/2018,03/2026,,3100.0,3100.0,16024.42,100.0,FlashReport_September_2025_page42_table1.csv,42,2026-08-28T21:13:53.794333
400145,5,2025-07,CHHAL OC SEAM III [6 MTY],South Eastern Coalfields Limited [SECL],400145,Ministry of Coal,Coal,Chhattisgarh,12/2013,03/2022,,610.63,610.63,577.46,85.0,FlashReport_July_2025_page38_table1.csv,38,2026-08-28T21:13:50.702109
400145,5,2025-08,CHHAL OC SEAM III [6 MTY],South Eastern Coalfields Limited [SECL],400145,Ministry of Coal,Coal,Chhattisgarh,12/2013,03/2022,09/2025,610.63,610.63,577.46,85.0,FlashReport_August_2025_page38_table1.csv,38,2026-08-28T21:13:48.531820
400145,5,2025-09,CHHAL OC SEAM III [6 MTY],South Eastern Coalfields Limited [SECL],400145,Ministry of Coal,Coal,Chhattisgarh,12/2013,03/2022,10/2025,610.63,610.63,579.82,85.0,FlashReport_September_2025_page43_table1.csv,43,2026-08-28T21:13:53.796856
400147,3,2025-07,KUSMUNDA OC EXPANSION [15 TO 50 MTY],South Eastern Coalfields Limited [SECL],400147,Ministry of Coal,Coal,Chhattisgarh,08/2013,03/2023,,7612.33,7612.33,4697.95,81.0,FlashReport_July_2025_page38_table1.csv,38,2026-08-28T21:13:50.702240
400147,3,2025-08,KUSMUNDA OC EXPANSION [15 TO 50 MTY],South Eastern Coalfields Limited [SECL],400147,Ministry of Coal,Coal,Chhattisgarh,08/2013,03/2023,03/2030,7612.33,7612.33,4697.95,81.0,FlashReport_August_2025_page38_table1.csv,38,2026-08-28T21:13:48.532352
400147,3,2025-09,KUSMUNDA OC EXPANSION [15 TO 50 MTY],South Eastern Coalfields Limited [SECL],400147,Ministry of Coal,Coal,Chhattisgarh,08/2013,03/2023,03/2030,7612.33,7612.33,4697.95,81.0,FlashReport_September_2025_page43_table1.csv,43,2026-08-28T21:13:53.797003
613795,4,2025-07,JAMPALI OC RCE [2.0 MTY],SECL - CIL,613795,Ministry of Coal,Coal,Chhattisgarh,05/2020,03/2025,,278.64,278.64,210.07,82.0,FlashReport_July_2025_page38_table1.csv,38,2026-08-28T21:13:50.702743
613795,4,2025-08,JAMPALI OC RCE [2.0 MTY],South Eastern Coalfields Limited [SECL],613795,Ministry of Coal,Coal,Chhattisgarh,05/2020,03/2025,06/2025,278.64,278.64,210.07,82.0,FlashReport_August_2025_page38_table1.csv,38,2026-08-28T21:13:48.532762
613795,4,2025-09,JAMPALI OC RCE [2.0 MTY],South Eastern Coalfields Limited [SECL],613795,Ministry of Coal,Coal,Chhattisgarh,05/2020,03/2025,06/2025,278.64,278.64,210.07,82.0,FlashReport_September_2025_page43_table1.csv,43,2026-08-28T21:13:53.797607
612838,3,2025-07,DIPKA OC,SECL - CIL,612838,Ministry of Coal,Coal,Gujarat,01/2017,03/2025,,7580.0,7580.0,3091.0,65.0,FlashReport_July_2025_page38_table1.csv,38,2026-08-28T21:13:50.703931
612838,3,2025-08,DIPKA OC,SECL - CIL,612838,Ministry of Coal,Coal,Gujarat,01/2017,03/2025,,7580.0,7580.0,3091.0,65.0,FlashReport_August_2025_page38_table1.csv,38,2026-08-28T21:13:48.533660
612838,3,2025-09,DIPKA OC,SECL - CIL,612838,Ministry of Coal,Coal,Gujarat,01/2017,03/2025,,7580.0,7580.0,3091.0,65.0,FlashReport_September_2025_page43_table1.csv,43,2026-08-28T21:13:53.798832
400152,8,2025-07,RAMPUR BATURA OCP [4.0MTY],South Eastern Coalfields Limited [SECL],400152,,,Madhya Pradesh,07/2019,03/2026,,1248.93,1248.93,495.4,44.0,FlashReport_July_2025_page39_table1.csv,39,2026-08-28T21:13:50.707906
400152,8,2025-08,RAMPUR BATURA OCP [4.0MTY],South Eastern Coalfields Limited [SECL],400152,,,Madhya Pradesh,07/2019,03/2026,,1248.93,1248.93,495.4,44.0,FlashReport_August_2025_page39_table1.csv,39,2026-08-28T21:13:48.539779
400152,8,2025-09,RAMPUR BATURA OCP [4.0MTY],South Eastern Coalfields Limited [SECL],400152,,,Madhya Pradesh,07/2019,03/2026,,1248.93,1248.93,495.4,44.0,FlashReport_September_2025_page44_table1.csv,44,2026-08-28T21:13:53.804748
400313,9,2025-07,Master Plan for Jharia and Raniganj Coalfields,Bharat Coking Coal Limited [BCCL],400313,,,"Multi-States (Jharkhand, West Bengal)",08/2009,08/2019,,2661.73,2661.73,787.75,43.0,FlashReport_July_2025_page40_table1.csv,40,2026-08-28T21:13:50.714224
400313,9,2025-08,Master Plan for Jharia and Raniganj Coalfields,Bharat Coking Coal Limited [BCCL],400313,,,"Multi-States (Jharkhand, West Bengal)",08/2009,08/2019,12/2028,2661.73,2661.73,788.85,43.0,FlashReport_August_2025_page40_table1.csv,40,2026-08-28T21:13:48.547547
400313,9,2025-09,Master Plan for Jharia and Raniganj Coalfields,Bharat Coking Coal Limited [BCCL],400313,,,"Multi-States (Jharkhand, West Bengal)",08/2009,08/2019,12/2028,2661.73,2661.73,789.85,43.0,FlashReport_September_2025_page45_table1.csv,45,2026-08-28T21:13:53.809423
615859,5,2025-07,Kakathiya Khani Opencast - III Project Phase - I,Singareni Collieries Company Limited [SCCL],615859,,,Telangana,05/2017,03/2026,,413.84,413.84,397.55,79.0,FlashReport_July_2025_page41_table1.csv,41,2026-08-28T21:13:50.718639
615859,5,2025-08,Kakathiya Khani Opencast - III Project Phase - I,Singareni Collieries Company Limited [SCCL],615859,,,Telangana,03/2017,03/2026,,413.84,413.84,397.55,79.0,FlashReport_August_2025_page41_table1.csv,41,2026-08-28T21:13:48.552332
615859,5,2025-09,Kakathiya Khani Opencast - III Project Phase - I,Singareni Collieries Company Limited [SCCL],615859,,,Telangana,03/2017,03/2026,,413.84,413.84,397.55,79.0,FlashReport_September_2025_page46_table1.csv,46,2026-08-28T21:13:53.812383
615864,5,2025-07,Ramagundam OC-II Extension Project,Singareni Collieries Company Limited [SCCL],615864,,,Telangana,06/2015,03/2026,,489.62,489.62,405.54,77.0,FlashReport_July_2025_page41_table1.csv,41,2026-08-28T21:13:50.719148
615864,5,2025-08,Ramagundam OC-II Extension Project,Singareni Collieries Company Limited [SCCL],615864,,,Telangana,11/2015,03/2026,,489.62,489.62,405.54,77.0,FlashReport_August_2025_page41_table1.csv,41,2026-08-28T21:13:48.553029
615864,5,2025-09,Ramagundam OC-II Extension Project,Singareni Collieries Company Limited [SCCL],615864,,,Telangana,11/2015,03/2026,,489.62,489.62,405.54,77.0,FlashReport_September_2025_page46_table1.csv,46,2026-08-28T21:13:53.812778
602633,8,2025-07,382 MW Sunni Dam HEP,Satluj Jal Vidyut Nigam [SJVN] Thermal Limited,602633,Electricity Generation,Electricity Generation,Himachal Pradesh,04/2018,03/2027,,2615.0,2615.0,495.57,0.5,FlashReport_July_2025_page42_table1.csv,42,2026-08-28T21:13:50.723413
602633,8,2025-08,382 MW Sunni Dam HEP,Satluj Jal Vidyut Nigam [SJVN] Thermal Limited,602633,Railways,Electricity Generation,Himachal Pradesh,04/2018,03/2027,,2615.0,2615.0,495.57,0.5,FlashReport_August_2025_page42_table1.csv,42,2026-08-28T21:13:48.560088
602633,8,2025-09,382 MW Sunni Dam HEP,Satluj Jal Vidyut Nigam [SJVN] Thermal Limited,602633,Railways,Electricity Generation,Himachal Pradesh,04/2018,03/2027,,2615.0,2615.0,495.57,0.5,FlashReport_September_2025_page47_table1.csv,47,2026-08-28T21:13:53.819425
709748,5,2025-07,BIKANER SOLAR POWER PROJECT,Satluj Jal Vidyut Nigam [SJVN] Thermal Limited,709748,,,Rajasthan,05/2022,04/2024,,5491.89,5491.89,4606.84,82.0,FlashReport_July_2025_page43_table1.csv,43,2026-08-28T21:13:50.726406
709748,5,2025-08,BIKANER SOLAR POWER PROJECT,Satluj Jal Vidyut Nigam [SJVN] Thermal Limited,709748,Railways,Electricity Generation,Rajasthan,10/2021,04/2024,12/2025,5491.89,5491.89,4805.16,84.0,FlashReport_August_2025_page42_table1.csv,42,2026-08-28T21:13:48.561521
709748,5,2025-09,BIKANER SOLAR POWER PROJECT,Satluj Jal Vidyut Nigam [SJVN] Thermal Limited,709748,Railways,Electricity Generation,Rajasthan,10/2021,04/2024,12/2025,5491.89,5491.89,5009.15,86.0,FlashReport_September_2025_page47_table1.csv,47,2026-08-28T21:13:53.820961
602194,5,2025-07,Khurja super Thermal Power Plant [2X660 MW],THDC India Limited,602194,,,Uttar Pradesh,08/2019,02/2024,,11089.42,13276.2,12429.05,96.0,FlashReport_July_2025_page43_table1.csv,43,2026-08-28T21:13:50.726680
602194,5,2025-08,Khurja super Thermal Power Plant [2X660 MW],THDC India Limited,602194,,,Uttar Pradesh,03/2019,02/2024,09/2025,11089.42,13276.2,12772.21,97.0,FlashReport_August_2025_page43_table1.csv,43,2026-08-28T21:13:48.564509
602194,5,2025-09,Khurja super Thermal Power Plant [2X660 MW],THDC India Limited,602194,,,Uttar Pradesh,03/2019,02/2024,09/2025,11089.42,13276.2,12888.23,100.0,FlashReport_September_2025_page48_table1.csv,48,2026-08-28T21:13:53.823828
602193,8,2025-07,Tehri Pumped Storage Plant Project [4x250 MW],THDC India Limited,602193,,,Uttarakhand,06/2011,06/2022,,4825.6,8339.0,7939.82,98.0,FlashReport_July_2025_page43_table1.csv,43,2026-08-28T21:13:50.726915
602193,8,2025-08,Tehri Pumped Storage Plant Project [4x250 MW],THDC India Limited,602193,,,Uttarakhand,07/2006,06/2022,11/2025,4825.6,8339.0,8064.9,98.0,FlashReport_August_2025_page43_table1.csv,43,2026-08-28T21:13:48.564966
602193,8,2025-09,Tehri Pumped Storage Plant Project [4x250 MW],THDC India Limited,602193,,,Uttarakhand,07/2006,06/2022,11/2025,4825.6,8339.0,8121.61,98.0,FlashReport_September_2025_page48_table1.csv,48,2026-08-28T21:13:53.824081
612856,8,2025-07,Augmentation of 1x1500 MVA 3rd 765/400 kV transformation capacity at Kurnool New Substation,Power Grid Corporation of India Limited [POWERGRID],612856,Transmission & Distribution,,Andhra Pradesh,12/2023,09/2025,,163.61,163.61,50.72,39.0,FlashReport_July_2025_page43_table1.csv,43,2026-08-28T21:13:50.727434
612856,8,2025-08,Augmentation of 1x1500 MVA 3rd 765/400 kV transformation capacity at Kurnool New Substation,Power Grid Corporation of India Limited [POWERGRID],612856,Transmission & Distribution,,Andhra Pradesh,05/2023,09/2025,11/2025,163.61,163.61,60.53,42.0,FlashReport_August_2025_page43_table1.csv,43,2026-08-28T21:13:48.565934
612856,8,2025-09,Augmentation of 1x1500 MVA 3rd 765/400 kV transformation capacity at Kurnool New Substation,Power Grid Corporation of India Limited [POWERGRID],612856,Transmission & Distribution,,Andhra Pradesh,05/2023,09/2025,01/2026,163.61,163.61,71.98,56.0,FlashReport_September_2025_page48_table1.csv,48,2026-08-28T21:13:53.825013
611737,4,2025-07,Western Region Expansion Scheme-XXV,Power Grid Corporation of India Limited [POWERGRID],611737,Transmission & Distribution,,Chhattisgarh,02/2023,11/2023,,385.84,385.84,378.16,96.0,FlashReport_July_2025_page43_table1.csv,43,2026-08-28T21:13:50.727604
611737,4,2025-08,Western Region Expansion Scheme-XXV,Power Grid Corporation of India Limited [POWERGRID],611737,Transmission & Distribution,,Chhattisgarh,02/2023,11/2023,12/2025,385.84,385.84,378.17,97.0,FlashReport_August_2025_page43_table1.csv,43,2026-08-28T21:13:48.566284
611737,4,2025-09,Western Region Expansion Scheme-XXV,Power Grid Corporation of India Limited [POWERGRID],611737,Transmission & Distribution,,Chhattisgarh,02/2023,11/2023,12/2025,385.84,385.84,378.74,97.0,FlashReport_September_2025_page48_table1.csv,48,2026-08-28T21:13:53.825493
608301,4,2025-07,Transmission system strengthening scheme for evacuation of power from solar energy zones in Rajasthan 8.1 GW under Phase II- Part- G1,Power Grid Corporation of India Limited [POWERGRID],608301,,,"Multi-States (Delhi, Uttar Pradesh)",02/2022,09/2023,,359.47,359.47,330.71,93.0,FlashReport_July_2025_page45_table1.csv,45,2026-08-28T21:13:50.738854
608301,4,2025-08,Transmission system strengthening scheme for evacuation of power from solar energy zones in Rajasthan 8.1 GW under Phase II- Part- G1,Power Grid Corporation of India Limited [POWERGRID],608301,Transmission & Distribution,,Delhi,02/2022,09/2023,11/2025,359.47,359.47,330.91,93.0,FlashReport_August_2025_page43_table1.csv,43,2026-08-28T21:13:48.566474
608301,4,2025-09,Transmission system strengthening scheme for evacuation of power from solar energy zones in Rajasthan 8.1 GW under Phase II- Part- G1,Power Grid Corporation of India Limited [POWERGRID],608301,Transmission & Distribution,,Delhi,02/2022,09/2023,11/2025,359.47,359.47,336.11,94.0,FlashReport_September_2025_page48_table1.csv,48,2026-08-28T21:13:53.825658
611656,4,2025-07,Transmission scheme for evacuation of 4.5GW RE injection at Khavda PS under Phase II- Part B,Power Grid Corporation of India Limited [POWERGRID],611656,Transmission & Distribution,,Gujarat,03/2023,03/2025,,1167.55,1167.0,1013.39,91.0,FlashReport_July_2025_page43_table1.csv,43,2026-08-28T21:13:50.727688
611656,4,2025-08,Transmission scheme for evacuation of 4.5GW RE injection at Khavda PS under Phase II- Part B,Power Grid Corporation of India Limited [POWERGRID],611656,Transmission & Distribution,,Gujarat,03/2023,03/2025,10/2025,1167.55,1167.0,1050.41,93.0,FlashReport_August_2025_page43_table1.csv,43,2026-08-28T21:13:48.566810
611656,4,2025-09,Transmission scheme for evacuation of 4.5GW RE injection at Khavda PS under Phase II- Part B,Power Grid Corporation of India Limited [POWERGRID],611656,Transmission & Distribution,,Gujarat,03/2023,03/2025,10/2025,1167.55,1167.0,1105.5,94.0,FlashReport_September_2025_page48_table1.csv,48,2026-08-28T21:13:53.825809
611657,6,2025-07,Transmission scheme for evacuation of 4.5GW RE injection at Khavda PS under Phase II- Part C,Power Grid Corporation of India Limited [POWERGRID],611657,Transmission & Distribution,,Gujarat,03/2023,03/2025,,2820.99,2820.99,2454.26,84.0,FlashReport_July_2025_page43_table1.csv,43,2026-08-28T21:13:50.727769
611657,6,2025-08,Transmission scheme for evacuation of 4.5GW RE injection at Khavda PS under Phase II- Part C,Power Grid Corporation of India Limited [POWERGRID],611657,Transmission & Distribution,,Gujarat,03/2023,03/2025,11/2025,2820.99,2820.99,2570.25,84.0,FlashReport_August_2025_page43_table1.csv,43,2026-08-28T21:13:48.566986
611657,6,2025-09,Transmission scheme for evacuation of 4.5GW RE injection at Khavda PS under Phase II- Part C,Power Grid Corporation of India Limited [POWERGRID],611657,Transmission & Distribution,,Gujarat,03/2023,03/2025,11/2025,2820.99,2820.99,2639.03,90.0,FlashReport_September_2025_page48_table1.csv,48,2026-08-28T21:13:53.825965
611660,4,2025-07,Establishment of Khavda Pooling Station-2 KPS2 in Khavda RE Park KPS2 TRANSMISSION SYSTEM LIMITED,Power Grid Corporation of India Limited [POWERGRID],611660,Transmission & Distribution,,Gujarat,03/2023,12/2024,,966.79,966.79,894.76,95.0,FlashReport_July_2025_page43_table1.csv,43,2026-08-28T21:13:50.727980
611660,4,2025-08,Establishment of Khavda Pooling Station-2 KPS2 in Khavda RE Park KPS2 TRANSMISSION SYSTEM LIMITED,Power Grid Corporation of India Limited [POWERGRID],611660,Transmission & Distribution,,Gujarat,03/2023,12/2024,10/2025,966.79,966.79,904.52,95.0,FlashReport_August_2025_page43_table1.csv,43,2026-08-28T21:13:48.567165
611660,4,2025-09,Establishment of Khavda Pooling Station-2 KPS2 in Khavda RE Park KPS2 TRANSMISSION SYSTEM LIMITED,Power Grid Corporation of India Limited [POWERGRID],611660,Transmission & Distribution,,Gujarat,03/2023,12/2024,10/2025,966.79,966.79,911.97,96.0,FlashReport_September_2025_page48_table1.csv,48,2026-08-28T21:13:53.826120
612151,9,2025-07,Transmission System for Evacuation of Power from potential Renewable Energy zone in Khavda Area of Gujarat under Phase IV [7 GW] Part E3,Power Grid Corporation of India Limited [POWERGRID],612151,Transmission & Distribution,,Gujarat,07/2023,07/2025,,334.0,334.0,70.44,22.0,FlashReport_July_2025_page43_table1.csv,43,2026-08-28T21:13:50.728548
612151,9,2025-08,Transmission System for Evacuation of Power from potential Renewable Energy zone in Khavda Area of Gujarat under Phase IV [7 GW] Part E3,Power Grid Corporation of India Limited [POWERGRID],612151,Transmission & Distribution,,Gujarat,07/2023,07/2025,12/2025,334.0,334.0,73.48,30.0,FlashReport_August_2025_page43_table1.csv,43,2026-08-28T21:13:48.567517
612151,9,2025-09,Transmission System for Evacuation of Power from potential Renewable Energy zone in Khavda Area of Gujarat under Phase IV [7 GW] Part E3,Power Grid Corporation of India Limited [POWERGRID],612151,Transmission & Distribution,,Gujarat,07/2023,07/2025,12/2025,334.0,334.0,93.52,33.0,FlashReport_September_2025_page48_table1.csv,48,2026-08-28T21:13:53.826320
608302,4,2025-07,Transmission system for evacuation of Power from Pakaldul HEP in Chenab Valley HEPs - LTA System,Power Grid Corporation of India Limited [POWERGRID],608302,,,Jammu and Kashmir,02/2022,04/2025,,318.12,318.12,286.31,99.0,FlashReport_July_2025_page44_table1.csv,44,2026-08-28T21:13:50.732904
608302,4,2025-08,Transmission system for evacuation of Power from Pakaldul HEP in Chenab Valley HEPs - LTA System,Power Grid Corporation of India Limited [POWERGRID],608302,,,Jammu and Kashmir,02/2022,04/2025,09/2025,318.12,318.12,287.31,99.0,FlashReport_August_2025_page44_table1.csv,44,2026-08-28T21:13:48.571447
608302,4,2025-09,Transmission system for evacuation of Power from Pakaldul HEP in Chenab Valley HEPs - LTA System,Power Grid Corporation of India Limited [POWERGRID],608302,,,Jammu and Kashmir,02/2022,04/2025,09/2025,318.12,318.12,308.58,99.0,FlashReport_September_2025_page49_table1.csv,49,2026-08-28T21:13:53.830090
608922,4,2025-07,Transmission System Strengthening Scheme for evacuation of power from SEZ in Rajasthan 8.1 GW under Phase II Part G,Power Grid Corporation of India Limited [POWERGRID],608922,,,"Multi-States (Delhi, Haryana, Rajasthan)",05/2022,11/2023,,1666.0,2218.0,2139.28,95.0,FlashReport_July_2025_page44_table1.csv,44,2026-08-28T21:13:50.735832
608922,4,2025-08,Transmission System Strengthening Scheme for evacuation of power from SEZ in Rajasthan 8.1 GW under Phase II Part G,Power Grid Corporation of India Limited [POWERGRID],608922,,,"Multi-States (Delhi, Haryana, Rajasthan)",05/2022,11/2023,11/2025,1666.0,2218.0,2129.28,95.0,FlashReport_August_2025_page44_table1.csv,44,2026-08-28T21:13:48.574529
608922,4,2025-09,Transmission System Strengthening Scheme for evacuation of power from SEZ in Rajasthan 8.1 GW under Phase II Part G,Power Grid Corporation of India Limited [POWERGRID],608922,,,"Multi-States (Delhi, Haryana, Rajasthan)",05/2022,11/2023,11/2025,1666.0,2218.0,2129.28,95.0,FlashReport_September_2025_page50_table1.csv,50,2026-08-28T21:13:53.836228
606781,4,2025-07,Transmission System for Strengthening of Srinagar-Leh Tr. System,Power Grid Corporation of India Limited [POWERGRID],606781,,,"Multi-States (Jammu and Kashmir, Ladakh)",03/2022,12/2024,,288.71,288.71,202.1,59.0,FlashReport_July_2025_page45_table1.csv,45,2026-08-28T21:13:50.739575
606781,4,2025-08,Transmission System for Strengthening of Srinagar-Leh Tr. System,Power Grid Corporation of India Limited [POWERGRID],606781,,,"Multi-States (Jammu and Kashmir, Ladakh)",03/2022,12/2024,10/2025,288.71,288.71,207.8,75.0,FlashReport_August_2025_page45_table1.csv,45,2026-08-28T21:13:48.578064
606781,4,2025-09,Transmission System for Strengthening of Srinagar-Leh Tr. System,Power Grid Corporation of India Limited [POWERGRID],606781,,,"Multi-States (Jammu and Kashmir, Ladakh)",03/2022,12/2024,10/2025,288.71,288.71,242.52,91.0,FlashReport_September_2025_page50_table1.csv,50,2026-08-28T21:13:53.837343
611659,5,2025-07,Transmission system strengthening scheme for evacuation of power from solar energy zones in Rajasthan[8.1 GW] under phase-II- Part E,Power Grid Corporation of India Limited [POWERGRID],611659,,,Rajasthan,03/2023,09/2024,,1433.28,1433.0,1341.7,93.0,FlashReport_July_2025_page45_table1.csv,45,2026-08-28T21:13:50.740846
611659,5,2025-08,Transmission system strengthening scheme for evacuation of power from solar energy zones in Rajasthan[8.1 GW] under phase-II- Part E,Power Grid Corporation of India Limited [POWERGRID],611659,,,Rajasthan,03/2023,09/2024,10/2025,1433.28,1433.0,1359.63,95.0,FlashReport_August_2025_page45_table1.csv,45,2026-08-28T21:13:48.579345
611659,5,2025-09,Transmission system strengthening scheme for evacuation of power from solar energy zones in Rajasthan[8.1 GW] under phase-II- Part E,Power Grid Corporation of India Limited [POWERGRID],611659,,,Rajasthan,03/2023,09/2024,10/2025,1433.28,1433.0,1390.01,97.0,FlashReport_September_2025_page50_table1.csv,50,2026-08-28T21:13:53.838633
611950,7,2025-07,Transmission system for evacuation of power from REZ in Rajasthan 20 GW under Phase-III part B1,Power Grid Corporation of India Limited [POWERGRID],611950,,,Rajasthan,09/2023,04/2025,,2190.54,2190.54,1740.6,77.0,FlashReport_July_2025_page45_table1.csv,45,2026-08-28T21:13:50.741482
611950,7,2025-08,Transmission system for evacuation of power from REZ in Rajasthan 20 GW under Phase-III part B1,Power Grid Corporation of India Limited [POWERGRID],611950,,,Rajasthan,09/2023,04/2025,12/2025,2190.54,2190.54,1870.72,83.0,FlashReport_August_2025_page45_table1.csv,45,2026-08-28T21:13:48.579974
611950,7,2025-09,Transmission system for evacuation of power from REZ in Rajasthan 20 GW under Phase-III part B1,Power Grid Corporation of India Limited [POWERGRID],611950,,,Rajasthan,09/2023,04/2025,12/2025,2190.54,2190.54,1905.77,89.0,FlashReport_September_2025_page50_table1.csv,50,2026-08-28T21:13:53.839343
611951,9,2025-07,Transmission system for evacuation of power from REZ in Rajasthan 20GW under Phase-III Part E1,Power Grid Corporation of India Limited [POWERGRID],611951,,,Rajasthan,08/2023,02/2025,,688.74,688.74,585.42,93.0,FlashReport_July_2025_page45_table1.csv,45,2026-08-28T21:13:50.741636
611951,9,2025-08,Transmission system for evacuation of power from REZ in Rajasthan 20GW under Phase-III Part E1,Power Grid Corporation of India Limited [POWERGRID],611951,,,Rajasthan,12/2021,02/2025,09/2025,688.74,688.74,587.42,96.0,FlashReport_August_2025_page45_table1.csv,45,2026-08-28T21:13:48.580137
611951,9,2025-09,Transmission system for evacuation of power from REZ in Rajasthan 20GW under Phase-III Part E1,Power Grid Corporation of India Limited [POWERGRID],611951,,,Rajasthan,12/2021,02/2025,09/2025,688.74,688.74,633.42,97.0,FlashReport_September_2025_page50_table1.csv,50,2026-08-28T21:13:53.839511
617282,2,2025-07,"C/o 184 MS Flats for Hon'ble MPs at BKS Marg, New Delhi",Central Public Works Department [CPWD],617282,Ministry of Housing & Urban Affairs,Construction,Delhi,05/2022,05/2025,,646.53,646.52,518.46,98.0,FlashReport_July_2025_page46_table1.csv,46,2026-08-28T21:13:50.745843
617282,2,2025-08,"C/o 184 MS Flats for Hon'ble MPs at BKS Marg, New Delhi",Central Public Works Department [CPWD],617282,Ministry of Housing & Urban Affairs,Construction,Delhi,01/2022,05/2025,08/2025,646.53,646.52,533.12,99.0,FlashReport_August_2025_page46_table1.csv,46,2026-08-28T21:13:48.584103
702631,6,2025-07,"Ahmedabad Metro Rail Project, Phase-II",Gujarat Metro Rail Corporation Limited [GMRCL],702631,Ministry of Housing & Urban Affairs,Urban Public Transport,Gujarat,03/2019,03/2024,,5384.17,5384.17,4151.57,87.0,FlashReport_July_2025_page46_table1.csv,46,2026-08-28T21:13:50.748571
702631,6,2025-08,"Ahmedabad Metro Rail Project, Phase-II",Gujarat Metro Rail Corporation Limited [GMRCL],702631,Ministry of Housing & Urban Affairs,Urban Public Transport,Gujarat,03/2019,03/2024,12/2025,5384.17,5384.17,4180.43,88.0,FlashReport_August_2025_page46_table1.csv,46,2026-08-28T21:13:48.585435
702633,8,2025-07,Delhi-Ghaziabad-Meerut Regional Rapid Transit System [RRTS] corridor,National Capital Region Transport Corporation [NCRTC],702633,,,"Multi-States (Delhi, Uttar Pradesh)",03/2019,06/2025,,30274.0,30274.0,25812.26,86.0,FlashReport_July_2025_page47_table1.csv,47,2026-08-28T21:13:50.752312
702633,8,2025-08,Delhi-Ghaziabad-Meerut Regional Rapid Transit System [RRTS] corridor,National Capital Region Transport Corporation [NCRTC],702633,,,"Multi-States (Delhi, Uttar Pradesh)",03/2019,06/2025,08/2025,30274.0,30274.0,26325.73,95.0,FlashReport_August_2025_page47_table1.csv,47,2026-08-28T21:13:48.588330
702633,8,2025-09,Delhi-Ghaziabad-Meerut Regional Rapid Transit System [RRTS] corridor,National Capital Region Transport Corporation [NCRTC],702633,,,"Multi-States (Delhi, Uttar Pradesh)",03/2019,06/2025,10/2025,30274.0,30274.0,26612.45,95.0,FlashReport_September_2025_page52_table1.csv,52,2026-08-28T21:13:53.847158
707267,9,2025-07,Upgradation of Sewerage system in Gandhinagar City,Smart City Mission,707267,Waste & Water,,Gujarat,03/2021,06/2023,,200.0,200.0,100.0,10.0,FlashReport_July_2025_page47_table1.csv,47,2026-08-28T21:13:50.752728
707267,9,2025-08,Upgradation of Sewerage system in Gandhinagar City,ministry of housing and urban affairs,707267,Waste & Water,,Gujarat,03/2021,06/2023,,200.0,200.0,100.0,10.0,FlashReport_August_2025_page47_table1.csv,47,2026-08-28T21:13:48.588956
707267,9,2025-09,Upgradation of Sewerage system in Gandhinagar City,ministry of housing and urban affairs,707267,Waste & Water,,Gujarat,03/2021,06/2023,,200.0,200.0,100.0,10.0,FlashReport_September_2025_page52_table1.csv,52,2026-08-28T21:13:53.848031
702735,8,2025-08,Sewerage Management Scheme Part-3 Implementation,Ministry of Housing & Urban Affairs,702735,Waste & Water,,Haryana,10/2018,03/2023,12/2025,213.19,213.19,1069.74,91.0,FlashReport_August_2025_page47_table1.csv,47,2026-08-28T21:13:48.589119
702735,8,2025-09,Sewerage Management Scheme Part-3 Implementation,Ministry of Housing & Urban Affairs,702735,Waste & Water,,Haryana,10/2018,03/2023,12/2025,213.19,213.19,1250.06,91.0,FlashReport_September_2025_page52_table1.csv,52,2026-08-28T21:13:53.848202
702764,8,2025-08,24/7 water supply under AMRUT for Davanagere,Ministry of Housing & Urban Affairs,702764,Waste & Water,,Karnataka,01/2018,03/2023,12/2025,174.96,174.96,715.56,65.0,FlashReport_August_2025_page47_table1.csv,47,2026-08-28T21:13:48.589506
702764,8,2025-09,24/7 water supply under AMRUT for Davanagere,Ministry of Housing & Urban Affairs,702764,Waste & Water,,Karnataka,01/2018,03/2023,12/2025,174.96,174.96,819.29,65.0,FlashReport_September_2025_page52_table1.csv,52,2026-08-28T21:13:53.848652
702798,8,2025-08,Jabalpur Sewerage Management and Treatment Infrastructure Project,Ministry of Housing & Urban Affairs,702798,Waste & Water,,Madhya Pradesh,12/2017,03/2023,12/2025,362.31,362.31,2264.18,93.0,FlashReport_August_2025_page47_table1.csv,47,2026-08-28T21:13:48.589675
702798,8,2025-09,Jabalpur Sewerage Management and Treatment Infrastructure Project,Ministry of Housing & Urban Affairs,702798,Waste & Water,,Madhya Pradesh,12/2017,03/2023,12/2025,362.31,362.31,2597.57,93.0,FlashReport_September_2025_page52_table1.csv,52,2026-08-28T21:13:53.848889
702842,4,2025-08,Nagpur Water Supply Infrastructure Project,Ministry of Housing & Urban Affairs,702842,Waste & Water,,Maharashtra,08/2018,03/2023,09/2025,273.78,273.78,266.11,99.0,FlashReport_August_2025_page47_table1.csv,47,2026-08-28T21:13:48.590154
702842,4,2025-09,Nagpur Water Supply Infrastructure Project,Ministry of Housing & Urban Affairs,702842,,,Maharashtra,08/2018,03/2023,12/2025,273.78,273.78,2138.69,99.0,FlashReport_September_2025_page53_table1.csv,53,2026-08-28T21:13:53.851764
702948,6,2025-08,Jaunpur Sewerage Management Infrastructure Project,Ministry of Housing & Urban Affairs,702948,Waste & Water,,Uttar Pradesh,08/2019,06/2023,12/2025,235.73,235.73,166.0,87.0,FlashReport_August_2025_page47_table1.csv,47,2026-08-28T21:13:48.590546
702948,6,2025-09,Jaunpur Sewerage Management Infrastructure Project,Ministry of Housing & Urban Affairs,702948,,,Uttar Pradesh,08/2019,06/2023,12/2025,235.73,235.73,1695.47,87.0,FlashReport_September_2025_page53_table1.csv,53,2026-08-28T21:13:53.852484
611798,4,2025-07,Rakha Underground Mining Project,Hindustan Copper Limited [HCL],611798,Waste & Water,Metals & Mining,Jharkhand,03/2024,03/2033,,2705.0,2705.0,0.0,0.0,FlashReport_July_2025_page47_table1.csv,47,2026-08-28T21:13:50.752967
611798,4,2025-08,Rakha Underground Mining Project,Hindustan Copper Limited [HCL],611798,Ministry of Mines,Metals & Mining,Jharkhand,12/2022,03/2033,,2705.0,2705.0,0.0,0.0,FlashReport_August_2025_page48_table1.csv,48,2026-08-28T21:13:48.592849
611798,4,2025-09,Rakha Underground Mining Project,Hindustan Copper Limited [HCL],611798,Ministry of Mines,Metals & Mining,Jharkhand,12/2022,03/2033,,2705.0,2705.0,0.0,0.0,FlashReport_September_2025_page53_table1.csv,53,2026-08-28T21:13:53.853095
611800,4,2025-07,Surda Underground Copper Mining Project,Hindustan Copper Limited [HCL],611800,Waste & Water,Metals & Mining,Jharkhand,03/2024,03/2028,,665.02,665.02,13.33,1.0,FlashReport_July_2025_page47_table1.csv,47,2026-08-28T21:13:50.753048
611800,4,2025-08,Surda Underground Copper Mining Project,Hindustan Copper Limited [HCL],611800,Ministry of Mines,Metals & Mining,Jharkhand,02/2022,03/2028,,665.02,665.02,16.57,1.0,FlashReport_August_2025_page48_table1.csv,48,2026-08-28T21:13:48.593002
611800,4,2025-09,Surda Underground Copper Mining Project,Hindustan Copper Limited [HCL],611800,Ministry of Mines,Metals & Mining,Jharkhand,02/2022,03/2028,,665.02,665.02,19.8,1.0,FlashReport_September_2025_page53_table1.csv,53,2026-08-28T21:13:53.853233
709829,4,2025-07,UTKAL D AND E COAL BLOCK,National Aluminium Company Limited [NALCO],709829,Waste & Water,Metals & Mining,Odisha,02/2016,03/2025,,1021.97,1021.97,0.0,0.0,FlashReport_July_2025_page47_table1.csv,47,2026-08-28T21:13:50.753362
709829,4,2025-08,UTKAL D AND E COAL BLOCK,National Aluminium Company Limited [NALCO],709829,Ministry of Mines,Metals & Mining,Odisha,02/2016,03/2025,,1021.97,1021.97,0.0,0.0,FlashReport_August_2025_page48_table1.csv,48,2026-08-28T21:13:48.593622
709829,4,2025-09,UTKAL D AND E COAL BLOCK,National Aluminium Company Limited [NALCO],709829,Ministry of Mines,Metals & Mining,Odisha,02/2016,03/2025,,1021.97,1021.97,0.0,0.0,FlashReport_September_2025_page53_table1.csv,53,2026-08-28T21:13:53.853831
709830,8,2025-07,CONVERSION OF FLAT BOTTOM SETTLERS AND WASHERS WITH A SINGLE TRAIN OF HRDS AND DCWS IN STREAMS 1 AND,Ministry of Mines,709830,Waste & Water,Metals & Mining,Odisha,04/2017,11/2026,,355.0,581.0,0.0,0.0,FlashReport_July_2025_page47_table1.csv,47,2026-08-28T21:13:50.753445
709830,8,2025-08,CONVERSION OF FLAT BOTTOM SETTLERS AND WASHERS WITH A SINGLE TRAIN OF HRDS AND DCWS IN STREAMS 1 AND,Ministry of Mines,709830,Ministry of Mines,Metals & Mining,Odisha,04/2017,11/2026,,355.0,581.0,0.0,0.0,FlashReport_August_2025_page48_table1.csv,48,2026-08-28T21:13:48.593803
709830,8,2025-09,CONVERSION OF FLAT BOTTOM SETTLERS AND WASHERS WITH A SINGLE TRAIN OF HRDS AND DCWS IN STREAMS 1 AND,Ministry of Mines,709830,Ministry of Mines,Metals & Mining,Odisha,04/2017,11/2026,,355.0,581.0,0.0,0.0,FlashReport_September_2025_page53_table1.csv,53,2026-08-28T21:13:53.853993
610940,5,2025-07,"Additional Infrastructure at IISc Bangalore-RCC Monolithic for Men Hostel S14, Women Hostel S11 , Postdoctoral Hostel S12 2 Block , International Hostel S 12 , D&E Block S 12 2 Block FR.",IISC Bangalore,610940,Department of Higher Education,Education,Karnataka,08/2021,03/2024,,420.41,420.41,360.72,99.0,FlashReport_July_2025_page48_table1.csv,48,2026-08-28T21:13:50.757350
610940,5,2025-08,"Additional Infrastructure at IISc Bangalore-RCC Monolithic for Men Hostel S14, Women Hostel S11 , Postdoctoral Hostel S12 2 Block , International Hostel S 12 , D&E Block S 12 2 Block FR.",IISC Bangalore,610940,Ministry of Mines,Education,Karnataka,08/2021,03/2024,09/2025,420.41,420.41,360.72,99.0,FlashReport_August_2025_page48_table1.csv,48,2026-08-28T21:13:48.596182
610940,5,2025-09,"Additional Infrastructure at IISc Bangalore-RCC Monolithic for Men Hostel S14, Women Hostel S11 , Postdoctoral Hostel S12 2 Block , International Hostel S 12 , D&E Block S 12 2 Block FR.",IISC Bangalore,610940,,,Karnataka,08/2021,03/2024,09/2025,420.41,420.41,364.44,99.0,FlashReport_September_2025_page54_table1.csv,54,2026-08-28T21:13:53.858531
612135,5,2025-07,Hostel 4 -Earlier Known as Hostel 20,"Indian Institute of Technology, Bombay",612135,Department of Higher Education,Education,Maharashtra,05/2022,09/2025,,182.33,182.33,132.44,94.0,FlashReport_July_2025_page48_table1.csv,48,2026-08-28T21:13:50.757768
612135,5,2025-08,Hostel 4 -Earlier Known as Hostel 20,"Indian Institute of Technology, Bombay",612135,,,Maharashtra,05/2022,09/2025,,182.33,182.33,132.44,95.0,FlashReport_August_2025_page49_table1.csv,49,2026-08-28T21:13:48.599257
612135,5,2025-09,Hostel 4 -Earlier Known as Hostel 20,"Indian Institute of Technology, Bombay",612135,,,Maharashtra,09/2022,09/2025,,182.33,182.33,144.21,97.0,FlashReport_September_2025_page54_table1.csv,54,2026-08-28T21:13:53.859022
612203,4,2025-07,Academic Block 1 & 2,"Indian Institute of Technology, Bombay",612203,Department of Higher Education,Education,Maharashtra,01/2023,07/2026,,68.0,263.93,22.15,16.0,FlashReport_July_2025_page48_table1.csv,48,2026-08-28T21:13:50.757895
612203,4,2025-08,Academic Block 1 & 2,"Indian Institute of Technology, Bombay",612203,,,Maharashtra,01/2023,07/2026,03/2027,68.0,263.93,22.26,18.0,FlashReport_August_2025_page49_table1.csv,49,2026-08-28T21:13:48.599346
612203,4,2025-09,Academic Block 1 & 2,"Indian Institute of Technology, Bombay",612203,,,Maharashtra,09/2022,07/2026,03/2027,68.0,263.93,24.18,19.0,FlashReport_September_2025_page54_table1.csv,54,2026-08-28T21:13:53.859153
609041,2,2025-07,"IoE Projects [Civil Works], IIT Kharagpur","Indian Institute of Technology, Kharagpur",609041,,,West Bengal,04/2019,03/2023,,287.2,287.2,310.0,86.0,FlashReport_July_2025_page49_table1.csv,49,2026-08-28T21:13:50.763728
609041,2,2025-08,"IoE Projects [Civil Works], IIT Kharagpur","Indian Institute of Technology, Kharagpur",609041,,,West Bengal,04/2019,03/2023,12/2026,287.2,287.2,310.0,86.0,FlashReport_August_2025_page49_table1.csv,49,2026-08-28T21:13:48.601635
616235,8,2025-07,Construction of Aviation Fuel farm Facilities at Bhogapuram Airport,Ministry of Petroleum & Natural Gas,616235,Ministry of Petroleum & Natural Gas,Energy Storage,Andhra Pradesh,08/2024,03/2026,,240.0,240.0,31.23,50.0,FlashReport_July_2025_page49_table1.csv,49,2026-08-28T21:13:50.764225
616235,8,2025-08,Construction of Aviation Fuel farm Facilities at Bhogapuram Airport,Ministry of Petroleum & Natural Gas,616235,Ministry of Petroleum & Natural Gas,Energy Storage,Andhra Pradesh,08/2024,03/2026,03/2026,240.0,240.0,38.82,59.0,FlashReport_August_2025_page49_table1.csv,49,2026-08-28T21:13:48.601838
616235,8,2025-09,Construction of Aviation Fuel farm Facilities at Bhogapuram Airport,Ministry of Petroleum & Natural Gas,616235,Ministry of Petroleum & Natural Gas,Energy Storage,Andhra Pradesh,08/2024,03/2026,03/2026,240.0,240.0,49.57,70.0,FlashReport_September_2025_page54_table1.csv,54,2026-08-28T21:13:53.861294
400235,6,2025-07,"Setting up a common user Petroleum Terminal at Jammu, J&K for resitement of existing PSU OMC's Depots from Jammu City",Bharat Petroleum Corporation Limited [BPCL],400235,Ministry of Petroleum & Natural Gas,Energy Storage,Jammu and Kashmir,04/2023,03/2025,,676.89,676.89,518.22,77.0,FlashReport_July_2025_page49_table1.csv,49,2026-08-28T21:13:50.766096
400235,6,2025-08,"Setting up a common user Petroleum Terminal at Jammu, J&K for resitement of existing PSU OMC's Depots from Jammu City",Bharat Petroleum Corporation Limited [BPCL],400235,Ministry of Petroleum & Natural Gas,Energy Storage,Jammu and Kashmir,04/2023,03/2025,01/2026,676.89,676.89,526.1,79.0,FlashReport_August_2025_page49_table1.csv,49,2026-08-28T21:13:48.602249
400235,6,2025-09,"Setting up a common user Petroleum Terminal at Jammu, J&K for resitement of existing PSU OMC's Depots from Jammu City",Bharat Petroleum Corporation Limited [BPCL],400235,,,Jammu and Kashmir,04/2023,03/2025,01/2026,676.89,715.89,535.94,82.0,FlashReport_September_2025_page55_table1.csv,55,2026-08-28T21:13:53.864340
400077,8,2025-07,"Grass root POL Terminal at Vallur, Chennai",Indian Oil Corporation Limited [IOCL],400077,Ministry of Petroleum & Natural Gas,Energy Storage,Tamil Nadu,01/2022,12/2024,,827.0,887.71,619.5,85.0,FlashReport_July_2025_page49_table1.csv,49,2026-08-28T21:13:50.770058
400077,8,2025-08,"Grass root POL Terminal at Vallur, Chennai",Indian Oil Corporation Limited [IOCL],400077,,,Tamil Nadu,01/2022,12/2024,03/2026,827.0,887.71,626.01,88.0,FlashReport_August_2025_page50_table1.csv,50,2026-08-28T21:13:48.606749
400077,8,2025-09,"Grass root POL Terminal at Vallur, Chennai",Indian Oil Corporation Limited [IOCL],400077,,,Tamil Nadu,01/2022,12/2024,03/2026,827.0,887.71,633.42,88.0,FlashReport_September_2025_page55_table1.csv,55,2026-08-28T21:13:53.865998
709761,3,2025-07,HP Trijet Unit in Visakh Refinery,Hindustan Petroleum Corporation Limited,709761,Ministry of Petroleum & Natural Gas,Oil & Gas,Andhra Pradesh,07/2024,07/2027,,193.0,193.0,0.43,23.0,FlashReport_July_2025_page49_table1.csv,49,2026-08-28T21:13:50.771582
709761,3,2025-08,HP Trijet Unit in Visakh Refinery,Hindustan Petroleum Corporation Limited,709761,Oil & Gas,,Andhra Pradesh,07/2024,07/2027,07/2027,193.0,193.0,0.43,23.0,FlashReport_August_2025_page50_table1.csv,50,2026-08-28T21:13:48.607596
709761,3,2025-09,HP Trijet Unit in Visakh Refinery,Hindustan Petroleum Corporation Limited,709761,Oil & Gas,,Andhra Pradesh,07/2024,07/2027,07/2027,193.0,193.0,0.43,23.0,FlashReport_September_2025_page55_table1.csv,55,2026-08-28T21:13:53.866916
709766,8,2025-07,"City Gas Distribution Project at Kurnool, Guntur & Prakasam Districts",MinistryofPetroleumNaturalGas,709766,Ministry of Petroleum & Natural Gas,Oil & Gas,Andhra Pradesh,03/2022,03/2030,,1420.0,1420.0,162.47,6.0,FlashReport_July_2025_page49_table1.csv,49,2026-08-28T21:13:50.771723
709766,8,2025-08,"City Gas Distribution Project at Kurnool, Guntur & Prakasam Districts",MinistryofPetroleumNaturalGas,709766,Oil & Gas,,Andhra Pradesh,03/2022,03/2030,03/2030,1420.0,1420.0,165.65,6.0,FlashReport_August_2025_page50_table1.csv,50,2026-08-28T21:13:48.607737
709766,8,2025-09,"City Gas Distribution Project at Kurnool, Guntur & Prakasam Districts",MinistryofPetroleumNaturalGas,709766,Oil & Gas,,Andhra Pradesh,03/2022,03/2030,03/2030,1420.0,1420.0,163.46,6.0,FlashReport_September_2025_page55_table1.csv,55,2026-08-28T21:13:53.867071
617303,2,2025-07,"City Gas Distribution Project at Khagaria, Saharsa and Madhepura",Ministry of Petroleum & Natural Gas,617303,,,Bihar,03/2019,03/2030,,163.0,163.0,95.54,40.0,FlashReport_July_2025_page50_table1.csv,50,2026-08-28T21:13:50.778503
617303,2,2025-08,"City Gas Distribution Project at Khagaria, Saharsa and Madhepura",Ministry of Petroleum & Natural Gas,617303,Oil & Gas,,Bihar,03/2019,03/2030,03/2030,163.0,163.0,96.07,40.0,FlashReport_August_2025_page50_table1.csv,50,2026-08-28T21:13:48.609566
709790,7,2025-07,Replacement and Extension of Jetty Pipelines [REJP] at KR,Bharat Petroleum Corporation Limited [BPCL],709790,,,Kerala,03/2023,03/2026,,621.87,621.87,192.66,83.0,FlashReport_July_2025_page51_table1.csv,51,2026-08-28T21:13:50.784758
709790,7,2025-08,Replacement and Extension of Jetty Pipelines [REJP] at KR,Bharat Petroleum Corporation Limited [BPCL],709790,,,Kerala,03/2023,03/2026,03/2026,621.87,621.87,193.19,85.0,FlashReport_August_2025_page51_table1.csv,51,2026-08-28T21:13:48.616083
709790,7,2025-09,Replacement and Extension of Jetty Pipelines [REJP] at KR,Bharat Petroleum Corporation Limited [BPCL],709790,,,Kerala,03/2023,03/2026,03/2026,621.87,621.87,198.6,87.0,FlashReport_September_2025_page56_table1.csv,56,2026-08-28T21:13:53.874277
400158,5,2025-07,Debottlenecking and Augmentation of Cryogenic facilities at Uran LPG Import Terminal,"Department of Water Resources, River Development & GR",400158,,,Maharashtra,04/2021,02/2024,,1164.69,1629.86,901.73,84.0,FlashReport_July_2025_page51_table1.csv,51,2026-08-28T21:13:50.785216
400158,5,2025-08,Debottlenecking and Augmentation of Cryogenic facilities at Uran LPG Import Terminal,"Department of Water Resources, River Development & GR",400158,,,Maharashtra,04/2021,02/2024,12/2025,1164.69,1629.86,932.25,86.0,FlashReport_August_2025_page51_table1.csv,51,2026-08-28T21:13:48.616580
400158,5,2025-09,Debottlenecking and Augmentation of Cryogenic facilities at Uran LPG Import Terminal,"Department of Water Resources, River Development & GR",400158,,,Maharashtra,04/2021,02/2024,12/2025,1164.69,1629.86,947.22,88.0,FlashReport_September_2025_page57_table1.csv,57,2026-08-28T21:13:53.877316
610985,5,2025-07,Construction of lube oil blending plant at Rasayani,Ministry of Petroleum & Natural Gas,610985,,,Maharashtra,05/2022,12/2023,,423.39,526.26,287.49,78.0,FlashReport_July_2025_page51_table1.csv,51,2026-08-28T21:13:50.785499
610985,5,2025-08,Construction of lube oil blending plant at Rasayani,Ministry of Petroleum & Natural Gas,610985,,,Maharashtra,05/2022,12/2023,12/2025,423.39,526.26,301.01,80.0,FlashReport_August_2025_page51_table1.csv,51,2026-08-28T21:13:48.616884
610985,5,2025-09,Construction of lube oil blending plant at Rasayani,Ministry of Petroleum & Natural Gas,610985,,,Maharashtra,05/2022,12/2023,12/2025,423.39,526.26,305.71,81.0,FlashReport_September_2025_page57_table1.csv,57,2026-08-28T21:13:53.877504
709789,7,2025-07,Installation of Independent De- Aromatized Solvents [DAS] production facilities at MR,Bharat Petroleum Corporation Limited [BPCL],709789,,,Maharashtra,03/2023,07/2025,,405.0,343.0,201.28,84.0,FlashReport_July_2025_page51_table1.csv,51,2026-08-28T21:13:50.786406
709789,7,2025-08,Installation of Independent De- Aromatized Solvents [DAS] production facilities at MR,Bharat Petroleum Corporation Limited [BPCL],709789,,,Maharashtra,03/2023,07/2025,12/2025,405.0,343.0,205.63,86.0,FlashReport_August_2025_page52_table1.csv,52,2026-08-28T21:13:48.619996
709789,7,2025-09,Installation of Independent De- Aromatized Solvents [DAS] production facilities at MR,Bharat Petroleum Corporation Limited [BPCL],709789,,,Maharashtra,03/2023,07/2025,12/2025,405.0,343.0,214.5,89.0,FlashReport_September_2025_page57_table1.csv,57,2026-08-28T21:13:53.878139
709846,8,2025-07,Part Replacement Pipeline Project [PRPP],Oil and Natural Gas Corporation Limited [ONGC],709846,,,Maharashtra,11/2022,05/2024,,1219.48,1145.1,745.24,90.0,FlashReport_July_2025_page51_table1.csv,51,2026-08-28T21:13:50.786710
709846,8,2025-08,Part Replacement Pipeline Project [PRPP],Oil and Natural Gas Corporation Limited [ONGC],709846,,,Maharashtra,11/2022,05/2024,11/2025,1219.48,1145.1,744.81,90.0,FlashReport_August_2025_page52_table1.csv,52,2026-08-28T21:13:48.620302
709846,8,2025-09,Part Replacement Pipeline Project [PRPP],Oil and Natural Gas Corporation Limited [ONGC],709846,,,Maharashtra,11/2022,05/2024,11/2025,1219.48,1145.1,745.0,90.0,FlashReport_September_2025_page57_table1.csv,57,2026-08-28T21:13:53.878348
612998,2,2025-08,Bathinda Sangrur Pipeline,Ministry of Petroleum and Natural Gas,612998,,,Punjab,11/2021,05/2024,09/2025,367.0,397.0,346.18,93.0,FlashReport_August_2025_page53_table1.csv,53,2026-08-28T21:13:48.625879
612998,2,2025-09,Bathinda Sangrur Pipeline,Ministry of Petroleum and Natural Gas,612998,,,Punjab,11/2021,05/2024,10/2025,367.0,397.0,347.0,94.0,FlashReport_September_2025_page58_table1.csv,58,2026-08-28T21:13:53.883005
400161,6,2025-08,"PP Project, Pata",Gas Authority of India Limited [GAIL],400161,,,Uttar Pradesh,03/2019,01/2024,09/2025,910.56,1299.02,1019.0,97.0,FlashReport_August_2025_page53_table1.csv,53,2026-08-28T21:13:48.627154
400161,6,2025-09,"PP Project, Pata",Gas Authority of India Limited [GAIL],400161,,,Uttar Pradesh,03/2019,01/2024,10/2025,910.56,1299.02,1029.0,98.0,FlashReport_September_2025_page58_table1.csv,58,2026-08-28T21:13:53.883851
708662,8,2025-08,Establishment of 600 bed super specialty hospital with optional development of Medical college and further expansion on PPP basis.,Mumbai Port Trust [MPT],708662,Ministry of Health & Family Welfare,Healthcare,Maharashtra,08/2019,06/2026,12/2027,693.0,693.0,58.0,0.0,FlashReport_August_2025_page53_table1.csv,53,2026-08-28T21:13:48.629058
708662,8,2025-09,Establishment of 600 bed super specialty hospital with optional development of Medical college and further expansion on PPP basis.,Mumbai Port Trust [MPT],708662,Ministry of Health & Family Welfare,Healthcare,Maharashtra,08/2019,06/2026,12/2027,693.0,693.0,58.0,0.0,FlashReport_September_2025_page58_table1.csv,58,2026-08-28T21:13:53.885454
701586,8,2025-08,Setting up of a Floating Storage and Regasification Unit [FSRU] - Mumbai,Mumbai Port Trust [MPT],701586,Ministry of Health & Family Welfare,Shipping,Maharashtra,04/2021,11/2026,11/2026,900.0,900.0,65.0,0.0,FlashReport_August_2025_page53_table1.csv,53,2026-08-28T21:13:48.629774
701586,8,2025-09,Setting up of a Floating Storage and Regasification Unit [FSRU] - Mumbai,Mumbai Port Trust [MPT],701586,Logistics Infrastructure,Shipping,Maharashtra,04/2021,11/2026,11/2026,900.0,900.0,65.0,0.0,FlashReport_September_2025_page59_table1.csv,59,2026-08-28T21:13:53.889111
708655,1,2025-08,Operationalization of Coastal Berth & Shallow Water Berth through PPP,Jawaharlal Nehru Port Authority [JNPA],708655,Ministry of Health & Family Welfare,Shipping,Maharashtra,07/2021,01/2026,,366.8,366.8,376.86,25.0,FlashReport_August_2025_page53_table1.csv,53,2026-08-28T21:13:48.629910
701576,7,2025-08,Berth No. 2 [previously Berth 3] of HDC Mechanization Project,"Haldia Dock Complex, Syama Prasad Mookerjee Port Authority",701576,Ministry of Health & Family Welfare,Shipping,West Bengal,03/2023,09/2025,01/2026,298.26,298.26,420.0,91.0,FlashReport_August_2025_page53_table1.csv,53,2026-08-28T21:13:48.631559
701576,7,2025-09,Berth No. 2 [previously Berth 3] of HDC Mechanization Project,"Haldia Dock Complex, Syama Prasad Mookerjee Port Authority",701576,Logistics Infrastructure,Shipping,West Bengal,03/2023,09/2025,01/2026,298.26,298.26,420.0,91.0,FlashReport_September_2025_page59_table1.csv,59,2026-08-28T21:13:53.889448
701577,8,2025-08,Shalukkhali Liquid Cargo Handling Facility Development Project,"Haldia Dock Complex, Syama Prasad Mookerjee Port Authority",701577,,,West Bengal,08/2022,08/2025,,253.65,253.65,9.28,0.0,FlashReport_August_2025_page54_table1.csv,54,2026-08-28T21:13:48.635172
701577,8,2025-09,Shalukkhali Liquid Cargo Handling Facility Development Project,"Haldia Dock Complex, Syama Prasad Mookerjee Port Authority",701577,Logistics Infrastructure,Shipping,West Bengal,08/2022,08/2025,,253.65,253.65,9.28,0.0,FlashReport_September_2025_page59_table1.csv,59,2026-08-28T21:13:53.889604
709827,8,2025-07,CONSTRUCTION OF RESIDENTIAL TOWERS AT BIOM KIRANDUL COMPLEX,National Mineral Development Corporation Limited [NMDC],709827,Real Estate,Steel,Chhattisgarh,10/2022,12/2025,,349.75,349.75,247.42,85.0,FlashReport_July_2025_page62_table1.csv,62,2026-08-28T21:13:50.870944
709827,8,2025-08,CONSTRUCTION OF RESIDENTIAL TOWERS AT BIOM KIRANDUL COMPLEX,National Mineral Development Corporation Limited [NMDC],709827,"Tourism, Hospitality & Wellness",Steel,Chhattisgarh,10/2022,12/2025,,349.75,349.75,282.52,88.0,FlashReport_August_2025_page54_table1.csv,54,2026-08-28T21:13:48.636547
709827,8,2025-09,CONSTRUCTION OF RESIDENTIAL TOWERS AT BIOM KIRANDUL COMPLEX,National Mineral Development Corporation Limited [NMDC],709827,Logistics Infrastructure,Steel,Chhattisgarh,10/2022,12/2025,,349.75,349.75,288.8,91.0,FlashReport_September_2025_page59_table1.csv,59,2026-08-28T21:13:53.891242
400065,5,2025-07,Installation of 4th Slab Caster along with its Auxiliaries and a New Ladle Furnace in SMS-II at Rourkela Steel Plant,Steel Authority of India Limited [SAIL],400065,,,Odisha,02/2022,05/2025,,1105.23,1105.23,736.47,96.0,FlashReport_July_2025_page63_table1.csv,63,2026-08-28T21:13:50.873263
400065,5,2025-08,Installation of 4th Slab Caster along with its Auxiliaries and a New Ladle Furnace in SMS-II at Rourkela Steel Plant,Steel Authority of India Limited [SAIL],400065,"Tourism, Hospitality & Wellness",Steel,Odisha,01/2022,05/2025,09/2025,1105.23,1105.23,769.08,97.0,FlashReport_August_2025_page54_table1.csv,54,2026-08-28T21:13:48.637868
400065,5,2025-09,Installation of 4th Slab Caster along with its Auxiliaries and a New Ladle Furnace in SMS-II at Rourkela Steel Plant,Steel Authority of India Limited [SAIL],400065,,,Odisha,01/2022,05/2025,09/2025,1105.23,1105.23,769.08,99.0,FlashReport_September_2025_page60_table1.csv,60,2026-08-28T21:13:53.895185
611615,4,2025-08,Malugur- Palasamudram New Line Project [17.975 Km],South Western Railway [SWR] - II,611615,"Tourism, Hospitality & Wellness",Railways,Andhra Pradesh,09/2022,11/2027,12/2027,342.0,342.14,0.0,0.0,FlashReport_August_2025_page54_table1.csv,54,2026-08-28T21:13:48.639019
705789,7,2025-07,Penukonda - Dharmavaram Doubling Project [41.5 Km],South Western Railway [SWR] - II,705789,,,Andhra Pradesh,12/2018,03/2026,,307.66,307.66,267.83,60.0,FlashReport_July_2025_page54_table1.csv,54,2026-08-28T21:13:50.799277
705789,7,2025-08,Penukonda - Dharmavaram Doubling Project [41.5 Km],South Western Railway [SWR] - II,705789,,,Andhra Pradesh,04/2019,03/2026,03/2026,307.66,307.66,270.52,61.0,FlashReport_August_2025_page55_table1.csv,55,2026-08-28T21:13:48.643376
705789,7,2025-09,Penukonda - Dharmavaram Doubling Project [41.5 Km],South Western Railway [SWR] - II,705789,Ministry of Railways,Railways,Andhra Pradesh,06/2018,03/2026,03/2026,307.66,307.66,292.98,61.0,FlashReport_September_2025_page60_table1.csv,60,2026-08-28T21:13:53.897064
613003,6,2025-07,Dharamjaigarh-Korba 63 km,CERL,613003,,,Chhattisgarh,07/2022,08/2026,,1686.26,1686.26,288.83,18.5,FlashReport_July_2025_page55_table1.csv,55,2026-08-28T21:13:50.805024
613003,6,2025-08,Dharamjaigarh-Korba 63 km,CERL,613003,,,Chhattisgarh,07/2022,08/2026,,1686.26,1686.26,288.83,18.5,FlashReport_August_2025_page56_table1.csv,56,2026-08-28T21:13:48.648630
613003,6,2025-09,Dharamjaigarh-Korba 63 km,CERL,613003,,,Chhattisgarh,08/2023,08/2026,,1686.26,1686.26,288.83,18.5,FlashReport_September_2025_page61_table1.csv,61,2026-08-28T21:13:53.901051
705756,2,2025-07,Chirimiri-Nagpur Halt New Railway Line Project,South East Central Railway [SECR] - II,705756,,,Chhattisgarh,06/2020,06/2030,,241.0,656.52,71.0,0.0,FlashReport_July_2025_page55_table1.csv,55,2026-08-28T21:13:50.805484
705756,2,2025-08,Chirimiri-Nagpur Halt New Railway Line Project,South East Central Railway [SECR] - II,705756,,,Chhattisgarh,10/2018,06/2030,06/2030,241.0,656.52,71.0,0.0,FlashReport_August_2025_page56_table1.csv,56,2026-08-28T21:13:48.649275
709814,3,2025-07,NIPANIA-BHATAPRA [14.4 KM] 4TH LINE [PB-72/NR/2022-23],SECR,709814,,,Chhattisgarh,05/2024,12/2026,,170.0,184.0,0.0,0.0,FlashReport_July_2025_page55_table1.csv,55,2026-08-28T21:13:50.805763
709814,3,2025-08,NIPANIA-BHATAPRA [14.4 KM] 4TH LINE [PB-72/NR/2022-23],SECR,709814,,,Chhattisgarh,05/2024,12/2026,12/2026,170.0,184.0,0.0,0.0,FlashReport_August_2025_page56_table1.csv,56,2026-08-28T21:13:48.649548
709814,3,2025-09,NIPANIA-BHATAPRA [14.4 KM] 4TH LINE [PB-72/NR/2022-23],SECR,709814,,,Chhattisgarh,12/2022,12/2026,12/2026,170.0,184.0,0.0,2.0,FlashReport_September_2025_page61_table1.csv,61,2026-08-28T21:13:53.901453
705694,5,2025-07,Provision of Work-site Tampers [WST] Railway Project,EDTK[MC]/RB,705694,,,Delhi,01/2016,12/2023,,187.72,187.72,141.91,100.0,FlashReport_July_2025_page55_table1.csv,55,2026-08-28T21:13:50.819010
705694,5,2025-08,Provision of Work-site Tampers [WST] Railway Project,EDTK[MC]/RB,705694,,,Delhi,01/2016,12/2023,01/2026,187.72,187.72,141.91,100.0,FlashReport_August_2025_page56_table1.csv,56,2026-08-28T21:13:48.651167
705694,5,2025-09,Provision of Work-site Tampers [WST] Railway Project,EDTK[MC]/RB,705694,,,Delhi,01/2016,12/2023,01/2026,187.72,187.72,141.91,100.0,FlashReport_September_2025_page61_table1.csv,61,2026-08-28T21:13:53.902188
705708,5,2025-07,WST Machine Procurement Project,EDTK[MC]/RB,705708,,,Delhi,06/2018,03/2024,,176.0,176.0,0.0,0.0,FlashReport_July_2025_page55_table1.csv,55,2026-08-28T21:13:50.819136
705708,5,2025-08,WST Machine Procurement Project,EDTK[MC]/RB,705708,,,Delhi,06/2018,03/2024,12/2027,176.0,176.0,0.0,0.0,FlashReport_August_2025_page56_table1.csv,56,2026-08-28T21:13:48.651308
705708,5,2025-09,WST Machine Procurement Project,EDTK[MC]/RB,705708,,,Delhi,06/2018,03/2024,12/2027,176.0,176.0,0.0,0.0,FlashReport_September_2025_page61_table1.csv,61,2026-08-28T21:13:53.902262
705710,5,2025-07,PCT Machine Procurement Project,EDTK[MC]/RB,705710,,,Delhi,04/2019,04/2024,,336.0,336.0,74.32,81.25,FlashReport_July_2025_page55_table1.csv,55,2026-08-28T21:13:50.819263
705710,5,2025-08,PCT Machine Procurement Project,EDTK[MC]/RB,705710,,,Delhi,04/2019,04/2024,06/2027,336.0,336.0,74.32,85.0,FlashReport_August_2025_page56_table1.csv,56,2026-08-28T21:13:48.651443
705710,5,2025-09,PCT Machine Procurement Project,EDTK[MC]/RB,705710,,,Delhi,04/2019,04/2024,06/2027,336.0,336.0,74.32,85.0,FlashReport_September_2025_page61_table1.csv,61,2026-08-28T21:13:53.902352
705712,5,2025-07,RBMV Machine Procurement Project,EDTK[MC]/RB,705712,,,Delhi,10/2019,06/2024,,480.0,480.0,0.33,3.75,FlashReport_July_2025_page55_table1.csv,55,2026-08-28T21:13:50.819378
705712,5,2025-08,RBMV Machine Procurement Project,EDTK[MC]/RB,705712,,,Delhi,10/2019,06/2024,12/2027,480.0,480.0,0.33,7.0,FlashReport_August_2025_page56_table1.csv,56,2026-08-28T21:13:48.651577
705712,5,2025-09,RBMV Machine Procurement Project,EDTK[MC]/RB,705712,,,Delhi,10/2019,06/2024,12/2027,480.0,480.0,0.33,7.0,FlashReport_September_2025_page62_table1.csv,62,2026-08-28T21:13:53.904299
705717,5,2025-07,SRGM Machine Procurement Project,EDTK[MC]/RB,705717,,,Delhi,10/2019,12/2023,,440.0,440.0,390.03,75.0,FlashReport_July_2025_page55_table1.csv,55,2026-08-28T21:13:50.819489
705717,5,2025-08,SRGM Machine Procurement Project,EDTK[MC]/RB,705717,,,Delhi,10/2019,12/2023,03/2026,440.0,440.0,390.03,90.0,FlashReport_August_2025_page56_table1.csv,56,2026-08-28T21:13:48.651714
705717,5,2025-09,SRGM Machine Procurement Project,EDTK[MC]/RB,705717,,,Delhi,10/2019,12/2023,03/2026,440.0,440.0,390.03,90.0,FlashReport_September_2025_page62_table1.csv,62,2026-08-28T21:13:53.904624
705720,5,2025-07,WST Machine Procurement Project,EDTK[MC]/RB,705720,,,Delhi,12/2019,04/2024,,384.0,384.0,0.0,0.0,FlashReport_July_2025_page55_table1.csv,55,2026-08-28T21:13:50.819606
705720,5,2025-08,WST Machine Procurement Project,EDTK[MC]/RB,705720,,,Delhi,12/2019,04/2024,12/2026,384.0,384.0,0.0,0.0,FlashReport_August_2025_page56_table1.csv,56,2026-08-28T21:13:48.651835
705720,5,2025-09,WST Machine Procurement Project,EDTK[MC]/RB,705720,,,Delhi,12/2019,04/2024,12/2026,384.0,384.0,0.0,0.0,FlashReport_September_2025_page62_table1.csv,62,2026-08-28T21:13:53.904786
705721,5,2025-07,DTS Machine Procurement Project,EDTK[MC]/RB,705721,,,Delhi,12/2019,12/2024,,447.6,447.6,0.0,0.0,FlashReport_July_2025_page55_table1.csv,55,2026-08-28T21:13:50.820043
705721,5,2025-08,DTS Machine Procurement Project,EDTK[MC]/RB,705721,,,Delhi,12/2019,12/2024,12/2026,447.6,447.6,0.0,0.0,FlashReport_August_2025_page56_table1.csv,56,2026-08-28T21:13:48.651950
705721,5,2025-09,DTS Machine Procurement Project,EDTK[MC]/RB,705721,,,Delhi,12/2019,12/2024,12/2026,447.6,447.6,0.0,0.0,FlashReport_September_2025_page62_table1.csv,62,2026-08-28T21:13:53.904926
705722,5,2025-07,BRM Machine Procurement Project,EDTK[MC]/RB,705722,,,Delhi,09/2019,06/2024,,210.0,210.0,0.02,0.0,FlashReport_July_2025_page55_table1.csv,55,2026-08-28T21:13:50.820177
705722,5,2025-08,BRM Machine Procurement Project,EDTK[MC]/RB,705722,,,Delhi,09/2019,06/2024,12/2027,210.0,210.0,0.02,0.0,FlashReport_August_2025_page56_table1.csv,56,2026-08-28T21:13:48.652053
705722,5,2025-09,BRM Machine Procurement Project,EDTK[MC]/RB,705722,,,Delhi,09/2019,06/2024,12/2027,210.0,210.0,0.02,0.0,FlashReport_September_2025_page62_table1.csv,62,2026-08-28T21:13:53.905059
705726,5,2025-07,Track Machine Procurement Project,EDTK[MC]/RB,705726,,,Delhi,04/2020,03/2025,,6339.0,6339.0,4166.47,41.0,FlashReport_July_2025_page55_table1.csv,55,2026-08-28T21:13:50.820394
705726,5,2025-08,Track Machine Procurement Project,EDTK[MC]/RB,705726,,,Delhi,04/2020,03/2025,01/2028,6339.0,6339.0,4166.47,41.0,FlashReport_August_2025_page56_table1.csv,56,2026-08-28T21:13:48.652168
705726,5,2025-09,Track Machine Procurement Project,EDTK[MC]/RB,705726,,,Delhi,04/2020,03/2025,01/2028,6339.0,6339.0,4166.47,41.0,FlashReport_September_2025_page62_table1.csv,62,2026-08-28T21:13:53.905201
611937,5,2025-07,Adraj Moti Vijapur 40 Kms,Western Railway [WR] - II,611937,,,Gujarat,05/2022,05/2026,,417.53,417.53,223.0,86.0,FlashReport_July_2025_page55_table1.csv,55,2026-08-28T21:13:50.820661
611937,5,2025-08,Adraj Moti Vijapur 40 Kms,Western Railway [WR] - II,611937,,,Gujarat,05/2022,05/2026,05/2026,417.53,417.53,223.0,86.0,FlashReport_August_2025_page56_table1.csv,56,2026-08-28T21:13:48.652422
611937,5,2025-09,Adraj Moti Vijapur 40 Kms,Western Railway [WR] - II,611937,,,Gujarat,05/2022,05/2026,05/2026,417.53,417.53,223.0,86.0,FlashReport_September_2025_page62_table1.csv,62,2026-08-28T21:13:53.905479
611938,3,2025-07,Vijapur Ambliyasan 42 km,PCE/WR,611938,,,Gujarat,05/2022,05/2026,,415.38,415.38,364.0,96.0,FlashReport_July_2025_page55_table1.csv,55,2026-08-28T21:13:50.821059
611938,3,2025-08,Vijapur Ambliyasan 42 km,PCE/WR,611938,,,Gujarat,05/2022,05/2026,05/2026,415.38,415.38,364.0,96.0,FlashReport_August_2025_page56_table1.csv,56,2026-08-28T21:13:48.652539
611938,3,2025-09,Vijapur Ambliyasan 42 km,PCE/WR,611938,,,Gujarat,05/2022,05/2026,05/2026,415.38,415.38,364.0,96.0,FlashReport_September_2025_page62_table1.csv,62,2026-08-28T21:13:53.905608
611939,3,2025-07,Himatnagar Khedbrahma 55 km,WR,611939,,,Gujarat,04/2017,06/2001,,482.42,482.42,461.0,96.0,FlashReport_July_2025_page55_table1.csv,55,2026-08-28T21:13:50.821323
611939,3,2025-08,Himatnagar Khedbrahma 55 km,Railway,611939,,,Gujarat,06/2022,06/2001,06/2026,482.42,482.42,461.0,96.0,FlashReport_August_2025_page56_table1.csv,56,2026-08-28T21:13:48.652662
611939,3,2025-09,Himatnagar Khedbrahma 55 km,Railway,611939,,,Gujarat,06/2022,06/2001,06/2026,482.42,482.42,461.0,96.0,FlashReport_September_2025_page62_table1.csv,62,2026-08-28T21:13:53.905738
611944,7,2025-07,Quadrupling between Gandhidham Adipur with Y connection at Adipur for providing direct entry towards Mundra Port and Bhuj and high level platform at Gopalpur 11Kms,PCE/WR,611944,,,Gujarat,02/2023,03/2026,,152.44,152.44,20.0,68.0,FlashReport_July_2025_page56_table1.csv,56,2026-08-28T21:13:50.824882
611944,7,2025-08,Quadrupling between Gandhidham Adipur with Y connection at Adipur for providing direct entry towards Mundra Port and Bhuj and high level platform at Gopalpur 11Kms,PCE/WR,611944,,,Gujarat,02/2023,03/2026,03/2026,152.44,152.44,20.0,68.0,FlashReport_August_2025_page57_table1.csv,57,2026-08-28T21:13:48.655609
611944,7,2025-09,Quadrupling between Gandhidham Adipur with Y connection at Adipur for providing direct entry towards Mundra Port and Bhuj and high level platform at Gopalpur 11Kms,PCE/WR,611944,,,Gujarat,02/2023,03/2026,03/2026,152.44,152.44,20.0,68.0,FlashReport_September_2025_page62_table1.csv,62,2026-08-28T21:13:53.906067
611969,2,2025-07,Choranda Motikoral 18 Kms,PCE/WR,611969,,,Gujarat,08/2023,10/2026,,246.0,246.0,0.0,0.0,FlashReport_July_2025_page56_table1.csv,56,2026-08-28T21:13:50.825137
611969,2,2025-08,Choranda Motikoral 18 Kms,PCE/WR,611969,,,Gujarat,08/2023,10/2026,,246.0,246.0,0.0,0.0,FlashReport_August_2025_page57_table1.csv,57,2026-08-28T21:13:48.655877
611972,2,2025-07,Jambusar Kavi 26 Kms,PCE/WR,611972,,,Gujarat,04/2023,12/2026,,318.0,318.0,0.0,0.0,FlashReport_July_2025_page56_table1.csv,56,2026-08-28T21:13:50.825589
611972,2,2025-08,Jambusar Kavi 26 Kms,PCE/WR,611972,,,Gujarat,04/2023,12/2026,,318.0,318.0,0.0,0.0,FlashReport_August_2025_page57_table1.csv,57,2026-08-28T21:13:48.656260
611973,2,2025-07,miyagam karjan Choranda maalsar 37 kms,PCE/WR,611973,,,Gujarat,06/2023,12/2026,,450.0,450.0,0.0,0.0,FlashReport_July_2025_page56_table1.csv,56,2026-08-28T21:13:50.825724
611973,2,2025-08,miyagam karjan Choranda maalsar 37 kms,PCE/WR,611973,,,Gujarat,06/2023,12/2026,,450.0,450.0,0.0,0.0,FlashReport_August_2025_page57_table1.csv,57,2026-08-28T21:13:48.656392
705651,8,2025-07,Katni - Bina Third Railway Line [279 km],West Central Railway WCR I,705651,,,Madhya Pradesh,01/2017,03/2022,,2478.23,4127.23,3295.49,90.0,FlashReport_July_2025_page57_table1.csv,57,2026-08-28T21:13:50.832143
705651,8,2025-08,Katni - Bina Third Railway Line [279 km],West Central Railway WCR I,705651,,,Madhya Pradesh,06/2016,03/2022,12/2025,2478.23,4127.23,3301.89,90.0,FlashReport_August_2025_page58_table1.csv,58,2026-08-28T21:13:48.665332
705651,8,2025-09,Katni - Bina Third Railway Line [279 km],West Central Railway WCR I,705651,,,Madhya Pradesh,06/2016,03/2022,12/2025,2478.23,4127.23,3301.89,90.0,FlashReport_September_2025_page63_table1.csv,63,2026-08-28T21:13:53.912855
611975,2,2025-07,Western Railway Vasai bypass double line between Naigaon Juchandra 6 km,PCE/WR,611975,,,Maharashtra,07/2023,03/2026,,176.0,176.0,0.0,0.0,FlashReport_July_2025_page57_table1.csv,57,2026-08-28T21:13:50.833611
611975,2,2025-08,Western Railway Vasai bypass double line between Naigaon Juchandra 6 km,PCE/WR,611975,,,Maharashtra,07/2023,03/2026,,176.0,176.0,0.0,0.0,FlashReport_August_2025_page58_table1.csv,58,2026-08-28T21:13:48.666809
611976,2,2025-07,Jogeshwari AT Development of JOS-AT as Trainset Maintenance Depot for energy efficient Vande Bharat Sleeper Trains,PCE/WR,611976,,,Maharashtra,06/2023,10/2025,,221.0,221.0,0.0,0.0,FlashReport_July_2025_page57_table1.csv,57,2026-08-28T21:13:50.833793
611976,2,2025-08,Jogeshwari AT Development of JOS-AT as Trainset Maintenance Depot for energy efficient Vande Bharat Sleeper Trains,PCE/WR,611976,,,Maharashtra,06/2023,10/2025,,221.0,221.0,0.0,0.0,FlashReport_August_2025_page58_table1.csv,58,2026-08-28T21:13:48.666975
705300,5,2025-07,Western Region Video Surveillance Project,RCIL,705300,,,Maharashtra,04/2023,12/2023,,227.59,227.59,0.0,0.0,FlashReport_July_2025_page57_table1.csv,57,2026-08-28T21:13:50.834334
705300,5,2025-08,Western Region Video Surveillance Project,RCIL,705300,,,Maharashtra,04/2023,12/2023,,227.59,227.59,0.0,0.0,FlashReport_August_2025_page58_table1.csv,58,2026-08-28T21:13:48.667569
705300,5,2025-09,Western Region Video Surveillance Project,RCIL,705300,,,Maharashtra,06/2020,12/2023,,227.59,227.59,0.0,0.0,FlashReport_September_2025_page63_table1.csv,63,2026-08-28T21:13:53.914747
705503,9,2025-07,Pune - Miraj-Londa [467 Kilometres],Central Railway [CR] - II,705503,,,Maharashtra,06/2016,02/2025,,3627.0,6689.0,6548.0,84.0,FlashReport_July_2025_page57_table1.csv,57,2026-08-28T21:13:50.835250
705503,9,2025-08,Pune - Miraj-Londa [467 Kilometres],Central Railway [CR] - II,705503,,,Maharashtra,06/2016,02/2025,08/2025,4027.53,4872.52,4833.04,85.0,FlashReport_August_2025_page58_table1.csv,58,2026-08-28T21:13:48.668619
705503,9,2025-09,Pune - Miraj-Londa [467 Kilometres],Central Railway (CR) - II,705503,,,Maharashtra,06/2016,02/2025,08/2025,4027.53,4872.52,4833.04,85.0,FlashReport_September_2025_page64_table1.csv,64,2026-08-28T21:13:53.918147
709808,5,2025-07,PACHORA-JAMNER WITH EXTENSION UPTO MALKAPUR NG TO BG,CR,709808,,,Maharashtra,01/2022,08/2027,,955.0,2094.0,118.0,2.0,FlashReport_July_2025_page58_table1.csv,58,2026-08-28T21:13:50.838885
709808,5,2025-08,PACHORA-JAMNER WITH EXTENSION UPTO MALKAPUR NG TO BG,CR,709808,,,Maharashtra,01/2022,08/2027,03/2028,955.39,2093.82,130.42,11.0,FlashReport_August_2025_page59_table1.csv,59,2026-08-28T21:13:48.672149
709808,5,2025-09,PACHORA-JAMNER WITH EXTENSION UPTO MALKAPUR NG TO BG,CR,709808,,,Maharashtra,08/2022,08/2027,03/2028,955.39,2093.82,130.42,11.0,FlashReport_September_2025_page64_table1.csv,64,2026-08-28T21:13:53.919512
709809,2,2025-07,KALYAN-MURBAD VIA ULHASNAGAR [UMBRELLA WORK],Central Railway [CR] - II,709809,,,Maharashtra,04/2023,03/2027,,836.0,836.0,9.29,1.0,FlashReport_July_2025_page58_table1.csv,58,2026-08-28T21:13:50.839032
709809,2,2025-08,KALYAN-MURBAD VIA ULHASNAGAR [UMBRELLA WORK],Central Railway [CR] - II,709809,,,Maharashtra,04/2023,03/2027,03/2027,726.46,836.12,9.29,0.0,FlashReport_August_2025_page59_table1.csv,59,2026-08-28T21:13:48.672300
705520,4,2025-08,Vizianagaram-Sambhalpur 3rd Line Project,RVNL,705520,,,"Multi-States (Andhra Pradesh, Odisha)",12/2016,03/2025,,4803.16,4803.16,2979.23,0.0,FlashReport_August_2025_page59_table1.csv,59,2026-08-28T21:13:48.673556
705520,4,2025-09,Vizianagaram-Sambhalpur 3rd Line Project,RVNL,705520,,,"Multi-States (Andhra Pradesh, Odisha)",06/2016,03/2025,,4803.16,4803.16,2979.23,0.0,FlashReport_September_2025_page64_table1.csv,64,2026-08-28T21:13:53.920741
616702,2,2025-07,Malkangiri Pandurangapuram new railway line project,Indian Railways,616702,,,"Multi-States (Andhra Pradesh, Odisha, Telangana)",01/2027,11/2031,,3591.76,3591.76,0.0,0.0,FlashReport_July_2025_page58_table1.csv,58,2026-08-28T21:13:50.840104
616702,2,2025-08,Malkangiri Pandurangapuram new railway line project,Indian Railways,616702,,,"Multi-States (Andhra Pradesh, Odisha, Telangana)",08/2024,11/2031,,3591.76,3591.76,0.0,0.0,FlashReport_August_2025_page59_table1.csv,59,2026-08-28T21:13:48.673707
400234,6,2025-07,Third Railway Line between Patratu-Sonnagar [281 kms],RVNL - II,400234,,,"Multi-States (Bihar, Jharkhand)",08/2018,03/2026,,8975.0,8975.0,4950.0,88.0,FlashReport_July_2025_page58_table1.csv,58,2026-08-28T21:13:50.841756
400234,6,2025-08,Third Railway Line between Patratu-Sonnagar [281 kms],RVNL - II,400234,,,"Multi-States (Bihar, Jharkhand)",11/2016,03/2026,07/2026,8975.0,8975.0,4950.0,88.0,FlashReport_August_2025_page59_table1.csv,59,2026-08-28T21:13:48.675368
400234,6,2025-09,Third Railway Line between Patratu-Sonnagar [281 kms],RVNL - II,400234,,,"Multi-States (Bihar, Jharkhand)",11/2016,03/2026,07/2026,8975.0,8975.0,4950.0,88.0,FlashReport_September_2025_page64_table1.csv,64,2026-08-28T21:13:53.922241
706844,4,2025-08,Katihar - Kumedpur Doubling Line Project,GM/C/ NFR,706844,,,"Multi-States (Bihar, West Bengal)",08/2022,08/2027,08/2027,942.0,942.0,356.0,45.0,FlashReport_August_2025_page60_table1.csv,60,2026-08-28T21:13:48.682506
706844,4,2025-09,Katihar - Kumedpur Doubling Line Project,GM/C/ NFR,706844,,,"Multi-States (Bihar, West Bengal)",08/2022,08/2027,08/2027,942.0,942.0,356.0,45.0,FlashReport_September_2025_page65_table1.csv,65,2026-08-28T21:13:53.925601
705662,8,2025-07,Hotgi-Kudgi-Gadag Doubling Project,South Western Railway [SWR] - II,705662,,,"Multi-States (Karnataka, Maharashtra)",01/2016,12/2024,,1878.0,2459.0,2628.8,89.0,FlashReport_July_2025_page59_table1.csv,59,2026-08-28T21:13:50.850554
705662,8,2025-08,Hotgi-Kudgi-Gadag Doubling Project,South Western Railway [SWR] - II,705662,,,"Multi-States (Karnataka, Maharashtra)",04/2014,12/2024,03/2026,1878.0,2459.0,2642.04,92.0,FlashReport_August_2025_page60_table1.csv,60,2026-08-28T21:13:48.686164
705662,8,2025-09,Hotgi-Kudgi-Gadag Doubling Project,South Western Railway [SWR] - II,705662,,,"Multi-States (Karnataka, Maharashtra)",04/2014,12/2024,03/2026,1878.0,2459.0,2668.28,92.0,FlashReport_September_2025_page65_table1.csv,65,2026-08-28T21:13:53.929183
705743,2,2025-07,Talcher-Angul New Line with Y-Connection at Talcher,CAO/C/ECoR,705743,,,Odisha,,05/2027,,495.0,495.0,29.5,1.0,FlashReport_July_2025_page60_table1.csv,60,2026-08-28T21:13:50.858859
705743,2,2025-08,Talcher-Angul New Line with Y-Connection at Talcher,CAO/C/ECoR,705743,,,Odisha,07/2018,05/2027,05/2028,495.0,495.0,29.5,1.0,FlashReport_August_2025_page61_table1.csv,61,2026-08-28T21:13:48.694176
705767,2,2025-07,Baghuapal Flyover Construction Project,CAO/C/ECoR,705767,,,Odisha,10/2022,03/2028,,257.97,258.0,0.83,0.0,FlashReport_July_2025_page60_table1.csv,60,2026-08-28T21:13:50.858992
705767,2,2025-08,Baghuapal Flyover Construction Project,CAO/C/ECoR,705767,,,Odisha,08/2019,03/2028,03/2028,257.97,258.0,0.83,0.0,FlashReport_August_2025_page62_table1.csv,62,2026-08-28T21:13:48.696631
709810,2,2025-07,KODINGAMALI BAUXITE MINES TO SINGARAM RAILWAY STATION,Indian Railway,709810,,,Odisha,01/2026,08/2027,,190.9,190.9,0.0,0.0,FlashReport_July_2025_page60_table1.csv,60,2026-08-28T21:13:50.859276
709810,2,2025-08,KODINGAMALI BAUXITE MINES TO SINGARAM RAILWAY STATION,Indian Railway,709810,,,Odisha,08/2022,08/2027,08/2027,190.9,190.9,0.0,0.0,FlashReport_August_2025_page62_table1.csv,62,2026-08-28T21:13:48.696965
611980,2,2025-07,Junagarh Visavadar 42 Kms,WR,611980,,,Offshore,02/2023,09/2028,,492.83,492.83,3.0,1.0,FlashReport_July_2025_page60_table1.csv,60,2026-08-28T21:13:50.859551
611980,2,2025-08,Junagarh Visavadar 42 Kms,Railway,611980,,,Offshore,06/2022,09/2028,09/2028,492.83,492.83,3.0,1.0,FlashReport_August_2025_page62_table1.csv,62,2026-08-28T21:13:48.697257
611614,5,2025-07,Dedicated Test Track for RDSO Phase II,North Western Railway [NWR],611614,,,Rajasthan,11/2021,11/2026,,819.48,967.06,471.0,86.0,FlashReport_July_2025_page61_table1.csv,61,2026-08-28T21:13:50.862056
611614,5,2025-08,Dedicated Test Track for RDSO Phase II,North Western Railway [NWR],611614,,,Rajasthan,11/2021,11/2026,11/2026,819.48,967.06,471.0,86.0,FlashReport_August_2025_page62_table1.csv,62,2026-08-28T21:13:48.697686
611614,5,2025-09,Dedicated Test Track for RDSO Phase II,North Western Railway [NWR],611614,,,Rajasthan,11/2021,11/2026,11/2026,819.48,967.06,471.0,86.0,FlashReport_September_2025_page67_table1.csv,67,2026-08-28T21:13:53.939243
611849,9,2025-07,Devgarh Madariya - Nathdwara Gauge Conversion [82.54 Km] part of Marwar - Mavli Gauge Conversion [152 Km],North Western Railway [NWR],611849,,,Rajasthan,01/2023,06/2028,,969.0,969.0,411.0,45.0,FlashReport_July_2025_page61_table1.csv,61,2026-08-28T21:13:50.862329
611849,9,2025-08,Devgarh Madariya - Nathdwara Gauge Conversion [82.54 Km] part of Marwar - Mavli Gauge Conversion [152 Km],North Western Railway [NWR],611849,,,Rajasthan,01/2023,06/2028,06/2028,968.92,968.92,98.62,51.0,FlashReport_August_2025_page62_table1.csv,62,2026-08-28T21:13:48.697869
611849,9,2025-09,Devgarh Madariya - Nathdwara Gauge Conversion [82.54 Km] part of Marwar - Mavli Gauge Conversion [152 Km],North Western Railway [NWR],611849,,,Rajasthan,01/2023,06/2028,06/2028,968.92,968.92,137.16,51.0,FlashReport_September_2025_page67_table1.csv,67,2026-08-28T21:13:53.939396
616696,2,2025-07,RINGUS KHATUSHYAMJI NEW LINE,North Western Railway [NWR],616696,,,Rajasthan,03/2024,03/2028,,254.06,254.06,1.65,0.0,FlashReport_July_2025_page61_table1.csv,61,2026-08-28T21:13:50.862655
616696,2,2025-08,RINGUS KHATUSHYAMJI NEW LINE,North Western Railway [NWR],616696,,,Rajasthan,03/2024,03/2028,,254.06,254.06,2.94,0.0,FlashReport_August_2025_page62_table1.csv,62,2026-08-28T21:13:48.698156
616840,2,2025-07,RAS- MERTA CITY NEW LINE INCL BYPASS AT MERTA ROAD,North Western Railway [NWR],616840,,,Rajasthan,02/2024,03/2028,,947.0,947.0,1.36,0.0,FlashReport_July_2025_page61_table1.csv,61,2026-08-28T21:13:50.862768
616840,2,2025-08,RAS- MERTA CITY NEW LINE INCL BYPASS AT MERTA ROAD,North Western Railway [NWR],616840,,,Rajasthan,02/2024,03/2028,,947.0,947.0,1.36,0.0,FlashReport_August_2025_page62_table1.csv,62,2026-08-28T21:13:48.698314
705755,2,2025-07,Morappur - Dharmpuri New Railway Line Project,Southern Railway [SR] - I,705755,,,Tamil Nadu,12/2016,03/2028,,359.0,359.0,40.0,1.0,FlashReport_July_2025_page61_table1.csv,61,2026-08-28T21:13:50.864187
705755,2,2025-08,Morappur - Dharmpuri New Railway Line Project,Southern Railway [SR] - I,705755,,,Tamil Nadu,05/2019,03/2028,03/2028,359.0,359.0,40.0,1.0,FlashReport_August_2025_page62_table1.csv,62,2026-08-28T21:13:48.700245
705566,3,2025-07,Domingarh-Gorakhpur-Gorakhpur Cantt.-Kusumhi - 3rd Railway Line Project,North Eastern Railway [NER],705566,,,Uttar Pradesh,06/2018,02/2025,,351.0,521.47,494.0,98.0,FlashReport_July_2025_page61_table1.csv,61,2026-08-28T21:13:50.865156
705566,3,2025-08,Domingarh-Gorakhpur-Gorakhpur Cantt.-Kusumhi - 3rd Railway Line Project,North Eastern Railway [NER],705566,,,Uttar Pradesh,11/2016,02/2025,09/2025,351.0,521.47,495.86,98.0,FlashReport_August_2025_page63_table1.csv,63,2026-08-28T21:13:48.703697
705566,3,2025-09,Domingarh-Gorakhpur-Gorakhpur Cantt.-Kusumhi - 3rd Railway Line Project,North Eastern Railway [NER],705566,,,Uttar Pradesh,11/2016,02/2025,09/2025,351.0,521.47,499.64,98.0,FlashReport_September_2025_page67_table1.csv,67,2026-08-28T21:13:53.942979
705779,5,2025-07,"Phephna-Indara, Mau-Shahganj doubling excluding Indara-Mau",South Eastern Railway [SER] - I,705779,,,Uttar Pradesh,03/2017,12/2024,,1178.0,1777.0,1489.5,85.0,FlashReport_July_2025_page61_table1.csv,61,2026-08-28T21:13:50.865890
705779,5,2025-08,"Phephna-Indara, Mau-Shahganj doubling excluding Indara-Mau",South Eastern Railway [SER] - I,705779,,,Uttar Pradesh,05/2017,12/2024,03/2026,1178.0,1777.0,1489.5,85.0,FlashReport_August_2025_page63_table1.csv,63,2026-08-28T21:13:48.704917
705779,5,2025-09,"Phephna-Indara, Mau-Shahganj doubling excluding Indara-Mau",South Eastern Railway [SER] - I,705779,,,Uttar Pradesh,05/2017,12/2024,03/2026,1178.0,1777.0,1489.5,85.0,FlashReport_September_2025_page68_table1.csv,68,2026-08-28T21:13:53.947473
705784,5,2025-07,Janghai-Phaphamau Doubling Rail Line Project,RVNL,705784,,,Uttar Pradesh,03/2020,03/2025,,357.0,978.77,579.0,95.0,FlashReport_July_2025_page62_table1.csv,62,2026-08-28T21:13:50.868481
705784,5,2025-08,Janghai-Phaphamau Doubling Rail Line Project,RVNL,705784,,,Uttar Pradesh,11/2018,03/2025,03/2025,357.0,978.77,579.0,95.0,FlashReport_August_2025_page63_table1.csv,63,2026-08-28T21:13:48.705334
705784,5,2025-09,Janghai-Phaphamau Doubling Rail Line Project,RVNL,705784,,,Uttar Pradesh,11/2018,03/2025,03/2025,357.0,978.77,579.0,95.0,FlashReport_September_2025_page68_table1.csv,68,2026-08-28T21:13:53.947897
705863,3,2025-07,Bahraich - Nanpara - Nepalganj Road Gauge Conversion,North Eastern Railway [NER],705863,,,Uttar Pradesh,04/2021,07/2025,,950.0,950.0,507.02,86.0,FlashReport_July_2025_page62_table1.csv,62,2026-08-28T21:13:50.868617
705863,3,2025-08,Bahraich - Nanpara - Nepalganj Road Gauge Conversion,North Eastern Railway [NER],705863,,,Uttar Pradesh,07/2020,07/2025,09/2025,950.0,550.0,511.18,90.0,FlashReport_August_2025_page63_table1.csv,63,2026-08-28T21:13:48.705484
705863,3,2025-09,Bahraich - Nanpara - Nepalganj Road Gauge Conversion,North Eastern Railway [NER],705863,,,Uttar Pradesh,07/2020,07/2025,09/2025,950.0,550.0,507.02,100.0,FlashReport_September_2025_page68_table1.csv,68,2026-08-28T21:13:53.948045
900872,1,2025-08,DOUBLING BETWEEN JAUNPUR JN-ZAFFARABAD [6.28 KM],Northen Railway [NR],900872,,,Uttar Pradesh,01/2023,01/2027,12/2028,177.0,177.0,41.0,10.0,FlashReport_August_2025_page63_table1.csv,63,2026-08-28T21:13:48.705793
617322,2,2025-07,Kalipahari Bakhtarnagar 5th line,Eastern Railway [ER] - I,617322,,,West Bengal,07/2025,06/2027,,350.46,350.46,0.0,0.0,FlashReport_July_2025_page62_table1.csv,62,2026-08-28T21:13:50.869826
617322,2,2025-08,Kalipahari Bakhtarnagar 5th line,Eastern Railway [ER] - I,617322,,,West Bengal,08/2024,06/2027,06/2027,350.46,350.46,0.0,0.0,FlashReport_August_2025_page63_table1.csv,63,2026-08-28T21:13:48.730023
701600,8,2025-07,354 Uncovered Villages Scheme,Department of Telecommunications [DoT],701600,Department for Promotion of Industry & Internal Trade,Telecommunication,"Multi-States (Bihar, Gujarat, Himachal Pradesh, Jammu and Kashmir, Ladakh, Rajasthan, Uttar Pradesh)",04/2020,10/2021,,336.89,301.13,225.71,97.0,FlashReport_July_2025_page63_table1.csv,63,2026-08-28T21:13:50.874572
701600,8,2025-08,354 Uncovered Villages Scheme,Department of Telecommunications [DoT],701600,,,"Multi-States (Bihar, Gujarat, Himachal Pradesh, Jammu and Kashmir, Ladakh, Rajasthan, Uttar Pradesh)",12/2019,10/2021,08/2025,336.89,301.13,227.82,97.0,FlashReport_August_2025_page64_table1.csv,64,2026-08-28T21:13:48.736123
701600,8,2025-09,354 Uncovered Villages Scheme,Department of Telecommunications [DoT],701600,,,"Multi-States (Bihar, Gujarat, Himachal Pradesh, Jammu and Kashmir, Ladakh, Rajasthan, Uttar Pradesh)",12/2019,10/2021,08/2025,336.89,301.13,227.82,97.0,FlashReport_September_2025_page69_table1.csv,69,2026-08-28T21:13:53.954123
709749,8,2025-07,PHASE-I OF CONSOLIDATION OF EXISTING CDR DATA CENTERS AND NIB-P3 DATA CENTERS WITH STATE OF THE ART,BSNL,709749,Department for Promotion of Industry & Internal Trade,Telecommunication,"Multi-States (Maharashtra, Telangana)",03/2020,06/2021,,461.42,461.42,166.02,81.0,FlashReport_July_2025_page63_table1.csv,63,2026-08-28T21:13:50.874772
709749,8,2025-08,PHASE-I OF CONSOLIDATION OF EXISTING CDR DATA CENTERS AND NIB-P3 DATA CENTERS WITH STATE OF THE ART,BSNL,709749,,,"Multi-States (Maharashtra, Telangana)",03/2020,06/2021,12/2025,461.42,461.42,166.02,81.0,FlashReport_August_2025_page64_table1.csv,64,2026-08-28T21:13:48.736448
709749,8,2025-09,PHASE-I OF CONSOLIDATION OF EXISTING CDR DATA CENTERS AND NIB-P3 DATA CENTERS WITH STATE OF THE ART,BSNL,709749,,,"Multi-States (Maharashtra, Telangana)",03/2020,06/2021,12/2025,461.42,461.42,166.02,81.0,FlashReport_September_2025_page69_table1.csv,69,2026-08-28T21:13:53.954437
709858,4,2025-08,OPTICAL TRANSPORT NETWORK [OTN] PH-4 IN BSNL,BSNL,709858,,,PAN India,02/2024,08/2025,10/2025,810.99,810.99,741.9,100.0,FlashReport_August_2025_page64_table1.csv,64,2026-08-28T21:13:48.737461
709858,4,2025-09,OPTICAL TRANSPORT NETWORK [OTN] PH-4 IN BSNL,BSNL,709858,,,PAN India,02/2024,08/2025,10/2025,810.99,810.99,786.3,100.0,FlashReport_September_2025_page69_table1.csv,69,2026-08-28T21:13:53.955285
400104,8,2025-08,Punpun Barrage Project,Water Resources-BR,400104,Water Resources,,Bihar,04/2007,12/2019,03/2026,571.07,658.12,469.66,44.0,FlashReport_August_2025_page65_table1.csv,65,2026-08-28T21:13:48.742202
400104,8,2025-09,Punpun Barrage Project,Water Resources-BR,400104,Water Resources,,Bihar,04/2007,12/2019,03/2026,571.07,658.12,447.68,44.0,FlashReport_September_2025_page70_table1.csv,70,2026-08-28T21:13:53.960144
701371,1,2025-08,Durgawati Reservoir Project,Irrigation and CAD-TG,701371,Water Resources,,Bihar,04/1997,12/2019,12/2024,691.15,971.96,978.51,87.0,FlashReport_August_2025_page65_table1.csv,65,2026-08-28T21:13:48.742397
400117,2,2025-07,Arjun Sahayak Project,Irrigation & Water Resources-UP,400117,,,Uttar Pradesh,04/2009,12/2019,,741.38,2465.68,3218.3,100.0,FlashReport_July_2025_page65_table1.csv,65,2026-08-28T21:13:50.880774
400117,2,2025-08,Arjun Sahayak Project,Irrigation & Water Resources-UP,400117,,,Uttar Pradesh,04/2009,12/2019,12/2019,741.38,2465.68,3218.3,100.0,FlashReport_August_2025_page66_table1.csv,66,2026-08-28T21:13:48.748450
611142,8,2025-09,Fairway Development in West Bengal Farakka - Kahelgaon,Inland Waterways Authority of India [IWAI],611142,Department of Telecommunications,Inland Waterways,Offshore,08/2018,07/2023,04/2024,177.0,197.0,,,FlashReport_September_2025_page35_table1.csv,35,2026-08-28T21:13:53.767978
701568,7,2025-09,Construction of oil jetty No.8 at old kandla through internal resources,Deendayal Port Trust [DPT],701568,Department of Telecommunications,Oil & Gas,Gujarat,02/2021,02/2023,07/2024,100.0,225.85,,,FlashReport_September_2025_page35_table1.csv,35,2026-08-28T21:13:53.768387
613788,2,2025-07,AGTHORI KAMAKHYA SECTION WITH CONSTRUCTION OF NEW RAIL CUM- ROAD BRIDGE AT SARAIGHAT - 7.062KM,Northeast Frontier Railway [NFR],613788,Ministry of Petroleum & Natural Gas,Railways,Assam,05/2025,12/2029,,1473.77,1473.77,0.0,0.0,FlashReport_July_2025_page34_table1.csv,34,2026-08-28T21:13:50.688332
611440,1,2025-07,Procurment of 30 Nos ACFTs of WT Capacity 10KL at Various Airports,Airport Authority of India [AAI],611440,Ministry of Civil Aviation,Aviation & Aviation Infrastructure,"Multi-States (Andhra Pradesh, Bihar, Delhi, Gujarat, Jharkhand, Karnataka, Kerala, Madhya Pradesh, Odisha, Tamil Nadu, Telangana, Uttar Pradesh, West Bengal)",05/2023,06/2025,,215.17,215.17,104.92,53.0,FlashReport_July_2025_page37_table1.csv,37,2026-08-28T21:13:50.696822
400179,1,2025-07,BHUBANESWARI EXPANSION OCP,Mahanadi Coalfields Limited (MCL,400179,,,Odisha,01/2023,03/2031,,3145.45,6321.73,1250.66,21.0,FlashReport_July_2025_page40_table1.csv,40,2026-08-28T21:13:50.714948
709820,1,2025-07,OMKARESHWAR FLOATING SOLAR POWER PROJECT [90 MW],Satluj Jal Vidyut Nigam [SJVN] Thermal Limited,709820,,,Madhya Pradesh,11/2022,08/2024,,646.17,646.17,0.0,0.0,FlashReport_July_2025_page43_table1.csv,43,2026-08-28T21:13:50.726107
702522,1,2025-07,In-Situ Slum Redevelopment Project in Bihar,"PMAY, Ministry of Housing and Urban Affairs",702522,Ministry of Housing & Urban Affairs,Real Estate,Bihar,06/2015,03/2024,,454.65,454.65,204.64,0.0,FlashReport_July_2025_page46_table1.csv,46,2026-08-28T21:13:50.746439
702544,1,2025-07,In-Situ Slum Redevelopment Project in Haryana,"PMAY, Ministry of Housing and Urban Affairs",702544,Ministry of Housing & Urban Affairs,Real Estate,Chandigarh,06/2015,03/2024,,285.85,285.85,127.58,0.0,FlashReport_July_2025_page46_table1.csv,46,2026-08-28T21:13:50.746579
702524,1,2025-07,Affordable Housing Construction Project in Chhattisgarh,"PMAY, Ministry of Housing and Urban Affairs",702524,Ministry of Housing & Urban Affairs,Real Estate,Chhattisgarh,06/2015,03/2024,,3797.69,3797.69,2694.0,0.0,FlashReport_July_2025_page46_table1.csv,46,2026-08-28T21:13:50.746712
702540,1,2025-07,In-Situ Slum Redevelopment Project in Gujarat,"PMAY, Ministry of Housing and Urban Affairs",702540,Ministry of Housing & Urban Affairs,Real Estate,Gujarat,06/2015,03/2024,,5477.4,5477.4,3035.81,0.0,FlashReport_July_2025_page46_table1.csv,46,2026-08-28T21:13:50.747135
702555,1,2025-07,In-Situ Slum Redevelopment Project in Jharkhand,"PMAY, Ministry of Housing and Urban Affairs",702555,Ministry of Housing & Urban Affairs,Real Estate,Jharkhand,06/2015,03/2024,,212.74,212.74,41.0,0.0,FlashReport_July_2025_page46_table1.csv,46,2026-08-28T21:13:50.747259
702612,1,2025-07,In-Situ Slum Redevelopment Project in Uttar Pradesh,"PMAY, Ministry of Housing and Urban Affairs",702612,Ministry of Housing & Urban Affairs,Real Estate,Uttar Pradesh,06/2015,03/2024,,576.99,576.99,141.94,0.0,FlashReport_July_2025_page46_table1.csv,46,2026-08-28T21:13:50.747392
701269,1,2025-07,"Construction of 80,000 MT LPG Cavern at Mangalore",Ministry of Petroleum & Natural Gas,701269,Ministry of Petroleum & Natural Gas,Energy Storage,Karnataka,12/2018,12/2022,,854.0,854.0,712.3,99.0,FlashReport_July_2025_page49_table1.csv,49,2026-08-28T21:13:50.766237
701341,1,2025-07,Multi-product Pipeline from Krishnapatnam Coastal Installation to the proposed Installation at Hyderabad [Malkapur],Ministry of Petroleum & Natural Gas,701341,,,"Multi-States (Andhra Pradesh, Telangana)",09/2019,03/2025,,1932.0,2208.0,1552.37,98.0,FlashReport_July_2025_page51_table1.csv,51,2026-08-28T21:13:50.787036
705363,1,2025-07,Sakri-Hasanpur Road New Rail Line Project,East Central Railway [ECR] - I,705363,,,Bihar,03/2011,12/2024,,735.0,735.0,605.0,78.0,FlashReport_July_2025_page54_table1.csv,54,2026-08-28T21:13:50.800314
705400,1,2025-07,New B.G. Railway Line- Araria to Galgalia [Thakurgunj],Northeast Frontier Railway [NFR],705400,,,Bihar,06/2007,12/2024,,2650.0,4412.0,4152.4,96.0,FlashReport_July_2025_page54_table1.csv,54,2026-08-28T21:13:50.801340
617240,1,2025-07,Murarai - Barharwa 3rd line,Eastern Railway [ER] - II ,617240,,,"Multi-States (Jharkhand, West Bengal)",01/2026,05/2028,,935.19,935.19,0.0,0.0,FlashReport_July_2025_page59_table1.csv,59,2026-08-28T21:13:50.850243
706856,1,2025-07,Rourkela - Bondamunda 5th Line Doubling Project,South Eastern Railway [SER] - I,706856,,,Odisha,03/2022,09/2026,,245.0,245.0,82.0,35.0,FlashReport_July_2025_page60_table1.csv,60,2026-08-28T21:13:50.859136
400429,1,2025-07,Exhibition cum Convention Centre Dwarka [Phase I],India International Convention & Expo Centre,400429,Department for Promotion of Industry & Internal Trade,"Tourism, Hospitality & Wellness",Delhi,12/2017,10/2019,,5178.0,5401.0,4470.0,97.4,FlashReport_July_2025_page63_table1.csv,63,2026-08-28T21:13:50.873996
701384,1,2025-07,Tillari Irrigation Project,Department of water resources-MH - II,701384,,,Maharashtra,01/2006,12/2019,,368.34,649.6,724.36,99.0,FlashReport_July_2025_page65_table1.csv,65,2026-08-28T21:13:50.879276
701388,1,2025-07,Bembla Irrigation Project,Department of water resources-MH - II,701388,,,Maharashtra,04/2007,12/2019,,1352.53,2685.41,2689.7,98.0,FlashReport_July_2025_page65_table1.csv,65,2026-08-28T21:13:50.879413
701390,1,2025-07,Arjuna Medium Irrigation project,Department of water resources-MH - II,701390,,,Maharashtra,01/2008,12/2019,,333.87,611.0,803.89,100.0,FlashReport_July_2025_page65_table1.csv,65,2026-08-28T21:13:50.879485
701392,1,2025-07,Krishna Koyana Lift Irrigation Project,Department of water resources-MH - II,701392,,,Maharashtra,04/2009,12/2019,,973.62,2774.9,1069.82,90.0,FlashReport_July_2025_page65_table1.csv,65,2026-08-28T21:13:50.879627
400094,1,2025-07,J. ChokhaRao LIS CADWM Project,Irrigation and CAD-TG,400094,,,Telangana,04/2016,12/2019,,759.94,13445.4,0.0,0.0,FlashReport_July_2025_page65_table1.csv,65,2026-08-28T21:13:50.880350
617373,4,2025-09,Jhajha-Batai New Line Project,East Central Railway [ECR] - I,617373,Ministry of Railways,Railways,Bihar,03/2023,03/2027,,588.18,,,,FlashReport_September_2025_page36_table1.csv,36,2026-08-28T21:13:53.771356
701564,3,2025-09,"Construction of new dry dock at exisitng Cochin Shipyard Limited premises at Perumanoor, Kochi 682 015",Cochin Shipyard,701564,Department of Telecommunications,Shipping,Kerala,04/2018,12/2022,03/2025,1799.0,,,,FlashReport_September_2025_page35_table1.csv,35,2026-08-28T21:13:53.768568
617290,3,2025-09,Jeypore - Malkangiri New BG Line Project,Indian Railways,617290,Ministry of Railways,Railways,Odisha,02/2018,12/2030,,2343.64,,,,FlashReport_September_2025_page36_table1.csv,36,2026-08-28T21:13:53.772513
617320,3,2025-09,New B.G Railway Line between Jeypore & Navarangpur [38 Km] with Electrification,Indian Railway and Govt of Odisha,617320,Ministry of Railways,Railways,Odisha,07/2017,09/2025,,747.91,,,,FlashReport_September_2025_page36_table1.csv,36,2026-08-28T21:13:53.772648
617321,3,2025-09,Godhani-Kalumna Chord 13.7 km,Ministry of Railways,617321,Ministry of Railways,Railways,Offshore,07/2018,07/2028,,150000.0,,,,FlashReport_September_2025_page36_table1.csv,36,2026-08-28T21:13:53.772763
709798|ethylene cracker project at bina refinery including downstream petrochemical plants and expansion of refinery,26,2025-07,709798,,,PROJECT ID,,ETHYLENE CRACKER PROJECT AT BINA REFINERY INCLUDING DOWNSTREAM PETROCHEMICAL PLANTS AND EXPANSION OF REFINERY,,,,1789.0,,13.0,,FlashReport_July_2025_page10_table2.csv,10,2026-08-28T21:13:50.622163
709798|ethylene cracker project at bina refinery including downstream petrochemical plants and expansion of refinery,26,2025-08,709798,,,PROJECT ID,,ETHYLENE CRACKER PROJECT AT BINA REFINERY INCLUDING DOWNSTREAM PETROCHEMICAL PLANTS AND EXPANSION OF REFINERY,,,,1856.0,,14.0,,FlashReport_August_2025_page10_table2.csv,10,2026-08-28T21:13:48.473244
709798|ethylene cracker project at bina refinery including downstream petrochemical plants and expansion of refinery,26,2025-09,709798,,,PROJECT ID,,ETHYLENE CRACKER PROJECT AT BINA REFINERY INCLUDING DOWNSTREAM PETROCHEMICAL PLANTS AND EXPANSION OF REFINERY,,,,1914.0,,15.0,,FlashReport_September_2025_page10_table2.csv,10,2026-08-28T21:13:53.706164
701263|rajasthan refinery project,22,2025-07,701263,,,PROJECT ID,,RAJASTHAN REFINERY PROJECT,,,,59524.0,,87.0,,FlashReport_July_2025_page10_table2.csv,10,2026-08-28T21:13:50.622294
701263|rajasthan refinery project,22,2025-08,701263,,,PROJECT ID,,RAJASTHAN REFINERY PROJECT,,,,60295.0,,88.0,,FlashReport_August_2025_page10_table2.csv,10,2026-08-28T21:13:48.473388
701263|rajasthan refinery project,22,2025-09,701263,,,PROJECT ID,,RAJASTHAN REFINERY PROJECT,,,,60545.0,,88.0,,FlashReport_September_2025_page10_table2.csv,10,2026-08-28T21:13:53.706271
701289|capacity expansion of panipat refinery from 15 to 25 mmtpa,26,2025-07,701289,,,PROJECT ID,,CAPACITY EXPANSION OF PANIPAT REFINERY FROM 15 TO 25 MMTPA,,,,23977.0,,88.0,,FlashReport_July_2025_page10_table2.csv,10,2026-08-28T21:13:50.622401
701289|capacity expansion of panipat refinery from 15 to 25 mmtpa,26,2025-08,701289,,,PROJECT ID,,CAPACITY EXPANSION OF PANIPAT REFINERY FROM 15 TO 25 MMTPA,,,,24355.0,,89.0,,FlashReport_August_2025_page10_table2.csv,10,2026-08-28T21:13:48.473499
701289|capacity expansion of panipat refinery from 15 to 25 mmtpa,26,2025-09,701289,,,PROJECT ID,,CAPACITY EXPANSION OF PANIPAT REFINERY FROM 15 TO 25 MMTPA,,,,25029.0,,89.0,,FlashReport_September_2025_page10_table2.csv,10,2026-08-28T21:13:53.706375
400120|kg-dwn-98/2 cluster - ii development project - nelp block,26,2025-07,400120,,,PROJECT ID,,KG-DWN-98/2 CLUSTER - II DEVELOPMENT PROJECT - NELP BLOCK,,,,35498.0,,96.0,,FlashReport_July_2025_page10_table2.csv,10,2026-08-28T21:13:50.622500
400120|kg-dwn-98/2 cluster - ii development project - nelp block,26,2025-08,400120,,,PROJECT ID,,KG-DWN-98/2 CLUSTER - II DEVELOPMENT PROJECT - NELP BLOCK,,,,33238.0,,96.0,,FlashReport_August_2025_page10_table2.csv,10,2026-08-28T21:13:48.473589
400120|kg-dwn-98/2 cluster - ii development project - nelp block,26,2025-09,400120,,,PROJECT ID,,KG-DWN-98/2 CLUSTER - II DEVELOPMENT PROJECT - NELP BLOCK,,,,33239.0,,96.0,,FlashReport_September_2025_page10_table2.csv,10,2026-08-28T21:13:53.706474
602182|dibang multipurpose project,26,2025-07,602182,,,PROJECT ID,,DIBANG MULTIPURPOSE PROJECT,,,,3436.0,,16.0,,FlashReport_July_2025_page10_table2.csv,10,2026-08-28T21:13:50.622612
602182|dibang multipurpose project,26,2025-08,602182,,,PROJECT ID,,DIBANG MULTIPURPOSE PROJECT,,,,3554.0,,16.0,,FlashReport_August_2025_page10_table2.csv,10,2026-08-28T21:13:48.473671
602182|dibang multipurpose project,26,2025-09,602182,,,PROJECT ID,,DIBANG MULTIPURPOSE PROJECT,,,,3639.0,,16.0,,FlashReport_September_2025_page10_table2.csv,10,2026-08-28T21:13:53.706581
701372|sardar sarovar project,14,2025-07,701372,,,PROJECT ID,,SARDAR SAROVAR PROJECT,,,,31768.0,,93.0,,FlashReport_July_2025_page11_table2.csv,11,2026-08-28T21:13:50.624699
701372|sardar sarovar project,14,2025-08,701372,,,PROJECT ID,,SARDAR SAROVAR PROJECT,,,,31768.0,,93.0,,FlashReport_August_2025_page11_table2.csv,11,2026-08-28T21:13:48.475340
701372|sardar sarovar project,14,2025-09,701372,,,PROJECT ID,,SARDAR SAROVAR PROJECT,,,,31861.0,,93.0,,FlashReport_September_2025_page11_table2.csv,11,2026-08-28T21:13:53.708127
701415|polavaram irrigation project,14,2025-07,701415,,,PROJECT ID,,POLAVARAM IRRIGATION PROJECT,,,,24348.0,,83.0,,FlashReport_July_2025_page11_table2.csv,11,2026-08-28T21:13:50.624815
701415|polavaram irrigation project,14,2025-08,701415,,,PROJECT ID,,POLAVARAM IRRIGATION PROJECT,,,,24348.0,,83.0,,FlashReport_August_2025_page11_table2.csv,11,2026-08-28T21:13:48.475407
701415|polavaram irrigation project,14,2025-09,701415,,,PROJECT ID,,POLAVARAM IRRIGATION PROJECT,,,,24746.0,,84.0,,FlashReport_September_2025_page11_table2.csv,11,2026-08-28T21:13:53.708229
701405|j. chokka rao devadula lift irrigation scheme,14,2025-07,701405,,,PROJECT ID,,J. CHOKKA RAO DEVADULA LIFT IRRIGATION SCHEME,,,,4559.0,,87.0,,FlashReport_July_2025_page11_table2.csv,11,2026-08-28T21:13:50.624915
701405|j. chokka rao devadula lift irrigation scheme,14,2025-08,701405,,,PROJECT ID,,J. CHOKKA RAO DEVADULA LIFT IRRIGATION SCHEME,,,,4559.0,,87.0,,FlashReport_August_2025_page11_table2.csv,11,2026-08-28T21:13:48.475465
701405|j. chokka rao devadula lift irrigation scheme,14,2025-09,701405,,,PROJECT ID,,J. CHOKKA RAO DEVADULA LIFT IRRIGATION SCHEME,,,,4559.0,,87.0,,FlashReport_September_2025_page11_table2.csv,11,2026-08-28T21:13:53.708328
400112|jigaon irrigation project,11,2025-07,400112,,,PROJECT ID,,JIGAON IRRIGATION PROJECT,,,,8501.0,,90.0,,FlashReport_July_2025_page11_table2.csv,11,2026-08-28T21:13:50.625003
400112|jigaon irrigation project,11,2025-08,400112,,,PROJECT ID,,JIGAON IRRIGATION PROJECT,,,,8501.0,,90.0,,FlashReport_August_2025_page11_table2.csv,11,2026-08-28T21:13:48.475522
400112|jigaon irrigation project,11,2025-09,400112,,,PROJECT ID,,JIGAON IRRIGATION PROJECT,,,,8723.0,,90.0,,FlashReport_September_2025_page11_table2.csv,11,2026-08-28T21:13:53.708410
706775|bharatnet,13,2025-07,706775,,,PROJECT ID,,BHARATNET,,,,41486.0,,80.52,,FlashReport_July_2025_page12_table2.csv,12,2026-08-28T21:13:50.627165
706775|bharatnet,13,2025-08,706775,,,PROJECT ID,,BHARATNET,,,,41486.0,,81.0,,FlashReport_August_2025_page12_table2.csv,12,2026-08-28T21:13:48.476965
706775|bharatnet,13,2025-09,706775,,,PROJECT ID,,BHARATNET,,,,41486.0,,81.0,,FlashReport_September_2025_page12_table2.csv,12,2026-08-28T21:13:53.710018
701593|4g services by bsnl,13,2025-07,701593,,,PROJECT ID,,4G SERVICES BY BSNL,,,,8333.0,,92.0,,FlashReport_July_2025_page12_table2.csv,12,2026-08-28T21:13:50.627284
701593|4g services by bsnl,13,2025-08,701593,,,PROJECT ID,,4G SERVICES BY BSNL,,,,8390.0,,96.0,,FlashReport_August_2025_page12_table2.csv,12,2026-08-28T21:13:48.477030
701593|4g services by bsnl,13,2025-09,701593,,,PROJECT ID,,4G SERVICES BY BSNL,,,,8419.0,,96.0,,FlashReport_September_2025_page12_table2.csv,12,2026-08-28T21:13:53.710120
400013|saturation 4g mobile coverage of uncovered villages through usof,13,2025-07,400013,,,PROJECT ID,,SATURATION 4G MOBILE COVERAGE OF UNCOVERED VILLAGES THROUGH USOF,,,,9292.0,,72.0,,FlashReport_July_2025_page12_table2.csv,12,2026-08-28T21:13:50.627390
400013|saturation 4g mobile coverage of uncovered villages through usof,13,2025-08,400013,,,PROJECT ID,,SATURATION 4G MOBILE COVERAGE OF UNCOVERED VILLAGES THROUGH USOF,,,,9792.0,,73.0,,FlashReport_August_2025_page12_table2.csv,12,2026-08-28T21:13:48.477088
400013|saturation 4g mobile coverage of uncovered villages through usof,13,2025-09,400013,,,PROJECT ID,,SATURATION 4G MOBILE COVERAGE OF UNCOVERED VILLAGES THROUGH USOF,,,,9792.0,,75.0,,FlashReport_September_2025_page12_table2.csv,12,2026-08-28T21:13:53.710223
"709857|planning, engineering, supply, installation, testing, commissioning, integration & annual maintenance of 4g mobile network at 1 lakh sites on pan india basis including mumbai & delhi lsa on turnkey basis under phase ix.2 project.",13,2025-07,709857,,,PROJECT ID,,"PLANNING, ENGINEERING, SUPPLY, INSTALLATION, TESTING, COMMISSIONING, INTEGRATION & ANNUAL MAINTENANCE OF 4G MOBILE NETWORK AT 1 LAKH SITES ON PAN INDIA BASIS INCLUDING MUMBAI & DELHI LSA ON TURNKEY BASIS UNDER PHASE IX.2 PROJECT.",,,,8333.0,,96.0,,FlashReport_July_2025_page12_table2.csv,12,2026-08-28T21:13:50.627526
"709857|planning, engineering, supply, installation, testing, commissioning, integration & annual maintenance of 4g mobile network at 1 lakh sites on pan india basis including mumbai & delhi lsa on turnkey basis under phase ix.2 project.",13,2025-08,709857,,,PROJECT ID,,"PLANNING, ENGINEERING, SUPPLY, INSTALLATION, TESTING, COMMISSIONING, INTEGRATION & ANNUAL MAINTENANCE OF 4G MOBILE NETWORK AT 1 LAKH SITES ON PAN INDIA BASIS INCLUDING MUMBAI & DELHI LSA ON TURNKEY BASIS UNDER PHASE IX.2 PROJECT.",,,,8391.0,,96.0,,FlashReport_August_2025_page12_table2.csv,12,2026-08-28T21:13:48.477173
"709857|planning, engineering, supply, installation, testing, commissioning, integration & annual maintenance of 4g mobile network at 1 lakh sites on pan india basis including mumbai & delhi lsa on turnkey basis under phase ix.2 project.",13,2025-09,709857,,,PROJECT ID,,"PLANNING, ENGINEERING, SUPPLY, INSTALLATION, TESTING, COMMISSIONING, INTEGRATION & ANNUAL MAINTENANCE OF 4G MOBILE NETWORK AT 1 LAKH SITES ON PAN INDIA BASIS INCLUDING MUMBAI & DELHI LSA ON TURNKEY BASIS UNDER PHASE IX.2 PROJECT.",,,,8420.0,,96.0,,FlashReport_September_2025_page12_table2.csv,12,2026-08-28T21:13:53.710361
"701602|provision of 4g based mobile services in 7,287 uncovered villages of 44 aspirational district across 5 states of andhra pradesh, chhattisgarh, jharkhand, maharashtra & odisha",11,2025-07,701602,,,PROJECT ID,,"PROVISION OF 4G BASED MOBILE SERVICES IN 7,287 UNCOVERED VILLAGES OF 44 ASPIRATIONAL DISTRICT ACROSS 5 STATES OF ANDHRA PRADESH, CHHATTISGARH, JHARKHAND, MAHARASHTRA & ODISHA",,,,1101.0,,79.0,,FlashReport_July_2025_page12_table2.csv,12,2026-08-28T21:13:50.627646
"701602|provision of 4g based mobile services in 7,287 uncovered villages of 44 aspirational district across 5 states of andhra pradesh, chhattisgarh, jharkhand, maharashtra & odisha",11,2025-08,701602,,,PROJECT ID,,"PROVISION OF 4G BASED MOBILE SERVICES IN 7,287 UNCOVERED VILLAGES OF 44 ASPIRATIONAL DISTRICT ACROSS 5 STATES OF ANDHRA PRADESH, CHHATTISGARH, JHARKHAND, MAHARASHTRA & ODISHA",,,,1101.0,,79.0,,FlashReport_August_2025_page12_table2.csv,12,2026-08-28T21:13:48.477239
"701602|provision of 4g based mobile services in 7,287 uncovered villages of 44 aspirational district across 5 states of andhra pradesh, chhattisgarh, jharkhand, maharashtra & odisha",11,2025-09,701602,,,PROJECT ID,,"PROVISION OF 4G BASED MOBILE SERVICES IN 7,287 UNCOVERED VILLAGES OF 44 ASPIRATIONAL DISTRICT ACROSS 5 STATES OF ANDHRA PRADESH, CHHATTISGARH, JHARKHAND, MAHARASHTRA & ODISHA",,,,1135.0,,80.0,,FlashReport_September_2025_page12_table2.csv,12,2026-08-28T21:13:53.710482
400188|redevelopment of seven general pool residential accommodation [gpra] colonies in delhi,17,2025-07,400188,,,PROJECT ID,,REDEVELOPMENT OF SEVEN GENERAL POOL RESIDENTIAL ACCOMMODATION [GPRA] COLONIES IN DELHI,,,,0.0,,0.0,,FlashReport_July_2025_page13_table2.csv,13,2026-08-28T21:13:50.629926
400188|redevelopment of seven general pool residential accommodation [gpra] colonies in delhi,17,2025-08,400188,,,PROJECT ID,,REDEVELOPMENT OF SEVEN GENERAL POOL RESIDENTIAL ACCOMMODATION [GPRA] COLONIES IN DELHI,,,,0.0,,0.0,,FlashReport_August_2025_page13_table2.csv,13,2026-08-28T21:13:48.478772
400188|redevelopment of seven general pool residential accommodation [gpra] colonies in delhi,17,2025-09,400188,,,PROJECT ID,,REDEVELOPMENT OF SEVEN GENERAL POOL RESIDENTIAL ACCOMMODATION [GPRA] COLONIES IN DELHI,,,,0.0,,0.0,,FlashReport_September_2025_page13_table2.csv,13,2026-08-28T21:13:53.712537
400424|gevra oc [70 mty],26,2025-07,400424,,,PROJECT ID,,GEVRA OC [70 MTY],,,,5329.0,,77.0,,FlashReport_July_2025_page14_table2.csv,14,2026-08-28T21:13:50.632473
400424|gevra oc [70 mty],26,2025-08,400424,,,PROJECT ID,,GEVRA OC [70 MTY],,,,5329.0,,77.0,,FlashReport_August_2025_page14_table2.csv,14,2026-08-28T21:13:48.480453
400424|gevra oc [70 mty],26,2025-09,400424,,,PROJECT ID,,GEVRA OC [70 MTY],,,,6677.0,,78.0,,FlashReport_September_2025_page14_table2.csv,14,2026-08-28T21:13:53.714871
400185|gopalji kaniha ocp [10 to 30 m,24,2025-08,400185,,,PROJECT ID,,GOPALJI KANIHA OCP [10 TO 30 M,,,,1709.0,,17.0,,FlashReport_August_2025_page14_table2.csv,14,2026-08-28T21:13:48.480546
400185|gopalji kaniha ocp [10 to 30 m,24,2025-09,400185,,,PROJECT ID,,GOPALJI KANIHA OCP [10 TO 30 M,,,,1730.0,,17.0,,FlashReport_September_2025_page14_table2.csv,14,2026-08-28T21:13:53.714988
400150|rpr magadh exp ocp,19,2025-07,400150,,,PROJECT ID,,RPR MAGADH EXP OCP,,,,1535.0,,38.0,,FlashReport_July_2025_page14_table2.csv,14,2026-08-28T21:13:50.632878
400150|rpr magadh exp ocp,19,2025-08,400150,,,PROJECT ID,,RPR MAGADH EXP OCP,,,,1535.0,,38.0,,FlashReport_August_2025_page14_table2.csv,14,2026-08-28T21:13:48.480685
400150|rpr magadh exp ocp,19,2025-09,400150,,,PROJECT ID,,RPR MAGADH EXP OCP,,,,1548.0,,38.0,,FlashReport_September_2025_page14_table2.csv,14,2026-08-28T21:13:53.715334
705728|mumbai-ahmedabad high speed rail project- 508 km,26,2025-07,705728,,,PROJECT ID,,MUMBAI-AHMEDABAD HIGH SPEED RAIL PROJECT- 508 KM,,,,78691.0,,53.0,,FlashReport_July_2025_page16_table1.csv,16,2026-08-28T21:13:50.635004
705728|mumbai-ahmedabad high speed rail project- 508 km,26,2025-08,705728,,,PROJECT ID,,MUMBAI-AHMEDABAD HIGH SPEED RAIL PROJECT- 508 KM,,,,79919.0,,53.0,,FlashReport_August_2025_page16_table1.csv,16,2026-08-28T21:13:48.482093
705728|mumbai-ahmedabad high speed rail project- 508 km,26,2025-09,705728,,,PROJECT ID,,MUMBAI-AHMEDABAD HIGH SPEED RAIL PROJECT- 508 KM,,,,81243.0,,54.0,,FlashReport_September_2025_page16_table1.csv,16,2026-08-28T21:13:53.717458
705237|western dedicated freight corridor,26,2025-07,705237,,,PROJECT ID,,WESTERN DEDICATED FREIGHT CORRIDOR,,,,124623.0,,96.0,,FlashReport_July_2025_page16_table1.csv,16,2026-08-28T21:13:50.635123
705237|western dedicated freight corridor,26,2025-08,705237,,,PROJECT ID,,WESTERN DEDICATED FREIGHT CORRIDOR,,,,124623.0,,96.0,,FlashReport_August_2025_page16_table1.csv,16,2026-08-28T21:13:48.482184
705237|western dedicated freight corridor,26,2025-09,705237,,,PROJECT ID,,WESTERN DEDICATED FREIGHT CORRIDOR,,,,124623.0,,96.0,,FlashReport_September_2025_page16_table1.csv,16,2026-08-28T21:13:53.717555
705429|rishikesh-karnaprayag new rail line- 125 km,24,2025-07,705429,,,PROJECT ID,,RISHIKESH-KARNAPRAYAG NEW RAIL LINE- 125 KM,,,,24645.0,,65.0,,FlashReport_July_2025_page16_table1.csv,16,2026-08-28T21:13:50.635232
705429|rishikesh-karnaprayag new rail line- 125 km,24,2025-08,705429,,,PROJECT ID,,RISHIKESH-KARNAPRAYAG NEW RAIL LINE- 125 KM,,,,24645.0,,65.0,,FlashReport_August_2025_page16_table1.csv,16,2026-08-28T21:13:48.482241
705429|rishikesh-karnaprayag new rail line- 125 km,24,2025-09,705429,,,PROJECT ID,,RISHIKESH-KARNAPRAYAG NEW RAIL LINE- 125 KM,,,,24645.0,,65.0,,FlashReport_September_2025_page16_table1.csv,16,2026-08-28T21:13:53.717666
706780|mumbai urban transport project [mutp] phase-iiia,22,2025-07,706780,,,PROJECT ID,,MUMBAI URBAN TRANSPORT PROJECT [MUTP] PHASE-IIIA,,,,2246.0,,16.0,,FlashReport_July_2025_page16_table1.csv,16,2026-08-28T21:13:50.635325
706780|mumbai urban transport project [mutp] phase-iiia,22,2025-08,706780,,,PROJECT ID,,MUMBAI URBAN TRANSPORT PROJECT [MUTP] PHASE-IIIA,,,,2303.0,,16.0,,FlashReport_August_2025_page16_table1.csv,16,2026-08-28T21:13:48.482294
706780|mumbai urban transport project [mutp] phase-iiia,22,2025-09,706780,,,PROJECT ID,,MUMBAI URBAN TRANSPORT PROJECT [MUTP] PHASE-IIIA,,,,2361.0,,16.0,,FlashReport_September_2025_page16_table1.csv,16,2026-08-28T21:13:53.717766
400231|nlc talabira thermal power project,13,2025-07,400231,,,PROJECT ID,,NLC TALABIRA THERMAL POWER PROJECT,,,,1939.0,,1.0,,FlashReport_July_2025_page17_table1.csv,17,2026-08-28T21:13:50.637103
400231|nlc talabira thermal power project,13,2025-08,400231,,,PROJECT ID,,NLC TALABIRA THERMAL POWER PROJECT,,,,1954.0,,1.0,,FlashReport_August_2025_page17_table1.csv,17,2026-08-28T21:13:48.483618
400231|nlc talabira thermal power project,13,2025-09,400231,,,PROJECT ID,,NLC TALABIRA THERMAL POWER PROJECT,,,,2517.0,,1.0,,FlashReport_September_2025_page17_table1.csv,17,2026-08-28T21:13:53.719211
400259|ghatampur thermal power plant 3 x 660 mw,10,2025-07,400259,,,PROJECT ID,,GHATAMPUR THERMAL POWER PLANT 3 X 660 MW,,,,20135.0,,92.0,,FlashReport_July_2025_page17_table1.csv,17,2026-08-28T21:13:50.637230
400259|ghatampur thermal power plant 3 x 660 mw,10,2025-08,400259,,,PROJECT ID,,GHATAMPUR THERMAL POWER PLANT 3 X 660 MW,,,,20270.0,,92.0,,FlashReport_August_2025_page17_table1.csv,17,2026-08-28T21:13:48.483690
400259|ghatampur thermal power plant 3 x 660 mw,10,2025-09,400259,,,PROJECT ID,,GHATAMPUR THERMAL POWER PLANT 3 X 660 MW,,,,20510.0,,92.0,,FlashReport_September_2025_page17_table1.csv,17,2026-08-28T21:13:53.719332
604795|cbr 9 mmtpa project,14,2025-07,604795,,,PROJECT ID,,CBR 9 MMTPA PROJECT,,,,1342.0,,10.0,,FlashReport_July_2025_page18_table1.csv,18,2026-08-28T21:13:50.639656
604795|cbr 9 mmtpa project,14,2025-08,604795,,,PROJECT ID,,CBR 9 MMTPA PROJECT,,,,1342.0,,10.0,,FlashReport_August_2025_page18_table1.csv,18,2026-08-28T21:13:48.485092
604795|cbr 9 mmtpa project,14,2025-09,604795,,,PROJECT ID,,CBR 9 MMTPA PROJECT,,,,1342.0,,10.0,,FlashReport_September_2025_page18_table1.csv,18,2026-08-28T21:13:53.721510
615347|transmission system for evacuation of power from potential renewable energy zone in khavda area of gujarat under phase-v [8 gw] part a [spv name powergrid west central transmission limited],12,2025-07,615347,,,PROJECT ID,,TRANSMISSION SYSTEM FOR EVACUATION OF POWER FROM POTENTIAL RENEWABLE ENERGY ZONE IN KHAVDA AREA OF GUJARAT UNDER PHASE-V [8 GW] PART A [SPV NAME POWERGRID WEST CENTRAL TRANSMISSION LIMITED],,,,1489.0,,1.0,,FlashReport_July_2025_page19_table1.csv,19,2026-08-28T21:13:50.641528
615347|transmission system for evacuation of power from potential renewable energy zone in khavda area of gujarat under phase-v [8 gw] part a [spv name powergrid west central transmission limited],12,2025-08,615347,,,PROJECT ID,,TRANSMISSION SYSTEM FOR EVACUATION OF POWER FROM POTENTIAL RENEWABLE ENERGY ZONE IN KHAVDA AREA OF GUJARAT UNDER PHASE-V [8 GW] PART A [SPV NAME POWERGRID WEST CENTRAL TRANSMISSION LIMITED],,,,1796.0,,1.0,,FlashReport_August_2025_page19_table1.csv,19,2026-08-28T21:13:48.486274
615347|transmission system for evacuation of power from potential renewable energy zone in khavda area of gujarat under phase-v [8 gw] part a [spv name powergrid west central transmission limited],12,2025-09,615347,,,PROJECT ID,,TRANSMISSION SYSTEM FOR EVACUATION OF POWER FROM POTENTIAL RENEWABLE ENERGY ZONE IN KHAVDA AREA OF GUJARAT UNDER PHASE-V [8 GW] PART A [SPV NAME POWERGRID WEST CENTRAL TRANSMISSION LIMITED],,,,1856.0,,1.0,,FlashReport_September_2025_page19_table1.csv,19,2026-08-28T21:13:53.723129
department of higher education|education,13,2025-07,Department of Higher Education,,,,,Education,,,,8277.36,,,,FlashReport_July_2025_page23_table2.csv,23,2026-08-28T21:13:50.646968
department of higher education|education,13,2025-08,Department of Higher Education,,,,,Education,,,,8159.38,,,,FlashReport_August_2025_page23_table2.csv,23,2026-08-28T21:13:48.491235
department of higher education|education,13,2025-09,Department of Higher Education,,,,,Education,,,,7891.19,,,,FlashReport_September_2025_page23_table2.csv,23,2026-08-28T21:13:53.729065
department of telecommunications|telecommunication,13,2025-07,Department of Telecommunications,,,,,Telecommunication,,,,71833.2,,,,FlashReport_July_2025_page23_table2.csv,23,2026-08-28T21:13:50.647023
department of telecommunications|telecommunication,13,2025-08,Department of Telecommunications,,,,,Telecommunication,,,,72122.5,,,,FlashReport_August_2025_page23_table2.csv,23,2026-08-28T21:13:48.491290
department of telecommunications|telecommunication,13,2025-09,Department of Telecommunications,,,,,Telecommunication,,,,72372.8,,,,FlashReport_September_2025_page23_table2.csv,23,2026-08-28T21:13:53.729186
"department of water resources, river development & gr|waste & water",13,2025-07,"Department of Water Resources, River Development & GR",,,,,Waste & Water,,,,1590.56,,,,FlashReport_July_2025_page23_table2.csv,23,2026-08-28T21:13:50.647082
"department of water resources, river development & gr|waste & water",13,2025-08,"Department of Water Resources, River Development & GR",,,,,Waste & Water,,,,1643.05,,,,FlashReport_August_2025_page23_table2.csv,23,2026-08-28T21:13:48.491349
"department of water resources, river development & gr|waste & water",13,2025-09,"Department of Water Resources, River Development & GR",,,,,Waste & Water,,,,1643.05,,,,FlashReport_September_2025_page23_table2.csv,23,2026-08-28T21:13:53.729315
ministry of civil aviation|aviation & aviation infrastructure,13,2025-07,Ministry of Civil Aviation,,,,,Aviation & Aviation Infrastructure,,,,5883.97,,,,FlashReport_July_2025_page23_table2.csv,23,2026-08-28T21:13:50.647264
ministry of civil aviation|aviation & aviation infrastructure,13,2025-08,Ministry of Civil Aviation,,,,,Aviation & Aviation Infrastructure,,,,24879.8,,,,FlashReport_August_2025_page23_table2.csv,23,2026-08-28T21:13:48.491421
ministry of civil aviation|aviation & aviation infrastructure,13,2025-09,Ministry of Civil Aviation,,,,,Aviation & Aviation Infrastructure,,,,24583.3,,,,FlashReport_September_2025_page23_table2.csv,23,2026-08-28T21:13:53.729596
ministry of coal|coal,13,2025-07,Ministry of Coal,,,,,Coal,,,,52990.5,,,,FlashReport_July_2025_page23_table2.csv,23,2026-08-28T21:13:50.647413
ministry of coal|coal,13,2025-08,Ministry of Coal,,,,,Coal,,,,53439.3,,,,FlashReport_August_2025_page23_table2.csv,23,2026-08-28T21:13:48.491468
ministry of coal|coal,13,2025-09,Ministry of Coal,,,,,Coal,,,,55557.5,,,,FlashReport_September_2025_page23_table2.csv,23,2026-08-28T21:13:53.729720
ministry of health & family welfare|healthcare,13,2025-07,Ministry of Health & Family Welfare,,,,,Healthcare,,,,2646.56,,,,FlashReport_July_2025_page23_table2.csv,23,2026-08-28T21:13:50.647578
ministry of health & family welfare|healthcare,13,2025-08,Ministry of Health & Family Welfare,,,,,Healthcare,,,,2694.22,,,,FlashReport_August_2025_page23_table2.csv,23,2026-08-28T21:13:48.491546
ministry of health & family welfare|healthcare,13,2025-09,Ministry of Health & Family Welfare,,,,,Healthcare,,,,2736.65,,,,FlashReport_September_2025_page23_table2.csv,23,2026-08-28T21:13:53.729863
ministry of housing & urban affairs|construction,13,2025-07,Ministry of Housing & Urban Affairs,,,,,Construction,,,,518.46,,,,FlashReport_July_2025_page23_table2.csv,23,2026-08-28T21:13:50.647677
ministry of housing & urban affairs|construction,13,2025-08,Ministry of Housing & Urban Affairs,,,,,Construction,,,,533.12,,,,FlashReport_August_2025_page23_table2.csv,23,2026-08-28T21:13:48.491596
ministry of housing & urban affairs|construction,13,2025-09,Ministry of Housing & Urban Affairs,,,,,Construction,,,,627.64,,,,FlashReport_September_2025_page23_table2.csv,23,2026-08-28T21:13:53.729968
ministry of mines|construction,13,2025-07,Ministry of Mines,,,,,Construction,,,,78.34,,,,FlashReport_July_2025_page23_table2.csv,23,2026-08-28T21:13:50.647865
ministry of mines|construction,13,2025-08,Ministry of Mines,,,,,Construction,,,,79.34,,,,FlashReport_August_2025_page23_table2.csv,23,2026-08-28T21:13:48.491699
ministry of mines|construction,13,2025-09,Ministry of Mines,,,,,Construction,,,,83.03,,,,FlashReport_September_2025_page23_table2.csv,23,2026-08-28T21:13:53.730165
ministry of petroleum & natural gas|energy storage,13,2025-07,Ministry of Petroleum & Natural Gas,,,,,Energy Storage,,,,90143.8,,,,FlashReport_July_2025_page23_table2.csv,23,2026-08-28T21:13:50.647993
ministry of petroleum & natural gas|energy storage,13,2025-08,Ministry of Petroleum & Natural Gas,,,,,Energy Storage,,,,90497.5,,,,FlashReport_August_2025_page23_table2.csv,23,2026-08-28T21:13:48.491768
ministry of petroleum & natural gas|energy storage,13,2025-09,Ministry of Petroleum & Natural Gas,,,,,Energy Storage,,,,91358.6,,,,FlashReport_September_2025_page23_table2.csv,23,2026-08-28T21:13:53.730295
ministry of power|coal,13,2025-07,Ministry of Power,,,,,Coal,,,,901.38,,,,FlashReport_July_2025_page23_table2.csv,23,2026-08-28T21:13:50.648291
ministry of power|coal,13,2025-08,Ministry of Power,,,,,Coal,,,,910.82,,,,FlashReport_August_2025_page23_table2.csv,23,2026-08-28T21:13:48.491945
ministry of power|coal,13,2025-09,Ministry of Power,,,,,Coal,,,,911.38,,,,FlashReport_September_2025_page23_table2.csv,23,2026-08-28T21:13:53.730627
ministry of railways|railways,12,2025-08,Ministry of Railways,,,,,Railways,,,,524256.0,,,,FlashReport_August_2025_page23_table2.csv,23,2026-08-28T21:13:48.492024
ministry of railways|railways,12,2025-09,Ministry of Railways,,,,,Railways,,,,531351.0,,,,FlashReport_September_2025_page23_table2.csv,23,2026-08-28T21:13:53.730754
ministry of steel|metals & mining,13,2025-07,Ministry of Steel,,,,,Metals & Mining,,,,65.44,,,,FlashReport_July_2025_page23_table2.csv,23,2026-08-28T21:13:50.648611
ministry of steel|metals & mining,13,2025-08,Ministry of Steel,,,,,Metals & Mining,,,,65.44,,,,FlashReport_August_2025_page23_table2.csv,23,2026-08-28T21:13:48.492078
ministry of steel|metals & mining,13,2025-09,Ministry of Steel,,,,,Metals & Mining,,,,124.9,,,,FlashReport_September_2025_page23_table2.csv,23,2026-08-28T21:13:53.730957
offshore|ministry of petroleum & natural gas,8,2025-07,Offshore,,,,,Ministry of Petroleum & Natural Gas,,,,19714.58,22972.8,9861.58,,FlashReport_July_2025_page25_table2.csv,25,2026-08-28T21:13:50.651428
offshore|ministry of petroleum & natural gas,8,2025-08,Offshore,,,,,Ministry of Petroleum & Natural Gas,,,,19714.58,22972.8,10210.97,,FlashReport_August_2025_page25_table2.csv,25,2026-08-28T21:13:48.493668
andaman & nicobar|ministry of housing & urban affairs,13,2025-07,Andaman & Nicobar,,,PAN India,,Ministry of Housing & Urban Affairs,,,,209.88,209.88,0.0,,FlashReport_July_2025_page25_table2.csv,25,2026-08-28T21:13:50.651668
andaman & nicobar|ministry of housing & urban affairs,13,2025-08,Andaman & Nicobar,,,PAN India,,Ministry of Housing & Urban Affairs,,,,209.88,209.88,0.0,,FlashReport_August_2025_page25_table2.csv,25,2026-08-28T21:13:48.493806
andaman & nicobar|ministry of housing & urban affairs,13,2025-09,Andaman & Nicobar,,,Offshore,PAN India,Ministry of Housing & Urban Affairs,,,,209.88,209.88,0.0,,FlashReport_September_2025_page25_table2.csv,25,2026-08-28T21:13:53.733675
andhra pradesh|department for promotion of industry & internal trade,13,2025-07,Andhra Pradesh,,,PAN India,,Department for Promotion of Industry & Internal Trade,,,,2139.44,2139.44,327.99,,FlashReport_July_2025_page25_table2.csv,25,2026-08-28T21:13:50.651819
andhra pradesh|department for promotion of industry & internal trade,13,2025-08,Andhra Pradesh,,,PAN India,,Department for Promotion of Industry & Internal Trade,,,,2139.44,2139.44,406.05,,FlashReport_August_2025_page25_table2.csv,25,2026-08-28T21:13:48.493907
andhra pradesh|department for promotion of industry & internal trade,13,2025-09,Andhra Pradesh,,,Offshore,PAN India,Department for Promotion of Industry & Internal Trade,,,,2139.44,2139.44,470.66,,FlashReport_September_2025_page25_table2.csv,25,2026-08-28T21:13:53.733821
arunachal pradesh|department of higher education,13,2025-07,Arunachal Pradesh,,,PAN India,,Department of Higher Education,,,,592.61,592.61,549.96,,FlashReport_July_2025_page25_table2.csv,25,2026-08-28T21:13:50.652237
arunachal pradesh|department of higher education,13,2025-08,Arunachal Pradesh,,,PAN India,,Department of Higher Education,,,,592.61,592.61,549.96,,FlashReport_August_2025_page25_table2.csv,25,2026-08-28T21:13:48.494157
arunachal pradesh|department of higher education,13,2025-09,Arunachal Pradesh,,,Offshore,PAN India,Department of Higher Education,,,,592.61,592.61,550.22,,FlashReport_September_2025_page25_table2.csv,25,2026-08-28T21:13:53.734262
assam|department of higher education,13,2025-07,Assam,,,PAN India,,Department of Higher Education,,,,153.71,153.71,288.87,,FlashReport_July_2025_page25_table2.csv,25,2026-08-28T21:13:50.652558
assam|department of higher education,13,2025-08,Assam,,,PAN India,,Department of Higher Education,,,,153.71,153.71,54.05,,FlashReport_August_2025_page25_table2.csv,25,2026-08-28T21:13:48.494356
assam|department of higher education,13,2025-09,Assam,,,Offshore,PAN India,Department of Higher Education,,,,153.71,153.71,124.33,,FlashReport_September_2025_page25_table2.csv,25,2026-08-28T21:13:53.734590
bihar|department of higher education,12,2025-07,Bihar,,,PAN India,,Department of Higher Education,,,,499.21,499.21,425.47,,FlashReport_July_2025_page25_table2.csv,25,2026-08-28T21:13:50.653015
bihar|department of higher education,12,2025-08,Bihar,,,PAN India,,Department of Higher Education,,,,499.21,499.21,425.47,,FlashReport_August_2025_page25_table2.csv,25,2026-08-28T21:13:48.494596
bihar|department of higher education,12,2025-09,Bihar,,,Offshore,PAN India,Department of Higher Education,,,,499.21,499.21,434.67,,FlashReport_September_2025_page25_table2.csv,25,2026-08-28T21:13:53.735019
dadra & nagar haveli and daman & diu|ministry of housing & urban affairs,10,2025-07,Dadra & Nagar Haveli and Daman & Diu,,,,,Ministry of Housing & Urban Affairs,,,,210.0,210.0,0.0,,FlashReport_July_2025_page26_table2.csv,26,2026-08-28T21:13:50.656163
dadra & nagar haveli and daman & diu|ministry of housing & urban affairs,10,2025-08,Dadra & Nagar Haveli and Daman & Diu,,,,,Ministry of Housing & Urban Affairs,,,,210.0,210.0,0.0,,FlashReport_August_2025_page26_table2.csv,26,2026-08-28T21:13:48.496372
dadra & nagar haveli and daman & diu|ministry of housing & urban affairs,10,2025-09,Dadra & Nagar Haveli and Daman & Diu,,,,,Ministry of Housing & Urban Affairs,,,,210.0,210.0,0.0,,FlashReport_September_2025_page26_table2.csv,26,2026-08-28T21:13:53.737323
delhi|department of higher education,12,2025-08,Delhi,,,,,Department of Higher Education,,,,706.49,706.49,300.98,,FlashReport_August_2025_page26_table2.csv,26,2026-08-28T21:13:48.496475
delhi|department of higher education,12,2025-09,Delhi,,,,,Department of Higher Education,,,,706.49,709.42,304.34,,FlashReport_September_2025_page26_table2.csv,26,2026-08-28T21:13:53.737652
goa|ministry of civil aviation,11,2025-07,Goa,,,,,Ministry of Civil Aviation,,,,756.17,756.17,436.21,,FlashReport_July_2025_page26_table2.csv,26,2026-08-28T21:13:50.656774
goa|ministry of civil aviation,11,2025-08,Goa,,,,,Ministry of Civil Aviation,,,,255.69,255.69,130.0,,FlashReport_August_2025_page26_table2.csv,26,2026-08-28T21:13:48.496648
goa|ministry of civil aviation,11,2025-09,Goa,,,,,Ministry of Civil Aviation,,,,255.69,255.69,154.3,,FlashReport_September_2025_page26_table2.csv,26,2026-08-28T21:13:53.737863
gujarat|department of higher education,13,2025-07,Gujarat,,,,,Department of Higher Education,,,,490.63,490.63,301.44,,FlashReport_July_2025_page26_table2.csv,26,2026-08-28T21:13:50.656933
gujarat|department of higher education,13,2025-08,Gujarat,,,,,Department of Higher Education,,,,490.63,490.63,301.44,,FlashReport_August_2025_page26_table2.csv,26,2026-08-28T21:13:48.496732
gujarat|department of higher education,13,2025-09,Gujarat,,,,,Department of Higher Education,,,,490.63,490.63,312.06,,FlashReport_September_2025_page26_table2.csv,26,2026-08-28T21:13:53.737950
himachal pradesh|department of higher education,13,2025-07,Himachal Pradesh,,,,,Department of Higher Education,,,,811.15,921.89,576.2,,FlashReport_July_2025_page27_table2.csv,27,2026-08-28T21:13:50.659842
himachal pradesh|department of higher education,13,2025-08,Himachal Pradesh,,,,,Department of Higher Education,,,,811.15,921.89,579.09,,FlashReport_August_2025_page27_table2.csv,27,2026-08-28T21:13:48.498469
himachal pradesh|department of higher education,13,2025-09,Himachal Pradesh,,,,,Department of Higher Education,,,,811.15,921.89,591.5,,FlashReport_September_2025_page27_table2.csv,27,2026-08-28T21:13:53.739792
jammu and kashmir|department of higher education,13,2025-07,Jammu and Kashmir,,,,,Department of Higher Education,,,,424.93,500.91,484.52,,FlashReport_July_2025_page27_table2.csv,27,2026-08-28T21:13:50.660075
jammu and kashmir|department of higher education,13,2025-08,Jammu and Kashmir,,,,,Department of Higher Education,,,,424.93,500.91,484.52,,FlashReport_August_2025_page27_table2.csv,27,2026-08-28T21:13:48.498590
jammu and kashmir|department of higher education,13,2025-09,Jammu and Kashmir,,,,,Department of Higher Education,,,,424.93,500.91,484.52,,FlashReport_September_2025_page27_table2.csv,27,2026-08-28T21:13:53.739911
jharkhand|department of telecommunications,13,2025-07,Jharkhand,,,,,Department of Telecommunications,,,,5262.57,5262.57,1697.56,,FlashReport_July_2025_page27_table2.csv,27,2026-08-28T21:13:50.660430
jharkhand|department of telecommunications,13,2025-08,Jharkhand,,,,,Department of Telecommunications,,,,5262.57,5262.57,1699.75,,FlashReport_August_2025_page27_table2.csv,27,2026-08-28T21:13:48.498804
jharkhand|department of telecommunications,13,2025-09,Jharkhand,,,,,Department of Telecommunications,,,,7147.17,7147.17,1835.32,,FlashReport_September_2025_page27_table2.csv,27,2026-08-28T21:13:53.740097
karnataka|department for promotion of industry & internal trade,13,2025-07,Karnataka,,,,,Department for Promotion of Industry & Internal Trade,,,,1701.81,1701.81,95.0,,FlashReport_July_2025_page27_table2.csv,27,2026-08-28T21:13:50.661016
karnataka|department for promotion of industry & internal trade,13,2025-08,Karnataka,,,,,Department for Promotion of Industry & Internal Trade,,,,1701.81,1701.81,88.25,,FlashReport_August_2025_page27_table2.csv,27,2026-08-28T21:13:48.499241
karnataka|department for promotion of industry & internal trade,13,2025-09,Karnataka,,,,,Department for Promotion of Industry & Internal Trade,,,,1701.81,1701.81,117.01,,FlashReport_September_2025_page27_table2.csv,27,2026-08-28T21:13:53.740388
madhya pradesh|department of higher education,13,2025-07,Madhya Pradesh,,,,,Department of Higher Education,,,,496.28,496.28,138.6,,FlashReport_July_2025_page28_table2.csv,28,2026-08-28T21:13:50.663936
madhya pradesh|department of higher education,13,2025-08,Madhya Pradesh,,,,,Department of Higher Education,,,,496.28,496.28,143.95,,FlashReport_August_2025_page28_table2.csv,28,2026-08-28T21:13:48.501370
madhya pradesh|department of higher education,13,2025-09,Madhya Pradesh,,,,,Department of Higher Education,,,,496.28,496.28,38.62,,FlashReport_September_2025_page28_table2.csv,28,2026-08-28T21:13:53.742096
meghalaya|department of higher education,11,2025-07,Meghalaya,,,,,Department of Higher Education,,,,494.52,494.52,413.57,,FlashReport_July_2025_page29_table2.csv,29,2026-08-28T21:13:50.667422
meghalaya|department of higher education,11,2025-08,Meghalaya,,,,,Department of Higher Education,,,,494.52,494.52,413.57,,FlashReport_August_2025_page29_table2.csv,29,2026-08-28T21:13:48.503764
meghalaya|department of higher education,11,2025-09,Meghalaya,,,,,Department of Higher Education,,,,494.52,494.52,413.57,,FlashReport_September_2025_page29_table2.csv,29,2026-08-28T21:13:53.743890
mizoram|department of higher education,13,2025-07,Mizoram,,,,,Department of Higher Education,,,,474.23,474.23,167.55,,FlashReport_July_2025_page29_table2.csv,29,2026-08-28T21:13:50.667665
mizoram|department of higher education,13,2025-08,Mizoram,,,,,Department of Higher Education,,,,474.23,474.23,167.55,,FlashReport_August_2025_page29_table2.csv,29,2026-08-28T21:13:48.503913
mizoram|department of higher education,13,2025-09,Mizoram,,,,,Department of Higher Education,,,,474.23,474.23,167.55,,FlashReport_September_2025_page29_table2.csv,29,2026-08-28T21:13:53.744012
nagaland|department of higher education,13,2025-07,Nagaland,,,,,Department of Higher Education,,,,275.63,275.63,257.82,,FlashReport_July_2025_page29_table2.csv,29,2026-08-28T21:13:50.667908
nagaland|department of higher education,13,2025-08,Nagaland,,,,,Department of Higher Education,,,,275.63,275.63,260.1,,FlashReport_August_2025_page29_table2.csv,29,2026-08-28T21:13:48.504183
nagaland|department of higher education,13,2025-09,Nagaland,,,,,Department of Higher Education,,,,275.63,275.63,261.24,,FlashReport_September_2025_page29_table2.csv,29,2026-08-28T21:13:53.744118
odisha|department of higher education,13,2025-07,Odisha,,,,,Department of Higher Education,,,,1229.32,773.76,835.55,,FlashReport_July_2025_page29_table2.csv,29,2026-08-28T21:13:50.668134
odisha|department of higher education,13,2025-08,Odisha,,,,,Department of Higher Education,,,,1229.32,773.76,837.04,,FlashReport_August_2025_page29_table2.csv,29,2026-08-28T21:13:48.504445
odisha|department of higher education,13,2025-09,Odisha,,,,,Department of Higher Education,,,,1229.32,773.76,837.04,,FlashReport_September_2025_page29_table2.csv,29,2026-08-28T21:13:53.744237
puducherry|department of higher education,11,2025-07,Puducherry,,,,,Department of Higher Education,,,,618.34,544.34,509.24,,FlashReport_July_2025_page29_table2.csv,29,2026-08-28T21:13:50.668756
puducherry|department of higher education,11,2025-08,Puducherry,,,,,Department of Higher Education,,,,618.34,544.34,509.55,,FlashReport_August_2025_page29_table2.csv,29,2026-08-28T21:13:48.504941
puducherry|department of higher education,11,2025-09,Puducherry,,,,,Department of Higher Education,,,,618.34,544.34,509.55,,FlashReport_September_2025_page29_table2.csv,29,2026-08-28T21:13:53.744588
punjab|department of higher education,11,2025-07,Punjab,,,,,Department of Higher Education,,,,559.3,559.3,290.39,,FlashReport_July_2025_page29_table2.csv,29,2026-08-28T21:13:50.668918
punjab|department of higher education,11,2025-08,Punjab,,,,,Department of Higher Education,,,,559.3,559.3,290.39,,FlashReport_August_2025_page29_table2.csv,29,2026-08-28T21:13:48.505100
punjab|department of higher education,11,2025-09,Punjab,,,,,Department of Higher Education,,,,559.3,559.3,300.39,,FlashReport_September_2025_page29_table2.csv,29,2026-08-28T21:13:53.744674
rajasthan|department of telecommunications,11,2025-07,Rajasthan,,,,,Department of Telecommunications,,,,758.54,530.07,352.16,,FlashReport_July_2025_page29_table2.csv,29,2026-08-28T21:13:50.669224
rajasthan|department of telecommunications,11,2025-08,Rajasthan,,,,,Department of Telecommunications,,,,758.54,530.07,361.9,,FlashReport_August_2025_page29_table2.csv,29,2026-08-28T21:13:48.505407
rajasthan|department of telecommunications,11,2025-09,Rajasthan,,,,,Department of Telecommunications,,,,758.54,530.07,362.33,,FlashReport_September_2025_page29_table2.csv,29,2026-08-28T21:13:53.744838
sikkim|department of higher education,11,2025-07,Sikkim,,,,,Department of Higher Education,,,,999.82,924.82,359.78,,FlashReport_July_2025_page30_table2.csv,30,2026-08-28T21:13:50.672131
sikkim|department of higher education,11,2025-08,Sikkim,,,,,Department of Higher Education,,,,999.82,924.82,359.78,,FlashReport_August_2025_page30_table2.csv,30,2026-08-28T21:13:48.508765
sikkim|department of higher education,11,2025-09,Sikkim,,,,,Department of Higher Education,,,,999.82,924.82,359.78,,FlashReport_September_2025_page30_table2.csv,30,2026-08-28T21:13:53.747588
tamil nadu|ministry of civil aviation,11,2025-07,Tamil Nadu,,,,,Ministry of Civil Aviation,,,,1422.17,1422.17,481.39,,FlashReport_July_2025_page30_table2.csv,30,2026-08-28T21:13:50.672466
tamil nadu|ministry of civil aviation,11,2025-08,Tamil Nadu,,,,,Ministry of Civil Aviation,,,,1207.0,1207.0,149.21,,FlashReport_August_2025_page30_table2.csv,30,2026-08-28T21:13:48.508956
tamil nadu|ministry of civil aviation,11,2025-09,Tamil Nadu,,,,,Ministry of Civil Aviation,,,,1207.0,1207.0,164.13,,FlashReport_September_2025_page30_table2.csv,30,2026-08-28T21:13:53.747886
tripura|ministry of petroleum & natural gas,11,2025-07,Tripura,,,,,Ministry of Petroleum & Natural Gas,,,,656.0,656.0,465.73,,FlashReport_July_2025_page30_table2.csv,30,2026-08-28T21:13:50.673244
tripura|ministry of petroleum & natural gas,11,2025-08,Tripura,,,,,Ministry of Petroleum & Natural Gas,,,,656.0,656.0,478.11,,FlashReport_August_2025_page30_table2.csv,30,2026-08-28T21:13:48.509440
tripura|ministry of petroleum & natural gas,11,2025-09,Tripura,,,,,Ministry of Petroleum & Natural Gas,,,,656.0,656.0,483.9,,FlashReport_September_2025_page30_table2.csv,30,2026-08-28T21:13:53.748641
uttarakhand|department of higher education,11,2025-07,Uttarakhand,,,,,Department of Higher Education,,,,650.85,650.85,130.0,,FlashReport_July_2025_page31_table2.csv,31,2026-08-28T21:13:50.675678
uttarakhand|department of higher education,11,2025-08,Uttarakhand,,,,,Department of Higher Education,,,,650.85,650.85,195.52,,FlashReport_August_2025_page31_table2.csv,31,2026-08-28T21:13:48.511317
uttarakhand|department of higher education,11,2025-09,Uttarakhand,,,,,Department of Higher Education,,,,650.85,650.85,195.52,,FlashReport_September_2025_page31_table2.csv,31,2026-08-28T21:13:53.751049
west bengal|department of higher education,11,2025-07,West Bengal,,,,,Department of Higher Education,,,,787.2,729.2,692.6,,FlashReport_July_2025_page31_table2.csv,31,2026-08-28T21:13:50.675962
west bengal|department of higher education,11,2025-08,West Bengal,,,,,Department of Higher Education,,,,787.2,729.2,693.6,,FlashReport_August_2025_page31_table2.csv,31,2026-08-28T21:13:48.511466
west bengal|department of higher education,11,2025-09,West Bengal,,,,,Department of Higher Education,,,,500.0,442.0,383.6,,FlashReport_September_2025_page31_table2.csv,31,2026-08-28T21:13:53.751337
702668|chennai metro rail phase-ii development project,17,2025-07,702668,,,PROJECT ID,,CHENNAI METRO RAIL PHASE-II DEVELOPMENT PROJECT,,,,47163.0,,0.0,,FlashReport_July_2025_page9_table2.csv,9,2026-08-28T21:13:50.886437
702668|chennai metro rail phase-ii development project,17,2025-08,702668,,,PROJECT ID,,CHENNAI METRO RAIL PHASE-II DEVELOPMENT PROJECT,,,,26410.0,,45.0,,FlashReport_August_2025_page20_table1.csv,20,2026-08-28T21:13:48.489159
702668|chennai metro rail phase-ii development project,17,2025-09,702668,,,PROJECT ID,,CHENNAI METRO RAIL PHASE-II DEVELOPMENT PROJECT,,,,27456.0,,46.0,,FlashReport_September_2025_page20_table1.csv,20,2026-08-28T21:13:53.725492
701386|gosikhurd project,11,2025-07,701386,,,PROJECT ID,,GOSIKHURD PROJECT,,,,13533.0,,72.0,,FlashReport_July_2025_page11_table2.csv,11,2026-08-28T21:13:50.625097
701386|gosikhurd project,11,2025-08,701386,,,PROJECT ID,,GOSIKHURD PROJECT,,,,13533.0,,72.0,,FlashReport_August_2025_page11_table2.csv,11,2026-08-28T21:13:48.475583
701386|gosikhurd project,11,2025-09,701386,,,PROJECT ID,,GOSIKHURD PROJECT,,,,13691.0,,72.0,,FlashReport_September_2025_page11_table2.csv,11,2026-08-28T21:13:53.708496
701658|krishnapatnam node - phase 1 - roads and services development,9,2025-07,701658,,,PROJECT ID,,KRISHNAPATNAM NODE - PHASE 1 - ROADS AND SERVICES DEVELOPMENT,,,,328.0,,14.0,,FlashReport_July_2025_page13_table2.csv,13,2026-08-28T21:13:50.630316
701658|krishnapatnam node - phase 1 - roads and services development,9,2025-08,701658,,,PROJECT ID,,KRISHNAPATNAM NODE - PHASE 1 - ROADS AND SERVICES DEVELOPMENT,,,,406.0,,17.0,,FlashReport_August_2025_page13_table2.csv,13,2026-08-28T21:13:48.478846
701658|krishnapatnam node - phase 1 - roads and services development,9,2025-09,701658,,,PROJECT ID,,KRISHNAPATNAM NODE - PHASE 1 - ROADS AND SERVICES DEVELOPMENT,,,,471.0,,21.0,,FlashReport_September_2025_page13_table2.csv,13,2026-08-28T21:13:53.712612
701167|aiims kashmir at awantipora jammu & kashmir,8,2025-08,701167,,,PROJECT ID,,AIIMS KASHMIR AT AWANTIPORA JAMMU & KASHMIR,,,,1532.0,,66.0,,FlashReport_August_2025_page13_table2.csv,13,2026-08-28T21:13:48.478903
701167|aiims kashmir at awantipora jammu & kashmir,8,2025-09,701167,,,PROJECT ID,,AIIMS KASHMIR AT AWANTIPORA JAMMU & KASHMIR,,,,1565.0,,67.0,,FlashReport_September_2025_page13_table2.csv,13,2026-08-28T21:13:53.712692
701657|tumakuru node - phase 1 - roads and services development,8,2025-08,701657,,,PROJECT ID,,TUMAKURU NODE - PHASE 1 - ROADS AND SERVICES DEVELOPMENT,,,,88.0,,8.0,,FlashReport_August_2025_page13_table2.csv,13,2026-08-28T21:13:48.478954
701657|tumakuru node - phase 1 - roads and services development,8,2025-09,701657,,,PROJECT ID,,TUMAKURU NODE - PHASE 1 - ROADS AND SERVICES DEVELOPMENT,,,,117.0,,9.0,,FlashReport_September_2025_page13_table2.csv,13,2026-08-28T21:13:53.712748
701173|aiims majra rewari haryana,3,2025-08,701173,,,PROJECT ID,,AIIMS MAJRA REWARI HARYANA,,,,349.0,,28.0,,FlashReport_August_2025_page13_table2.csv,13,2026-08-28T21:13:48.479012
701173|aiims majra rewari haryana,3,2025-09,701173,,,PROJECT ID,,AIIMS MAJRA REWARI HARYANA,,,,349.0,,28.0,,FlashReport_September_2025_page13_table2.csv,13,2026-08-28T21:13:53.712803
400147|kusmunda oc expansion [15 to 50 mty],6,2025-07,400147,,,PROJECT ID,,KUSMUNDA OC EXPANSION [15 TO 50 MTY],,,,4698.0,,81.0,,FlashReport_July_2025_page14_table2.csv,14,2026-08-28T21:13:50.632713
400147|kusmunda oc expansion [15 to 50 mty],6,2025-08,400147,,,PROJECT ID,,KUSMUNDA OC EXPANSION [15 TO 50 MTY],,,,4698.0,,81.0,,FlashReport_August_2025_page14_table2.csv,14,2026-08-28T21:13:48.480598
400147|kusmunda oc expansion [15 to 50 mty],6,2025-09,400147,,,PROJECT ID,,KUSMUNDA OC EXPANSION [15 TO 50 MTY],,,,4698.0,,81.0,,FlashReport_September_2025_page14_table2.csv,14,2026-08-28T21:13:53.715081
612838|dipka oc,3,2025-07,612838,,,PROJECT ID,,DIPKA OC,,,,3091.0,,65.0,,FlashReport_July_2025_page14_table2.csv,14,2026-08-28T21:13:50.632794
612838|dipka oc,3,2025-08,612838,,,PROJECT ID,,DIPKA OC,,,,3091.0,,65.0,,FlashReport_August_2025_page14_table2.csv,14,2026-08-28T21:13:48.480641
612838|dipka oc,3,2025-09,612838,,,PROJECT ID,,DIPKA OC,,,,3091.0,,65.0,,FlashReport_September_2025_page14_table2.csv,14,2026-08-28T21:13:53.715245
705391|jiribam-imphal new line project,2,2025-08,705391,,,PROJECT ID,,JIRIBAM-IMPHAL NEW LINE PROJECT,,,,15598.0,,69.0,,FlashReport_August_2025_page16_table1.csv,16,2026-08-28T21:13:48.482352
"400062|raghunathpur thermal power station phase ii [2x660 mw] at raghunathpur, purulia, west bengal",6,2025-07,400062,,,PROJECT ID,,"RAGHUNATHPUR THERMAL POWER STATION PHASE II [2X660 MW] AT RAGHUNATHPUR, PURULIA, WEST BENGAL",,,,1184.0,,1.0,,FlashReport_July_2025_page19_table1.csv,19,2026-08-28T21:13:50.641640
"400062|raghunathpur thermal power station phase ii [2x660 mw] at raghunathpur, purulia, west bengal",6,2025-08,400062,,,PROJECT ID,,"RAGHUNATHPUR THERMAL POWER STATION PHASE II [2X660 MW] AT RAGHUNATHPUR, PURULIA, WEST BENGAL",,,,1193.0,,1.0,,FlashReport_August_2025_page19_table1.csv,19,2026-08-28T21:13:48.486336
"400062|raghunathpur thermal power station phase ii [2x660 mw] at raghunathpur, purulia, west bengal",6,2025-09,400062,,,PROJECT ID,,"RAGHUNATHPUR THERMAL POWER STATION PHASE II [2X660 MW] AT RAGHUNATHPUR, PURULIA, WEST BENGAL",,,,1372.0,,2.0,,FlashReport_September_2025_page19_table1.csv,19,2026-08-28T21:13:53.723190
"612142|singrauli super thermal power project, stage-iii [2x800 mw]",5,2025-07,612142,,,PROJECT ID,,"SINGRAULI SUPER THERMAL POWER PROJECT, STAGE-III [2X800 MW]",,,,1626.0,,8.0,,FlashReport_July_2025_page19_table1.csv,19,2026-08-28T21:13:50.641737
"612142|singrauli super thermal power project, stage-iii [2x800 mw]",5,2025-08,612142,,,PROJECT ID,,"SINGRAULI SUPER THERMAL POWER PROJECT, STAGE-III [2X800 MW]",,,,1739.0,,9.0,,FlashReport_August_2025_page19_table1.csv,19,2026-08-28T21:13:48.486390
"612142|singrauli super thermal power project, stage-iii [2x800 mw]",5,2025-09,612142,,,PROJECT ID,,"SINGRAULI SUPER THERMAL POWER PROJECT, STAGE-III [2X800 MW]",,,,1916.0,,10.0,,FlashReport_September_2025_page19_table1.csv,19,2026-08-28T21:13:53.723254
400261|patratu thermal power station expansion project phase-i [3x800 mw],6,2025-07,400261,,,PROJECT ID,,PATRATU THERMAL POWER STATION EXPANSION PROJECT PHASE-I [3X800 MW],,,,17365.0,,81.0,,FlashReport_July_2025_page19_table1.csv,19,2026-08-28T21:13:50.641837
400261|patratu thermal power station expansion project phase-i [3x800 mw],6,2025-08,400261,,,PROJECT ID,,PATRATU THERMAL POWER STATION EXPANSION PROJECT PHASE-I [3X800 MW],,,,17475.0,,85.0,,FlashReport_August_2025_page19_table1.csv,19,2026-08-28T21:13:48.486637
400261|patratu thermal power station expansion project phase-i [3x800 mw],6,2025-09,400261,,,PROJECT ID,,PATRATU THERMAL POWER STATION EXPANSION PROJECT PHASE-I [3X800 MW],,,,17860.0,,85.0,,FlashReport_September_2025_page19_table1.csv,19,2026-08-28T21:13:53.723359
702633|delhi-ghaziabad-meerut regional rapid transit system [rrts] corridor,4,2025-08,702633,,,PROJECT ID,,DELHI-GHAZIABAD-MEERUT REGIONAL RAPID TRANSIT SYSTEM [RRTS] CORRIDOR,,,,26326.0,,95.0,,FlashReport_August_2025_page20_table1.csv,20,2026-08-28T21:13:48.489298
702633|delhi-ghaziabad-meerut regional rapid transit system [rrts] corridor,4,2025-09,702633,,,PROJECT ID,,DELHI-GHAZIABAD-MEERUT REGIONAL RAPID TRANSIT SYSTEM [RRTS] CORRIDOR,,,,26612.0,,95.0,,FlashReport_September_2025_page20_table1.csv,20,2026-08-28T21:13:53.725719
702635|construction of bangalore metro rail project phase 2.,5,2025-08,702635,,,PROJECT ID,,CONSTRUCTION OF BANGALORE METRO RAIL PROJECT PHASE 2.,,,,29478.0,,94.0,,FlashReport_August_2025_page20_table1.csv,20,2026-08-28T21:13:48.489353
702635|construction of bangalore metro rail project phase 2.,5,2025-09,702635,,,PROJECT ID,,CONSTRUCTION OF BANGALORE METRO RAIL PROJECT PHASE 2.,,,,29568.0,,94.0,,FlashReport_September_2025_page20_table1.csv,20,2026-08-28T21:13:53.725824
702632|dmrts phase - iv [3 priority corridors],5,2025-08,702632,,,PROJECT ID,,DMRTS PHASE - IV [3 PRIORITY CORRIDORS],,,,15785.0,,69.0,,FlashReport_August_2025_page20_table1.csv,20,2026-08-28T21:13:48.489404
702632|dmrts phase - iv [3 priority corridors],5,2025-09,702632,,,PROJECT ID,,DMRTS PHASE - IV [3 PRIORITY CORRIDORS],,,,17380.0,,70.0,,FlashReport_September_2025_page20_table1.csv,20,2026-08-28T21:13:53.725919
department for promotion of industry & internal trade|real estate,6,2025-07,Department for Promotion of Industry & Internal Trade,,,,,Real Estate,,,,422.99,,,,FlashReport_July_2025_page23_table2.csv,23,2026-08-28T21:13:50.646877
department for promotion of industry & internal trade|real estate,6,2025-08,Department for Promotion of Industry & Internal Trade,,,,,Real Estate,,,,494.3,,,,FlashReport_August_2025_page23_table2.csv,23,2026-08-28T21:13:48.491164
department for promotion of industry & internal trade|real estate,6,2025-09,Department for Promotion of Industry & Internal Trade,,,,,Real Estate,,,,587.67,,,,FlashReport_September_2025_page23_table2.csv,23,2026-08-28T21:13:53.728895
"ministry of ports, shipping and waterways|healthcare",9,2025-07,"Ministry of Ports, Shipping and Waterways",,,,,Healthcare,,,,58.0,,,,FlashReport_July_2025_page23_table2.csv,23,2026-08-28T21:13:50.648120
"ministry of ports, shipping and waterways|healthcare",9,2025-08,"Ministry of Ports, Shipping and Waterways",,,,,Healthcare,,,,58.0,,,,FlashReport_August_2025_page23_table2.csv,23,2026-08-28T21:13:48.491833
"ministry of ports, shipping and waterways|healthcare",9,2025-09,"Ministry of Ports, Shipping and Waterways",,,,,Healthcare,,,,58.0,,,,FlashReport_September_2025_page23_table2.csv,23,2026-08-28T21:13:53.730421
"bihar|ministry of ports, shipping and waterways",1,2025-08,Bihar,,,,,"Ministry of Ports, Shipping and Waterways",,,,5369.18,5061.15,3510.72,,FlashReport_August_2025_page26_table2.csv,26,2026-08-28T21:13:48.496001
chhattisgarh|department of telecommunications,4,2025-07,Chhattisgarh,,,,,Department of Telecommunications,,,,5262.57,5262.57,1697.56,,FlashReport_July_2025_page26_table2.csv,26,2026-08-28T21:13:50.655696
chhattisgarh|department of telecommunications,4,2025-08,Chhattisgarh,,,,,Department of Telecommunications,,,,5262.57,5262.57,1699.75,,FlashReport_August_2025_page26_table2.csv,26,2026-08-28T21:13:48.496140
chhattisgarh|department of telecommunications,4,2025-09,Chhattisgarh,,,,,Department of Telecommunications,,,,7147.17,7147.17,1835.32,,FlashReport_September_2025_page26_table2.csv,26,2026-08-28T21:13:53.736781
gujarat|ministry of railways,1,2025-08,Gujarat,,,,,Ministry of Railways,,,,187430.66,262112.0,216423.66,,FlashReport_August_2025_page27_table2.csv,27,2026-08-28T21:13:48.498176
haryana|ministry of health & family welfare,6,2025-07,Haryana,,,,,Ministry of Health & Family Welfare,,,,1299.0,1299.0,349.41,,FlashReport_July_2025_page27_table2.csv,27,2026-08-28T21:13:50.659542
haryana|ministry of health & family welfare,6,2025-08,Haryana,,,,,Ministry of Health & Family Welfare,,,,1299.0,1299.0,349.41,,FlashReport_August_2025_page27_table2.csv,27,2026-08-28T21:13:48.498263
haryana|ministry of health & family welfare,6,2025-09,Haryana,,,,,Ministry of Health & Family Welfare,,,,1299.0,1299.0,349.41,,FlashReport_September_2025_page27_table2.csv,27,2026-08-28T21:13:53.739607
karnataka|ministry of power,1,2025-08,Karnataka,,,,,Ministry of Power,,,,15682.01,15682.0,2815.76,,FlashReport_August_2025_page28_table2.csv,28,2026-08-28T21:13:48.500980
kerala|department of higher education,9,2025-07,Kerala,,,,,Department of Higher Education,,,,1006.45,1217.4,615.95,,FlashReport_July_2025_page28_table2.csv,28,2026-08-28T21:13:50.663444
kerala|department of higher education,9,2025-08,Kerala,,,,,Department of Higher Education,,,,1006.45,1217.4,623.6,,FlashReport_August_2025_page28_table2.csv,28,2026-08-28T21:13:48.501098
kerala|department of higher education,9,2025-09,Kerala,,,,,Department of Higher Education,,,,1006.45,1217.4,632.59,,FlashReport_September_2025_page28_table2.csv,28,2026-08-28T21:13:53.741831
ladakh|department of telecommunications,8,2025-07,Ladakh,,,,,Department of Telecommunications,,,,336.89,301.13,225.71,,FlashReport_July_2025_page28_table2.csv,28,2026-08-28T21:13:50.663721
ladakh|department of telecommunications,8,2025-08,Ladakh,,,,,Department of Telecommunications,,,,336.89,301.13,227.82,,FlashReport_August_2025_page28_table2.csv,28,2026-08-28T21:13:48.501257
ladakh|department of telecommunications,8,2025-09,Ladakh,,,,,Department of Telecommunications,,,,336.89,301.13,227.82,,FlashReport_September_2025_page28_table2.csv,28,2026-08-28T21:13:53.741993
maharashtra|department of higher education,5,2025-07,Maharashtra,,,,,Department of Higher Education,,,,250.33,446.26,154.59,,FlashReport_July_2025_page28_table2.csv,28,2026-08-28T21:13:50.664428
maharashtra|department of higher education,5,2025-08,Maharashtra,,,,,Department of Higher Education,,,,250.33,446.26,154.7,,FlashReport_August_2025_page28_table2.csv,28,2026-08-28T21:13:48.501605
maharashtra|department of higher education,5,2025-09,Maharashtra,,,,,Department of Higher Education,,,,250.33,446.26,168.39,,FlashReport_September_2025_page28_table2.csv,28,2026-08-28T21:13:53.742331
"manipur|department of water resources, river development & gr",3,2025-07,Manipur,,,,,"Department of Water Resources, River Development & GR",,,,1449.44,1822.24,1837.91,,FlashReport_July_2025_page28_table2.csv,28,2026-08-28T21:13:50.664953
"manipur|department of water resources, river development & gr",3,2025-08,Manipur,,,,,"Department of Water Resources, River Development & GR",,,,1449.44,1822.24,1837.91,,FlashReport_August_2025_page28_table2.csv,28,2026-08-28T21:13:48.501878
"manipur|department of water resources, river development & gr",3,2025-09,Manipur,,,,,"Department of Water Resources, River Development & GR",,,,1449.44,1822.24,1837.91,,FlashReport_September_2025_page29_table2.csv,29,2026-08-28T21:13:53.743730
rajasthan|ministry of railways,1,2025-08,Rajasthan,,,,,Ministry of Railways,,,,86599.15,162169.0,139520.05,,FlashReport_August_2025_page30_table2.csv,30,2026-08-28T21:13:48.508626
telangana|department of higher education,9,2025-07,Telangana,,,,,Department of Higher Education,,,,262.0,262.0,164.4,,FlashReport_July_2025_page30_table2.csv,30,2026-08-28T21:13:50.672810
telangana|department of higher education,9,2025-08,Telangana,,,,,Department of Higher Education,,,,262.0,262.0,177.09,,FlashReport_August_2025_page30_table2.csv,30,2026-08-28T21:13:48.509186
telangana|department of higher education,9,2025-09,Telangana,,,,,Department of Higher Education,,,,262.0,262.0,178.17,,FlashReport_September_2025_page30_table2.csv,30,2026-08-28T21:13:53.748271
uttar pradesh|department of higher education,9,2025-07,Uttar Pradesh,,,,,Department of Higher Education,,,,246.0,246.0,185.83,,FlashReport_July_2025_page30_table2.csv,30,2026-08-28T21:13:50.673448
uttar pradesh|department of higher education,9,2025-08,Uttar Pradesh,,,,,Department of Higher Education,,,,246.0,246.0,193.38,,FlashReport_August_2025_page30_table2.csv,30,2026-08-28T21:13:48.509542
uttar pradesh|department of higher education,9,2025-09,Uttar Pradesh,,,,,Department of Higher Education,,,,246.0,246.0,194.14,,FlashReport_September_2025_page30_table2.csv,30,2026-08-28T21:13:53.748815
uttar pradesh|ministry of railways,1,2025-08,Uttar Pradesh,,,,,Ministry of Railways,,,,95245.3,169871.0,148169.27,,FlashReport_August_2025_page31_table2.csv,31,2026-08-28T21:13:48.511229
uttar pradesh|ministry of housing & urban affairs,2,2025-09,Uttar Pradesh,,,,,Ministry of Housing & Urban Affairs,,,,797.47,797.47,4818.74,,FlashReport_September_2025_page31_table2.csv,31,2026-08-28T21:13:53.750562
702540|in-situ slum redevelopment project in gujarat,1,2025-07,702540,,,PROJECT ID,,IN-SITU SLUM REDEVELOPMENT PROJECT IN GUJARAT,,,,3036.0,,0.0,,FlashReport_July_2025_page13_table2.csv,13,2026-08-28T21:13:50.630029
400429|exhibition cum convention centre dwarka [phase i],1,2025-07,400429,,,PROJECT ID,,EXHIBITION CUM CONVENTION CENTRE DWARKA [PHASE I],,,,4470.0,,97.4,,FlashReport_July_2025_page13_table2.csv,13,2026-08-28T21:13:50.630126
702524|affordable housing construction project in chhattisgarh,1,2025-07,702524,,,PROJECT ID,,AFFORDABLE HOUSING CONSTRUCTION PROJECT IN CHHATTISGARH,,,,2694.0,,0.0,,FlashReport_July_2025_page13_table2.csv,13,2026-08-28T21:13:50.630217
400185|gopalji kaniha ocp [10 to 30 mty],2,2025-07,400185,,,PROJECT ID,,GOPALJI KANIHA OCP [10 TO 30 MTY],,,,1694.0,,17.0,,FlashReport_July_2025_page14_table2.csv,14,2026-08-28T21:13:50.632593
705428|bhanupalli-bilaspur-beri new railway line project,1,2025-07,705428,,,PROJECT ID,,BHANUPALLI-BILASPUR-BERI NEW RAILWAY LINE PROJECT,,,,6391.0,,59.0,,FlashReport_July_2025_page16_table1.csv,16,2026-08-28T21:13:50.635419
ministry of railways|inland waterways,1,2025-07,Ministry of Railways,,,,,Inland Waterways,,,,2178.18,,,,FlashReport_July_2025_page23_table2.csv,23,2026-08-28T21:13:50.648442
bihar|ministry of power,1,2025-07,Bihar,,,,,Ministry of Power,,,,751.63,751.63,0.4,,FlashReport_July_2025_page26_table2.csv,26,2026-08-28T21:13:50.655360
chandigarh|ministry of housing & urban affairs,1,2025-07,Chandigarh,,,,,Ministry of Housing & Urban Affairs,,,,285.85,285.85,127.58,,FlashReport_July_2025_page26_table2.csv,26,2026-08-28T21:13:50.655560
delhi|department for promotion of industry & internal trade,1,2025-07,Delhi,,,,,Department for Promotion of Industry & Internal Trade,,,,5178.0,5401.0,4470.0,,FlashReport_July_2025_page26_table2.csv,26,2026-08-28T21:13:50.656374
"gujarat|ministry of ports, shipping and waterways",3,2025-07,Gujarat,,,,,"Ministry of Ports, Shipping and Waterways",,,,573.0,1238.05,487.35,,FlashReport_July_2025_page27_table2.csv,27,2026-08-28T21:13:50.659282
"gujarat|ministry of ports, shipping and waterways",3,2025-09,Gujarat,,,,,"Ministry of Ports, Shipping and Waterways",,,,4243.64,4243.64,70.0,,FlashReport_September_2025_page27_table2.csv,27,2026-08-28T21:13:53.739447
karnataka|ministry of petroleum & natural gas,1,2025-07,Karnataka,,,,,Ministry of Petroleum & Natural Gas,,,,1532.0,2586.0,1387.55,,FlashReport_July_2025_page28_table2.csv,28,2026-08-28T21:13:50.663131
manipur|ministry of power,1,2025-07,Manipur,,,,,Ministry of Power,,,,5111.33,6700.0,5253.47,,FlashReport_July_2025_page29_table2.csv,29,2026-08-28T21:13:50.667282
rajasthan|ministry of petroleum & natural gas,1,2025-07,Rajasthan,,,,,Ministry of Petroleum & Natural Gas,,,,10599.0,10599.0,6638.82,,FlashReport_July_2025_page30_table2.csv,30,2026-08-28T21:13:50.671880
"uttar pradesh|ministry of ports, shipping and waterways",1,2025-07,Uttar Pradesh,,,,,"Ministry of Ports, Shipping and Waterways",,,,5369.18,5061.15,3432.34,,FlashReport_July_2025_page31_table2.csv,31,2026-08-28T21:13:50.675435
bihar|ministry of petroleum & natural gas,2,2025-09,Bihar,,,,,Ministry of Petroleum & Natural Gas,,,,10228.0,11407.0,9811.29,,FlashReport_September_2025_page26_table2.csv,26,2026-08-28T21:13:53.736604
617321|godhani-kalumna chord 13.7 km,4,2025-09,617321,,,PROJECT ID,,GODHANI-KALUMNA CHORD 13.7 KM,,,,1940.0,,11.0,,FlashReport_September_2025_page16_table1.csv,16,2026-08-28T21:13:53.717341
karnataka|ministry of civil aviation,1,2025-09,Karnataka,,,,,Ministry of Civil Aviation,,,,1143.4,1143.4,535.64,,FlashReport_September_2025_page28_table2.csv,28,2026-08-28T21:13:53.741629
rajasthan|ministry of civil aviation,1,2025-09,Rajasthan,,,,,Ministry of Civil Aviation,,,,1367.0,1367.0,680.64,,FlashReport_September_2025_page30_table2.csv,30,2026-08-28T21:13:53.747264
"ioe projects [civil works], iit kharagpur 609041|west bengal",1,2025-09,"IoE Projects [Civil Works], IIT Kharagpur 609041","Indian Institute of Technology, Kharagpur",,Department of Higher Education,Education,West Bengal,01/2018,08/2025,03/2023,287.2,,310.0,,FlashReport_September_2025_page33_table1.csv,33,2026-08-28T21:13:53.753660
durgawati reservoir project 701371|bihar,1,2025-09,Durgawati Reservoir Project 701371,Irrigation and CAD-TG,,Department of Higher Education,Water Resources,Bihar,04/1996,09/2025,12/2019,691.15,971.96,978.51,,FlashReport_September_2025_page33_table1.csv,33,2026-08-28T21:13:53.753882
arjun sahayak project 400117|uttar pradesh,1,2025-09,Arjun Sahayak Project 400117,Irrigation & Water Resources-UP,,Department of Higher Education,Water Resources,Uttar Pradesh,04/2009,10/2025,12/2019,741.38,2465.68,3037.68,,FlashReport_September_2025_page33_table1.csv,33,2026-08-28T21:13:53.754014
"assam bio refinery, abrpl 604792|assam",1,2025-09,"Assam Bio Refinery, ABRPL 604792",Ministry of Petroleum & Natural Gas,,Department of Higher Education,Oil & Gas,Assam,02/2018,09/2025,09/2021,1750.0,4930.0,4770.0,,FlashReport_September_2025_page33_table1.csv,33,2026-08-28T21:13:53.754218
"city gas distribution project at khagaria, saharsa and madhepura 617303|bihar",1,2025-09,"City Gas Distribution Project at Khagaria, Saharsa and Madhepura 617303",Ministry of Petroleum & Natural Gas,,Department of Higher Education,Oil & Gas,Bihar,03/2019,09/2025,03/2030,163.0,163.0,96.95,,FlashReport_September_2025_page33_table1.csv,33,2026-08-28T21:13:53.754357
operationalization of coastal berth & shallow water berth through ppp 708655|maharashtra,1,2025-09,Operationalization of Coastal Berth & Shallow Water Berth through PPP 708655,Jawaharlal Nehru Port Authority [JNPA],,Department of Higher Education,Shipping,Maharashtra,07/2021,01/2026,01/2026,366.8,,376.86,,FlashReport_September_2025_page33_table1.csv,33,2026-08-28T21:13:53.754577
